school_name,major_name,major_code,rank,tier,data_year
北京大学,哲学,010101,1,A+,2026
复旦大学,哲学,010101,2,A+,2026
中国人民大学,哲学,010101,3,A,2026
清华大学,哲学,010101,4,A,2026
南京大学,哲学,010101,5,A,2026
北京师范大学,哲学,010101,6,A,2026
浙江大学,哲学,010101,7,A,2026
武汉大学,哲学,010101,8,A,2026
中山大学,哲学,010101,9,B+,2026
华东师范大学,哲学,010101,10,B+,2026
吉林大学,哲学,010101,11,B+,2026
东南大学,哲学,010101,12,B+,2026
南开大学,哲学,010101,13,B+,2026
四川大学,哲学,010101,14,B+,2026
华中科技大学,哲学,010101,15,B+,2026
厦门大学,哲学,010101,16,B+,2026
西安交通大学,哲学,010101,17,B+,2026
同济大学,哲学,010101,18,B+,2026
山东大学,哲学,010101,19,B+,2026
中国政法大学,哲学,010101,20,B+,2026
山西大学,哲学,010101,21,B+,2026
大连理工大学,哲学,010101,22,B+,2026
中央民族大学,哲学,010101,23,B+,2026
湖南师范大学,哲学,010101,24,B+,2026
兰州大学,哲学,010101,25,B,2026
陕西师范大学,哲学,010101,26,B,2026
西南大学,哲学,010101,26,B,2026
南京师范大学,哲学,010101,28,B,2026
东北大学,哲学,010101,29,B,2026
湖南大学,哲学,010101,29,B,2026
黑龙江大学,哲学,010101,31,B,2026
首都师范大学,哲学,010101,32,B,2026
苏州大学,哲学,010101,33,B,2026
东北师范大学,哲学,010101,34,B,2026
西北大学,哲学,010101,35,B,2026
贵州大学,哲学,010101,36,B,2026
中南财经政法大学,哲学,010101,37,B,2026
重庆大学,哲学,010101,38,B,2026
郑州大学,哲学,010101,39,B,2026
安徽大学,哲学,010101,40,B,2026
湖北大学,哲学,010101,41,B,2026
南开大学,逻辑学,010102,,,2026
中山大学,逻辑学,010102,,,2026
北京大学,宗教学,010103K,1,A+,2026
复旦大学,宗教学,010103K,2,A+,2026
中国人民大学,宗教学,010103K,3,B,2026
山西大学,伦理学,010104T,,,2026
中国人民大学,伦理学,010104T,,,2026
中国人民大学,经济学,020101,1,A+,2026
北京大学,经济学,020101,2,A+,2026
复旦大学,经济学,020101,3,A+,2026
清华大学,经济学,020101,4,A+,2026
南开大学,经济学,020101,5,A+,2026
厦门大学,经济学,020101,5,A+,2026
南京大学,经济学,020101,7,A+,2026
武汉大学,经济学,020101,8,A,2026
浙江大学,经济学,020101,9,A,2026
西南财经大学,经济学,020101,10,A,2026
中山大学,经济学,020101,11,A,2026
中央财经大学,经济学,020101,12,A,2026
山东大学,经济学,020101,13,A,2026
上海财经大学,经济学,020101,13,A,2026
上海交通大学,经济学,020101,15,A,2026
吉林大学,经济学,020101,16,A,2026
对外经济贸易大学,经济学,020101,17,A,2026
北京师范大学,经济学,020101,18,A,2026
西安交通大学,经济学,020101,19,A,2026
中南财经政法大学,经济学,020101,20,A,2026
西北大学,经济学,020101,21,A,2026
北京理工大学,经济学,020101,22,A,2026
辽宁大学,经济学,020101,23,A,2026
首都经济贸易大学,经济学,020101,24,A,2026
四川大学,经济学,020101,24,A,2026
东北财经大学,经济学,020101,26,A,2026
暨南大学,经济学,020101,27,A,2026
湖南大学,经济学,020101,28,A,2026
南京财经大学,经济学,020101,29,A,2026
华中科技大学,经济学,020101,30,A,2026
华东师范大学,经济学,020101,31,A,2026
东南大学,经济学,020101,32,A,2026
北京交通大学,经济学,020101,33,A,2026
华南理工大学,经济学,020101,33,A,2026
山东财经大学,经济学,020101,35,A,2026
江西财经大学,经济学,020101,36,A,2026
浙江财经大学,经济学,020101,37,A,2026
重庆大学,经济学,020101,38,B+,2026
北京航空航天大学,经济学,020101,39,B+,2026
安徽大学,经济学,020101,40,B+,2026
兰州大学,经济学,020101,40,B+,2026
南京审计大学,经济学,020101,40,B+,2026
中国海洋大学,经济学,020101,43,B+,2026
中国政法大学,经济学,020101,43,B+,2026
重庆工商大学,经济学,020101,45,B+,2026
北京工商大学,经济学,020101,46,B+,2026
大连理工大学,经济学,020101,46,B+,2026
西南大学,经济学,020101,48,B+,2026
深圳大学,经济学,020101,49,B+,2026
陕西师范大学,经济学,020101,50,B+,2026
中国地质大学（武汉）,经济学,020101,51,B+,2026
上海对外经贸大学,经济学,020101,52,B+,2026
上海大学,经济学,020101,53,B+,2026
南昌大学,经济学,020101,54,B+,2026
浙江工商大学,经济学,020101,55,B+,2026
南京师范大学,经济学,020101,56,B+,2026
广东外语外贸大学,经济学,020101,57,B+,2026
宁波大学,经济学,020101,58,B+,2026
郑州大学,经济学,020101,59,B+,2026
湖南师范大学,经济学,020101,60,B+,2026
华中师范大学,经济学,020101,61,B+,2026
安徽财经大学,经济学,020101,62,B+,2026
福建师范大学,经济学,020101,63,B+,2026
云南大学,经济学,020101,64,B+,2026
武汉理工大学,经济学,020101,65,B+,2026
华中农业大学,经济学,020101,66,B+,2026
广西大学,经济学,020101,67,B+,2026
华东理工大学,经济学,020101,68,B+,2026
河北大学,经济学,020101,69,B+,2026
湘潭大学,经济学,020101,70,B+,2026
河南大学,经济学,020101,71,B+,2026
东北师范大学,经济学,020101,72,B+,2026
华南师范大学,经济学,020101,72,B+,2026
东北大学,经济学,020101,74,B+,2026
哈尔滨工业大学,经济学,020101,74,B+,2026
大连海事大学,经济学,020101,76,B+,2026
云南财经大学,经济学,020101,76,B+,2026
中国地质大学（北京）,经济学,020101,76,B+,2026
中央民族大学,经济学,020101,76,B+,2026
合肥工业大学,经济学,020101,80,B+,2026
青岛大学,经济学,020101,80,B+,2026
天津财经大学,经济学,020101,82,B+,2026
湖南科技大学,经济学,020101,83,B+,2026
广东财经大学,经济学,020101,84,B+,2026
西北农林科技大学,经济学,020101,85,B+,2026
山西财经大学,经济学,020101,86,B+,2026
福州大学,经济学,020101,87,B+,2026
石河子大学,经济学,020101,87,B+,2026
华侨大学,经济学,020101,89,B+,2026
湖北经济学院,经济学,020101,90,B+,2026
杭州电子科技大学,经济学,020101,91,B+,2026
河海大学,经济学,020101,91,B+,2026
广州大学,经济学,020101,93,B+,2026
吉林财经大学,经济学,020101,94,B+,2026
江西师范大学,经济学,020101,95,B+,2026
广西财经学院,经济学,020101,96,B+,2026
山西大学,经济学,020101,96,B+,2026
内蒙古大学,经济学,020101,98,B+,2026
集美大学,经济学,020101,99,B+,2026
广东工业大学,经济学,020101,100,B+,2026
云南师范大学,经济学,020101,100,B+,2026
中国石油大学（华东）,经济学,020101,102,B+,2026
四川农业大学,经济学,020101,103,B+,2026
西南交通大学,经济学,020101,103,B+,2026
成都理工大学,经济学,020101,105,B+,2026
湖南工商大学,经济学,020101,105,B+,2026
扬州大学,经济学,020101,107,B+,2026
浙江理工大学,经济学,020101,107,B+,2026
上海海事大学,经济学,020101,109,B+,2026
河南财经政法大学,经济学,020101,110,B+,2026
新疆财经大学,经济学,020101,111,B+,2026
新疆大学,经济学,020101,112,B+,2026
宁夏大学,经济学,020101,113,B+,2026
香港中文大学（深圳）,经济学,020101,114,B,2026
西北政法大学,经济学,020101,114,B,2026
西南民族大学,经济学,020101,116,B,2026
河南师范大学,经济学,020101,117,B,2026
山东师范大学,经济学,020101,117,B,2026
贵州财经大学,经济学,020101,119,B,2026
西安财经大学,经济学,020101,119,B,2026
华北电力大学,经济学,020101,121,B,2026
济南大学,经济学,020101,121,B,2026
中国传媒大学,经济学,020101,123,B,2026
贵州大学,经济学,020101,124,B,2026
湖北大学,经济学,020101,124,B,2026
四川师范大学,经济学,020101,126,B,2026
黑龙江大学,经济学,020101,127,B,2026
曲阜师范大学,经济学,020101,128,B,2026
内蒙古财经大学,经济学,020101,129,B,2026
青海大学,经济学,020101,129,B,2026
重庆邮电大学,经济学,020101,131,B,2026
安徽工业大学,经济学,020101,132,B,2026
上海师范大学,经济学,020101,133,B,2026
广东金融学院,经济学,020101,134,B,2026
河北经贸大学,经济学,020101,134,B,2026
华东政法大学,经济学,020101,134,B,2026
山东工商学院,经济学,020101,137,B,2026
哈尔滨商业大学,经济学,020101,138,B,2026
河南工业大学,经济学,020101,139,B,2026
安徽师范大学,经济学,020101,140,B,2026
山东理工大学,经济学,020101,141,B,2026
北京物资学院,经济学,020101,142,B,2026
重庆师范大学,经济学,020101,142,B,2026
上海政法学院,经济学,020101,142,B,2026
西南石油大学,经济学,020101,145,B,2026
江苏师范大学,经济学,020101,146,B,2026
北京语言大学,经济学,020101,147,B,2026
延边大学,经济学,020101,147,B,2026
西南科技大学,经济学,020101,149,B,2026
兰州财经大学,经济学,020101,150,B,2026
中南民族大学,经济学,020101,150,B,2026
上海纽约大学,经济学,020101,152,B,2026
中国石油大学（北京）,经济学,020101,153,B,2026
广西师范大学,经济学,020101,154,B,2026
华南农业大学,经济学,020101,154,B,2026
重庆交通大学,经济学,020101,156,B,2026
西北师范大学,经济学,020101,157,B,2026
南华大学,经济学,020101,158,B,2026
贵州师范大学,经济学,020101,159,B,2026
海南师范大学,经济学,020101,159,B,2026
南昌航空大学,经济学,020101,161,B,2026
西藏大学,经济学,020101,161,B,2026
嘉兴大学,经济学,020101,163,B,2026
宁波诺丁汉大学,经济学,020101,164,B,2026
上海立信会计金融学院,经济学,020101,164,B,2026
长江大学,经济学,020101,166,B,2026
沈阳大学,经济学,020101,166,B,2026
太原科技大学,经济学,020101,168,B,2026
天津商业大学,经济学,020101,169,B,2026
上海电力大学,经济学,020101,170,B,2026
河南科技大学,经济学,020101,171,B,2026
天津外国语大学,经济学,020101,171,B,2026
安徽建筑大学,经济学,020101,173,B,2026
云南民族大学,经济学,020101,173,B,2026
湖南农业大学,经济学,020101,175,B,2026
昆山杜克大学,经济学,020101,176,B,2026
吉首大学,经济学,020101,177,B,2026
西安理工大学,经济学,020101,178,B,2026
西华大学,经济学,020101,178,B,2026
安徽农业大学,经济学,020101,180,B,2026
大连民族大学,经济学,020101,180,B,2026
湖北师范大学,经济学,020101,180,B,2026
西安外国语大学,经济学,020101,180,B,2026
河北农业大学,经济学,020101,184,B,2026
武汉工程大学,经济学,020101,184,B,2026
广东海洋大学,经济学,020101,186,B,2026
青岛理工大学,经济学,020101,186,B,2026
山西师范大学,经济学,020101,186,B,2026
厦门大学,经济统计学,020102,1,A+,2026
中国人民大学,经济统计学,020102,2,A+,2026
上海财经大学,经济统计学,020102,3,A+,2026
西南财经大学,经济统计学,020102,4,A,2026
中央财经大学,经济统计学,020102,5,A,2026
对外经济贸易大学,经济统计学,020102,6,A,2026
浙江工商大学,经济统计学,020102,7,A,2026
西安交通大学,经济统计学,020102,8,A,2026
湖南大学,经济统计学,020102,9,A,2026
东北财经大学,经济统计学,020102,10,A,2026
中南财经政法大学,经济统计学,020102,11,A,2026
南京财经大学,经济统计学,020102,12,A,2026
暨南大学,经济统计学,020102,13,A,2026
江西财经大学,经济统计学,020102,14,A,2026
辽宁大学,经济统计学,020102,15,A,2026
南京审计大学,经济统计学,020102,16,A,2026
北京航空航天大学,经济统计学,020102,17,B+,2026
浙江财经大学,经济统计学,020102,17,B+,2026
首都经济贸易大学,经济统计学,020102,19,B+,2026
天津财经大学,经济统计学,020102,20,B+,2026
山东财经大学,经济统计学,020102,21,B+,2026
北京工商大学,经济统计学,020102,22,B+,2026
安徽大学,经济统计学,020102,23,B+,2026
重庆工商大学,经济统计学,020102,24,B+,2026
南京邮电大学,经济统计学,020102,25,B+,2026
上海对外经贸大学,经济统计学,020102,26,B+,2026
广东外语外贸大学,经济统计学,020102,27,B+,2026
西北大学,经济统计学,020102,28,B+,2026
河北大学,经济统计学,020102,29,B+,2026
安徽财经大学,经济统计学,020102,30,B+,2026
北京工业大学,经济统计学,020102,31,B+,2026
华中农业大学,经济统计学,020102,31,B+,2026
吉林财经大学,经济统计学,020102,33,B+,2026
西南政法大学,经济统计学,020102,34,B+,2026
河南财经政法大学,经济统计学,020102,35,B+,2026
福州大学,经济统计学,020102,36,B+,2026
山西财经大学,经济统计学,020102,37,B+,2026
河南大学,经济统计学,020102,38,B+,2026
广东财经大学,经济统计学,020102,39,B+,2026
贵州财经大学,经济统计学,020102,40,B+,2026
西安财经大学,经济统计学,020102,41,B+,2026
云南财经大学,经济统计学,020102,42,B+,2026
湖北经济学院,经济统计学,020102,43,B+,2026
湖南工商大学,经济统计学,020102,43,B+,2026
山东工商学院,经济统计学,020102,43,B+,2026
成都信息工程大学,经济统计学,020102,46,B+,2026
东北林业大学,经济统计学,020102,47,B+,2026
新疆财经大学,经济统计学,020102,48,B+,2026
安徽工业大学,经济统计学,020102,49,B+,2026
长安大学,经济统计学,020102,49,B+,2026
广西财经学院,经济统计学,020102,49,B+,2026
兰州财经大学,经济统计学,020102,52,B,2026
内蒙古财经大学,经济统计学,020102,53,B,2026
南京信息工程大学,经济统计学,020102,54,B,2026
天津商业大学,经济统计学,020102,55,B,2026
长春工业大学,经济统计学,020102,56,B,2026
广东金融学院,经济统计学,020102,57,B,2026
华东交通大学,经济统计学,020102,58,B,2026
上海立信会计金融学院,经济统计学,020102,59,B,2026
哈尔滨商业大学,经济统计学,020102,60,B,2026
上海海关学院,经济统计学,020102,61,B,2026
中北大学,经济统计学,020102,62,B,2026
沈阳大学,经济统计学,020102,63,B,2026
郑州航空工业管理学院,经济统计学,020102,64,B,2026
云南民族大学,经济统计学,020102,65,B,2026
上海电机学院,经济统计学,020102,66,B,2026
河北金融学院,经济统计学,020102,67,B,2026
河北地质大学,经济统计学,020102,68,B,2026
苏州工学院,经济统计学,020102,69,B,2026
西北师范大学,经济统计学,020102,70,B,2026
华北理工大学,经济统计学,020102,71,B,2026
河北农业大学,经济统计学,020102,72,B,2026
江苏理工学院,经济统计学,020102,73,B,2026
阜阳师范大学,经济统计学,020102,74,B,2026
闽南师范大学,经济统计学,020102,75,B,2026
山西大同大学,经济统计学,020102,76,B,2026
山东航空学院,经济统计学,020102,77,B,2026
吉林建筑大学,经济统计学,020102,78,B,2026
上海商学院,经济统计学,020102,79,B,2026
甘肃政法大学,经济统计学,020102,80,B,2026
福建江夏学院,经济统计学,020102,81,B,2026
合肥师范学院,经济统计学,020102,82,B,2026
湖北工程学院,经济统计学,020102,82,B,2026
武汉商学院,经济统计学,020102,82,B,2026
中国人民大学,国民经济管理,020103T,1,A+,2026
中央财经大学,国民经济管理,020103T,2,A+,2026
四川大学,国民经济管理,020103T,3,B,2026
辽宁大学,国民经济管理,020103T,4,B,2026
中国人民大学,资源与环境经济学,020104T,1,A+,2026
北京大学,资源与环境经济学,020104T,2,A+,2026
江西财经大学,资源与环境经济学,020104T,3,B+,2026
山东财经大学,资源与环境经济学,020104T,4,B+,2026
山西财经大学,资源与环境经济学,020104T,5,B,2026
贵州财经大学,资源与环境经济学,020104T,6,B,2026
湖北经济学院,资源与环境经济学,020104T,7,B,2026
内蒙古财经大学,资源与环境经济学,020104T,8,B,2026
南开大学,商务经济学,020105T,1,A+,2026
湖北经济学院,商务经济学,020105T,2,A+,2026
海南大学,商务经济学,020105T,3,B+,2026
上海商学院,商务经济学,020105T,4,B+,2026
福建农林大学,商务经济学,020105T,5,B+,2026
重庆第二师范学院,商务经济学,020105T,6,B+,2026
武汉商学院,商务经济学,020105T,7,B,2026
新乡学院,商务经济学,020105T,8,B,2026
湖南财政经济学院,商务经济学,020105T,9,B,2026
哈尔滨学院,商务经济学,020105T,10,B,2026
忻州师范学院,商务经济学,020105T,11,B,2026
中国人民大学,能源经济,020106T,1,A+,2026
北京航空航天大学,能源经济,020106T,2,A+,2026
重庆大学,能源经济,020106T,3,B+,2026
山西财经大学,能源经济,020106T,4,B+,2026
中国石油大学（北京）,能源经济,020106T,5,B+,2026
内蒙古财经大学,能源经济,020106T,6,B,2026
湖北工业大学,能源经济,020106T,7,B,2026
山东工商学院,能源经济,020106T,8,B,2026
首都经济贸易大学,劳动经济学,020107T,,,2026
中国劳动关系学院,劳动经济学,020107T,,,2026
中国人民大学,劳动经济学,020107T,,,2026
重庆工商大学派斯学院,经济工程,020108T,,,2026
海南比勒费尔德应用科学大学,经济工程,020108T,,,2026
合肥大学,经济工程,020108T,,,2026
南开大学,数字经济,020109T,1,A+,2026
中国人民大学,数字经济,020109T,2,A+,2026
上海财经大学,数字经济,020109T,3,A+,2026
南京大学,数字经济,020109T,4,A+,2026
对外经济贸易大学,数字经济,020109T,5,A+,2026
武汉大学,数字经济,020109T,6,A+,2026
中央财经大学,数字经济,020109T,6,A+,2026
西南财经大学,数字经济,020109T,8,A,2026
湖南大学,数字经济,020109T,9,A,2026
中南财经政法大学,数字经济,020109T,10,A,2026
北京师范大学,数字经济,020109T,11,A,2026
华中科技大学,数字经济,020109T,12,A,2026
辽宁大学,数字经济,020109T,12,A,2026
东北财经大学,数字经济,020109T,14,A,2026
南京财经大学,数字经济,020109T,15,A,2026
北京工商大学,数字经济,020109T,16,A,2026
北京交通大学,数字经济,020109T,17,A,2026
首都经济贸易大学,数字经济,020109T,17,A,2026
南京审计大学,数字经济,020109T,19,A,2026
浙江财经大学,数字经济,020109T,19,A,2026
广州大学,数字经济,020109T,21,A,2026
广东外语外贸大学,数字经济,020109T,22,A,2026
江西财经大学,数字经济,020109T,23,A,2026
南京农业大学,数字经济,020109T,24,A,2026
浙江工商大学,数字经济,020109T,25,A,2026
重庆工商大学,数字经济,020109T,26,A,2026
安徽大学,数字经济,020109T,27,A,2026
广东财经大学,数字经济,020109T,28,A,2026
哈尔滨工业大学,数字经济,020109T,29,A,2026
华中师范大学,数字经济,020109T,30,A,2026
天津财经大学,数字经济,020109T,30,A,2026
南京邮电大学,数字经济,020109T,32,B+,2026
南昌大学,数字经济,020109T,33,B+,2026
武汉理工大学,数字经济,020109T,34,B+,2026
安徽财经大学,数字经济,020109T,35,B+,2026
合肥工业大学,数字经济,020109T,36,B+,2026
苏州大学,数字经济,020109T,37,B+,2026
湖北经济学院,数字经济,020109T,38,B+,2026
江南大学,数字经济,020109T,38,B+,2026
西北农林科技大学,数字经济,020109T,40,B+,2026
南京林业大学,数字经济,020109T,41,B+,2026
石河子大学,数字经济,020109T,41,B+,2026
湖南科技大学,数字经济,020109T,43,B+,2026
重庆理工大学,数字经济,020109T,44,B+,2026
西南政法大学,数字经济,020109T,44,B+,2026
杭州电子科技大学,数字经济,020109T,46,B+,2026
长沙理工大学,数字经济,020109T,47,B+,2026
北京科技大学,数字经济,020109T,48,B+,2026
云南财经大学,数字经济,020109T,49,B+,2026
河南财经政法大学,数字经济,020109T,50,B+,2026
山西财经大学,数字经济,020109T,51,B+,2026
杭州师范大学,数字经济,020109T,52,B+,2026
中央民族大学,数字经济,020109T,53,B+,2026
广东工业大学,数字经济,020109T,54,B+,2026
北京林业大学,数字经济,020109T,55,B+,2026
中国传媒大学,数字经济,020109T,55,B+,2026
广东金融学院,数字经济,020109T,57,B+,2026
集美大学,数字经济,020109T,57,B+,2026
华南师范大学,数字经济,020109T,59,B+,2026
云南师范大学,数字经济,020109T,60,B+,2026
贵州财经大学,数字经济,020109T,61,B+,2026
南京信息工程大学,数字经济,020109T,62,B+,2026
内蒙古财经大学,数字经济,020109T,62,B+,2026
江西理工大学,数字经济,020109T,64,B+,2026
广西财经学院,数字经济,020109T,65,B+,2026
湖南工商大学,数字经济,020109T,66,B+,2026
湖北大学,数字经济,020109T,67,B+,2026
北京信息科技大学,数字经济,020109T,68,B+,2026
汕头大学,数字经济,020109T,69,B+,2026
河北经贸大学,数字经济,020109T,70,B+,2026
北京语言大学,数字经济,020109T,71,B+,2026
重庆邮电大学,数字经济,020109T,72,B+,2026
西安邮电大学,数字经济,020109T,72,B+,2026
扬州大学,数字经济,020109T,74,B+,2026
西安财经大学,数字经济,020109T,75,B+,2026
武汉科技大学,数字经济,020109T,76,B+,2026
昆明理工大学,数字经济,020109T,77,B+,2026
山东理工大学,数字经济,020109T,77,B+,2026
陕西科技大学,数字经济,020109T,79,B+,2026
兰州财经大学,数字经济,020109T,80,B+,2026
新疆财经大学,数字经济,020109T,80,B+,2026
安徽农业大学,数字经济,020109T,82,B+,2026
山东工商学院,数字经济,020109T,83,B+,2026
西安科技大学,数字经济,020109T,83,B+,2026
浙江农林大学,数字经济,020109T,85,B+,2026
北京联合大学,数字经济,020109T,86,B+,2026
安徽师范大学,数字经济,020109T,87,B+,2026
中南民族大学,数字经济,020109T,87,B+,2026
华东交通大学,数字经济,020109T,89,B+,2026
福建农林大学,数字经济,020109T,90,B+,2026
山东农业大学,数字经济,020109T,90,B+,2026
哈尔滨商业大学,数字经济,020109T,92,B,2026
中南林业科技大学,数字经济,020109T,93,B,2026
武汉轻工大学,数字经济,020109T,94,B,2026
西藏民族大学,数字经济,020109T,95,B,2026
延安大学,数字经济,020109T,96,B,2026
大连外国语大学,数字经济,020109T,97,B,2026
浙大城市学院,数字经济,020109T,98,B,2026
安徽建筑大学,数字经济,020109T,99,B,2026
福建理工大学,数字经济,020109T,99,B,2026
吉首大学,数字经济,020109T,101,B,2026
四川外国语大学,数字经济,020109T,101,B,2026
嘉兴大学,数字经济,020109T,103,B,2026
安庆师范大学,数字经济,020109T,104,B,2026
武汉工程大学,数字经济,020109T,104,B,2026
桂林电子科技大学,数字经济,020109T,106,B,2026
河南农业大学,数字经济,020109T,107,B,2026
上海立信会计金融学院,数字经济,020109T,107,B,2026
石家庄铁道大学,数字经济,020109T,109,B,2026
华北水利水电大学,数字经济,020109T,110,B,2026
西安建筑科技大学,数字经济,020109T,111,B,2026
长春工业大学,数字经济,020109T,112,B,2026
浙大宁波理工学院,数字经济,020109T,113,B,2026
无锡学院,数字经济,020109T,114,B,2026
湖北汽车工业学院,数字经济,020109T,115,B,2026
浙江海洋大学,数字经济,020109T,115,B,2026
山东航空学院,数字经济,020109T,117,B,2026
广西民族大学,数字经济,020109T,118,B,2026
河南理工大学,数字经济,020109T,119,B,2026
五邑大学,数字经济,020109T,120,B,2026
东华理工大学,数字经济,020109T,121,B,2026
南京晓庄学院,数字经济,020109T,122,B,2026
新疆师范大学,数字经济,020109T,123,B,2026
广东技术师范大学,数字经济,020109T,124,B,2026
临沂大学,数字经济,020109T,124,B,2026
太原科技大学,数字经济,020109T,126,B,2026
长沙学院,数字经济,020109T,127,B,2026
闽南师范大学,数字经济,020109T,128,B,2026
苏州城市学院,数字经济,020109T,128,B,2026
成都工业学院,数字经济,020109T,130,B,2026
绵阳师范学院,数字经济,020109T,131,B,2026
福建江夏学院,数字经济,020109T,132,B,2026
江西科技师范大学,数字经济,020109T,133,B,2026
成都师范学院,数字经济,020109T,134,B,2026
山东交通学院,数字经济,020109T,135,B,2026
江苏第二师范学院,数字经济,020109T,136,B,2026
湖北理工学院,数字经济,020109T,137,B,2026
洛阳理工学院,数字经济,020109T,138,B,2026
河北北方学院,数字经济,020109T,139,B,2026
石家庄学院,数字经济,020109T,139,B,2026
长江师范学院,数字经济,020109T,141,B,2026
内江师范学院,数字经济,020109T,142,B,2026
宿迁学院,数字经济,020109T,143,B,2026
山东管理学院,数字经济,020109T,144,B,2026
信阳师范大学,数字经济,020109T,144,B,2026
肇庆学院,数字经济,020109T,146,B,2026
湖北第二师范学院,数字经济,020109T,147,B,2026
山东石油化工学院,数字经济,020109T,147,B,2026
湖南工程学院,数字经济,020109T,149,B,2026
宜宾学院,数字经济,020109T,149,B,2026
中国人民大学,财政学,020201K,1,A+,2026
北京大学,财政学,020201K,2,A+,2026
复旦大学,财政学,020201K,3,A,2026
中央财经大学,财政学,020201K,4,A,2026
上海财经大学,财政学,020201K,5,A,2026
浙江大学,财政学,020201K,6,A,2026
南开大学,财政学,020201K,7,A,2026
厦门大学,财政学,020201K,8,A,2026
山东大学,财政学,020201K,9,A,2026
西南财经大学,财政学,020201K,10,B+,2026
西安交通大学,财政学,020201K,11,B+,2026
对外经济贸易大学,财政学,020201K,12,B+,2026
武汉大学,财政学,020201K,13,B+,2026
中南财经政法大学,财政学,020201K,14,B+,2026
东北财经大学,财政学,020201K,15,B+,2026
辽宁大学,财政学,020201K,15,B+,2026
南京大学,财政学,020201K,17,B+,2026
四川大学,财政学,020201K,18,B+,2026
吉林大学,财政学,020201K,19,B+,2026
湖南大学,财政学,020201K,20,B+,2026
浙江财经大学,财政学,020201K,21,B+,2026
山东财经大学,财政学,020201K,22,B+,2026
首都经济贸易大学,财政学,020201K,23,B+,2026
暨南大学,财政学,020201K,24,B+,2026
南京审计大学,财政学,020201K,25,B+,2026
江西财经大学,财政学,020201K,26,B+,2026
南京财经大学,财政学,020201K,27,B+,2026
安徽财经大学,财政学,020201K,28,B,2026
安徽大学,财政学,020201K,29,B,2026
北京工商大学,财政学,020201K,30,B,2026
天津财经大学,财政学,020201K,31,B,2026
广东外语外贸大学,财政学,020201K,32,B,2026
河北大学,财政学,020201K,33,B,2026
广东财经大学,财政学,020201K,34,B,2026
河南大学,财政学,020201K,35,B,2026
云南财经大学,财政学,020201K,36,B,2026
云南大学,财政学,020201K,37,B,2026
湖北经济学院,财政学,020201K,38,B,2026
苏州大学,财政学,020201K,39,B,2026
重庆工商大学,财政学,020201K,40,B,2026
山西财经大学,财政学,020201K,41,B,2026
河北经贸大学,财政学,020201K,42,B,2026
集美大学,财政学,020201K,43,B,2026
贵州财经大学,财政学,020201K,44,B,2026
内蒙古财经大学,财政学,020201K,45,B,2026
中央财经大学,税收学,020202,1,A+,2026
厦门大学,税收学,020202,2,A+,2026
中国人民大学,税收学,020202,3,A,2026
西南财经大学,税收学,020202,4,A,2026
上海财经大学,税收学,020202,5,A,2026
对外经济贸易大学,税收学,020202,6,A,2026
东北财经大学,税收学,020202,7,A,2026
中南财经政法大学,税收学,020202,8,A,2026
江西财经大学,税收学,020202,9,A,2026
南京财经大学,税收学,020202,10,A,2026
山东财经大学,税收学,020202,11,B+,2026
首都经济贸易大学,税收学,020202,12,B+,2026
暨南大学,税收学,020202,13,B+,2026
浙江财经大学,税收学,020202,14,B+,2026
广东外语外贸大学,税收学,020202,15,B+,2026
南京审计大学,税收学,020202,16,B+,2026
广东财经大学,税收学,020202,17,B+,2026
天津财经大学,税收学,020202,18,B+,2026
安徽财经大学,税收学,020202,19,B+,2026
湖北经济学院,税收学,020202,20,B+,2026
吉林财经大学,税收学,020202,21,B+,2026
贵州财经大学,税收学,020202,22,B+,2026
山西财经大学,税收学,020202,23,B+,2026
广西财经学院,税收学,020202,24,B+,2026
河南财经政法大学,税收学,020202,25,B+,2026
云南财经大学,税收学,020202,26,B+,2026
内蒙古财经大学,税收学,020202,27,B+,2026
上海海关学院,税收学,020202,28,B+,2026
河北经贸大学,税收学,020202,29,B+,2026
兰州财经大学,税收学,020202,30,B+,2026
湖南工商大学,税收学,020202,31,B,2026
新疆财经大学,税收学,020202,32,B,2026
西安财经大学,税收学,020202,33,B,2026
上海理工大学,税收学,020202,34,B,2026
上海立信会计金融学院,税收学,020202,35,B,2026
武汉纺织大学,税收学,020202,36,B,2026
哈尔滨商业大学,税收学,020202,37,B,2026
上海政法学院,税收学,020202,38,B,2026
西藏大学,税收学,020202,39,B,2026
福建江夏学院,税收学,020202,40,B,2026
铜陵学院,税收学,020202,41,B,2026
北方民族大学,税收学,020202,42,B,2026
湖南财政经济学院,税收学,020202,43,B,2026
海南师范大学,税收学,020202,44,B,2026
上海第二工业大学,税收学,020202,45,B,2026
上海商学院,税收学,020202,46,B,2026
河南财政金融学院,税收学,020202,47,B,2026
成都工业学院,税收学,020202,48,B,2026
河北金融学院,税收学,020202,49,B,2026
武汉商学院,税收学,020202,49,B,2026
中央财经大学,金融学,020301K,1,A+,2026
中国人民大学,金融学,020301K,2,A+,2026
上海财经大学,金融学,020301K,3,A+,2026
西南财经大学,金融学,020301K,4,A+,2026
南开大学,金融学,020301K,5,A+,2026
厦门大学,金融学,020301K,6,A+,2026
对外经济贸易大学,金融学,020301K,7,A+,2026
北京大学,金融学,020301K,8,A+,2026
复旦大学,金融学,020301K,9,A,2026
湖南大学,金融学,020301K,10,A,2026
清华大学,金融学,020301K,11,A,2026
浙江大学,金融学,020301K,12,A,2026
上海交通大学,金融学,020301K,13,A,2026
南京大学,金融学,020301K,14,A,2026
山东大学,金融学,020301K,15,A,2026
武汉大学,金融学,020301K,15,A,2026
中山大学,金融学,020301K,17,A,2026
东北财经大学,金融学,020301K,18,A,2026
中南财经政法大学,金融学,020301K,18,A,2026
同济大学,金融学,020301K,20,A,2026
西安交通大学,金融学,020301K,21,A,2026
暨南大学,金融学,020301K,22,A,2026
北京师范大学,金融学,020301K,23,A,2026
吉林大学,金融学,020301K,24,A,2026
华南理工大学,金融学,020301K,25,A,2026
华中科技大学,金融学,020301K,26,A,2026
华东师范大学,金融学,020301K,27,A,2026
四川大学,金融学,020301K,28,A,2026
首都经济贸易大学,金融学,020301K,29,A,2026
中国农业大学,金融学,020301K,30,A,2026
中国海洋大学,金融学,020301K,31,A,2026
山东财经大学,金融学,020301K,32,A,2026
南京财经大学,金融学,020301K,33,A,2026
上海对外经贸大学,金融学,020301K,34,A,2026
大连理工大学,金融学,020301K,35,A,2026
江西财经大学,金融学,020301K,36,A,2026
南京审计大学,金融学,020301K,36,A,2026
东南大学,金融学,020301K,38,A,2026
北京航空航天大学,金融学,020301K,39,A,2026
天津大学,金融学,020301K,40,A,2026
中南大学,金融学,020301K,41,B+,2026
深圳大学,金融学,020301K,42,B+,2026
电子科技大学,金融学,020301K,43,B+,2026
天津财经大学,金融学,020301K,44,B+,2026
辽宁大学,金融学,020301K,45,B+,2026
重庆大学,金融学,020301K,46,B+,2026
北京工商大学,金融学,020301K,47,B+,2026
华东理工大学,金融学,020301K,48,B+,2026
西南大学,金融学,020301K,49,B+,2026
北京交通大学,金融学,020301K,50,B+,2026
广东外语外贸大学,金融学,020301K,51,B+,2026
浙江工商大学,金融学,020301K,52,B+,2026
浙江财经大学,金融学,020301K,53,B+,2026
南京师范大学,金融学,020301K,54,B+,2026
上海大学,金融学,020301K,55,B+,2026
南京农业大学,金融学,020301K,56,B+,2026
广州大学,金融学,020301K,57,B+,2026
郑州大学,金融学,020301K,57,B+,2026
兰州大学,金融学,020301K,59,B+,2026
宁波大学,金融学,020301K,59,B+,2026
中国科学技术大学,金融学,020301K,61,B+,2026
浙江工业大学,金融学,020301K,62,B+,2026
西北大学,金融学,020301K,63,B+,2026
南昌大学,金融学,020301K,64,B+,2026
广东财经大学,金融学,020301K,65,B+,2026
武汉理工大学,金融学,020301K,66,B+,2026
安徽大学,金融学,020301K,67,B+,2026
福州大学,金融学,020301K,67,B+,2026
海南大学,金融学,020301K,67,B+,2026
广西大学,金融学,020301K,70,B+,2026
重庆工商大学,金融学,020301K,71,B+,2026
安徽财经大学,金融学,020301K,72,B+,2026
广东金融学院,金融学,020301K,73,B+,2026
江南大学,金融学,020301K,74,B+,2026
南京航空航天大学,金融学,020301K,74,B+,2026
湖南师范大学,金融学,020301K,76,B+,2026
湖北经济学院,金融学,020301K,77,B+,2026
河北大学,金融学,020301K,78,B+,2026
青岛大学,金融学,020301K,79,B+,2026
中国矿业大学,金融学,020301K,80,B+,2026
哈尔滨工业大学,金融学,020301K,81,B+,2026
西北农林科技大学,金融学,020301K,81,B+,2026
陕西师范大学,金融学,020301K,83,B+,2026
云南大学,金融学,020301K,83,B+,2026
四川农业大学,金融学,020301K,85,B+,2026
东北大学,金融学,020301K,86,B+,2026
湘潭大学,金融学,020301K,86,B+,2026
东北师范大学,金融学,020301K,88,B+,2026
山西财经大学,金融学,020301K,89,B+,2026
长沙理工大学,金融学,020301K,90,B+,2026
河南大学,金融学,020301K,91,B+,2026
北京工业大学,金融学,020301K,92,B+,2026
杭州电子科技大学,金融学,020301K,92,B+,2026
华侨大学,金融学,020301K,92,B+,2026
华南师范大学,金融学,020301K,95,B+,2026
西安电子科技大学,金融学,020301K,95,B+,2026
河南财经政法大学,金融学,020301K,97,B+,2026
江西师范大学,金融学,020301K,98,B+,2026
河北经贸大学,金融学,020301K,99,B+,2026
北京外国语大学,金融学,020301K,100,B+,2026
哈尔滨工程大学,金融学,020301K,100,B+,2026
云南财经大学,金融学,020301K,100,B+,2026
重庆理工大学,金融学,020301K,103,B+,2026
石河子大学,金融学,020301K,104,B+,2026
南方科技大学,金融学,020301K,105,B+,2026
西南政法大学,金融学,020301K,106,B+,2026
上海外国语大学,金融学,020301K,107,B+,2026
南京理工大学,金融学,020301K,108,B+,2026
中央民族大学,金融学,020301K,109,B+,2026
上海立信会计金融学院,金融学,020301K,110,B+,2026
湖南工商大学,金融学,020301K,111,B+,2026
内蒙古财经大学,金融学,020301K,112,B+,2026
广西财经学院,金融学,020301K,113,B+,2026
江苏大学,金融学,020301K,114,B+,2026
新疆财经大学,金融学,020301K,115,B+,2026
吉林财经大学,金融学,020301K,116,B+,2026
苏州大学,金融学,020301K,116,B+,2026
西南交通大学,金融学,020301K,116,B+,2026
济南大学,金融学,020301K,119,B+,2026
河北工业大学,金融学,020301K,120,B+,2026
湖北大学,金融学,020301K,120,B+,2026
上海师范大学,金融学,020301K,122,B,2026
北京语言大学,金融学,020301K,123,B,2026
华北电力大学,金融学,020301K,123,B,2026
华东政法大学,金融学,020301K,123,B,2026
内蒙古大学,金融学,020301K,123,B,2026
华南农业大学,金融学,020301K,127,B,2026
香港中文大学（深圳）,金融学,020301K,127,B,2026
中国石油大学（北京）,金融学,020301K,127,B,2026
贵州财经大学,金融学,020301K,130,B,2026
集美大学,金融学,020301K,130,B,2026
西南民族大学,金融学,020301K,130,B,2026
天津工业大学,金融学,020301K,133,B,2026
南京工业大学,金融学,020301K,134,B,2026
东北农业大学,金融学,020301K,135,B,2026
福建师范大学,金融学,020301K,136,B,2026
北京联合大学,金融学,020301K,137,B,2026
贵州大学,金融学,020301K,137,B,2026
西安财经大学,金融学,020301K,137,B,2026
西北政法大学,金融学,020301K,137,B,2026
安徽工业大学,金融学,020301K,141,B,2026
东华大学,金融学,020301K,142,B,2026
兰州财经大学,金融学,020301K,143,B,2026
外交学院,金融学,020301K,143,B,2026
浙江理工大学,金融学,020301K,143,B,2026
江西理工大学,金融学,020301K,146,B,2026
汕头大学,金融学,020301K,146,B,2026
福建农林大学,金融学,020301K,148,B,2026
湖北工业大学,金融学,020301K,149,B,2026
北京物资学院,金融学,020301K,150,B,2026
河南工业大学,金融学,020301K,150,B,2026
北京林业大学,金融学,020301K,152,B,2026
武汉纺织大学,金融学,020301K,152,B,2026
山东工商学院,金融学,020301K,154,B,2026
黑龙江大学,金融学,020301K,155,B,2026
三峡大学,金融学,020301K,156,B,2026
华东交通大学,金融学,020301K,157,B,2026
西安外国语大学,金融学,020301K,158,B,2026
上海纽约大学,金融学,020301K,159,B,2026
北京第二外国语学院,金融学,020301K,160,B,2026
郑州航空工业管理学院,金融学,020301K,161,B,2026
上海理工大学,金融学,020301K,162,B,2026
天津商业大学,金融学,020301K,163,B,2026
长江大学,金融学,020301K,164,B,2026
扬州大学,金融学,020301K,165,B,2026
中南民族大学,金融学,020301K,165,B,2026
常州大学,金融学,020301K,167,B,2026
上海海洋大学,金融学,020301K,168,B,2026
沈阳工业大学,金融学,020301K,168,B,2026
上海海事大学,金融学,020301K,170,B,2026
青海大学,金融学,020301K,171,B,2026
云南师范大学,金融学,020301K,172,B,2026
山西大学,金融学,020301K,173,B,2026
宁夏大学,金融学,020301K,174,B,2026
中南林业科技大学,金融学,020301K,174,B,2026
河北金融学院,金融学,020301K,176,B,2026
山东师范大学,金融学,020301K,177,B,2026
四川外国语大学,金融学,020301K,177,B,2026
江汉大学,金融学,020301K,179,B,2026
嘉兴大学,金融学,020301K,179,B,2026
安徽农业大学,金融学,020301K,181,B,2026
昆明理工大学,金融学,020301K,181,B,2026
哈尔滨商业大学,金融学,020301K,183,B,2026
浙江师范大学,金融学,020301K,184,B,2026
西北师范大学,金融学,020301K,185,B,2026
天津外国语大学,金融学,020301K,186,B,2026
合肥大学,金融学,020301K,187,B,2026
金陵科技学院,金融学,020301K,187,B,2026
山东农业大学,金融学,020301K,189,B,2026
上海商学院,金融学,020301K,189,B,2026
哈尔滨理工大学,金融学,020301K,191,B,2026
湖南财政经济学院,金融学,020301K,192,B,2026
湖南农业大学,金融学,020301K,192,B,2026
福建江夏学院,金融学,020301K,194,B,2026
齐鲁工业大学,金融学,020301K,194,B,2026
山东理工大学,金融学,020301K,196,B,2026
石家庄铁道大学,金融学,020301K,196,B,2026
长春工业大学,金融学,020301K,198,B,2026
沈阳大学,金融学,020301K,198,B,2026
河北农业大学,金融学,020301K,200,B,2026
西安理工大学,金融学,020301K,201,B,2026
新疆大学,金融学,020301K,202,B,2026
中国人民大学,金融工程,020302,1,A+,2026
厦门大学,金融工程,020302,2,A+,2026
中央财经大学,金融工程,020302,2,A+,2026
对外经济贸易大学,金融工程,020302,4,A+,2026
南开大学,金融工程,020302,5,A+,2026
南京大学,金融工程,020302,6,A,2026
武汉大学,金融工程,020302,7,A,2026
西南财经大学,金融工程,020302,8,A,2026
西安交通大学,金融工程,020302,9,A,2026
东南大学,金融工程,020302,10,A,2026
中南财经政法大学,金融工程,020302,11,A,2026
华中科技大学,金融工程,020302,12,A,2026
四川大学,金融工程,020302,13,A,2026
南京财经大学,金融工程,020302,14,A,2026
东北财经大学,金融工程,020302,15,A,2026
北京工商大学,金融工程,020302,16,A,2026
上海对外经贸大学,金融工程,020302,17,A,2026
浙江财经大学,金融工程,020302,18,A,2026
山东财经大学,金融工程,020302,19,A,2026
浙江工商大学,金融工程,020302,20,A,2026
江西财经大学,金融工程,020302,21,A,2026
广东外语外贸大学,金融工程,020302,22,A,2026
首都经济贸易大学,金融工程,020302,23,A,2026
暨南大学,金融工程,020302,24,A,2026
天津财经大学,金融工程,020302,25,A,2026
安徽财经大学,金融工程,020302,26,A,2026
南京审计大学,金融工程,020302,27,A,2026
南京邮电大学,金融工程,020302,27,A,2026
合肥工业大学,金融工程,020302,29,B+,2026
山西财经大学,金融工程,020302,30,B+,2026
兰州大学,金融工程,020302,31,B+,2026
南京林业大学,金融工程,020302,32,B+,2026
广东财经大学,金融工程,020302,33,B+,2026
宁波大学,金融工程,020302,34,B+,2026
重庆工商大学,金融工程,020302,35,B+,2026
云南财经大学,金融工程,020302,36,B+,2026
华中师范大学,金融工程,020302,37,B+,2026
大连海事大学,金融工程,020302,38,B+,2026
北京科技大学,金融工程,020302,39,B+,2026
中国政法大学,金融工程,020302,40,B+,2026
河南财经政法大学,金融工程,020302,41,B+,2026
河海大学,金融工程,020302,42,B+,2026
南方科技大学,金融工程,020302,43,B+,2026
贵州财经大学,金融工程,020302,44,B+,2026
杭州师范大学,金融工程,020302,45,B+,2026
南京信息工程大学,金融工程,020302,46,B+,2026
重庆理工大学,金融工程,020302,47,B+,2026
湖南科技大学,金融工程,020302,48,B+,2026
温州大学,金融工程,020302,49,B+,2026
长春理工大学,金融工程,020302,50,B+,2026
湖北经济学院,金融工程,020302,50,B+,2026
香港中文大学（深圳）,金融工程,020302,50,B+,2026
西南政法大学,金融工程,020302,53,B+,2026
兰州财经大学,金融工程,020302,54,B+,2026
广东金融学院,金融工程,020302,55,B+,2026
广东工业大学,金融工程,020302,56,B+,2026
吉林财经大学,金融工程,020302,56,B+,2026
四川师范大学,金融工程,020302,58,B+,2026
上海师范大学,金融工程,020302,59,B+,2026
西安邮电大学,金融工程,020302,60,B+,2026
上海立信会计金融学院,金融工程,020302,61,B+,2026
西北政法大学,金融工程,020302,62,B+,2026
安徽工程大学,金融工程,020302,63,B+,2026
成都信息工程大学,金融工程,020302,64,B+,2026
湖南工商大学,金融工程,020302,64,B+,2026
广西财经学院,金融工程,020302,66,B+,2026
苏州科技大学,金融工程,020302,67,B+,2026
江苏师范大学,金融工程,020302,68,B+,2026
内蒙古财经大学,金融工程,020302,69,B+,2026
天津科技大学,金融工程,020302,70,B+,2026
西南民族大学,金融工程,020302,71,B+,2026
哈尔滨商业大学,金融工程,020302,72,B+,2026
河北经贸大学,金融工程,020302,73,B+,2026
河北师范大学,金融工程,020302,74,B+,2026
沈阳工业大学,金融工程,020302,75,B+,2026
浙江农林大学,金融工程,020302,76,B+,2026
江苏科技大学,金融工程,020302,77,B+,2026
新疆财经大学,金融工程,020302,78,B+,2026
重庆师范大学,金融工程,020302,79,B+,2026
安徽师范大学,金融工程,020302,80,B+,2026
无锡学院,金融工程,020302,81,B+,2026
重庆邮电大学,金融工程,020302,82,B+,2026
曲阜师范大学,金融工程,020302,83,B,2026
河北科技大学,金融工程,020302,84,B,2026
金陵科技学院,金融工程,020302,85,B,2026
东北电力大学,金融工程,020302,86,B,2026
浙江科技大学,金融工程,020302,86,B,2026
安庆师范大学,金融工程,020302,88,B,2026
湖南工业大学,金融工程,020302,89,B,2026
吉首大学,金融工程,020302,90,B,2026
河北金融学院,金融工程,020302,91,B,2026
盐城工学院,金融工程,020302,92,B,2026
桂林电子科技大学,金融工程,020302,93,B,2026
长江师范学院,金融工程,020302,94,B,2026
中国计量大学,金融工程,020302,94,B,2026
阜阳师范大学,金融工程,020302,96,B,2026
福建江夏学院,金融工程,020302,97,B,2026
聊城大学,金融工程,020302,97,B,2026
浙江万里学院,金融工程,020302,99,B,2026
厦门理工学院,金融工程,020302,100,B,2026
安徽建筑大学,金融工程,020302,101,B,2026
浙江水利水电学院,金融工程,020302,102,B,2026
浙江外国语学院,金融工程,020302,102,B,2026
临沂大学,金融工程,020302,104,B,2026
安徽科技工程大学,金融工程,020302,105,B,2026
长春大学,金融工程,020302,105,B,2026
宁波工程学院,金融工程,020302,107,B,2026
山东政法学院,金融工程,020302,108,B,2026
河北工程大学,金融工程,020302,109,B,2026
滁州学院,金融工程,020302,110,B,2026
辽宁工业大学,金融工程,020302,111,B,2026
哈尔滨金融学院,金融工程,020302,112,B,2026
湖州师范大学,金融工程,020302,113,B,2026
皖西学院,金融工程,020302,114,B,2026
榆林大学,金融工程,020302,115,B,2026
福建商学院,金融工程,020302,116,B,2026
南京邮电大学通达学院,金融工程,020302,116,B,2026
湖北工程学院,金融工程,020302,118,B,2026
信阳师范大学,金融工程,020302,119,B,2026
湖南工学院,金融工程,020302,120,B,2026
莆田学院,金融工程,020302,120,B,2026
齐鲁师范学院,金融工程,020302,120,B,2026
湖南科技学院,金融工程,020302,123,B,2026
泉州师范学院,金融工程,020302,123,B,2026
山东女子学院,金融工程,020302,123,B,2026
石家庄学院,金融工程,020302,126,B,2026
盐城师范学院,金融工程,020302,127,B,2026
山西能源学院,金融工程,020302,128,B,2026
铜仁学院,金融工程,020302,128,B,2026
巢湖学院,金融工程,020302,130,B,2026
湖南工程学院,金融工程,020302,131,B,2026
湘南学院,金融工程,020302,132,B,2026
山东管理学院,金融工程,020302,133,B,2026
西昌学院,金融工程,020302,134,B,2026
吉林化工大学,金融工程,020302,135,B,2026
山东农业工程学院,金融工程,020302,136,B,2026
贵州商学院,金融工程,020302,137,B,2026
贵州医科大学神奇民族医药学院,金融工程,020302,137,B,2026
北京大学,保险学,020303,1,A+,2026
中国人民大学,保险学,020303,2,A+,2026
复旦大学,保险学,020303,3,A,2026
中央财经大学,保险学,020303,4,A,2026
南开大学,保险学,020303,5,A,2026
上海财经大学,保险学,020303,6,A,2026
西南财经大学,保险学,020303,7,A,2026
对外经济贸易大学,保险学,020303,8,A,2026
武汉大学,保险学,020303,9,A,2026
湖南大学,保险学,020303,10,A,2026
东北财经大学,保险学,020303,11,A,2026
中南财经政法大学,保险学,020303,11,A,2026
南京大学,保险学,020303,13,B+,2026
首都经济贸易大学,保险学,020303,13,B+,2026
广东外语外贸大学,保险学,020303,15,B+,2026
南京财经大学,保险学,020303,16,B+,2026
山东财经大学,保险学,020303,17,B+,2026
北京工商大学,保险学,020303,18,B+,2026
江西财经大学,保险学,020303,19,B+,2026
辽宁大学,保险学,020303,20,B+,2026
浙江工商大学,保险学,020303,21,B+,2026
上海对外经贸大学,保险学,020303,22,B+,2026
安徽财经大学,保险学,020303,23,B+,2026
广东财经大学,保险学,020303,24,B+,2026
天津财经大学,保险学,020303,25,B+,2026
重庆工商大学,保险学,020303,26,B+,2026
湖北经济学院,保险学,020303,27,B+,2026
山西财经大学,保险学,020303,28,B+,2026
河北大学,保险学,020303,29,B+,2026
广西财经学院,保险学,020303,30,B+,2026
广东金融学院,保险学,020303,31,B+,2026
云南财经大学,保险学,020303,32,B+,2026
湖南工商大学,保险学,020303,33,B+,2026
吉林财经大学,保险学,020303,34,B+,2026
河北经贸大学,保险学,020303,35,B,2026
西安财经大学,保险学,020303,36,B,2026
上海立信会计金融学院,保险学,020303,37,B,2026
河南财经政法大学,保险学,020303,38,B,2026
山东工商学院,保险学,020303,39,B,2026
东北农业大学,保险学,020303,40,B,2026
兰州财经大学,保险学,020303,41,B,2026
新疆财经大学,保险学,020303,42,B,2026
哈尔滨商业大学,保险学,020303,43,B,2026
河北金融学院,保险学,020303,44,B,2026
江西中医药大学,保险学,020303,45,B,2026
福建江夏学院,保险学,020303,46,B,2026
湖北中医药大学,保险学,020303,47,B,2026
湖南财政经济学院,保险学,020303,48,B,2026
哈尔滨金融学院,保险学,020303,49,B,2026
贵州商学院,保险学,020303,50,B,2026
武夷学院,保险学,020303,51,B,2026
福建商学院,保险学,020303,52,B,2026
吉林工商学院,保险学,020303,53,B,2026
沈阳工程学院,保险学,020303,53,B,2026
廊坊师范学院,保险学,020303,55,B,2026
河北科技师范学院,保险学,020303,56,B,2026
河南财政金融学院,保险学,020303,57,B,2026
三亚学院,保险学,020303,57,B,2026
中央财经大学,投资学,020304,1,A+,2026
上海财经大学,投资学,020304,2,A+,2026
对外经济贸易大学,投资学,020304,3,A+,2026
西南财经大学,投资学,020304,4,A,2026
中南财经政法大学,投资学,020304,5,A,2026
东北财经大学,投资学,020304,6,A,2026
南京审计大学,投资学,020304,7,A,2026
首都经济贸易大学,投资学,020304,8,A,2026
山东财经大学,投资学,020304,9,A,2026
安徽财经大学,投资学,020304,10,A,2026
浙江工商大学,投资学,020304,11,A,2026
浙江财经大学,投资学,020304,12,A,2026
南京农业大学,投资学,020304,13,A,2026
广东财经大学,投资学,020304,14,A,2026
南京财经大学,投资学,020304,14,A,2026
重庆工商大学,投资学,020304,16,B+,2026
上海对外经贸大学,投资学,020304,17,B+,2026
四川农业大学,投资学,020304,18,B+,2026
天津财经大学,投资学,020304,19,B+,2026
湖北经济学院,投资学,020304,20,B+,2026
内蒙古财经大学,投资学,020304,21,B+,2026
广东金融学院,投资学,020304,22,B+,2026
云南财经大学,投资学,020304,22,B+,2026
河南师范大学,投资学,020304,24,B+,2026
河北经贸大学,投资学,020304,25,B+,2026
西安财经大学,投资学,020304,26,B+,2026
成都理工大学,投资学,020304,27,B+,2026
河南财经政法大学,投资学,020304,28,B+,2026
广西财经学院,投资学,020304,29,B+,2026
兰州财经大学,投资学,020304,30,B+,2026
武汉科技大学,投资学,020304,31,B+,2026
山东工商学院,投资学,020304,32,B+,2026
天津师范大学,投资学,020304,33,B+,2026
哈尔滨商业大学,投资学,020304,34,B+,2026
上海立信会计金融学院,投资学,020304,35,B+,2026
三峡大学,投资学,020304,36,B+,2026
天津科技大学,投资学,020304,37,B+,2026
福建江夏学院,投资学,020304,38,B+,2026
湖南农业大学,投资学,020304,38,B+,2026
天津城建大学,投资学,020304,40,B+,2026
河北金融学院,投资学,020304,41,B+,2026
合肥大学,投资学,020304,42,B+,2026
烟台大学,投资学,020304,43,B+,2026
厦门理工学院,投资学,020304,44,B+,2026
北京农学院,投资学,020304,45,B+,2026
贵州商学院,投资学,020304,46,B,2026
河南财政金融学院,投资学,020304,47,B,2026
福建师范大学协和学院,投资学,020304,48,B,2026
江西水利电力大学,投资学,020304,49,B,2026
四川轻化工大学,投资学,020304,49,B,2026
贵州理工学院,投资学,020304,51,B,2026
韩山师范学院,投资学,020304,51,B,2026
龙岩学院,投资学,020304,53,B,2026
珠海科技学院,投资学,020304,54,B,2026
哈尔滨金融学院,投资学,020304,55,B,2026
河南牧业经济学院,投资学,020304,56,B,2026
吉林工商学院,投资学,020304,57,B,2026
保定学院,投资学,020304,58,B,2026
山西工程技术学院,投资学,020304,59,B,2026
郑州财经学院,投资学,020304,60,B,2026
兰州文理学院,投资学,020304,61,B,2026
太原学院,投资学,020304,62,B,2026
郑州工程技术学院,投资学,020304,62,B,2026
成都锦城学院,投资学,020304,64,B,2026
浙江树人学院,投资学,020304,65,B,2026
湖北经济学院法商学院,投资学,020304,66,B,2026
塔里木大学,投资学,020304,67,B,2026
电子科技大学成都学院,投资学,020304,68,B,2026
三亚学院,投资学,020304,69,B,2026
河北经贸大学经济管理学院,投资学,020304,70,B,2026
上海财经大学浙江学院,投资学,020304,70,B,2026
武汉学院,投资学,020304,72,B,2026
昌吉学院,投资学,020304,73,B,2026
南京航空航天大学金城学院,投资学,020304,74,B,2026
武昌理工学院,投资学,020304,74,B,2026
贵州黔南经济学院,投资学,020304,76,B,2026
苏州大学应用技术学院,投资学,020304,76,B,2026
对外经济贸易大学,金融数学,020305T,1,A+,2026
西南财经大学,金融数学,020305T,2,A+,2026
南方科技大学,金融数学,020305T,3,A,2026
中南财经政法大学,金融数学,020305T,4,A,2026
天津大学,金融数学,020305T,5,A,2026
南京财经大学,金融数学,020305T,6,A,2026
南京审计大学,金融数学,020305T,7,A,2026
东北财经大学,金融数学,020305T,8,A,2026
南京师范大学,金融数学,020305T,9,B+,2026
苏州大学,金融数学,020305T,10,B+,2026
山东财经大学,金融数学,020305T,11,B+,2026
河南大学,金融数学,020305T,12,B+,2026
西北大学,金融数学,020305T,13,B+,2026
天津财经大学,金融数学,020305T,14,B+,2026
浙江财经大学,金融数学,020305T,15,B+,2026
南昌大学,金融数学,020305T,16,B+,2026
北京化工大学,金融数学,020305T,17,B+,2026
江苏大学,金融数学,020305T,18,B+,2026
河南财经政法大学,金融数学,020305T,19,B+,2026
云南财经大学,金融数学,020305T,20,B+,2026
广东金融学院,金融数学,020305T,21,B+,2026
湖北经济学院,金融数学,020305T,22,B+,2026
山西财经大学,金融数学,020305T,23,B+,2026
济南大学,金融数学,020305T,24,B+,2026
四川师范大学,金融数学,020305T,25,B+,2026
西安财经大学,金融数学,020305T,26,B,2026
湖南工商大学,金融数学,020305T,27,B,2026
贵州财经大学,金融数学,020305T,28,B,2026
吉林财经大学,金融数学,020305T,29,B,2026
西交利物浦大学,金融数学,020305T,30,B,2026
北方民族大学,金融数学,020305T,31,B,2026
新疆财经大学,金融数学,020305T,32,B,2026
广西财经学院,金融数学,020305T,33,B,2026
嘉兴大学,金融数学,020305T,34,B,2026
上海立信会计金融学院,金融数学,020305T,34,B,2026
湖南财政经济学院,金融数学,020305T,36,B,2026
北师香港浸会大学,金融数学,020305T,37,B,2026
广东第二师范学院,金融数学,020305T,38,B,2026
南宁师范大学,金融数学,020305T,39,B,2026
河北金融学院,金融数学,020305T,40,B,2026
内江师范学院,金融数学,020305T,41,B,2026
乐山师范学院,金融数学,020305T,42,B,2026
中国人民大学,信用管理,020306T,1,A+,2026
西南财经大学,信用管理,020306T,2,A+,2026
吉林大学,信用管理,020306T,3,B+,2026
南京审计大学,信用管理,020306T,4,B+,2026
天津财经大学,信用管理,020306T,5,B+,2026
广东金融学院,信用管理,020306T,6,B+,2026
河南财经政法大学,信用管理,020306T,7,B+,2026
上海师范大学,信用管理,020306T,8,B,2026
上海第二工业大学,信用管理,020306T,9,B,2026
天津商业大学,信用管理,020306T,10,B,2026
天津职业技术师范大学,信用管理,020306T,11,B,2026
河北金融学院,信用管理,020306T,12,B,2026
哈尔滨金融学院,信用管理,020306T,13,B,2026
清华大学,经济与金融,020307T,1,A+,2026
对外经济贸易大学,经济与金融,020307T,2,A+,2026
中南财经政法大学,经济与金融,020307T,3,A,2026
广东金融学院,经济与金融,020307T,4,A,2026
北方工业大学,经济与金融,020307T,5,A,2026
燕山大学,经济与金融,020307T,6,A,2026
上海政法学院,经济与金融,020307T,7,A,2026
南通大学,经济与金融,020307T,8,A,2026
广东海洋大学,经济与金融,020307T,9,B+,2026
西交利物浦大学,经济与金融,020307T,10,B+,2026
青海民族大学,经济与金融,020307T,11,B+,2026
中国民航大学,经济与金融,020307T,12,B+,2026
大连海洋大学,经济与金融,020307T,13,B+,2026
南京晓庄学院,经济与金融,020307T,14,B+,2026
青岛农业大学,经济与金融,020307T,15,B+,2026
东莞理工学院,经济与金融,020307T,16,B+,2026
上海电机学院,经济与金融,020307T,16,B+,2026
河南农业大学,经济与金融,020307T,18,B+,2026
内江师范学院,经济与金融,020307T,19,B+,2026
江苏第二师范学院,经济与金融,020307T,20,B+,2026
闽南师范大学,经济与金融,020307T,20,B+,2026
西安文理学院,经济与金融,020307T,22,B+,2026
苏州工学院,经济与金融,020307T,23,B+,2026
云南民族大学,经济与金融,020307T,23,B+,2026
乐山师范学院,经济与金融,020307T,25,B+,2026
湖北民族大学,经济与金融,020307T,26,B,2026
井冈山大学,经济与金融,020307T,26,B,2026
淮阴师范学院,经济与金融,020307T,28,B,2026
长春师范大学,经济与金融,020307T,29,B,2026
重庆第二师范学院,经济与金融,020307T,29,B,2026
武汉商学院,经济与金融,020307T,31,B,2026
黄冈师范学院,经济与金融,020307T,32,B,2026
淮安大学,经济与金融,020307T,33,B,2026
西南林业大学,经济与金融,020307T,34,B,2026
徐州工程学院,经济与金融,020307T,35,B,2026
湖州学院,经济与金融,020307T,36,B,2026
内蒙古师范大学,经济与金融,020307T,36,B,2026
河北民族师范学院,经济与金融,020307T,38,B,2026
河北北方学院,经济与金融,020307T,39,B,2026
大庆师范学院,经济与金融,020307T,40,B,2026
汉江师范学院,经济与金融,020307T,41,B,2026
安徽新华学院,经济与金融,020307T,42,B,2026
齐鲁师范学院,经济与金融,020307T,42,B,2026
南开大学,精算学,020308T,1,A+,2026
中央财经大学,精算学,020308T,2,A+,2026
对外经济贸易大学,精算学,020308T,3,B+,2026
西南财经大学,精算学,020308T,4,B+,2026
湖南大学,精算学,020308T,5,B+,2026
中南财经政法大学,精算学,020308T,6,B+,2026
山东财经大学,精算学,020308T,7,B,2026
江西财经大学,精算学,020308T,8,B,2026
广东金融学院,精算学,020308T,9,B,2026
云南财经大学,精算学,020308T,10,B,2026
安徽大学,互联网金融,020309T,1,A+,2026
云南财经大学,互联网金融,020309T,2,A+,2026
沈阳工业大学,互联网金融,020309T,3,A,2026
福建理工大学,互联网金融,020309T,4,A,2026
合肥师范学院,互联网金融,020309T,5,A,2026
衢州学院,互联网金融,020309T,6,A,2026
泰州学院,互联网金融,020309T,6,A,2026
通化师范学院,互联网金融,020309T,8,B+,2026
铜陵学院,互联网金融,020309T,9,B+,2026
成都锦城学院,互联网金融,020309T,10,B+,2026
山西工商学院,互联网金融,020309T,11,B+,2026
晋中信息学院,互联网金融,020309T,12,B+,2026
滇西科技师范学院,互联网金融,020309T,13,B+,2026
浙江财经大学东方学院,互联网金融,020309T,14,B+,2026
重庆移通学院,互联网金融,020309T,15,B+,2026
浙江工商大学杭州商学院,互联网金融,020309T,15,B+,2026
重庆工商大学派斯学院,互联网金融,020309T,17,B+,2026
江苏师范大学科文学院,互联网金融,020309T,18,B+,2026
郑州经贸学院,互联网金融,020309T,19,B+,2026
湖北师范大学文理学院,互联网金融,020309T,20,B+,2026
山东财经大学燕山学院,互联网金融,020309T,20,B+,2026
郑州工商学院,互联网金融,020309T,22,B,2026
青岛城市学院,互联网金融,020309T,23,B,2026
贵州黔南经济学院,互联网金融,020309T,24,B,2026
广州新华学院,互联网金融,020309T,25,B,2026
山西应用科技学院,互联网金融,020309T,26,B,2026
桂林学院,互联网金融,020309T,27,B,2026
山西晋中理工学院,互联网金融,020309T,28,B,2026
大连财经学院,互联网金融,020309T,29,B,2026
河北地质大学华信学院,互联网金融,020309T,30,B,2026
广州南方学院,互联网金融,020309T,31,B,2026
广州商学院,互联网金融,020309T,31,B,2026
银川科技学院,互联网金融,020309T,33,B,2026
中央财经大学,金融科技,020310T,1,A+,2026
复旦大学,金融科技,020310T,2,A+,2026
南开大学,金融科技,020310T,3,A,2026
对外经济贸易大学,金融科技,020310T,4,A,2026
西南财经大学,金融科技,020310T,5,A,2026
北京理工大学,金融科技,020310T,6,A,2026
湖南大学,金融科技,020310T,7,A,2026
吉林大学,金融科技,020310T,8,A,2026
北京师范大学,金融科技,020310T,9,A,2026
华南理工大学,金融科技,020310T,10,A,2026
东北财经大学,金融科技,020310T,11,A,2026
山东财经大学,金融科技,020310T,12,A,2026
南京财经大学,金融科技,020310T,13,A,2026
北京工商大学,金融科技,020310T,14,A,2026
首都经济贸易大学,金融科技,020310T,14,A,2026
北京交通大学,金融科技,020310T,16,B+,2026
江西财经大学,金融科技,020310T,17,B+,2026
深圳大学,金融科技,020310T,18,B+,2026
南京农业大学,金融科技,020310T,19,B+,2026
浙江财经大学,金融科技,020310T,19,B+,2026
广东财经大学,金融科技,020310T,21,B+,2026
南京邮电大学,金融科技,020310T,22,B+,2026
湖北经济学院,金融科技,020310T,23,B+,2026
山西财经大学,金融科技,020310T,24,B+,2026
华南师范大学,金融科技,020310T,25,B+,2026
广东金融学院,金融科技,020310T,26,B+,2026
北京邮电大学,金融科技,020310T,27,B+,2026
内蒙古财经大学,金融科技,020310T,28,B+,2026
云南财经大学,金融科技,020310T,29,B+,2026
湖南工商大学,金融科技,020310T,30,B+,2026
广西财经学院,金融科技,020310T,31,B+,2026
河北经贸大学,金融科技,020310T,31,B+,2026
吉林财经大学,金融科技,020310T,33,B+,2026
山东工商学院,金融科技,020310T,34,B+,2026
山东理工大学,金融科技,020310T,35,B+,2026
武汉科技大学,金融科技,020310T,35,B+,2026
上海立信会计金融学院,金融科技,020310T,37,B+,2026
上海师范大学,金融科技,020310T,38,B+,2026
兰州财经大学,金融科技,020310T,39,B+,2026
新疆财经大学,金融科技,020310T,40,B+,2026
北京物资学院,金融科技,020310T,41,B+,2026
西安外国语大学,金融科技,020310T,42,B+,2026
西华大学,金融科技,020310T,43,B+,2026
郑州航空工业管理学院,金融科技,020310T,44,B,2026
深圳北理莫斯科大学,金融科技,020310T,45,B,2026
齐鲁工业大学,金融科技,020310T,46,B,2026
青岛科技大学,金融科技,020310T,46,B,2026
山东科技大学,金融科技,020310T,48,B,2026
四川外国语大学,金融科技,020310T,49,B,2026
哈尔滨商业大学,金融科技,020310T,50,B,2026
成都大学,金融科技,020310T,51,B,2026
福建江夏学院,金融科技,020310T,52,B,2026
湖南财政经济学院,金融科技,020310T,53,B,2026
天津理工大学,金融科技,020310T,54,B,2026
河北金融学院,金融科技,020310T,55,B,2026
北京石油化工学院,金融科技,020310T,56,B,2026
淮北师范大学,金融科技,020310T,57,B,2026
温州理工学院,金融科技,020310T,58,B,2026
成都工业学院,金融科技,020310T,59,B,2026
湖南第一师范学院,金融科技,020310T,60,B,2026
临沂大学,金融科技,020310T,61,B,2026
宁波工程学院,金融科技,020310T,62,B,2026
徐州工程学院,金融科技,020310T,63,B,2026
河南科技学院,金融科技,020310T,64,B,2026
吉林外国语大学,金融科技,020310T,65,B,2026
辽宁科技大学,金融科技,020310T,66,B,2026
贵州师范学院,金融科技,020310T,67,B,2026
宿迁学院,金融科技,020310T,68,B,2026
山东交通学院,金融科技,020310T,69,B,2026
山东管理学院,金融科技,020310T,70,B,2026
三亚学院,金融科技,020310T,71,B,2026
哈尔滨金融学院,金融科技,020310T,72,B,2026
对外经济贸易大学,国际经济与贸易,020401,1,A+,2026
中国人民大学,国际经济与贸易,020401,2,A+,2026
北京大学,国际经济与贸易,020401,3,A+,2026
南开大学,国际经济与贸易,020401,4,A+,2026
复旦大学,国际经济与贸易,020401,5,A+,2026
上海财经大学,国际经济与贸易,020401,6,A+,2026
中央财经大学,国际经济与贸易,020401,7,A+,2026
厦门大学,国际经济与贸易,020401,8,A+,2026
浙江大学,国际经济与贸易,020401,8,A+,2026
武汉大学,国际经济与贸易,020401,10,A+,2026
西南财经大学,国际经济与贸易,020401,11,A+,2026
湖南大学,国际经济与贸易,020401,12,A+,2026
南京大学,国际经济与贸易,020401,13,A+,2026
北京师范大学,国际经济与贸易,020401,14,A+,2026
山东大学,国际经济与贸易,020401,14,A+,2026
上海对外经贸大学,国际经济与贸易,020401,16,A,2026
辽宁大学,国际经济与贸易,020401,17,A,2026
西安交通大学,国际经济与贸易,020401,17,A,2026
中南财经政法大学,国际经济与贸易,020401,19,A,2026
东南大学,国际经济与贸易,020401,20,A,2026
北京理工大学,国际经济与贸易,020401,21,A,2026
华中科技大学,国际经济与贸易,020401,22,A,2026
东北财经大学,国际经济与贸易,020401,23,A,2026
广东外语外贸大学,国际经济与贸易,020401,24,A,2026
南京财经大学,国际经济与贸易,020401,25,A,2026
吉林大学,国际经济与贸易,020401,26,A,2026
首都经济贸易大学,国际经济与贸易,020401,27,A,2026
四川大学,国际经济与贸易,020401,28,A,2026
暨南大学,国际经济与贸易,020401,29,A,2026
上海交通大学,国际经济与贸易,020401,30,A,2026
山东财经大学,国际经济与贸易,020401,31,A,2026
浙江工业大学,国际经济与贸易,020401,32,A,2026
中国农业大学,国际经济与贸易,020401,33,A,2026
南京审计大学,国际经济与贸易,020401,34,A,2026
中南大学,国际经济与贸易,020401,35,A,2026
浙江财经大学,国际经济与贸易,020401,36,A,2026
江西财经大学,国际经济与贸易,020401,37,A,2026
重庆工商大学,国际经济与贸易,020401,38,A,2026
浙江工商大学,国际经济与贸易,020401,38,A,2026
中国地质大学（武汉）,国际经济与贸易,020401,40,A,2026
南京农业大学,国际经济与贸易,020401,41,A,2026
武汉理工大学,国际经济与贸易,020401,41,A,2026
西北大学,国际经济与贸易,020401,41,A,2026
中国海洋大学,国际经济与贸易,020401,41,A,2026
宁波大学,国际经济与贸易,020401,45,A,2026
华中农业大学,国际经济与贸易,020401,46,A,2026
云南大学,国际经济与贸易,020401,46,A,2026
海南大学,国际经济与贸易,020401,48,A,2026
安徽财经大学,国际经济与贸易,020401,49,A,2026
广东财经大学,国际经济与贸易,020401,50,A,2026
重庆大学,国际经济与贸易,020401,51,A,2026
上海大学,国际经济与贸易,020401,52,A,2026
南京理工大学,国际经济与贸易,020401,53,A,2026
安徽大学,国际经济与贸易,020401,54,A,2026
郑州大学,国际经济与贸易,020401,54,A,2026
江苏大学,国际经济与贸易,020401,56,A,2026
深圳大学,国际经济与贸易,020401,56,A,2026
广州大学,国际经济与贸易,020401,58,A,2026
北京工商大学,国际经济与贸易,020401,59,A,2026
广西大学,国际经济与贸易,020401,59,A,2026
天津财经大学,国际经济与贸易,020401,61,A,2026
大连海事大学,国际经济与贸易,020401,62,A,2026
北京工业大学,国际经济与贸易,020401,63,A,2026
哈尔滨工业大学,国际经济与贸易,020401,64,A,2026
西北工业大学,国际经济与贸易,020401,65,A,2026
河北大学,国际经济与贸易,020401,66,A,2026
江南大学,国际经济与贸易,020401,67,A,2026
南京师范大学,国际经济与贸易,020401,68,A,2026
中国矿业大学,国际经济与贸易,020401,68,A,2026
河海大学,国际经济与贸易,020401,70,A,2026
兰州大学,国际经济与贸易,020401,71,A,2026
湘潭大学,国际经济与贸易,020401,71,A,2026
合肥工业大学,国际经济与贸易,020401,73,B+,2026
山西财经大学,国际经济与贸易,020401,74,B+,2026
河南财经政法大学,国际经济与贸易,020401,75,B+,2026
北京外国语大学,国际经济与贸易,020401,76,B+,2026
北京科技大学,国际经济与贸易,020401,77,B+,2026
湖南科技大学,国际经济与贸易,020401,77,B+,2026
广西财经学院,国际经济与贸易,020401,79,B+,2026
江西师范大学,国际经济与贸易,020401,79,B+,2026
青岛大学,国际经济与贸易,020401,81,B+,2026
浙江理工大学,国际经济与贸易,020401,81,B+,2026
长沙理工大学,国际经济与贸易,020401,83,B+,2026
杭州电子科技大学,国际经济与贸易,020401,84,B+,2026
上海外国语大学,国际经济与贸易,020401,85,B+,2026
西南政法大学,国际经济与贸易,020401,86,B+,2026
华侨大学,国际经济与贸易,020401,87,B+,2026
云南财经大学,国际经济与贸易,020401,87,B+,2026
北京林业大学,国际经济与贸易,020401,89,B+,2026
河南大学,国际经济与贸易,020401,90,B+,2026
吉林财经大学,国际经济与贸易,020401,91,B+,2026
广东工业大学,国际经济与贸易,020401,92,B+,2026
内蒙古财经大学,国际经济与贸易,020401,92,B+,2026
湖北经济学院,国际经济与贸易,020401,94,B+,2026
福州大学,国际经济与贸易,020401,95,B+,2026
河北经贸大学,国际经济与贸易,020401,95,B+,2026
中央民族大学,国际经济与贸易,020401,97,B+,2026
长安大学,国际经济与贸易,020401,98,B+,2026
湖南师范大学,国际经济与贸易,020401,98,B+,2026
东北大学,国际经济与贸易,020401,100,B+,2026
常州大学,国际经济与贸易,020401,101,B+,2026
湖南工商大学,国际经济与贸易,020401,101,B+,2026
江西理工大学,国际经济与贸易,020401,101,B+,2026
西北农林科技大学,国际经济与贸易,020401,101,B+,2026
湖北大学,国际经济与贸易,020401,105,B+,2026
湖北工业大学,国际经济与贸易,020401,106,B+,2026
河南师范大学,国际经济与贸易,020401,107,B+,2026
外交学院,国际经济与贸易,020401,107,B+,2026
西南民族大学,国际经济与贸易,020401,107,B+,2026
国际关系学院,国际经济与贸易,020401,110,B+,2026
山东理工大学,国际经济与贸易,020401,111,B+,2026
广东金融学院,国际经济与贸易,020401,112,B+,2026
温州大学,国际经济与贸易,020401,112,B+,2026
河南工业大学,国际经济与贸易,020401,114,B+,2026
福建师范大学,国际经济与贸易,020401,115,B+,2026
山东师范大学,国际经济与贸易,020401,116,B+,2026
新疆财经大学,国际经济与贸易,020401,117,B+,2026
汕头大学,国际经济与贸易,020401,118,B+,2026
天津工业大学,国际经济与贸易,020401,118,B+,2026
贵州大学,国际经济与贸易,020401,120,B+,2026
南京林业大学,国际经济与贸易,020401,120,B+,2026
石河子大学,国际经济与贸易,020401,120,B+,2026
山东工商学院,国际经济与贸易,020401,123,B+,2026
浙江师范大学,国际经济与贸易,020401,124,B+,2026
中国计量大学,国际经济与贸易,020401,124,B+,2026
南京信息工程大学,国际经济与贸易,020401,126,B+,2026
天津科技大学,国际经济与贸易,020401,126,B+,2026
西北政法大学,国际经济与贸易,020401,128,B+,2026
北京语言大学,国际经济与贸易,020401,129,B+,2026
西安财经大学,国际经济与贸易,020401,130,B+,2026
北京化工大学,国际经济与贸易,020401,131,B+,2026
兰州财经大学,国际经济与贸易,020401,131,B+,2026
南通大学,国际经济与贸易,020401,131,B+,2026
北京第二外国语学院,国际经济与贸易,020401,134,B+,2026
西南石油大学,国际经济与贸易,020401,135,B+,2026
四川外国语大学,国际经济与贸易,020401,136,B+,2026
东华大学,国际经济与贸易,020401,137,B+,2026
集美大学,国际经济与贸易,020401,137,B+,2026
哈尔滨商业大学,国际经济与贸易,020401,139,B+,2026
天津商业大学,国际经济与贸易,020401,140,B+,2026
宁波诺丁汉大学,国际经济与贸易,020401,141,B+,2026
北京联合大学,国际经济与贸易,020401,142,B+,2026
昆明理工大学,国际经济与贸易,020401,142,B+,2026
太原理工大学,国际经济与贸易,020401,142,B+,2026
黑龙江大学,国际经济与贸易,020401,145,B+,2026
华东政法大学,国际经济与贸易,020401,145,B+,2026
重庆科技大学,国际经济与贸易,020401,147,B+,2026
上海政法学院,国际经济与贸易,020401,148,B+,2026
浙江农林大学,国际经济与贸易,020401,149,B+,2026
中南民族大学,国际经济与贸易,020401,149,B+,2026
上海商学院,国际经济与贸易,020401,151,B+,2026
青岛科技大学,国际经济与贸易,020401,152,B+,2026
首都师范大学,国际经济与贸易,020401,152,B+,2026
浙江科技大学,国际经济与贸易,020401,154,B+,2026
江苏海洋大学,国际经济与贸易,020401,155,B+,2026
武汉纺织大学,国际经济与贸易,020401,156,B+,2026
山西大学,国际经济与贸易,020401,157,B+,2026
内蒙古大学,国际经济与贸易,020401,158,B+,2026
上海立信会计金融学院,国际经济与贸易,020401,159,B+,2026
湖州师范大学,国际经济与贸易,020401,160,B+,2026
上海海洋大学,国际经济与贸易,020401,160,B+,2026
上海理工大学,国际经济与贸易,020401,162,B+,2026
西安外国语大学,国际经济与贸易,020401,163,B+,2026
东北农业大学,国际经济与贸易,020401,164,B+,2026
华东交通大学,国际经济与贸易,020401,164,B+,2026
中北大学,国际经济与贸易,020401,164,B+,2026
大连民族大学,国际经济与贸易,020401,167,B+,2026
上海海事大学,国际经济与贸易,020401,167,B+,2026
佛山大学,国际经济与贸易,020401,169,B+,2026
沈阳工业大学,国际经济与贸易,020401,170,B+,2026
延边大学,国际经济与贸易,020401,170,B+,2026
天津外国语大学,国际经济与贸易,020401,172,B+,2026
中南林业科技大学,国际经济与贸易,020401,172,B+,2026
广西民族大学,国际经济与贸易,020401,174,B+,2026
上海电机学院,国际经济与贸易,020401,174,B+,2026
烟台大学,国际经济与贸易,020401,174,B+,2026
东莞理工学院,国际经济与贸易,020401,177,B+,2026
华北水利水电大学,国际经济与贸易,020401,177,B+,2026
武汉轻工大学,国际经济与贸易,020401,177,B+,2026
北方民族大学,国际经济与贸易,020401,180,B+,2026
东北林业大学,国际经济与贸易,020401,181,B+,2026
兰州交通大学,国际经济与贸易,020401,181,B+,2026
南华大学,国际经济与贸易,020401,181,B+,2026
深圳北理莫斯科大学,国际经济与贸易,020401,181,B+,2026
安徽工业大学,国际经济与贸易,020401,185,B+,2026
山东科技大学,国际经济与贸易,020401,186,B+,2026
绍兴大学,国际经济与贸易,020401,186,B+,2026
长春理工大学,国际经济与贸易,020401,188,B+,2026
长江大学,国际经济与贸易,020401,188,B+,2026
湖南财政经济学院,国际经济与贸易,020401,190,B+,2026
台州学院,国际经济与贸易,020401,191,B+,2026
江苏科技大学,国际经济与贸易,020401,192,B+,2026
浙江万里学院,国际经济与贸易,020401,192,B+,2026
天津师范大学,国际经济与贸易,020401,194,B+,2026
河北师范大学,国际经济与贸易,020401,195,B+,2026
沈阳化工大学,国际经济与贸易,020401,195,B+,2026
北京农学院,国际经济与贸易,020401,197,B+,2026
青岛理工大学,国际经济与贸易,020401,197,B+,2026
淮安大学,国际经济与贸易,020401,199,B+,2026
兰州理工大学,国际经济与贸易,020401,199,B+,2026
西北师范大学,国际经济与贸易,020401,199,B+,2026
齐鲁工业大学,国际经济与贸易,020401,202,B+,2026
安徽农业大学,国际经济与贸易,020401,203,B+,2026
陕西科技大学,国际经济与贸易,020401,203,B+,2026
上海应用技术大学,国际经济与贸易,020401,205,B+,2026
西安石油大学,国际经济与贸易,020401,205,B+,2026
新疆大学,国际经济与贸易,020401,205,B+,2026
江西科技师范大学,国际经济与贸易,020401,208,B+,2026
成都信息工程大学,国际经济与贸易,020401,209,B+,2026
大连外国语大学,国际经济与贸易,020401,209,B+,2026
湖南理工大学,国际经济与贸易,020401,209,B+,2026
西华大学,国际经济与贸易,020401,209,B+,2026
江汉大学,国际经济与贸易,020401,213,B+,2026
南京工业大学,国际经济与贸易,020401,214,B+,2026
郑州航空工业管理学院,国际经济与贸易,020401,214,B+,2026
浙江外国语学院,国际经济与贸易,020401,216,B,2026
闽南师范大学,国际经济与贸易,020401,217,B,2026
湖南农业大学,国际经济与贸易,020401,218,B,2026
山东农业大学,国际经济与贸易,020401,218,B,2026
沈阳航空航天大学,国际经济与贸易,020401,218,B,2026
吉林化工大学,国际经济与贸易,020401,221,B,2026
云南民族大学,国际经济与贸易,020401,222,B,2026
安徽工程大学,国际经济与贸易,020401,223,B,2026
九江学院,国际经济与贸易,020401,223,B,2026
河南科技大学,国际经济与贸易,020401,225,B,2026
湖北师范大学,国际经济与贸易,020401,225,B,2026
宁波工程学院,国际经济与贸易,020401,227,B,2026
北部湾大学,国际经济与贸易,020401,228,B,2026
河北农业大学,国际经济与贸易,020401,228,B,2026
温州理工学院,国际经济与贸易,020401,230,B,2026
上海工程技术大学,国际经济与贸易,020401,231,B,2026
肇庆学院,国际经济与贸易,020401,232,B,2026
上海电力大学,国际经济与贸易,020401,233,B,2026
嘉兴南湖学院,国际经济与贸易,020401,234,B,2026
安徽中医药大学,国际经济与贸易,020401,235,B,2026
安庆师范大学,国际经济与贸易,020401,235,B,2026
广东海洋大学,国际经济与贸易,020401,235,B,2026
东华理工大学,国际经济与贸易,020401,238,B,2026
成都大学,国际经济与贸易,020401,239,B,2026
长春工业大学,国际经济与贸易,020401,240,B,2026
江西农业大学,国际经济与贸易,020401,240,B,2026
景德镇陶瓷大学,国际经济与贸易,020401,242,B,2026
长春大学,国际经济与贸易,020401,243,B,2026
南宁师范大学,国际经济与贸易,020401,243,B,2026
鲁东大学,国际经济与贸易,020401,245,B,2026
合肥大学,国际经济与贸易,020401,246,B,2026
辽宁科技大学,国际经济与贸易,020401,246,B,2026
铜陵学院,国际经济与贸易,020401,246,B,2026
徐州工程学院,国际经济与贸易,020401,246,B,2026
广西科技大学,国际经济与贸易,020401,250,B,2026
闽江大学,国际经济与贸易,020401,250,B,2026
南京工程学院,国际经济与贸易,020401,250,B,2026
山东政法学院,国际经济与贸易,020401,250,B,2026
盐城工学院,国际经济与贸易,020401,250,B,2026
湖州学院,国际经济与贸易,020401,255,B,2026
辽宁工程技术大学,国际经济与贸易,020401,256,B,2026
桂林理工大学,国际经济与贸易,020401,257,B,2026
吉首大学,国际经济与贸易,020401,257,B,2026
泉州师范学院,国际经济与贸易,020401,257,B,2026
西北民族大学,国际经济与贸易,020401,257,B,2026
红河学院,国际经济与贸易,020401,261,B,2026
四川轻化工大学,国际经济与贸易,020401,261,B,2026
河北工程大学,国际经济与贸易,020401,263,B,2026
东北石油大学,国际经济与贸易,020401,264,B,2026
衡阳师范学院,国际经济与贸易,020401,264,B,2026
吉林外国语大学,国际经济与贸易,020401,264,B,2026
湖北理工学院,国际经济与贸易,020401,267,B,2026
重庆三峡科技大学,国际经济与贸易,020401,268,B,2026
湖北第二师范学院,国际经济与贸易,020401,268,B,2026
石家庄铁道大学,国际经济与贸易,020401,270,B,2026
黑龙江科技大学,国际经济与贸易,020401,271,B,2026
湖南工业大学,国际经济与贸易,020401,271,B,2026
内蒙古科技大学,国际经济与贸易,020401,271,B,2026
无锡学院,国际经济与贸易,020401,271,B,2026
黄冈师范学院,国际经济与贸易,020401,275,B,2026
江西水利电力大学,国际经济与贸易,020401,275,B,2026
辽宁工业大学,国际经济与贸易,020401,277,B,2026
金陵科技学院,国际经济与贸易,020401,278,B,2026
梧州学院,国际经济与贸易,020401,278,B,2026
攀枝花学院,国际经济与贸易,020401,280,B,2026
山西农业大学,国际经济与贸易,020401,280,B,2026
滁州学院,国际经济与贸易,020401,282,B,2026
新疆农业大学,国际经济与贸易,020401,283,B,2026
大连大学,国际经济与贸易,020401,284,B,2026
邢台学院,国际经济与贸易,020401,284,B,2026
湖南文理学院,国际经济与贸易,020401,286,B,2026
曲阜师范大学,国际经济与贸易,020401,286,B,2026
沈阳师范大学,国际经济与贸易,020401,286,B,2026
中原工学院,国际经济与贸易,020401,286,B,2026
江苏理工学院,国际经济与贸易,020401,290,B,2026
内蒙古民族大学,国际经济与贸易,020401,290,B,2026
巢湖学院,国际经济与贸易,020401,292,B,2026
怀化学院,国际经济与贸易,020401,292,B,2026
丽水学院,国际经济与贸易,020401,292,B,2026
湘南学院,国际经济与贸易,020401,292,B,2026
南阳师范学院,国际经济与贸易,020401,296,B,2026
安阳师范学院,国际经济与贸易,020401,297,B,2026
昆明学院,国际经济与贸易,020401,297,B,2026
齐齐哈尔大学,国际经济与贸易,020401,299,B,2026
苏州城市学院,国际经济与贸易,020401,299,B,2026
浙大宁波理工学院,国际经济与贸易,020401,299,B,2026
岭南师范学院,国际经济与贸易,020401,302,B,2026
湖北文理学院,国际经济与贸易,020401,303,B,2026
辽宁对外经贸学院,国际经济与贸易,020401,303,B,2026
广东技术师范大学,国际经济与贸易,020401,305,B,2026
湖北汽车工业学院,国际经济与贸易,020401,305,B,2026
赣南师范大学,国际经济与贸易,020401,307,B,2026
湖南第一师范学院,国际经济与贸易,020401,307,B,2026
吉林师范大学,国际经济与贸易,020401,307,B,2026
邵阳学院,国际经济与贸易,020401,307,B,2026
常州工学院,国际经济与贸易,020401,311,B,2026
洛阳理工学院,国际经济与贸易,020401,311,B,2026
山东女子学院,国际经济与贸易,020401,311,B,2026
淮南师范学院,国际经济与贸易,020401,314,B,2026
湖南科技学院,国际经济与贸易,020401,314,B,2026
福建理工大学,国际经济与贸易,020401,316,B,2026
吉林工商学院,国际经济与贸易,020401,316,B,2026
南京晓庄学院,国际经济与贸易,020401,316,B,2026
佳木斯大学,国际经济与贸易,020401,319,B,2026
北华大学,国际经济与贸易,020401,320,B,2026
福建技术师范学院,国际经济与贸易,020401,321,B,2026
浙江越秀外国语学院,国际经济与贸易,020401,321,B,2026
安徽科技工程大学,国际经济与贸易,020401,323,B,2026
惠州学院,国际经济与贸易,020401,323,B,2026
新疆师范大学,国际经济与贸易,020401,323,B,2026
喀什大学,国际经济与贸易,020401,326,B,2026
广东石油化工学院,国际经济与贸易,020401,327,B,2026
合肥师范学院,国际经济与贸易,020401,327,B,2026
衡水学院,国际经济与贸易,020401,327,B,2026
广东药科大学,国际经济与贸易,020401,330,B,2026
西华师范大学,国际经济与贸易,020401,330,B,2026
宜春学院,国际经济与贸易,020401,332,B,2026
仲恺农业工程学院,国际经济与贸易,020401,332,B,2026
湖北民族大学,国际经济与贸易,020401,334,B,2026
龙岩学院,国际经济与贸易,020401,335,B,2026
南京审计大学金审学院,国际经济与贸易,020401,335,B,2026
广西民族师范学院,国际经济与贸易,020401,337,B,2026
黑龙江八一农垦大学,国际经济与贸易,020401,337,B,2026
上海杉达学院,国际经济与贸易,020401,339,B,2026
天津农学院,国际经济与贸易,020401,339,B,2026
潍坊学院,国际经济与贸易,020401,339,B,2026
福建江夏学院,国际经济与贸易,020401,342,B,2026
湖南工学院,国际经济与贸易,020401,343,B,2026
西安交通大学城市学院,国际经济与贸易,020401,343,B,2026
宜宾学院,国际经济与贸易,020401,343,B,2026
浙江树人学院,国际经济与贸易,020401,343,B,2026
河南工程学院,国际经济与贸易,020401,347,B,2026
武夷学院,国际经济与贸易,020401,347,B,2026
西京学院,国际经济与贸易,020401,347,B,2026
呼伦贝尔学院,国际经济与贸易,020401,350,B,2026
湖南工程学院,国际经济与贸易,020401,350,B,2026
福建商学院,国际经济与贸易,020401,352,B,2026
三亚学院,国际经济与贸易,020401,352,B,2026
四川大学锦江学院,国际经济与贸易,020401,352,B,2026
长春财经学院,国际经济与贸易,020401,355,B,2026
河北金融学院,国际经济与贸易,020401,355,B,2026
宁波财经学院,国际经济与贸易,020401,355,B,2026
上海财经大学浙江学院,国际经济与贸易,020401,355,B,2026
韶关学院,国际经济与贸易,020401,355,B,2026
中国人民大学,贸易经济,020402,1,A+,2026
中央财经大学,贸易经济,020402,2,A+,2026
西安交通大学,贸易经济,020402,3,A,2026
南京财经大学,贸易经济,020402,4,A,2026
中南财经政法大学,贸易经济,020402,5,B+,2026
首都经济贸易大学,贸易经济,020402,6,B+,2026
北京工商大学,贸易经济,020402,7,B+,2026
安徽财经大学,贸易经济,020402,8,B+,2026
重庆工商大学,贸易经济,020402,9,B+,2026
山西财经大学,贸易经济,020402,10,B+,2026
湖南工商大学,贸易经济,020402,11,B+,2026
河南财经政法大学,贸易经济,020402,12,B+,2026
河北经贸大学,贸易经济,020402,13,B+,2026
云南财经大学,贸易经济,020402,14,B,2026
北京第二外国语学院,贸易经济,020402,15,B,2026
内蒙古财经大学,贸易经济,020402,16,B,2026
郑州航空工业管理学院,贸易经济,020402,17,B,2026
西安财经大学,贸易经济,020402,18,B,2026
江苏第二师范学院,贸易经济,020402,19,B,2026
哈尔滨商业大学,贸易经济,020402,20,B,2026
哈尔滨师范大学,贸易经济,020402,21,B,2026
齐鲁理工学院,贸易经济,020402,22,B,2026
对外经济贸易大学,国际经济发展合作,020403T,1,A+,2026
上海对外经贸大学,国际经济发展合作,020403T,2,A+,2026
中国政法大学,法学,030101K,1,A+,2026
中国人民大学,法学,030101K,2,A+,2026
武汉大学,法学,030101K,3,A+,2026
北京大学,法学,030101K,4,A+,2026
华东政法大学,法学,030101K,5,A+,2026
西南政法大学,法学,030101K,5,A+,2026
清华大学,法学,030101K,7,A+,2026
上海交通大学,法学,030101K,8,A+,2026
吉林大学,法学,030101K,9,A+,2026
中南财经政法大学,法学,030101K,10,A+,2026
厦门大学,法学,030101K,11,A+,2026
浙江大学,法学,030101K,12,A+,2026
四川大学,法学,030101K,13,A,2026
复旦大学,法学,030101K,14,A,2026
南京大学,法学,030101K,15,A,2026
西北政法大学,法学,030101K,16,A,2026
中山大学,法学,030101K,17,A,2026
山东大学,法学,030101K,18,A,2026
西安交通大学,法学,030101K,18,A,2026
北京师范大学,法学,030101K,20,A,2026
南京师范大学,法学,030101K,20,A,2026
西南财经大学,法学,030101K,20,A,2026
东南大学,法学,030101K,23,A,2026
北京航空航天大学,法学,030101K,24,A,2026
中南大学,法学,030101K,25,A,2026
大连海事大学,法学,030101K,26,A,2026
上海财经大学,法学,030101K,26,A,2026
对外经济贸易大学,法学,030101K,28,A,2026
南开大学,法学,030101K,29,A,2026
湖南大学,法学,030101K,30,A,2026
中央财经大学,法学,030101K,30,A,2026
重庆大学,法学,030101K,32,A,2026
辽宁大学,法学,030101K,33,A,2026
天津大学,法学,030101K,33,A,2026
湘潭大学,法学,030101K,35,A,2026
华南理工大学,法学,030101K,36,A,2026
同济大学,法学,030101K,37,A,2026
外交学院,法学,030101K,38,A,2026
湖南师范大学,法学,030101K,39,A,2026
华东师范大学,法学,030101K,40,A,2026
北京理工大学,法学,030101K,41,A,2026
中国人民公安大学,法学,030101K,42,A,2026
海南大学,法学,030101K,43,A,2026
苏州大学,法学,030101K,44,A,2026
暨南大学,法学,030101K,45,A,2026
郑州大学,法学,030101K,46,A,2026
安徽大学,法学,030101K,47,A,2026
华中科技大学,法学,030101K,48,A,2026
上海政法学院,法学,030101K,49,A,2026
广东外语外贸大学,法学,030101K,50,A,2026
中央民族大学,法学,030101K,51,A,2026
宁波大学,法学,030101K,52,A,2026
中国海洋大学,法学,030101K,52,A,2026
浙江工商大学,法学,030101K,54,A,2026
黑龙江大学,法学,030101K,55,A,2026
贵州大学,法学,030101K,56,A,2026
江西财经大学,法学,030101K,57,A,2026
西南大学,法学,030101K,58,A,2026
福州大学,法学,030101K,59,A,2026
深圳大学,法学,030101K,59,A,2026
武汉理工大学,法学,030101K,59,A,2026
兰州大学,法学,030101K,62,B+,2026
西北大学,法学,030101K,62,B+,2026
广州大学,法学,030101K,64,B+,2026
华中师范大学,法学,030101K,65,B+,2026
河南大学,法学,030101K,66,B+,2026
河海大学,法学,030101K,67,B+,2026
西南民族大学,法学,030101K,68,B+,2026
云南大学,法学,030101K,69,B+,2026
南京审计大学,法学,030101K,70,B+,2026
广东财经大学,法学,030101K,71,B+,2026
东北师范大学,法学,030101K,72,B+,2026
华南师范大学,法学,030101K,73,B+,2026
河北大学,法学,030101K,74,B+,2026
烟台大学,法学,030101K,75,B+,2026
北京外国语大学,法学,030101K,76,B+,2026
扬州大学,法学,030101K,77,B+,2026
南京航空航天大学,法学,030101K,78,B+,2026
西北工业大学,法学,030101K,79,B+,2026
浙江财经大学,法学,030101K,80,B+,2026
首都经济贸易大学,法学,030101K,81,B+,2026
中国石油大学（华东）,法学,030101K,82,B+,2026
中国农业大学,法学,030101K,83,B+,2026
中国地质大学（武汉）,法学,030101K,84,B+,2026
上海大学,法学,030101K,85,B+,2026
北京交通大学,法学,030101K,86,B+,2026
广西大学,法学,030101K,87,B+,2026
内蒙古大学,法学,030101K,88,B+,2026
河南财经政法大学,法学,030101K,89,B+,2026
上海海事大学,法学,030101K,89,B+,2026
浙江师范大学,法学,030101K,91,B+,2026
浙江工业大学,法学,030101K,92,B+,2026
国际关系学院,法学,030101K,93,B+,2026
江苏大学,法学,030101K,94,B+,2026
哈尔滨工业大学,法学,030101K,95,B+,2026
北京工商大学,法学,030101K,96,B+,2026
上海对外经贸大学,法学,030101K,96,B+,2026
北京科技大学,法学,030101K,98,B+,2026
南京理工大学,法学,030101K,99,B+,2026
福建师范大学,法学,030101K,100,B+,2026
甘肃政法大学,法学,030101K,100,B+,2026
杭州师范大学,法学,030101K,100,B+,2026
哈尔滨工程大学,法学,030101K,103,B+,2026
上海外国语大学,法学,030101K,104,B+,2026
新疆大学,法学,030101K,105,B+,2026
广西师范大学,法学,030101K,106,B+,2026
山西大学,法学,030101K,106,B+,2026
昆明理工大学,法学,030101K,108,B+,2026
山东师范大学,法学,030101K,108,B+,2026
温州大学,法学,030101K,110,B+,2026
南昌大学,法学,030101K,111,B+,2026
安徽财经大学,法学,030101K,112,B+,2026
浙江理工大学,法学,030101K,113,B+,2026
青岛大学,法学,030101K,114,B+,2026
中南民族大学,法学,030101K,115,B+,2026
华北电力大学,法学,030101K,116,B+,2026
北京化工大学,法学,030101K,117,B+,2026
华东理工大学,法学,030101K,117,B+,2026
华侨大学,法学,030101K,117,B+,2026
中国计量大学,法学,030101K,120,B+,2026
北京邮电大学,法学,030101K,121,B+,2026
江南大学,法学,030101K,122,B+,2026
西南交通大学,法学,030101K,122,B+,2026
湖南工商大学,法学,030101K,124,B+,2026
江西师范大学,法学,030101K,125,B+,2026
北京林业大学,法学,030101K,126,B+,2026
湖北大学,法学,030101K,126,B+,2026
西北农林科技大学,法学,030101K,126,B+,2026
东北财经大学,法学,030101K,129,B+,2026
中国地质大学（北京）,法学,030101K,129,B+,2026
北京中医药大学,法学,030101K,131,B+,2026
合肥工业大学,法学,030101K,132,B+,2026
上海师范大学,法学,030101K,133,B+,2026
天津师范大学,法学,030101K,133,B+,2026
南京农业大学,法学,030101K,135,B+,2026
首都师范大学,法学,030101K,136,B+,2026
河北工业大学,法学,030101K,137,B+,2026
华中农业大学,法学,030101K,138,B+,2026
北京工业大学,法学,030101K,139,B+,2026
电子科技大学,法学,030101K,139,B+,2026
曲阜师范大学,法学,030101K,141,B+,2026
中国矿业大学,法学,030101K,141,B+,2026
南京信息工程大学,法学,030101K,143,B+,2026
中国矿业大学（北京）,法学,030101K,144,B+,2026
常州大学,法学,030101K,145,B+,2026
贵州民族大学,法学,030101K,146,B+,2026
南京财经大学,法学,030101K,146,B+,2026
沈阳师范大学,法学,030101K,146,B+,2026
汕头大学,法学,030101K,149,B+,2026
广东工业大学,法学,030101K,150,B+,2026
南方医科大学,法学,030101K,151,B+,2026
陕西师范大学,法学,030101K,151,B+,2026
四川师范大学,法学,030101K,151,B+,2026
北方工业大学,法学,030101K,154,B+,2026
东北大学,法学,030101K,154,B+,2026
东北农业大学,法学,030101K,156,B+,2026
宁夏大学,法学,030101K,156,B+,2026
山东科技大学,法学,030101K,158,B+,2026
长沙理工大学,法学,030101K,159,B+,2026
华南农业大学,法学,030101K,160,B+,2026
江苏师范大学,法学,030101K,161,B+,2026
成都理工大学,法学,030101K,162,B+,2026
云南师范大学,法学,030101K,162,B+,2026
成都大学,法学,030101K,164,B+,2026
延边大学,法学,030101K,164,B+,2026
东北林业大学,法学,030101K,166,B+,2026
西南石油大学,法学,030101K,166,B+,2026
中国劳动关系学院,法学,030101K,166,B+,2026
长春理工大学,法学,030101K,169,B+,2026
山东财经大学,法学,030101K,169,B+,2026
四川农业大学,法学,030101K,171,B+,2026
天津财经大学,法学,030101K,172,B+,2026
武汉工程大学,法学,030101K,172,B+,2026
安徽师范大学,法学,030101K,174,B+,2026
长安大学,法学,030101K,174,B+,2026
杭州电子科技大学,法学,030101K,174,B+,2026
山西财经大学,法学,030101K,177,B+,2026
燕山大学,法学,030101K,177,B+,2026
中国民航大学,法学,030101K,177,B+,2026
贵州师范大学,法学,030101K,180,B+,2026
吉林财经大学,法学,030101K,180,B+,2026
河北经贸大学,法学,030101K,182,B+,2026
浙江农林大学,法学,030101K,183,B+,2026
安徽医科大学,法学,030101K,184,B+,2026
集美大学,法学,030101K,184,B+,2026
天津商业大学,法学,030101K,184,B+,2026
辽宁师范大学,法学,030101K,187,B,2026
重庆邮电大学,法学,030101K,188,B,2026
河北师范大学,法学,030101K,188,B,2026
长江大学,法学,030101K,190,B,2026
山东政法学院,法学,030101K,190,B,2026
南京林业大学,法学,030101K,192,B,2026
北京物资学院,法学,030101K,193,B,2026
大连医科大学,法学,030101K,193,B,2026
太原理工大学,法学,030101K,195,B,2026
西北师范大学,法学,030101K,195,B,2026
三峡大学,法学,030101K,197,B,2026
石河子大学,法学,030101K,197,B,2026
西南科技大学,法学,030101K,197,B,2026
西安财经大学,法学,030101K,200,B,2026
贵州财经大学,法学,030101K,201,B,2026
天津工业大学,法学,030101K,201,B,2026
中华女子学院,法学,030101K,201,B,2026
湖南科技大学,法学,030101K,204,B,2026
江西理工大学,法学,030101K,205,B,2026
西华大学,法学,030101K,205,B,2026
湖南工业大学,法学,030101K,207,B,2026
四川外国语大学,法学,030101K,208,B,2026
河南师范大学,法学,030101K,209,B,2026
南京工业大学,法学,030101K,209,B,2026
华东交通大学,法学,030101K,211,B,2026
东华大学,法学,030101K,212,B,2026
沈阳工业大学,法学,030101K,212,B,2026
湖北经济学院,法学,030101K,214,B,2026
青海民族大学,法学,030101K,214,B,2026
西藏大学,法学,030101K,216,B,2026
广州医科大学,法学,030101K,217,B,2026
山东理工大学,法学,030101K,217,B,2026
西华师范大学,法学,030101K,217,B,2026
南华大学,法学,030101K,220,B,2026
中南林业科技大学,法学,030101K,220,B,2026
河南工业大学,法学,030101K,222,B,2026
武汉科技大学,法学,030101K,222,B,2026
北京联合大学,法学,030101K,224,B,2026
河南农业大学,法学,030101K,224,B,2026
上海海关学院,法学,030101K,224,B,2026
广西民族大学,法学,030101K,227,B,2026
石家庄铁道大学,法学,030101K,228,B,2026
西南医科大学,法学,030101K,229,B,2026
重庆工商大学,法学,030101K,230,B,2026
大连海洋大学,法学,030101K,230,B,2026
首都医科大学,法学,030101K,232,B,2026
云南财经大学,法学,030101K,232,B,2026
江汉大学,法学,030101K,234,B,2026
桂林电子科技大学,法学,030101K,235,B,2026
华北水利水电大学,法学,030101K,235,B,2026
西藏民族大学,法学,030101K,237,B,2026
湖北民族大学,法学,030101K,238,B,2026
湖北师范大学,法学,030101K,238,B,2026
西安建筑科技大学,法学,030101K,238,B,2026
福建理工大学,法学,030101K,241,B,2026
内蒙古财经大学,法学,030101K,241,B,2026
福建农林大学,法学,030101K,243,B,2026
西安理工大学,法学,030101K,243,B,2026
河北科技大学,法学,030101K,245,B,2026
河南科技大学,法学,030101K,245,B,2026
安徽建筑大学,法学,030101K,247,B,2026
山东建筑大学,法学,030101K,247,B,2026
浙大城市学院,法学,030101K,247,B,2026
青岛科技大学,法学,030101K,250,B,2026
渤海大学,法学,030101K,251,B,2026
哈尔滨商业大学,法学,030101K,251,B,2026
闽南师范大学,法学,030101K,251,B,2026
湖南理工大学,法学,030101K,254,B,2026
华北理工大学,法学,030101K,255,B,2026
河北农业大学,法学,030101K,256,B,2026
天津外国语大学,法学,030101K,256,B,2026
淮北师范大学,法学,030101K,258,B,2026
哈尔滨医科大学,法学,030101K,259,B,2026
济南大学,法学,030101K,259,B,2026
云南民族大学,法学,030101K,259,B,2026
贵州中医药大学,法学,030101K,262,B,2026
淮阴师范学院,法学,030101K,262,B,2026
山东工商学院,法学,030101K,262,B,2026
安庆师范大学,法学,030101K,265,B,2026
海南师范大学,法学,030101K,265,B,2026
上海立信会计金融学院,法学,030101K,265,B,2026
西安工程大学,法学,030101K,265,B,2026
辽宁科技大学,法学,030101K,269,B,2026
河北地质大学,法学,030101K,270,B,2026
安徽工业大学,法学,030101K,271,B,2026
北京建筑大学,法学,030101K,271,B,2026
赣南师范大学,法学,030101K,273,B,2026
北华大学,法学,030101K,274,B,2026
广东金融学院,法学,030101K,274,B,2026
新疆财经大学,法学,030101K,274,B,2026
河北工程大学,法学,030101K,277,B,2026
吉首大学,法学,030101K,277,B,2026
阜阳师范大学,法学,030101K,279,B,2026
南昌航空大学,法学,030101K,279,B,2026
郑州航空工业管理学院,法学,030101K,279,B,2026
青海师范大学,法学,030101K,282,B,2026
陕西理工大学,法学,030101K,283,B,2026
北方民族大学,法学,030101K,284,B,2026
兰州财经大学,法学,030101K,284,B,2026
山东农业大学,法学,030101K,284,B,2026
河南理工大学,法学,030101K,287,B,2026
中央司法警官学院,法学,030101K,288,B,2026
东华理工大学,法学,030101K,289,B,2026
信阳师范大学,法学,030101K,289,B,2026
北京农学院,法学,030101K,291,B,2026
景德镇陶瓷大学,法学,030101K,291,B,2026
太原科技大学,法学,030101K,291,B,2026
江西科技师范大学,法学,030101K,294,B,2026
浙江万里学院,法学,030101K,294,B,2026
延安大学,法学,030101K,296,B,2026
大连民族大学,法学,030101K,297,B,2026
南通大学,法学,030101K,297,B,2026
鲁东大学,法学,030101K,299,B,2026
兰州理工大学,法学,030101K,300,B,2026
广西财经学院,法学,030101K,301,B,2026
内蒙古民族大学,法学,030101K,301,B,2026
四川轻化工大学,法学,030101K,301,B,2026
伊犁师范大学,法学,030101K,304,B,2026
大连大学,法学,030101K,305,B,2026
哈尔滨师范大学,法学,030101K,305,B,2026
内蒙古工业大学,法学,030101K,305,B,2026
广东海洋大学,法学,030101K,308,B,2026
西南林业大学,法学,030101K,308,B,2026
华东政法大学,知识产权,030102T,1,A+,2026
西南政法大学,知识产权,030102T,2,A+,2026
华南理工大学,知识产权,030102T,3,A,2026
湘潭大学,知识产权,030102T,4,A,2026
中南财经政法大学,知识产权,030102T,5,A,2026
上海政法学院,知识产权,030102T,6,A,2026
暨南大学,知识产权,030102T,7,A,2026
安徽大学,知识产权,030102T,8,A,2026
湖南师范大学,知识产权,030102T,9,A,2026
浙江工商大学,知识产权,030102T,10,A,2026
西北大学,知识产权,030102T,11,A,2026
兰州大学,知识产权,030102T,12,B+,2026
福州大学,知识产权,030102T,13,B+,2026
中国计量大学,知识产权,030102T,14,B+,2026
上海大学,知识产权,030102T,15,B+,2026
烟台大学,知识产权,030102T,16,B+,2026
南昌大学,知识产权,030102T,17,B+,2026
大连理工大学,知识产权,030102T,18,B+,2026
河南财经政法大学,知识产权,030102T,18,B+,2026
江苏大学,知识产权,030102T,20,B+,2026
甘肃政法大学,知识产权,030102T,21,B+,2026
北方工业大学,知识产权,030102T,22,B+,2026
重庆理工大学,知识产权,030102T,23,B+,2026
河南师范大学,知识产权,030102T,24,B+,2026
福建理工大学,知识产权,030102T,25,B+,2026
南京工业大学,知识产权,030102T,25,B+,2026
武汉工程大学,知识产权,030102T,27,B+,2026
河南科技大学,知识产权,030102T,28,B+,2026
安徽医科大学,知识产权,030102T,29,B+,2026
西南科技大学,知识产权,030102T,30,B+,2026
桂林电子科技大学,知识产权,030102T,31,B+,2026
西华大学,知识产权,030102T,32,B+,2026
太原科技大学,知识产权,030102T,33,B+,2026
华东交通大学,知识产权,030102T,34,B+,2026
中南林业科技大学,知识产权,030102T,35,B,2026
广西民族大学,知识产权,030102T,36,B,2026
山东政法学院,知识产权,030102T,37,B,2026
重庆交通大学,知识产权,030102T,38,B,2026
兰州理工大学,知识产权,030102T,39,B,2026
天津科技大学,知识产权,030102T,39,B,2026
中原工学院,知识产权,030102T,41,B,2026
内蒙古财经大学,知识产权,030102T,42,B,2026
安庆师范大学,知识产权,030102T,43,B,2026
湖南理工大学,知识产权,030102T,44,B,2026
兰州财经大学,知识产权,030102T,45,B,2026
嘉兴大学,知识产权,030102T,46,B,2026
景德镇陶瓷大学,知识产权,030102T,47,B,2026
厦门理工学院,知识产权,030102T,48,B,2026
东莞理工学院,知识产权,030102T,49,B,2026
吉首大学,知识产权,030102T,50,B,2026
淮阴师范学院,知识产权,030102T,51,B,2026
广东金融学院,知识产权,030102T,52,B,2026
佛山大学,知识产权,030102T,53,B,2026
湖州师范大学,知识产权,030102T,54,B,2026
池州学院,知识产权,030102T,55,B,2026
湖北汽车工业学院,知识产权,030102T,56,B,2026
广东技术师范大学,知识产权,030102T,57,B,2026
上海政法学院,监狱学,030103T,1,A+,2026
中央司法警官学院,监狱学,030103T,2,A+,2026
山东政法学院,监狱学,030103T,3,B+,2026
福建警察学院,监狱学,030103T,4,B,2026
辽宁警察学院,监狱学,030103T,5,B,2026
甘肃政法大学,监狱学,030103T,6,B,2026
湘潭大学,信用风险管理与法律防控,030104T,1,A+,2026
山东工商学院,信用风险管理与法律防控,030104T,2,A+,2026
广东金融学院,信用风险管理与法律防控,030104T,3,B+,2026
盐城师范学院,信用风险管理与法律防控,030104T,4,B+,2026
河南财政金融学院,信用风险管理与法律防控,030104T,5,B+,2026
哈尔滨金融学院,信用风险管理与法律防控,030104T,6,B,2026
福建技术师范学院,信用风险管理与法律防控,030104T,7,B,2026
宿迁学院,信用风险管理与法律防控,030104T,8,B,2026
西安交通大学,国际经贸规则,030105T,1,A+,2026
中南财经政法大学,国际经贸规则,030105T,2,A+,2026
上海对外经贸大学,国际经贸规则,030105T,3,B+,2026
广东金融学院,国际经贸规则,030105T,4,B+,2026
云南财经大学,国际经贸规则,030105T,5,B+,2026
温州大学,国际经贸规则,030105T,6,B,2026
甘肃政法大学,国际经贸规则,030105T,7,B,2026
山东政法学院,国际经贸规则,030105T,8,B,2026
桂林电子科技大学,国际经贸规则,030105T,9,B,2026
北京大学,政治学与行政学,030201,1,A+,2026
中国人民大学,政治学与行政学,030201,2,A+,2026
复旦大学,政治学与行政学,030201,3,A,2026
清华大学,政治学与行政学,030201,4,A,2026
南开大学,政治学与行政学,030201,5,A,2026
南京大学,政治学与行政学,030201,6,A,2026
中国政法大学,政治学与行政学,030201,7,A,2026
吉林大学,政治学与行政学,030201,8,A,2026
厦门大学,政治学与行政学,030201,9,A,2026
中山大学,政治学与行政学,030201,10,B+,2026
武汉大学,政治学与行政学,030201,11,B+,2026
同济大学,政治学与行政学,030201,12,B+,2026
华中师范大学,政治学与行政学,030201,13,B+,2026
华东师范大学,政治学与行政学,030201,14,B+,2026
山东大学,政治学与行政学,030201,15,B+,2026
云南大学,政治学与行政学,030201,16,B+,2026
上海外国语大学,政治学与行政学,030201,17,B+,2026
东北师范大学,政治学与行政学,030201,18,B+,2026
对外经济贸易大学,政治学与行政学,030201,19,B+,2026
天津师范大学,政治学与行政学,030201,20,B+,2026
华东政法大学,政治学与行政学,030201,21,B+,2026
浙江大学,政治学与行政学,030201,22,B+,2026
中国海洋大学,政治学与行政学,030201,23,B+,2026
华南师范大学,政治学与行政学,030201,24,B+,2026
兰州大学,政治学与行政学,030201,25,B+,2026
湖南师范大学,政治学与行政学,030201,26,B+,2026
西南政法大学,政治学与行政学,030201,27,B+,2026
东南大学,政治学与行政学,030201,28,B+,2026
安徽大学,政治学与行政学,030201,29,B,2026
贵州大学,政治学与行政学,030201,30,B,2026
贵州师范大学,政治学与行政学,030201,31,B,2026
河南师范大学,政治学与行政学,030201,32,B,2026
西北政法大学,政治学与行政学,030201,33,B,2026
中国传媒大学,政治学与行政学,030201,33,B,2026
山西大学,政治学与行政学,030201,35,B,2026
新疆大学,政治学与行政学,030201,36,B,2026
陕西师范大学,政治学与行政学,030201,37,B,2026
广西民族大学,政治学与行政学,030201,38,B,2026
河北师范大学,政治学与行政学,030201,39,B,2026
西南交通大学,政治学与行政学,030201,39,B,2026
上海政法学院,政治学与行政学,030201,41,B,2026
黑龙江大学,政治学与行政学,030201,42,B,2026
西华师范大学,政治学与行政学,030201,43,B,2026
曲阜师范大学,政治学与行政学,030201,44,B,2026
辽宁师范大学,政治学与行政学,030201,45,B,2026
内蒙古大学,政治学与行政学,030201,46,B,2026
大连海事大学,政治学与行政学,030201,47,B,2026
云南民族大学,政治学与行政学,030201,48,B,2026
北京大学,国际政治,030202,1,A+,2026
复旦大学,国际政治,030202,2,A+,2026
清华大学,国际政治,030202,3,A,2026
中国人民大学,国际政治,030202,4,B+,2026
南京大学,国际政治,030202,5,B+,2026
南开大学,国际政治,030202,6,B+,2026
华中师范大学,国际政治,030202,7,B+,2026
中国政法大学,国际政治,030202,8,B+,2026
中山大学,国际政治,030202,8,B+,2026
吉林大学,国际政治,030202,10,B+,2026
厦门大学,国际政治,030202,11,B+,2026
山东大学,国际政治,030202,12,B,2026
对外经济贸易大学,国际政治,030202,13,B,2026
上海外国语大学,国际政治,030202,14,B,2026
四川大学,国际政治,030202,15,B,2026
暨南大学,国际政治,030202,16,B,2026
东北师范大学,国际政治,030202,17,B,2026
兰州大学,国际政治,030202,18,B,2026
国际关系学院,国际政治,030202,19,B,2026
北京大学,外交学,030203,1,A+,2026
外交学院,外交学,030203,2,A+,2026
中国人民大学,外交学,030203,3,B+,2026
吉林大学,外交学,030203,4,B+,2026
武汉大学,外交学,030203,5,B,2026
厦门大学,外交学,030203,6,B,2026
北京外国语大学,外交学,030203,7,B,2026
上海外国语大学,外交学,030203,8,B,2026
外交学院,国际事务与国际关系,030204T,1,A+,2026
暨南大学,国际事务与国际关系,030204T,2,A+,2026
华侨大学,国际事务与国际关系,030204T,3,B+,2026
北京语言大学,国际事务与国际关系,030204T,4,B+,2026
西南政法大学,国际事务与国际关系,030204T,5,B+,2026
昆山杜克大学,国际事务与国际关系,030204T,6,B,2026
西交利物浦大学,国际事务与国际关系,030204T,7,B,2026
宁波诺丁汉大学,国际事务与国际关系,030204T,8,B,2026
大连外国语大学,国际事务与国际关系,030204T,9,B,2026
北京大学,政治学、经济学与哲学,030205T,1,A+,2026
清华大学,政治学、经济学与哲学,030205T,2,A+,2026
中国人民大学,政治学、经济学与哲学,030205T,3,B+,2026
复旦大学,政治学、经济学与哲学,030205T,4,B,2026
北京师范大学,政治学、经济学与哲学,030205T,5,B,2026
武汉大学,政治学、经济学与哲学,030205T,6,B,2026
北京大学,社会学,030301,1,A+,2026
清华大学,社会学,030301,2,A+,2026
中国人民大学,社会学,030301,2,A+,2026
复旦大学,社会学,030301,4,A,2026
南京大学,社会学,030301,5,A,2026
厦门大学,社会学,030301,6,A,2026
南开大学,社会学,030301,7,A,2026
西安交通大学,社会学,030301,8,A,2026
华东师范大学,社会学,030301,9,A,2026
中山大学,社会学,030301,10,B+,2026
上海大学,社会学,030301,11,B+,2026
浙江大学,社会学,030301,12,B+,2026
武汉大学,社会学,030301,13,B+,2026
中国农业大学,社会学,030301,14,B+,2026
华中科技大学,社会学,030301,15,B+,2026
北京师范大学,社会学,030301,16,B+,2026
中央民族大学,社会学,030301,17,B+,2026
华中师范大学,社会学,030301,18,B+,2026
吉林大学,社会学,030301,19,B+,2026
中南大学,社会学,030301,20,B+,2026
山东大学,社会学,030301,21,B+,2026
中央财经大学,社会学,030301,22,B+,2026
东南大学,社会学,030301,23,B+,2026
哈尔滨工业大学,社会学,030301,24,B+,2026
北京工业大学,社会学,030301,25,B+,2026
华中农业大学,社会学,030301,26,B+,2026
华东理工大学,社会学,030301,27,B+,2026
哈尔滨工程大学,社会学,030301,28,B+,2026
中国政法大学,社会学,030301,28,B+,2026
西北农林科技大学,社会学,030301,30,B,2026
安徽大学,社会学,030301,31,B,2026
苏州大学,社会学,030301,32,B,2026
云南大学,社会学,030301,33,B,2026
河海大学,社会学,030301,34,B,2026
陕西师范大学,社会学,030301,35,B,2026
南京师范大学,社会学,030301,36,B,2026
东北师范大学,社会学,030301,37,B,2026
兰州大学,社会学,030301,38,B,2026
南京农业大学,社会学,030301,39,B,2026
湖南师范大学,社会学,030301,40,B,2026
上海财经大学,社会学,030301,41,B,2026
云南民族大学,社会学,030301,42,B,2026
福州大学,社会学,030301,43,B,2026
贵州民族大学,社会学,030301,43,B,2026
内蒙古大学,社会学,030301,45,B,2026
深圳大学,社会学,030301,46,B,2026
华东政法大学,社会学,030301,47,B,2026
新疆大学,社会学,030301,48,B,2026
西北政法大学,社会学,030301,49,B,2026
北京大学,社会工作,030302,1,A+,2026
复旦大学,社会工作,030302,2,A+,2026
中国人民大学,社会工作,030302,3,A+,2026
南京大学,社会工作,030302,4,A+,2026
华东师范大学,社会工作,030302,5,A+,2026
南开大学,社会工作,030302,6,A,2026
厦门大学,社会工作,030302,7,A,2026
上海大学,社会工作,030302,8,A,2026
华中科技大学,社会工作,030302,9,A,2026
华中师范大学,社会工作,030302,10,A,2026
吉林大学,社会工作,030302,11,A,2026
山东大学,社会工作,030302,11,A,2026
华东理工大学,社会工作,030302,13,A,2026
中央财经大学,社会工作,030302,14,A,2026
华中农业大学,社会工作,030302,15,A,2026
西南大学,社会工作,030302,16,A,2026
江西财经大学,社会工作,030302,17,A,2026
北京工业大学,社会工作,030302,18,A,2026
云南大学,社会工作,030302,19,A,2026
中央民族大学,社会工作,030302,20,A,2026
北京科技大学,社会工作,030302,21,A,2026
贵州大学,社会工作,030302,22,A,2026
安徽大学,社会工作,030302,23,A,2026
南京邮电大学,社会工作,030302,24,A,2026
四川大学,社会工作,030302,25,A,2026
北京理工大学,社会工作,030302,26,A,2026
南京理工大学,社会工作,030302,27,A,2026
中国政法大学,社会工作,030302,28,A,2026
西北农林科技大学,社会工作,030302,29,B+,2026
华东政法大学,社会工作,030302,30,B+,2026
苏州大学,社会工作,030302,30,B+,2026
济南大学,社会工作,030302,32,B+,2026
华南师范大学,社会工作,030302,33,B+,2026
华南农业大学,社会工作,030302,34,B+,2026
江南大学,社会工作,030302,34,B+,2026
郑州大学,社会工作,030302,36,B+,2026
武汉理工大学,社会工作,030302,37,B+,2026
首都经济贸易大学,社会工作,030302,38,B+,2026
首都师范大学,社会工作,030302,39,B+,2026
上海政法学院,社会工作,030302,40,B+,2026
浙江财经大学,社会工作,030302,41,B+,2026
西南石油大学,社会工作,030302,42,B+,2026
浙江师范大学,社会工作,030302,43,B+,2026
云南民族大学,社会工作,030302,44,B+,2026
四川农业大学,社会工作,030302,45,B+,2026
浙江工商大学,社会工作,030302,46,B+,2026
南京财经大学,社会工作,030302,47,B+,2026
东北林业大学,社会工作,030302,48,B+,2026
中华女子学院,社会工作,030302,48,B+,2026
河北大学,社会工作,030302,50,B+,2026
江西师范大学,社会工作,030302,50,B+,2026
集美大学,社会工作,030302,52,B+,2026
天津师范大学,社会工作,030302,52,B+,2026
内蒙古大学,社会工作,030302,54,B+,2026
广东外语外贸大学,社会工作,030302,55,B+,2026
河南大学,社会工作,030302,56,B+,2026
上海海洋大学,社会工作,030302,57,B+,2026
杭州师范大学,社会工作,030302,58,B+,2026
江苏师范大学,社会工作,030302,59,B+,2026
西北大学,社会工作,030302,59,B+,2026
长春理工大学,社会工作,030302,61,B+,2026
大连海事大学,社会工作,030302,62,B+,2026
广西师范大学,社会工作,030302,62,B+,2026
东北石油大学,社会工作,030302,64,B+,2026
西北师范大学,社会工作,030302,65,B+,2026
贵州民族大学,社会工作,030302,66,B+,2026
广东财经大学,社会工作,030302,67,B+,2026
常州大学,社会工作,030302,68,B+,2026
重庆工商大学,社会工作,030302,68,B+,2026
安徽师范大学,社会工作,030302,70,B+,2026
天津理工大学,社会工作,030302,70,B+,2026
中国劳动关系学院,社会工作,030302,70,B+,2026
福建医科大学,社会工作,030302,73,B+,2026
甘肃政法大学,社会工作,030302,74,B+,2026
江汉大学,社会工作,030302,74,B+,2026
河南财经政法大学,社会工作,030302,76,B+,2026
华北电力大学,社会工作,030302,76,B+,2026
青岛科技大学,社会工作,030302,78,B+,2026
安徽农业大学,社会工作,030302,79,B+,2026
东莞理工学院,社会工作,030302,80,B+,2026
武汉科技大学,社会工作,030302,80,B+,2026
西北政法大学,社会工作,030302,80,B+,2026
西南民族大学,社会工作,030302,83,B+,2026
山东理工大学,社会工作,030302,84,B+,2026
上海师范大学,社会工作,030302,85,B+,2026
贵州财经大学,社会工作,030302,86,B+,2026
河南农业大学,社会工作,030302,86,B+,2026
广东工业大学,社会工作,030302,88,B,2026
成都信息工程大学,社会工作,030302,89,B,2026
重庆师范大学,社会工作,030302,89,B,2026
浙江理工大学,社会工作,030302,89,B,2026
郑州轻工业大学,社会工作,030302,92,B,2026
河南师范大学,社会工作,030302,93,B,2026
石河子大学,社会工作,030302,93,B,2026
长江大学,社会工作,030302,95,B,2026
湖北文理学院,社会工作,030302,96,B,2026
南京林业大学,社会工作,030302,96,B,2026
西南政法大学,社会工作,030302,98,B,2026
内蒙古工业大学,社会工作,030302,99,B,2026
沈阳化工大学,社会工作,030302,100,B,2026
四川外国语大学,社会工作,030302,101,B,2026
青海师范大学,社会工作,030302,102,B,2026
山西医科大学,社会工作,030302,102,B,2026
苏州科技大学,社会工作,030302,104,B,2026
山东第一医科大学,社会工作,030302,105,B,2026
上海应用技术大学,社会工作,030302,106,B,2026
青岛理工大学,社会工作,030302,107,B,2026
西藏民族大学,社会工作,030302,108,B,2026
广东医科大学,社会工作,030302,109,B,2026
山东建筑大学,社会工作,030302,109,B,2026
河北科技大学,社会工作,030302,111,B,2026
闽南师范大学,社会工作,030302,111,B,2026
沈阳师范大学,社会工作,030302,113,B,2026
成都大学,社会工作,030302,114,B,2026
西华大学,社会工作,030302,114,B,2026
北京农学院,社会工作,030302,116,B,2026
太原科技大学,社会工作,030302,117,B,2026
青海民族大学,社会工作,030302,118,B,2026
宜宾学院,社会工作,030302,118,B,2026
云南师范大学,社会工作,030302,118,B,2026
广西医科大学,社会工作,030302,121,B,2026
上海商学院,社会工作,030302,121,B,2026
湖北师范大学,社会工作,030302,123,B,2026
淮安大学,社会工作,030302,124,B,2026
南京工程学院,社会工作,030302,125,B,2026
五邑大学,社会工作,030302,125,B,2026
内蒙古财经大学,社会工作,030302,127,B,2026
淮阴师范学院,社会工作,030302,128,B,2026
南宁师范大学,社会工作,030302,128,B,2026
鲁东大学,社会工作,030302,130,B,2026
上海立信会计金融学院,社会工作,030302,130,B,2026
北京建筑大学,社会工作,030302,132,B,2026
延安大学,社会工作,030302,133,B,2026
南京晓庄学院,社会工作,030302,134,B,2026
沈阳工程学院,社会工作,030302,135,B,2026
长春工业大学,社会工作,030302,136,B,2026
甘肃农业大学,社会工作,030302,137,B,2026
井冈山大学,社会工作,030302,137,B,2026
赣南师范大学,社会工作,030302,139,B,2026
岭南师范学院,社会工作,030302,139,B,2026
兰州财经大学,社会工作,030302,141,B,2026
黔南民族师范学院,社会工作,030302,141,B,2026
长春师范大学,社会工作,030302,143,B,2026
山东工商学院,社会工作,030302,143,B,2026
北京大学,人类学,030303T,1,A+,2026
厦门大学,人类学,030303T,2,A+,2026
湖南女子学院,女性学,030304T,,,2026
山东女子学院,女性学,030304T,,,2026
中华女子学院,女性学,030304T,,,2026
中华女子学院,家政学,030305T,1,A+,2026
吉林农业大学,家政学,030305T,2,A+,2026
河北师范大学,家政学,030305T,3,B+,2026
湖南女子学院,家政学,030305T,4,B+,2026
哈尔滨商业大学,家政学,030305T,5,B+,2026
福建技术师范学院,家政学,030305T,6,B,2026
郑州师范学院,家政学,030305T,7,B,2026
河南牧业经济学院,家政学,030305T,8,B,2026
浙江树人学院,家政学,030305T,9,B,2026
湖南女子学院,老年学,030306T,,,2026
天津理工大学,老年学,030306T,,,2026
玉溪师范学院,老年学,030306T,,,2026
大连海洋大学,社会政策,030307T,,,2026
华东政法大学,社会政策,030307T,,,2026
中国农业大学,社会政策,030307T,,,2026
中央民族大学,民族学,030401,1,A+,2026
云南大学,民族学,030401,2,A+,2026
中南民族大学,民族学,030401,3,A,2026
兰州大学,民族学,030401,4,B+,2026
西南民族大学,民族学,030401,5,B+,2026
内蒙古大学,民族学,030401,6,B+,2026
云南民族大学,民族学,030401,7,B+,2026
西南大学,民族学,030401,8,B+,2026
广西民族大学,民族学,030401,9,B+,2026
贵州民族大学,民族学,030401,10,B,2026
新疆大学,民族学,030401,11,B,2026
西藏民族大学,民族学,030401,12,B,2026
东北大学,民族学,030401,13,B,2026
西北民族大学,民族学,030401,14,B,2026
北方民族大学,民族学,030401,15,B,2026
内蒙古师范大学,民族学,030401,16,B,2026
山东大学,科学社会主义,030501,1,A+,2026
中国人民大学,中国共产党历史,030502,1,A+,2026
湘潭大学,中国共产党历史,030502,2,A+,2026
武汉大学,中国共产党历史,030502,3,B+,2026
山东师范大学,中国共产党历史,030502,4,B+,2026
延安大学,中国共产党历史,030502,5,B,2026
赣南师范大学,中国共产党历史,030502,6,B,2026
河南师范大学,中国共产党历史,030502,7,B,2026
北京师范大学,思想政治教育,030503,1,A+,2026
东北师范大学,思想政治教育,030503,2,A+,2026
武汉大学,思想政治教育,030503,3,A+,2026
华中师范大学,思想政治教育,030503,4,A+,2026
南京师范大学,思想政治教育,030503,5,A+,2026
华东师范大学,思想政治教育,030503,6,A+,2026
吉林大学,思想政治教育,030503,6,A+,2026
陕西师范大学,思想政治教育,030503,8,A,2026
西南大学,思想政治教育,030503,9,A,2026
南开大学,思想政治教育,030503,10,A,2026
东北大学,思想政治教育,030503,11,A,2026
西南交通大学,思想政治教育,030503,12,A,2026
合肥工业大学,思想政治教育,030503,13,A,2026
山东师范大学,思想政治教育,030503,14,A,2026
湖南师范大学,思想政治教育,030503,15,A,2026
福建师范大学,思想政治教育,030503,16,A,2026
郑州大学,思想政治教育,030503,17,A,2026
海南大学,思想政治教育,030503,18,A,2026
华南师范大学,思想政治教育,030503,19,A,2026
江西师范大学,思想政治教育,030503,20,A,2026
河海大学,思想政治教育,030503,21,A,2026
中南大学,思想政治教育,030503,22,A,2026
哈尔滨工业大学,思想政治教育,030503,23,A,2026
哈尔滨工程大学,思想政治教育,030503,24,A,2026
上海大学,思想政治教育,030503,25,A,2026
广西师范大学,思想政治教育,030503,26,A,2026
浙江师范大学,思想政治教育,030503,26,A,2026
兰州大学,思想政治教育,030503,28,A,2026
广西大学,思想政治教育,030503,29,A,2026
上海师范大学,思想政治教育,030503,30,A,2026
武汉理工大学,思想政治教育,030503,31,A,2026
苏州大学,思想政治教育,030503,32,A,2026
中国政法大学,思想政治教育,030503,33,A,2026
扬州大学,思想政治教育,030503,34,B+,2026
湘潭大学,思想政治教育,030503,35,B+,2026
宁波大学,思想政治教育,030503,36,B+,2026
安徽师范大学,思想政治教育,030503,37,B+,2026
重庆师范大学,思想政治教育,030503,38,B+,2026
湖北大学,思想政治教育,030503,39,B+,2026
山西师范大学,思想政治教育,030503,40,B+,2026
温州大学,思想政治教育,030503,40,B+,2026
河南大学,思想政治教育,030503,42,B+,2026
新疆大学,思想政治教育,030503,43,B+,2026
江南大学,思想政治教育,030503,44,B+,2026
中南民族大学,思想政治教育,030503,45,B+,2026
广州大学,思想政治教育,030503,46,B+,2026
长安大学,思想政治教育,030503,47,B+,2026
河北师范大学,思想政治教育,030503,47,B+,2026
安徽大学,思想政治教育,030503,49,B+,2026
天津师范大学,思想政治教育,030503,50,B+,2026
成都理工大学,思想政治教育,030503,51,B+,2026
中国地质大学（武汉）,思想政治教育,030503,52,B+,2026
曲阜师范大学,思想政治教育,030503,53,B+,2026
首都师范大学,思想政治教育,030503,53,B+,2026
湖南科技大学,思想政治教育,030503,55,B+,2026
贵州师范大学,思想政治教育,030503,56,B+,2026
西南政法大学,思想政治教育,030503,56,B+,2026
河北工业大学,思想政治教育,030503,58,B+,2026
西北师范大学,思想政治教育,030503,58,B+,2026
对外经济贸易大学,思想政治教育,030503,60,B+,2026
哈尔滨师范大学,思想政治教育,030503,60,B+,2026
延安大学,思想政治教育,030503,62,B+,2026
南京信息工程大学,思想政治教育,030503,63,B+,2026
江苏大学,思想政治教育,030503,64,B+,2026
杭州师范大学,思想政治教育,030503,65,B+,2026
中国石油大学（北京）,思想政治教育,030503,66,B+,2026
西南石油大学,思想政治教育,030503,67,B+,2026
四川师范大学,思想政治教育,030503,68,B+,2026
河南师范大学,思想政治教育,030503,69,B+,2026
海南师范大学,思想政治教育,030503,70,B+,2026
南宁师范大学,思想政治教育,030503,71,B+,2026
赣南师范大学,思想政治教育,030503,72,B+,2026
湖南第一师范学院,思想政治教育,030503,72,B+,2026
西华师范大学,思想政治教育,030503,74,B+,2026
沈阳师范大学,思想政治教育,030503,75,B+,2026
西藏民族大学,思想政治教育,030503,76,B+,2026
云南师范大学,思想政治教育,030503,77,B+,2026
江苏师范大学,思想政治教育,030503,78,B+,2026
南通大学,思想政治教育,030503,79,B+,2026
宁夏大学,思想政治教育,030503,80,B+,2026
信阳师范大学,思想政治教育,030503,81,B+,2026
新疆师范大学,思想政治教育,030503,82,B+,2026
辽宁师范大学,思想政治教育,030503,83,B+,2026
西华大学,思想政治教育,030503,84,B+,2026
贵州大学,思想政治教育,030503,85,B+,2026
闽南师范大学,思想政治教育,030503,86,B+,2026
西南科技大学,思想政治教育,030503,87,B+,2026
长江大学,思想政治教育,030503,88,B+,2026
太原理工大学,思想政治教育,030503,88,B+,2026
湖南农业大学,思想政治教育,030503,90,B+,2026
阜阳师范大学,思想政治教育,030503,91,B+,2026
绍兴大学,思想政治教育,030503,91,B+,2026
济南大学,思想政治教育,030503,93,B+,2026
北方民族大学,思想政治教育,030503,94,B+,2026
聊城大学,思想政治教育,030503,95,B+,2026
井冈山大学,思想政治教育,030503,96,B+,2026
湖北师范大学,思想政治教育,030503,97,B+,2026
上海政法学院,思想政治教育,030503,97,B+,2026
河南科技大学,思想政治教育,030503,99,B+,2026
吉林师范大学,思想政治教育,030503,100,B,2026
内蒙古师范大学,思想政治教育,030503,101,B,2026
陕西理工大学,思想政治教育,030503,102,B,2026
渤海大学,思想政治教育,030503,103,B,2026
安庆师范大学,思想政治教育,030503,104,B,2026
鲁东大学,思想政治教育,030503,105,B,2026
江西科技师范大学,思想政治教育,030503,106,B,2026
华南农业大学,思想政治教育,030503,107,B,2026
临沂大学,思想政治教育,030503,108,B,2026
上海海事大学,思想政治教育,030503,109,B,2026
大理大学,思想政治教育,030503,110,B,2026
青海师范大学,思想政治教育,030503,110,B,2026
湖南理工大学,思想政治教育,030503,112,B,2026
淮北师范大学,思想政治教育,030503,113,B,2026
西藏大学,思想政治教育,030503,113,B,2026
青岛大学,思想政治教育,030503,115,B,2026
湖州师范大学,思想政治教育,030503,116,B,2026
北华大学,思想政治教育,030503,117,B,2026
云南民族大学,思想政治教育,030503,118,B,2026
湖北民族大学,思想政治教育,030503,119,B,2026
中国民航大学,思想政治教育,030503,120,B,2026
成都大学,思想政治教育,030503,121,B,2026
长春师范大学,思想政治教育,030503,122,B,2026
衡阳师范学院,思想政治教育,030503,123,B,2026
内蒙古民族大学,思想政治教育,030503,123,B,2026
长江师范学院,思想政治教育,030503,125,B,2026
南京晓庄学院,思想政治教育,030503,125,B,2026
吉首大学,思想政治教育,030503,127,B,2026
牡丹江师范学院,思想政治教育,030503,128,B,2026
贵州师范学院,思想政治教育,030503,129,B,2026
延边大学,思想政治教育,030503,129,B,2026
齐齐哈尔大学,思想政治教育,030503,131,B,2026
南阳师范学院,思想政治教育,030503,132,B,2026
成都师范学院,思想政治教育,030503,133,B,2026
重庆文理学院,思想政治教育,030503,134,B,2026
佳木斯大学,思想政治教育,030503,134,B,2026
淮阴师范学院,思想政治教育,030503,136,B,2026
甘肃政法大学,思想政治教育,030503,137,B,2026
东北电力大学,思想政治教育,030503,138,B,2026
绵阳师范学院,思想政治教育,030503,138,B,2026
重庆三峡科技大学,思想政治教育,030503,140,B,2026
青海民族大学,思想政治教育,030503,140,B,2026
湖北第二师范学院,思想政治教育,030503,142,B,2026
遵义师范学院,思想政治教育,030503,143,B,2026
合肥师范学院,思想政治教育,030503,144,B,2026
吉林农业大学,思想政治教育,030503,144,B,2026
台州学院,思想政治教育,030503,146,B,2026
宝鸡文理学院,思想政治教育,030503,147,B,2026
黄冈师范学院,思想政治教育,030503,147,B,2026
洛阳师范学院,思想政治教育,030503,149,B,2026
盐城师范学院,思想政治教育,030503,150,B,2026
丽水学院,思想政治教育,030503,151,B,2026
宁夏师范大学,思想政治教育,030503,152,B,2026
山东航空学院,思想政治教育,030503,153,B,2026
江苏第二师范学院,思想政治教育,030503,154,B,2026
南昌师范学院,思想政治教育,030503,154,B,2026
唐山师范学院,思想政治教育,030503,156,B,2026
太原师范学院,思想政治教育,030503,157,B,2026
苏州科技大学,思想政治教育,030503,158,B,2026
湖北工程学院,思想政治教育,030503,159,B,2026
佛山大学,思想政治教育,030503,160,B,2026
齐鲁师范学院,思想政治教育,030503,161,B,2026
西安文理学院,思想政治教育,030503,162,B,2026
石家庄学院,思想政治教育,030503,163,B,2026
昆明学院,思想政治教育,030503,164,B,2026
内江师范学院,思想政治教育,030503,164,B,2026
铜仁学院,思想政治教育,030503,164,B,2026
中国消防救援学院,思想政治教育,030503,164,B,2026
北京大学,马克思主义理论,030504T,1,A+,2026
中国人民大学,马克思主义理论,030504T,2,A+,2026
武汉大学,马克思主义理论,030504T,3,A,2026
复旦大学,马克思主义理论,030504T,4,A,2026
清华大学,马克思主义理论,030504T,5,A,2026
南开大学,马克思主义理论,030504T,6,A,2026
中山大学,马克思主义理论,030504T,7,A,2026
浙江大学,马克思主义理论,030504T,8,B+,2026
四川大学,马克思主义理论,030504T,9,B+,2026
南京大学,马克思主义理论,030504T,10,B+,2026
山东大学,马克思主义理论,030504T,11,B+,2026
西安交通大学,马克思主义理论,030504T,12,B+,2026
天津大学,马克思主义理论,030504T,13,B+,2026
同济大学,马克思主义理论,030504T,14,B+,2026
华东师范大学,马克思主义理论,030504T,15,B+,2026
吉林大学,马克思主义理论,030504T,16,B+,2026
大连理工大学,马克思主义理论,030504T,17,B+,2026
厦门大学,马克思主义理论,030504T,18,B+,2026
兰州大学,马克思主义理论,030504T,19,B+,2026
华中师范大学,马克思主义理论,030504T,20,B+,2026
重庆大学,马克思主义理论,030504T,21,B+,2026
陕西师范大学,马克思主义理论,030504T,22,B,2026
湖南大学,马克思主义理论,030504T,23,B,2026
西北工业大学,马克思主义理论,030504T,24,B,2026
南京师范大学,马克思主义理论,030504T,25,B,2026
华南理工大学,马克思主义理论,030504T,26,B,2026
西南大学,马克思主义理论,030504T,27,B,2026
华南师范大学,马克思主义理论,030504T,28,B,2026
湘潭大学,马克思主义理论,030504T,29,B,2026
郑州大学,马克思主义理论,030504T,30,B,2026
上海财经大学,马克思主义理论,030504T,31,B,2026
福建师范大学,马克思主义理论,030504T,32,B,2026
暨南大学,马克思主义理论,030504T,33,B,2026
首都师范大学,马克思主义理论,030504T,34,B,2026
江西师范大学,马克思主义理论,030504T,35,B,2026
中国人民公安大学,治安学,030601K,1,A+,2026
浙江警察学院,治安学,030601K,2,A+,2026
四川警察学院,治安学,030601K,3,A,2026
南京警察学院,治安学,030601K,4,B+,2026
中国刑事警察学院,治安学,030601K,5,B+,2026
江苏警官学院,治安学,030601K,6,B+,2026
湖南警察学院,治安学,030601K,7,B+,2026
辽宁警察学院,治安学,030601K,8,B+,2026
郑州警察学院,治安学,030601K,9,B+,2026
河南警察学院,治安学,030601K,10,B,2026
山东警察学院,治安学,030601K,11,B,2026
云南警官学院,治安学,030601K,12,B,2026
山西警察学院,治安学,030601K,13,B,2026
福建警察学院,治安学,030601K,14,B,2026
吉林警察学院,治安学,030601K,14,B,2026
广东警官学院,治安学,030601K,16,B,2026
中国人民公安大学,侦查学,030602K,1,A+,2026
四川警察学院,侦查学,030602K,2,A+,2026
中国刑事警察学院,侦查学,030602K,3,A,2026
江苏警官学院,侦查学,030602K,4,B+,2026
南京警察学院,侦查学,030602K,4,B+,2026
西南政法大学,侦查学,030602K,6,B+,2026
浙江警察学院,侦查学,030602K,7,B+,2026
郑州警察学院,侦查学,030602K,7,B+,2026
中央司法警官学院,侦查学,030602K,7,B+,2026
福建警察学院,侦查学,030602K,10,B+,2026
湖南警察学院,侦查学,030602K,10,B+,2026
华东政法大学,侦查学,030602K,12,B,2026
广东警官学院,侦查学,030602K,13,B,2026
湖北警官学院,侦查学,030602K,14,B,2026
西北政法大学,侦查学,030602K,14,B,2026
吉林警察学院,侦查学,030602K,16,B,2026
云南警官学院,侦查学,030602K,17,B,2026
中南财经政法大学,侦查学,030602K,18,B,2026
中国人民警察大学,边防管理,030603K,1,A+,2026
北京师范大学,教育学,040101,1,A+,2026
东北师范大学,教育学,040101,2,A+,2026
浙江大学,教育学,040101,3,A,2026
华中师范大学,教育学,040101,4,A,2026
清华大学,教育学,040101,5,A,2026
西南大学,教育学,040101,5,A,2026
陕西师范大学,教育学,040101,7,A,2026
南京师范大学,教育学,040101,8,A,2026
首都师范大学,教育学,040101,9,A,2026
华南师范大学,教育学,040101,10,A,2026
河南大学,教育学,040101,11,B+,2026
天津大学,教育学,040101,12,B+,2026
山东师范大学,教育学,040101,13,B+,2026
天津师范大学,教育学,040101,14,B+,2026
湖南师范大学,教育学,040101,15,B+,2026
中央民族大学,教育学,040101,16,B+,2026
苏州大学,教育学,040101,17,B+,2026
福建师范大学,教育学,040101,18,B+,2026
上海师范大学,教育学,040101,19,B+,2026
四川师范大学,教育学,040101,20,B+,2026
曲阜师范大学,教育学,040101,21,B+,2026
安徽师范大学,教育学,040101,22,B+,2026
云南师范大学,教育学,040101,22,B+,2026
河北大学,教育学,040101,24,B+,2026
山西大学,教育学,040101,25,B+,2026
辽宁师范大学,教育学,040101,26,B+,2026
河南师范大学,教育学,040101,27,B+,2026
河北师范大学,教育学,040101,28,B+,2026
西北师范大学,教育学,040101,29,B+,2026
海南师范大学,教育学,040101,30,B+,2026
郑州大学,教育学,040101,31,B+,2026
重庆师范大学,教育学,040101,32,B,2026
沈阳师范大学,教育学,040101,32,B,2026
贵州师范大学,教育学,040101,34,B,2026
中南民族大学,教育学,040101,35,B,2026
湖北大学,教育学,040101,36,B,2026
广东外语外贸大学,教育学,040101,37,B,2026
湖北师范大学,教育学,040101,38,B,2026
广西师范大学,教育学,040101,39,B,2026
湖南科技大学,教育学,040101,39,B,2026
南宁师范大学,教育学,040101,41,B,2026
石河子大学,教育学,040101,42,B,2026
黑龙江大学,教育学,040101,43,B,2026
山西师范大学,教育学,040101,44,B,2026
天津职业技术师范大学,教育学,040101,45,B,2026
哈尔滨师范大学,教育学,040101,46,B,2026
长江大学,教育学,040101,47,B,2026
江汉大学,教育学,040101,47,B,2026
赣南师范大学,教育学,040101,49,B,2026
湖南农业大学,教育学,040101,50,B,2026
西华师范大学,教育学,040101,51,B,2026
信阳师范大学,教育学,040101,52,B,2026
浙江师范大学,科学教育,040102,1,A+,2026
华中师范大学,科学教育,040102,2,A+,2026
杭州师范大学,科学教育,040102,3,A,2026
陕西师范大学,科学教育,040102,4,A,2026
四川师范大学,科学教育,040102,5,A,2026
河北师范大学,科学教育,040102,6,A,2026
华南师范大学,科学教育,040102,7,A,2026
重庆师范大学,科学教育,040102,8,B+,2026
上海师范大学,科学教育,040102,9,B+,2026
广西师范大学,科学教育,040102,10,B+,2026
贵州师范大学,科学教育,040102,11,B+,2026
湖州师范大学,科学教育,040102,12,B+,2026
西华师范大学,科学教育,040102,13,B+,2026
浙江外国语学院,科学教育,040102,14,B+,2026
宁夏师范大学,科学教育,040102,15,B+,2026
北京联合大学,科学教育,040102,16,B+,2026
闽南师范大学,科学教育,040102,17,B+,2026
湖南第一师范学院,科学教育,040102,18,B+,2026
长春师范大学,科学教育,040102,19,B+,2026
乐山师范学院,科学教育,040102,20,B+,2026
新疆师范大学,科学教育,040102,21,B+,2026
太原师范学院,科学教育,040102,22,B,2026
遵义师范学院,科学教育,040102,23,B,2026
台州学院,科学教育,040102,24,B,2026
安庆师范大学,科学教育,040102,25,B,2026
绍兴大学,科学教育,040102,25,B,2026
内蒙古师范大学,科学教育,040102,27,B,2026
岭南师范学院,科学教育,040102,28,B,2026
嘉应学院,科学教育,040102,29,B,2026
合肥师范学院,科学教育,040102,30,B,2026
河北科技师范学院,科学教育,040102,31,B,2026
南昌师范学院,科学教育,040102,32,B,2026
惠州学院,科学教育,040102,33,B,2026
唐山师范学院,科学教育,040102,34,B,2026
郑州师范学院,科学教育,040102,35,B,2026
江苏第二师范学院,科学教育,040102,36,B,2026
太原师范学院,人文教育,040103,1,A+,2026
楚雄师范学院,人文教育,040103,2,A+,2026
白城师范学院,人文教育,040103,3,B+,2026
西安科技大学高新学院,人文教育,040103,4,B,2026
华东师范大学,教育技术学,040104,1,A+,2026
华中师范大学,教育技术学,040104,2,A+,2026
华南师范大学,教育技术学,040104,3,A,2026
北京师范大学,教育技术学,040104,4,A,2026
陕西师范大学,教育技术学,040104,5,A,2026
东北师范大学,教育技术学,040104,6,A,2026
南京师范大学,教育技术学,040104,7,A,2026
西南大学,教育技术学,040104,7,A,2026
浙江师范大学,教育技术学,040104,9,A,2026
杭州师范大学,教育技术学,040104,10,A,2026
河南大学,教育技术学,040104,11,A,2026
广西师范大学,教育技术学,040104,12,A,2026
首都师范大学,教育技术学,040104,13,A,2026
天津师范大学,教育技术学,040104,14,A,2026
江西师范大学,教育技术学,040104,15,B+,2026
湖南师范大学,教育技术学,040104,16,B+,2026
江南大学,教育技术学,040104,17,B+,2026
上海师范大学,教育技术学,040104,18,B+,2026
广州大学,教育技术学,040104,19,B+,2026
山东师范大学,教育技术学,040104,19,B+,2026
浙江工业大学,教育技术学,040104,21,B+,2026
深圳大学,教育技术学,040104,22,B+,2026
南京邮电大学,教育技术学,040104,23,B+,2026
四川师范大学,教育技术学,040104,23,B+,2026
河北师范大学,教育技术学,040104,25,B+,2026
温州大学,教育技术学,040104,26,B+,2026
江苏师范大学,教育技术学,040104,27,B+,2026
福建师范大学,教育技术学,040104,28,B+,2026
曲阜师范大学,教育技术学,040104,29,B+,2026
河南师范大学,教育技术学,040104,30,B+,2026
安徽师范大学,教育技术学,040104,31,B+,2026
云南师范大学,教育技术学,040104,32,B+,2026
西北师范大学,教育技术学,040104,33,B+,2026
扬州大学,教育技术学,040104,34,B+,2026
延边大学,教育技术学,040104,35,B+,2026
贵州师范大学,教育技术学,040104,36,B+,2026
湖北大学,教育技术学,040104,37,B+,2026
上海外国语大学,教育技术学,040104,38,B+,2026
江苏大学,教育技术学,040104,39,B+,2026
沈阳师范大学,教育技术学,040104,40,B+,2026
海南师范大学,教育技术学,040104,41,B+,2026
重庆师范大学,教育技术学,040104,42,B+,2026
南通大学,教育技术学,040104,42,B+,2026
山西师范大学,教育技术学,040104,42,B+,2026
辽宁师范大学,教育技术学,040104,45,B,2026
湖北师范大学,教育技术学,040104,46,B,2026
宁夏大学,教育技术学,040104,47,B,2026
南宁师范大学,教育技术学,040104,48,B,2026
青岛大学,教育技术学,040104,49,B,2026
中南民族大学,教育技术学,040104,50,B,2026
新疆师范大学,教育技术学,040104,51,B,2026
湖州师范大学,教育技术学,040104,52,B,2026
西华师范大学,教育技术学,040104,52,B,2026
淮北师范大学,教育技术学,040104,54,B,2026
湖南科技大学,教育技术学,040104,55,B,2026
广东技术师范大学,教育技术学,040104,56,B,2026
哈尔滨师范大学,教育技术学,040104,57,B,2026
江西科技师范大学,教育技术学,040104,58,B,2026
陕西科技大学,教育技术学,040104,59,B,2026
湖北文理学院,教育技术学,040104,60,B,2026
内蒙古师范大学,教育技术学,040104,61,B,2026
天津职业技术师范大学,教育技术学,040104,62,B,2026
赣南师范大学,教育技术学,040104,63,B,2026
闽南师范大学,教育技术学,040104,64,B,2026
湖南第一师范学院,教育技术学,040104,65,B,2026
天津外国语大学,教育技术学,040104,66,B,2026
延安大学,教育技术学,040104,67,B,2026
宁夏师范大学,教育技术学,040104,68,B,2026
淮阴师范学院,教育技术学,040104,69,B,2026
聊城大学,教育技术学,040104,70,B,2026
山西大同大学,教育技术学,040104,71,B,2026
黄冈师范学院,教育技术学,040104,72,B,2026
四川美术学院,艺术教育,040105,1,A+,2026
广州美术学院,艺术教育,040105,2,A+,2026
中央美术学院,艺术教育,040105,3,A,2026
景德镇陶瓷大学,艺术教育,040105,4,A,2026
湖北美术学院,艺术教育,040105,5,A,2026
西藏民族大学,艺术教育,040105,6,B+,2026
绵阳师范学院,艺术教育,040105,7,B+,2026
成都师范学院,艺术教育,040105,8,B+,2026
重庆第二师范学院,艺术教育,040105,9,B+,2026
潍坊科技学院,艺术教育,040105,10,B+,2026
景德镇学院,艺术教育,040105,11,B+,2026
汉江师范学院,艺术教育,040105,12,B+,2026
山西传媒学院,艺术教育,040105,13,B+,2026
张家口学院,艺术教育,040105,14,B+,2026
成都文理学院,艺术教育,040105,15,B+,2026
西南财经大学天府学院,艺术教育,040105,16,B+,2026
西安思源学院,艺术教育,040105,17,B+,2026
中南林业科技大学涉外学院,艺术教育,040105,18,B,2026
四川传媒学院,艺术教育,040105,19,B,2026
广西民族大学相思湖学院,艺术教育,040105,20,B,2026
福州外语外贸学院,艺术教育,040105,21,B,2026
昆明传媒学院,艺术教育,040105,22,B,2026
四川电影电视学院,艺术教育,040105,23,B,2026
仰恩大学,艺术教育,040105,24,B,2026
西北大学现代学院,艺术教育,040105,25,B,2026
广西外国语学院,艺术教育,040105,26,B,2026
大连艺术学院,艺术教育,040105,27,B,2026
上海师范大学天华学院,艺术教育,040105,27,B,2026
山西工商学院,艺术教育,040105,29,B,2026
南京师范大学,学前教育,040106,1,A+,2026
北京师范大学,学前教育,040106,2,A+,2026
华东师范大学,学前教育,040106,3,A+,2026
华中师范大学,学前教育,040106,4,A+,2026
西南大学,学前教育,040106,5,A+,2026
浙江师范大学,学前教育,040106,6,A+,2026
陕西师范大学,学前教育,040106,7,A+,2026
东北师范大学,学前教育,040106,8,A+,2026
杭州师范大学,学前教育,040106,9,A,2026
华南师范大学,学前教育,040106,10,A,2026
广西师范大学,学前教育,040106,11,A,2026
四川师范大学,学前教育,040106,12,A,2026
江西师范大学,学前教育,040106,13,A,2026
宁波大学,学前教育,040106,14,A,2026
山东师范大学,学前教育,040106,15,A,2026
湖南师范大学,学前教育,040106,16,A,2026
上海师范大学,学前教育,040106,17,A,2026
首都师范大学,学前教育,040106,17,A,2026
河南大学,学前教育,040106,19,A,2026
沈阳师范大学,学前教育,040106,20,A,2026
天津师范大学,学前教育,040106,21,A,2026
重庆师范大学,学前教育,040106,22,A,2026
安徽师范大学,学前教育,040106,23,A,2026
西北师范大学,学前教育,040106,24,A,2026
云南师范大学,学前教育,040106,24,A,2026
河南师范大学,学前教育,040106,26,A,2026
曲阜师范大学,学前教育,040106,27,A,2026
温州大学,学前教育,040106,28,A,2026
江苏师范大学,学前教育,040106,29,A,2026
河北师范大学,学前教育,040106,30,A,2026
福建师范大学,学前教育,040106,31,A,2026
南通大学,学前教育,040106,32,A,2026
河北大学,学前教育,040106,33,A,2026
贵州师范大学,学前教育,040106,34,A,2026
山西师范大学,学前教育,040106,35,A,2026
辽宁师范大学,学前教育,040106,36,A,2026
宁夏大学,学前教育,040106,37,A,2026
湖北师范大学,学前教育,040106,38,A,2026
湖州师范大学,学前教育,040106,39,A,2026
广州大学,学前教育,040106,40,A,2026
集美大学,学前教育,040106,40,A,2026
青岛大学,学前教育,040106,42,A,2026
扬州大学,学前教育,040106,43,A,2026
新疆师范大学,学前教育,040106,44,A,2026
深圳大学,学前教育,040106,45,B+,2026
鲁东大学,学前教育,040106,46,B+,2026
成都大学,学前教育,040106,47,B+,2026
广东技术师范大学,学前教育,040106,48,B+,2026
延边大学,学前教育,040106,49,B+,2026
宁夏师范大学,学前教育,040106,50,B+,2026
南宁师范大学,学前教育,040106,51,B+,2026
石河子大学,学前教育,040106,52,B+,2026
嘉兴大学,学前教育,040106,53,B+,2026
淮北师范大学,学前教育,040106,54,B+,2026
沈阳大学,学前教育,040106,55,B+,2026
西安文理学院,学前教育,040106,56,B+,2026
哈尔滨师范大学,学前教育,040106,57,B+,2026
西华师范大学,学前教育,040106,57,B+,2026
江西科技师范大学,学前教育,040106,59,B+,2026
安庆师范大学,学前教育,040106,60,B+,2026
中华女子学院,学前教育,040106,60,B+,2026
闽南师范大学,学前教育,040106,62,B+,2026
赣南师范大学,学前教育,040106,63,B+,2026
青海民族大学,学前教育,040106,64,B+,2026
青海师范大学,学前教育,040106,65,B+,2026
临沂大学,学前教育,040106,66,B+,2026
陕西理工大学,学前教育,040106,67,B+,2026
黄冈师范学院,学前教育,040106,68,B+,2026
大理大学,学前教育,040106,69,B+,2026
贵州师范学院,学前教育,040106,70,B+,2026
丽水学院,学前教育,040106,70,B+,2026
绵阳师范学院,学前教育,040106,70,B+,2026
信阳师范大学,学前教育,040106,73,B+,2026
渤海大学,学前教育,040106,74,B+,2026
台州学院,学前教育,040106,74,B+,2026
长沙师范学院,学前教育,040106,76,B+,2026
太原师范学院,学前教育,040106,76,B+,2026
湖北科技学院,学前教育,040106,78,B+,2026
湖北文理学院,学前教育,040106,78,B+,2026
江苏第二师范学院,学前教育,040106,78,B+,2026
长江大学,学前教育,040106,81,B+,2026
衡阳师范学院,学前教育,040106,81,B+,2026
内蒙古师范大学,学前教育,040106,81,B+,2026
南京晓庄学院,学前教育,040106,84,B+,2026
四川轻化工大学,学前教育,040106,84,B+,2026
贵阳学院,学前教育,040106,86,B+,2026
衢州学院,学前教育,040106,87,B+,2026
河北科技师范学院,学前教育,040106,88,B+,2026
呼伦贝尔学院,学前教育,040106,88,B+,2026
内江师范学院,学前教育,040106,88,B+,2026
黔南民族师范学院,学前教育,040106,88,B+,2026
合肥师范学院,学前教育,040106,92,B+,2026
湖南文理学院,学前教育,040106,93,B+,2026
乐山师范学院,学前教育,040106,93,B+,2026
莆田学院,学前教育,040106,95,B+,2026
昆明学院,学前教育,040106,96,B+,2026
海南师范大学,学前教育,040106,97,B+,2026
成都师范学院,学前教育,040106,98,B+,2026
西藏民族大学,学前教育,040106,98,B+,2026
喀什大学,学前教育,040106,100,B+,2026
齐齐哈尔大学,学前教育,040106,101,B+,2026
西南民族大学,学前教育,040106,101,B+,2026
盐城师范学院,学前教育,040106,101,B+,2026
苏州工学院,学前教育,040106,104,B+,2026
四川外国语大学,学前教育,040106,105,B+,2026
安阳师范学院,学前教育,040106,106,B+,2026
西华大学,学前教育,040106,106,B+,2026
合肥大学,学前教育,040106,108,B+,2026
牡丹江师范学院,学前教育,040106,109,B+,2026
北京联合大学,学前教育,040106,110,B+,2026
河南科技学院,学前教育,040106,110,B+,2026
南昌师范学院,学前教育,040106,110,B+,2026
贵州民族大学,学前教育,040106,113,B+,2026
西藏大学,学前教育,040106,113,B+,2026
榆林大学,学前教育,040106,113,B+,2026
延安大学,学前教育,040106,116,B+,2026
浙江外国语学院,学前教育,040106,117,B+,2026
鞍山师范学院,学前教育,040106,118,B+,2026
广东第二师范学院,学前教育,040106,118,B+,2026
洛阳师范学院,学前教育,040106,120,B+,2026
平顶山学院,学前教育,040106,121,B+,2026
德州学院,学前教育,040106,122,B+,2026
齐鲁师范学院,学前教育,040106,122,B+,2026
陕西学前师范学院,学前教育,040106,122,B+,2026
石家庄学院,学前教育,040106,122,B+,2026
南京特殊教育师范学院,学前教育,040106,126,B+,2026
遵义师范学院,学前教育,040106,126,B+,2026
内蒙古民族大学,学前教育,040106,128,B+,2026
泉州师范学院,学前教育,040106,129,B+,2026
内蒙古科技大学包头师范学院,学前教育,040106,130,B+,2026
重庆第二师范学院,学前教育,040106,131,B+,2026
佛山大学,学前教育,040106,131,B+,2026
淮阴师范学院,学前教育,040106,131,B+,2026
重庆文理学院,学前教育,040106,134,B,2026
吉首大学,学前教育,040106,135,B,2026
南阳师范学院,学前教育,040106,135,B,2026
曲靖师范学院,学前教育,040106,137,B,2026
宜宾学院,学前教育,040106,138,B,2026
玉林师范学院,学前教育,040106,138,B,2026
河北北方学院,学前教育,040106,140,B,2026
宁德师范学院,学前教育,040106,141,B,2026
铜仁学院,学前教育,040106,141,B,2026
郑州师范学院,学前教育,040106,141,B,2026
山西大同大学,学前教育,040106,144,B,2026
湖北工程学院,学前教育,040106,145,B,2026
山东航空学院,学前教育,040106,145,B,2026
兰州城市学院,学前教育,040106,147,B,2026
聊城大学,学前教育,040106,148,B,2026
山东女子学院,学前教育,040106,148,B,2026
天津体育学院,学前教育,040106,150,B,2026
河西学院,学前教育,040106,151,B,2026
西昌学院,学前教育,040106,151,B,2026
江苏理工学院,学前教育,040106,153,B,2026
廊坊师范学院,学前教育,040106,153,B,2026
呼和浩特民族学院,学前教育,040106,155,B,2026
宝鸡文理学院,学前教育,040106,156,B,2026
滁州学院,学前教育,040106,157,B,2026
湖南第一师范学院,学前教育,040106,158,B,2026
兴义民族师范学院,学前教育,040106,158,B,2026
肇庆学院,学前教育,040106,160,B,2026
通化师范学院,学前教育,040106,161,B,2026
许昌学院,学前教育,040106,161,B,2026
阿坝师范学院,学前教育,040106,163,B,2026
淮南师范学院,学前教育,040106,163,B,2026
云南民族大学,学前教育,040106,163,B,2026
六盘水师范学院,学前教育,040106,166,B,2026
龙岩学院,学前教育,040106,166,B,2026
伊犁师范大学,学前教育,040106,168,B,2026
常州工学院,学前教育,040106,169,B,2026
安顺学院,学前教育,040106,170,B,2026
黄山学院,学前教育,040106,171,B,2026
荆楚理工学院,学前教育,040106,171,B,2026
天水师范大学,学前教育,040106,171,B,2026
怀化学院,学前教育,040106,174,B,2026
湖南女子学院,学前教育,040106,174,B,2026
洛阳理工学院,学前教育,040106,174,B,2026
长春师范大学,学前教育,040106,177,B,2026
池州学院,学前教育,040106,178,B,2026
吕梁学院,学前教育,040106,179,B,2026
泰山学院,学前教育,040106,179,B,2026
塔里木大学,学前教育,040106,179,B,2026
大庆师范学院,学前教育,040106,182,B,2026
咸阳师范学院,学前教育,040106,182,B,2026
玉溪师范学院,学前教育,040106,182,B,2026
哈尔滨学院,学前教育,040106,185,B,2026
阜阳师范大学,学前教育,040106,186,B,2026
凯里学院,学前教育,040106,186,B,2026
绍兴大学,学前教育,040106,186,B,2026
豫章师范学院,学前教育,040106,186,B,2026
张家口学院,学前教育,040106,186,B,2026
长治学院,学前教育,040106,191,B,2026
河北民族师范学院,学前教育,040106,191,B,2026
四川民族学院,学前教育,040106,191,B,2026
衡水学院,学前教育,040106,194,B,2026
四川文理学院,学前教育,040106,194,B,2026
沧州师范学院,学前教育,040106,196,B,2026
商丘师范学院,学前教育,040106,196,B,2026
唐山师范学院,学前教育,040106,196,B,2026
赤峰大学,学前教育,040106,199,B,2026
晋中学院,学前教育,040106,199,B,2026
嘉应学院,学前教育,040106,201,B,2026
吉林工程技术师范学院,学前教育,040106,201,B,2026
上饶师范学院,学前教育,040106,201,B,2026
汉江师范学院,学前教育,040106,204,B,2026
红河学院,学前教育,040106,205,B,2026
琼台师范学院,学前教育,040106,205,B,2026
岭南师范学院,学前教育,040106,207,B,2026
广州体育学院,学前教育,040106,208,B,2026
甘肃民族师范学院,学前教育,040106,209,B,2026
萍乡学院,学前教育,040106,209,B,2026
泰州学院,学前教育,040106,211,B,2026
广西科技师范学院,学前教育,040106,212,B,2026
武夷学院,学前教育,040106,213,B,2026
重庆人文科技学院,学前教育,040106,214,B,2026
贵州工程应用技术学院,学前教育,040106,215,B,2026
兰州文理学院,学前教育,040106,216,B,2026
保定学院,学前教育,040106,217,B,2026
楚雄师范学院,学前教育,040106,218,B,2026
景德镇学院,学前教育,040106,218,B,2026
吉林外国语大学,学前教育,040106,220,B,2026
东北师范大学,小学教育,040107,1,A+,2026
华南师范大学,小学教育,040107,2,A+,2026
杭州师范大学,小学教育,040107,3,A+,2026
首都师范大学,小学教育,040107,4,A+,2026
南京师范大学,小学教育,040107,5,A+,2026
天津师范大学,小学教育,040107,6,A+,2026
宁波大学,小学教育,040107,7,A,2026
上海师范大学,小学教育,040107,8,A,2026
浙江师范大学,小学教育,040107,9,A,2026
福建师范大学,小学教育,040107,10,A,2026
江西师范大学,小学教育,040107,11,A,2026
广西师范大学,小学教育,040107,12,A,2026
重庆师范大学,小学教育,040107,13,A,2026
四川师范大学,小学教育,040107,13,A,2026
海南师范大学,小学教育,040107,15,A,2026
江南大学,小学教育,040107,16,A,2026
贵州师范大学,小学教育,040107,17,A,2026
江苏师范大学,小学教育,040107,18,A,2026
广州大学,小学教育,040107,19,A,2026
南通大学,小学教育,040107,20,A,2026
云南师范大学,小学教育,040107,20,A,2026
温州大学,小学教育,040107,22,A,2026
河北师范大学,小学教育,040107,23,A,2026
湖南师范大学,小学教育,040107,24,A,2026
沈阳师范大学,小学教育,040107,25,A,2026
宁夏大学,小学教育,040107,26,A,2026
集美大学,小学教育,040107,27,A,2026
湖州师范大学,小学教育,040107,28,A,2026
青岛大学,小学教育,040107,29,A,2026
扬州大学,小学教育,040107,30,A,2026
河南师范大学,小学教育,040107,31,A,2026
湖北师范大学,小学教育,040107,32,A,2026
曲阜师范大学,小学教育,040107,32,A,2026
安徽师范大学,小学教育,040107,34,B+,2026
山西师范大学,小学教育,040107,35,B+,2026
鲁东大学,小学教育,040107,36,B+,2026
湖南第一师范学院,小学教育,040107,37,B+,2026
新疆师范大学,小学教育,040107,38,B+,2026
辽宁师范大学,小学教育,040107,39,B+,2026
南宁师范大学,小学教育,040107,40,B+,2026
哈尔滨师范大学,小学教育,040107,41,B+,2026
大连大学,小学教育,040107,42,B+,2026
宁夏师范大学,小学教育,040107,43,B+,2026
成都大学,小学教育,040107,44,B+,2026
南京晓庄学院,小学教育,040107,45,B+,2026
临沂大学,小学教育,040107,46,B+,2026
吉林师范大学,小学教育,040107,47,B+,2026
延边大学,小学教育,040107,47,B+,2026
青海师范大学,小学教育,040107,49,B+,2026
西华师范大学,小学教育,040107,49,B+,2026
沈阳大学,小学教育,040107,51,B+,2026
浙江外国语学院,小学教育,040107,52,B+,2026
聊城大学,小学教育,040107,53,B+,2026
大理大学,小学教育,040107,54,B+,2026
渤海大学,小学教育,040107,55,B+,2026
绵阳师范学院,小学教育,040107,55,B+,2026
浙江海洋大学,小学教育,040107,55,B+,2026
天水师范大学,小学教育,040107,58,B+,2026
合肥大学,小学教育,040107,59,B+,2026
昆明学院,小学教育,040107,59,B+,2026
长江师范学院,小学教育,040107,61,B+,2026
赣南师范大学,小学教育,040107,62,B+,2026
嘉兴大学,小学教育,040107,63,B+,2026
丽水学院,小学教育,040107,63,B+,2026
闽南师范大学,小学教育,040107,63,B+,2026
绍兴大学,小学教育,040107,63,B+,2026
重庆文理学院,小学教育,040107,67,B+,2026
长春师范大学,小学教育,040107,68,B+,2026
湖北第二师范学院,小学教育,040107,68,B+,2026
北华大学,小学教育,040107,70,B+,2026
河北科技师范学院,小学教育,040107,70,B+,2026
洛阳师范学院,小学教育,040107,70,B+,2026
西藏民族大学,小学教育,040107,73,B+,2026
贵阳学院,小学教育,040107,74,B+,2026
台州学院,小学教育,040107,75,B+,2026
石河子大学,小学教育,040107,76,B+,2026
广东技术师范大学,小学教育,040107,77,B+,2026
江苏理工学院,小学教育,040107,77,B+,2026
青海民族大学,小学教育,040107,79,B+,2026
东莞理工学院,小学教育,040107,80,B+,2026
衢州学院,小学教育,040107,80,B+,2026
内江师范学院,小学教育,040107,82,B+,2026
重庆三峡科技大学,小学教育,040107,83,B+,2026
乐山师范学院,小学教育,040107,84,B+,2026
咸阳师范学院,小学教育,040107,84,B+,2026
太原师范学院,小学教育,040107,86,B+,2026
湖北科技学院,小学教育,040107,87,B+,2026
成都师范学院,小学教育,040107,88,B+,2026
泉州师范学院,小学教育,040107,88,B+,2026
四川外国语大学,小学教育,040107,88,B+,2026
北部湾大学,小学教育,040107,91,B+,2026
重庆第二师范学院,小学教育,040107,91,B+,2026
吉首大学,小学教育,040107,93,B+,2026
黔南民族师范学院,小学教育,040107,94,B+,2026
淮阴师范学院,小学教育,040107,95,B+,2026
唐山师范学院,小学教育,040107,95,B+,2026
苏州工学院,小学教育,040107,97,B+,2026
西华大学,小学教育,040107,98,B+,2026
西安文理学院,小学教育,040107,99,B+,2026
兰州城市学院,小学教育,040107,100,B,2026
牡丹江师范学院,小学教育,040107,100,B,2026
盐城师范学院,小学教育,040107,102,B,2026
遵义师范学院,小学教育,040107,102,B,2026
惠州学院,小学教育,040107,104,B,2026
宁德师范学院,小学教育,040107,104,B,2026
信阳师范大学,小学教育,040107,104,B,2026
佳木斯大学,小学教育,040107,107,B,2026
山西大同大学,小学教育,040107,108,B,2026
北京联合大学,小学教育,040107,109,B,2026
平顶山学院,小学教育,040107,109,B,2026
江苏第二师范学院,小学教育,040107,111,B,2026
哈尔滨学院,小学教育,040107,112,B,2026
江西科技师范大学,小学教育,040107,113,B,2026
内蒙古科技大学包头师范学院,小学教育,040107,113,B,2026
鞍山师范学院,小学教育,040107,115,B,2026
湖北民族大学,小学教育,040107,116,B,2026
曲靖师范学院,小学教育,040107,116,B,2026
石家庄学院,小学教育,040107,116,B,2026
宜宾学院,小学教育,040107,116,B,2026
河西学院,小学教育,040107,120,B,2026
黄冈师范学院,小学教育,040107,120,B,2026
齐鲁师范学院,小学教育,040107,120,B,2026
内蒙古师范大学,小学教育,040107,123,B,2026
韩山师范学院,小学教育,040107,124,B,2026
井冈山大学,小学教育,040107,124,B,2026
岭南师范学院,小学教育,040107,124,B,2026
长沙师范学院,小学教育,040107,127,B,2026
嘉应学院,小学教育,040107,128,B,2026
肇庆学院,小学教育,040107,128,B,2026
廊坊师范学院,小学教育,040107,130,B,2026
郑州师范学院,小学教育,040107,130,B,2026
玉林师范学院,小学教育,040107,132,B,2026
湖北工程学院,小学教育,040107,133,B,2026
武夷学院,小学教育,040107,133,B,2026
河北民族师范学院,小学教育,040107,135,B,2026
合肥师范学院,小学教育,040107,135,B,2026
淮南师范学院,小学教育,040107,137,B,2026
内蒙古民族大学,小学教育,040107,137,B,2026
安庆师范大学,小学教育,040107,139,B,2026
湖北文理学院,小学教育,040107,139,B,2026
南京特殊教育师范学院,小学教育,040107,139,B,2026
赤峰大学,小学教育,040107,142,B,2026
德州学院,小学教育,040107,142,B,2026
南昌师范学院,小学教育,040107,142,B,2026
六盘水师范学院,小学教育,040107,145,B,2026
四川文理学院,小学教育,040107,146,B,2026
湖南文理学院,小学教育,040107,147,B,2026
潍坊学院,小学教育,040107,148,B,2026
铜仁学院,小学教育,040107,149,B,2026
阜阳师范大学,小学教育,040107,150,B,2026
龙岩学院,小学教育,040107,150,B,2026
山东航空学院,小学教育,040107,150,B,2026
湖北理工学院,小学教育,040107,153,B,2026
昌吉学院,小学教育,040107,154,B,2026
商丘师范学院,小学教育,040107,154,B,2026
莆田学院,小学教育,040107,156,B,2026
凯里学院,小学教育,040107,157,B,2026
陕西学前师范学院,小学教育,040107,157,B,2026
齐齐哈尔大学,小学教育,040107,159,B,2026
安阳师范学院,小学教育,040107,160,B,2026
滁州学院,小学教育,040107,160,B,2026
汉江师范学院,小学教育,040107,160,B,2026
广西科技师范学院,小学教育,040107,163,B,2026
呼和浩特民族学院,小学教育,040107,163,B,2026
伊犁师范大学,小学教育,040107,165,B,2026
华东师范大学,特殊教育,040108,1,A+,2026
北京师范大学,特殊教育,040108,2,A+,2026
华中师范大学,特殊教育,040108,3,A,2026
西南大学,特殊教育,040108,4,A,2026
华南师范大学,特殊教育,040108,5,A,2026
陕西师范大学,特殊教育,040108,6,A,2026
浙江师范大学,特殊教育,040108,7,B+,2026
湖南师范大学,特殊教育,040108,8,B+,2026
杭州师范大学,特殊教育,040108,9,B+,2026
四川师范大学,特殊教育,040108,10,B+,2026
重庆师范大学,特殊教育,040108,11,B+,2026
广州大学,特殊教育,040108,12,B+,2026
辽宁师范大学,特殊教育,040108,13,B+,2026
广西师范大学,特殊教育,040108,14,B+,2026
云南师范大学,特殊教育,040108,15,B+,2026
西北师范大学,特殊教育,040108,16,B+,2026
海南师范大学,特殊教育,040108,17,B+,2026
济南大学,特殊教育,040108,18,B+,2026
新疆师范大学,特殊教育,040108,19,B+,2026
北京语言大学,特殊教育,040108,20,B,2026
湖北师范大学,特殊教育,040108,21,B,2026
淮北师范大学,特殊教育,040108,22,B,2026
南京特殊教育师范学院,特殊教育,040108,23,B,2026
南宁师范大学,特殊教育,040108,24,B,2026
成都大学,特殊教育,040108,25,B,2026
内蒙古师范大学,特殊教育,040108,26,B,2026
贵州师范学院,特殊教育,040108,27,B,2026
长春大学,特殊教育,040108,28,B,2026
安庆师范大学,特殊教育,040108,29,B,2026
乐山师范学院,特殊教育,040108,30,B,2026
上海体育大学,特殊教育,040108,31,B,2026
岭南师范学院,特殊教育,040108,32,B,2026
暨南大学,华文教育,040109T,1,A+,2026
华侨大学,华文教育,040109T,2,A+,2026
上海杉达学院,卫生教育,040111T,,,2026
北京语言大学,认知科学与技术,040112T,,,2026
贵州民族大学,认知科学与技术,040112T,,,2026
华中师范大学,融合教育,040113T,1,A+,2026
重庆第二师范学院,融合教育,040113T,2,A+,2026
青岛滨海学院,融合教育,040113T,2,A+,2026
重庆第二师范学院,家庭教育,040115T,,,2026
临沂大学,家庭教育,040115T,,,2026
中华女子学院,家庭教育,040115T,,,2026
山东女子学院,婴幼儿发展与健康管理,040118T,,,2026
陕西学前师范学院,婴幼儿发展与健康管理,040118T,,,2026
华东师范大学,体育教育,040201,1,A+,2026
北京体育大学,体育教育,040201,2,A+,2026
上海体育大学,体育教育,040201,3,A+,2026
福建师范大学,体育教育,040201,4,A+,2026
武汉体育学院,体育教育,040201,5,A+,2026
北京师范大学,体育教育,040201,6,A+,2026
首都体育学院,体育教育,040201,7,A+,2026
成都体育学院,体育教育,040201,8,A,2026
华中师范大学,体育教育,040201,9,A,2026
华南师范大学,体育教育,040201,10,A,2026
宁波大学,体育教育,040201,10,A,2026
沈阳体育学院,体育教育,040201,12,A,2026
清华大学,体育教育,040201,13,A,2026
苏州大学,体育教育,040201,14,A,2026
广州体育学院,体育教育,040201,15,A,2026
扬州大学,体育教育,040201,16,A,2026
浙江大学,体育教育,040201,17,A,2026
山东体育学院,体育教育,040201,18,A,2026
南京体育学院,体育教育,040201,19,A,2026
陕西师范大学,体育教育,040201,20,A,2026
杭州师范大学,体育教育,040201,21,A,2026
西安体育学院,体育教育,040201,22,A,2026
云南师范大学,体育教育,040201,22,A,2026
西南大学,体育教育,040201,24,A,2026
天津体育学院,体育教育,040201,25,A,2026
湖南师范大学,体育教育,040201,26,A,2026
曲阜师范大学,体育教育,040201,27,A,2026
郑州大学,体育教育,040201,28,A,2026
湖北大学,体育教育,040201,29,A,2026
吉首大学,体育教育,040201,30,A,2026
河南大学,体育教育,040201,31,A,2026
辽宁师范大学,体育教育,040201,31,A,2026
南京师范大学,体育教育,040201,31,A,2026
吉林体育学院,体育教育,040201,34,A,2026
浙江师范大学,体育教育,040201,34,A,2026
南通大学,体育教育,040201,36,A,2026
东北师范大学,体育教育,040201,37,A,2026
深圳大学,体育教育,040201,38,A,2026
安徽师范大学,体育教育,040201,39,B+,2026
山西师范大学,体育教育,040201,40,B+,2026
广西师范大学,体育教育,040201,41,B+,2026
哈尔滨体育学院,体育教育,040201,42,B+,2026
集美大学,体育教育,040201,42,B+,2026
山东师范大学,体育教育,040201,44,B+,2026
温州大学,体育教育,040201,45,B+,2026
湖南工业大学,体育教育,040201,46,B+,2026
江西师范大学,体育教育,040201,47,B+,2026
河南师范大学,体育教育,040201,48,B+,2026
山西大学,体育教育,040201,49,B+,2026
河北师范大学,体育教育,040201,50,B+,2026
上海师范大学,体育教育,040201,51,B+,2026
新疆师范大学,体育教育,040201,52,B+,2026
沈阳大学,体育教育,040201,53,B+,2026
太原理工大学,体育教育,040201,54,B+,2026
成都大学,体育教育,040201,55,B+,2026
宁夏大学,体育教育,040201,55,B+,2026
四川师范大学,体育教育,040201,55,B+,2026
淮北师范大学,体育教育,040201,58,B+,2026
湖南科技大学,体育教育,040201,58,B+,2026
沈阳师范大学,体育教育,040201,60,B+,2026
西藏民族大学,体育教育,040201,61,B+,2026
北京大学,体育教育,040201,62,B+,2026
长江大学,体育教育,040201,62,B+,2026
青海师范大学,体育教育,040201,64,B+,2026
贵州大学,体育教育,040201,65,B+,2026
哈尔滨师范大学,体育教育,040201,65,B+,2026
鲁东大学,体育教育,040201,65,B+,2026
南昌大学,体育教育,040201,68,B+,2026
贵州师范大学,体育教育,040201,69,B+,2026
湖州师范大学,体育教育,040201,69,B+,2026
内蒙古师范大学,体育教育,040201,69,B+,2026
延安大学,体育教育,040201,69,B+,2026
三峡大学,体育教育,040201,73,B+,2026
贵阳学院,体育教育,040201,74,B+,2026
西华师范大学,体育教育,040201,74,B+,2026
西北师范大学,体育教育,040201,76,B+,2026
肇庆学院,体育教育,040201,76,B+,2026
重庆师范大学,体育教育,040201,78,B+,2026
海南师范大学,体育教育,040201,78,B+,2026
湖北民族大学,体育教育,040201,78,B+,2026
丽水学院,体育教育,040201,78,B+,2026
湖北文理学院,体育教育,040201,82,B+,2026
绍兴大学,体育教育,040201,82,B+,2026
云南大学,体育教育,040201,82,B+,2026
重庆工商大学,体育教育,040201,85,B+,2026
赣南师范大学,体育教育,040201,85,B+,2026
湖北师范大学,体育教育,040201,85,B+,2026
天津师范大学,体育教育,040201,85,B+,2026
延边大学,体育教育,040201,85,B+,2026
大连大学,体育教育,040201,90,B+,2026
大理大学,体育教育,040201,91,B+,2026
莆田学院,体育教育,040201,91,B+,2026
盐城师范学院,体育教育,040201,91,B+,2026
江西科技师范大学,体育教育,040201,94,B+,2026
井冈山大学,体育教育,040201,94,B+,2026
东华理工大学,体育教育,040201,96,B+,2026
铜仁学院,体育教育,040201,96,B+,2026
安庆师范大学,体育教育,040201,98,B+,2026
吉林师范大学,体育教育,040201,98,B+,2026
闽南师范大学,体育教育,040201,98,B+,2026
西南石油大学,体育教育,040201,98,B+,2026
阜阳师范大学,体育教育,040201,102,B+,2026
济南大学,体育教育,040201,102,B+,2026
石河子大学,体育教育,040201,102,B+,2026
云南民族大学,体育教育,040201,102,B+,2026
广州大学,体育教育,040201,106,B+,2026
河北科技师范学院,体育教育,040201,106,B+,2026
江苏师范大学,体育教育,040201,106,B+,2026
鞍山师范学院,体育教育,040201,109,B+,2026
内蒙古民族大学,体育教育,040201,109,B+,2026
山东航空学院,体育教育,040201,109,B+,2026
天水师范大学,体育教育,040201,109,B+,2026
淮阴师范学院,体育教育,040201,113,B+,2026
河南科技学院,体育教育,040201,114,B+,2026
呼伦贝尔学院,体育教育,040201,114,B+,2026
昆明学院,体育教育,040201,114,B+,2026
宁夏师范大学,体育教育,040201,114,B+,2026
安阳师范学院,体育教育,040201,118,B,2026
陕西理工大学,体育教育,040201,118,B,2026
佳木斯大学,体育教育,040201,120,B,2026
山西大同大学,体育教育,040201,120,B,2026
玉溪师范学院,体育教育,040201,120,B,2026
赤峰大学,体育教育,040201,123,B,2026
牡丹江师范学院,体育教育,040201,123,B,2026
嘉应学院,体育教育,040201,125,B,2026
四川农业大学,体育教育,040201,126,B,2026
广东第二师范学院,体育教育,040201,127,B,2026
广西民族大学,体育教育,040201,127,B,2026
华东交通大学,体育教育,040201,127,B,2026
长江师范学院,体育教育,040201,130,B,2026
临沂大学,体育教育,040201,131,B,2026
中央民族大学,体育教育,040201,132,B,2026
巢湖学院,体育教育,040201,133,B,2026
河南科技大学,体育教育,040201,133,B,2026
上饶师范学院,体育教育,040201,133,B,2026
长春师范大学,体育教育,040201,136,B,2026
衡阳师范学院,体育教育,040201,136,B,2026
湖南理工大学,体育教育,040201,138,B,2026
西北民族大学,体育教育,040201,138,B,2026
湖北科技学院,体育教育,040201,140,B,2026
黄冈师范学院,体育教育,040201,141,B,2026
南宁师范大学,体育教育,040201,141,B,2026
信阳师范大学,体育教育,040201,143,B,2026
景德镇陶瓷大学,体育教育,040201,144,B,2026
长沙师范学院,体育教育,040201,145,B,2026
邵阳学院,体育教育,040201,146,B,2026
台州学院,体育教育,040201,147,B,2026
北京科技大学,体育教育,040201,148,B,2026
重庆文理学院,体育教育,040201,148,B,2026
湖北第二师范学院,体育教育,040201,148,B,2026
暨南大学,体育教育,040201,148,B,2026
韶关学院,体育教育,040201,148,B,2026
湖南文理学院,体育教育,040201,153,B,2026
成都师范学院,体育教育,040201,154,B,2026
贵州师范学院,体育教育,040201,154,B,2026
河西学院,体育教育,040201,154,B,2026
宜宾学院,体育教育,040201,154,B,2026
湖南人文科技学院,体育教育,040201,158,B,2026
三明学院,体育教育,040201,158,B,2026
宿州学院,体育教育,040201,158,B,2026
安顺学院,体育教育,040201,161,B,2026
泉州师范学院,体育教育,040201,161,B,2026
遵义师范学院,体育教育,040201,161,B,2026
重庆三峡科技大学,体育教育,040201,164,B,2026
贵州民族大学,体育教育,040201,164,B,2026
江汉大学,体育教育,040201,164,B,2026
绵阳师范学院,体育教育,040201,167,B,2026
长治学院,体育教育,040201,168,B,2026
邯郸学院,体育教育,040201,168,B,2026
韩山师范学院,体育教育,040201,168,B,2026
乐山师范学院,体育教育,040201,168,B,2026
龙岩学院,体育教育,040201,168,B,2026
宁德师范学院,体育教育,040201,168,B,2026
西安文理学院,体育教育,040201,168,B,2026
西昌学院,体育教育,040201,168,B,2026
重庆第二师范学院,体育教育,040201,176,B,2026
内江师范学院,体育教育,040201,176,B,2026
张家口学院,体育教育,040201,176,B,2026
阿坝师范学院,体育教育,040201,179,B,2026
保定学院,体育教育,040201,179,B,2026
凯里学院,体育教育,040201,179,B,2026
平顶山学院,体育教育,040201,179,B,2026
泰山学院,体育教育,040201,179,B,2026
唐山师范学院,体育教育,040201,179,B,2026
潍坊学院,体育教育,040201,179,B,2026
湘南学院,体育教育,040201,179,B,2026
玉林师范学院,体育教育,040201,179,B,2026
沧州师范学院,体育教育,040201,188,B,2026
汉江师范学院,体育教育,040201,188,B,2026
红河学院,体育教育,040201,188,B,2026
廊坊师范学院,体育教育,040201,188,B,2026
青海民族大学,体育教育,040201,188,B,2026
陕西学前师范学院,体育教育,040201,188,B,2026
周口师范学院,体育教育,040201,188,B,2026
北京体育大学,运动训练,040202K,1,A+,2026
上海体育大学,运动训练,040202K,2,A+,2026
华东师范大学,运动训练,040202K,3,A+,2026
首都体育学院,运动训练,040202K,3,A+,2026
武汉体育学院,运动训练,040202K,5,A,2026
福建师范大学,运动训练,040202K,6,A,2026
成都体育学院,运动训练,040202K,7,A,2026
北京师范大学,运动训练,040202K,8,A,2026
宁波大学,运动训练,040202K,9,A,2026
南京体育学院,运动训练,040202K,10,A,2026
华南师范大学,运动训练,040202K,11,A,2026
沈阳体育学院,运动训练,040202K,11,A,2026
华中师范大学,运动训练,040202K,13,A,2026
西安体育学院,运动训练,040202K,14,A,2026
陕西师范大学,运动训练,040202K,15,A,2026
山东体育学院,运动训练,040202K,16,A,2026
上海交通大学,运动训练,040202K,17,A,2026
浙江大学,运动训练,040202K,17,A,2026
西南大学,运动训练,040202K,19,B+,2026
曲阜师范大学,运动训练,040202K,20,B+,2026
广州体育学院,运动训练,040202K,21,B+,2026
天津体育学院,运动训练,040202K,21,B+,2026
云南师范大学,运动训练,040202K,23,B+,2026
东北师范大学,运动训练,040202K,24,B+,2026
湖南师范大学,运动训练,040202K,25,B+,2026
山东大学,运动训练,040202K,26,B+,2026
南昌大学,运动训练,040202K,27,B+,2026
郑州大学,运动训练,040202K,27,B+,2026
吉林体育学院,运动训练,040202K,29,B+,2026
大连理工大学,运动训练,040202K,30,B+,2026
苏州大学,运动训练,040202K,31,B+,2026
安徽师范大学,运动训练,040202K,32,B+,2026
河南大学,运动训练,040202K,33,B+,2026
华南理工大学,运动训练,040202K,34,B+,2026
杭州师范大学,运动训练,040202K,35,B+,2026
深圳大学,运动训练,040202K,36,B+,2026
辽宁师范大学,运动训练,040202K,37,B+,2026
山西大学,运动训练,040202K,38,B+,2026
江西师范大学,运动训练,040202K,39,B+,2026
广西师范大学,运动训练,040202K,40,B+,2026
湖北大学,运动训练,040202K,40,B+,2026
浙江师范大学,运动训练,040202K,42,B+,2026
河南师范大学,运动训练,040202K,43,B+,2026
集美大学,运动训练,040202K,43,B+,2026
四川大学,运动训练,040202K,45,B+,2026
新疆师范大学,运动训练,040202K,46,B+,2026
吉林大学,运动训练,040202K,47,B+,2026
哈尔滨体育学院,运动训练,040202K,48,B+,2026
华东交通大学,运动训练,040202K,48,B+,2026
山西师范大学,运动训练,040202K,50,B+,2026
广西大学,运动训练,040202K,51,B+,2026
中南大学,运动训练,040202K,51,B+,2026
湖南工业大学,运动训练,040202K,53,B+,2026
江苏师范大学,运动训练,040202K,54,B,2026
中北大学,运动训练,040202K,54,B,2026
青海师范大学,运动训练,040202K,56,B,2026
西安交通大学,运动训练,040202K,57,B,2026
内蒙古师范大学,运动训练,040202K,58,B,2026
西北工业大学,运动训练,040202K,58,B,2026
吉林师范大学,运动训练,040202K,60,B,2026
厦门大学,运动训练,040202K,60,B,2026
贵州师范大学,运动训练,040202K,62,B,2026
山东理工大学,运动训练,040202K,62,B,2026
同济大学,运动训练,040202K,64,B,2026
中山大学,运动训练,040202K,64,B,2026
河北师范大学,运动训练,040202K,66,B,2026
衡阳师范学院,运动训练,040202K,67,B,2026
南京工业大学,运动训练,040202K,68,B,2026
武汉理工大学,运动训练,040202K,68,B,2026
赣南师范大学,运动训练,040202K,70,B,2026
嘉应学院,运动训练,040202K,71,B,2026
西安电子科技大学,运动训练,040202K,71,B,2026
中央财经大学,运动训练,040202K,71,B,2026
重庆大学,运动训练,040202K,74,B,2026
广东工业大学,运动训练,040202K,75,B,2026
河海大学,运动训练,040202K,75,B,2026
华东理工大学,运动训练,040202K,75,B,2026
江汉大学,运动训练,040202K,78,B,2026
华侨大学,运动训练,040202K,79,B,2026
湖北工业大学,运动训练,040202K,79,B,2026
东北大学,运动训练,040202K,81,B,2026
上海师范大学,运动训练,040202K,81,B,2026
中国海洋大学,运动训练,040202K,81,B,2026
聊城大学,运动训练,040202K,84,B,2026
暨南大学,运动训练,040202K,85,B,2026
长江大学,运动训练,040202K,86,B,2026
宁夏大学,运动训练,040202K,86,B,2026
三峡大学,运动训练,040202K,88,B,2026
成都大学,运动训练,040202K,89,B,2026
哈尔滨工业大学,运动训练,040202K,89,B,2026
江西财经大学,运动训练,040202K,89,B,2026
延边大学,运动训练,040202K,89,B,2026
中国矿业大学,运动训练,040202K,89,B,2026
华东师范大学,社会体育指导与管理,040203,1,A+,2026
上海体育大学,社会体育指导与管理,040203,2,A+,2026
首都体育学院,社会体育指导与管理,040203,3,A+,2026
华南师范大学,社会体育指导与管理,040203,4,A+,2026
成都体育学院,社会体育指导与管理,040203,5,A+,2026
武汉体育学院,社会体育指导与管理,040203,5,A+,2026
山东大学,社会体育指导与管理,040203,7,A,2026
山东体育学院,社会体育指导与管理,040203,8,A,2026
北京体育大学,社会体育指导与管理,040203,9,A,2026
扬州大学,社会体育指导与管理,040203,10,A,2026
沈阳体育学院,社会体育指导与管理,040203,11,A,2026
南京体育学院,社会体育指导与管理,040203,12,A,2026
广州体育学院,社会体育指导与管理,040203,13,A,2026
天津体育学院,社会体育指导与管理,040203,14,A,2026
郑州大学,社会体育指导与管理,040203,15,A,2026
南京师范大学,社会体育指导与管理,040203,16,A,2026
湖北大学,社会体育指导与管理,040203,17,A,2026
中国地质大学（武汉）,社会体育指导与管理,040203,18,A,2026
吉林体育学院,社会体育指导与管理,040203,19,A,2026
西安体育学院,社会体育指导与管理,040203,20,A,2026
云南师范大学,社会体育指导与管理,040203,21,A,2026
集美大学,社会体育指导与管理,040203,22,A,2026
湖南工业大学,社会体育指导与管理,040203,23,A,2026
山西师范大学,社会体育指导与管理,040203,24,A,2026
江西师范大学,社会体育指导与管理,040203,25,A,2026
南通大学,社会体育指导与管理,040203,26,A,2026
吉林大学,社会体育指导与管理,040203,27,A,2026
西安建筑科技大学,社会体育指导与管理,040203,28,A,2026
中南民族大学,社会体育指导与管理,040203,29,B+,2026
三峡大学,社会体育指导与管理,040203,30,B+,2026
盐城师范学院,社会体育指导与管理,040203,31,B+,2026
山东师范大学,社会体育指导与管理,040203,32,B+,2026
江西财经大学,社会体育指导与管理,040203,33,B+,2026
湖南农业大学,社会体育指导与管理,040203,34,B+,2026
中北大学,社会体育指导与管理,040203,35,B+,2026
西南科技大学,社会体育指导与管理,040203,36,B+,2026
广西师范大学,社会体育指导与管理,040203,37,B+,2026
成都大学,社会体育指导与管理,040203,38,B+,2026
哈尔滨体育学院,社会体育指导与管理,040203,38,B+,2026
西南医科大学,社会体育指导与管理,040203,40,B+,2026
广西科技大学,社会体育指导与管理,040203,41,B+,2026
海南师范大学,社会体育指导与管理,040203,41,B+,2026
山东财经大学,社会体育指导与管理,040203,41,B+,2026
燕山大学,社会体育指导与管理,040203,41,B+,2026
淮北师范大学,社会体育指导与管理,040203,45,B+,2026
江汉大学,社会体育指导与管理,040203,45,B+,2026
云南农业大学,社会体育指导与管理,040203,47,B+,2026
内蒙古师范大学,社会体育指导与管理,040203,48,B+,2026
贵州医科大学,社会体育指导与管理,040203,49,B+,2026
宁夏师范大学,社会体育指导与管理,040203,50,B+,2026
长安大学,社会体育指导与管理,040203,51,B+,2026
河南理工大学,社会体育指导与管理,040203,51,B+,2026
东北大学,社会体育指导与管理,040203,53,B+,2026
云南民族大学,社会体育指导与管理,040203,54,B+,2026
天水师范大学,社会体育指导与管理,040203,55,B+,2026
中国地质大学（北京）,社会体育指导与管理,040203,55,B+,2026
沈阳大学,社会体育指导与管理,040203,57,B+,2026
重庆邮电大学,社会体育指导与管理,040203,58,B+,2026
广州大学,社会体育指导与管理,040203,58,B+,2026
长江大学,社会体育指导与管理,040203,60,B+,2026
贵州民族大学,社会体育指导与管理,040203,60,B+,2026
徐州工程学院,社会体育指导与管理,040203,60,B+,2026
中国矿业大学,社会体育指导与管理,040203,60,B+,2026
成都理工大学,社会体育指导与管理,040203,64,B+,2026
河南农业大学,社会体育指导与管理,040203,64,B+,2026
西安石油大学,社会体育指导与管理,040203,64,B+,2026
郑州轻工业大学,社会体育指导与管理,040203,64,B+,2026
大理大学,社会体育指导与管理,040203,68,B+,2026
东北电力大学,社会体育指导与管理,040203,69,B+,2026
四川农业大学,社会体育指导与管理,040203,69,B+,2026
江西理工大学,社会体育指导与管理,040203,71,B+,2026
四川师范大学,社会体育指导与管理,040203,71,B+,2026
渤海大学,社会体育指导与管理,040203,73,B+,2026
湖北民族大学,社会体育指导与管理,040203,73,B+,2026
鲁东大学,社会体育指导与管理,040203,73,B+,2026
西北民族大学,社会体育指导与管理,040203,76,B+,2026
遵义医科大学,社会体育指导与管理,040203,76,B+,2026
北京化工大学,社会体育指导与管理,040203,78,B+,2026
湖南理工大学,社会体育指导与管理,040203,78,B+,2026
湖南涉外经济学院,社会体育指导与管理,040203,78,B+,2026
牡丹江师范学院,社会体育指导与管理,040203,78,B+,2026
西安工业大学,社会体育指导与管理,040203,78,B+,2026
闽南师范大学,社会体育指导与管理,040203,83,B+,2026
济南大学,社会体育指导与管理,040203,84,B+,2026
贵阳学院,社会体育指导与管理,040203,85,B,2026
湖北文理学院,社会体育指导与管理,040203,85,B,2026
吉林师范大学,社会体育指导与管理,040203,85,B,2026
内蒙古民族大学,社会体育指导与管理,040203,85,B,2026
齐齐哈尔大学,社会体育指导与管理,040203,85,B,2026
贵州师范大学,社会体育指导与管理,040203,90,B,2026
玉溪师范学院,社会体育指导与管理,040203,90,B,2026
临沂大学,社会体育指导与管理,040203,92,B,2026
肇庆学院,社会体育指导与管理,040203,92,B,2026
河南科技学院,社会体育指导与管理,040203,94,B,2026
佳木斯大学,社会体育指导与管理,040203,94,B,2026
太原师范学院,社会体育指导与管理,040203,94,B,2026
淮阴师范学院,社会体育指导与管理,040203,97,B,2026
信阳师范大学,社会体育指导与管理,040203,97,B,2026
安阳师范学院,社会体育指导与管理,040203,99,B,2026
江西科技师范大学,社会体育指导与管理,040203,99,B,2026
喀什大学,社会体育指导与管理,040203,99,B,2026
泉州师范学院,社会体育指导与管理,040203,102,B,2026
上饶师范学院,社会体育指导与管理,040203,102,B,2026
石家庄学院,社会体育指导与管理,040203,104,B,2026
池州学院,社会体育指导与管理,040203,105,B,2026
湖南城市学院,社会体育指导与管理,040203,106,B,2026
山东中医药大学,社会体育指导与管理,040203,106,B,2026
伊犁师范大学,社会体育指导与管理,040203,106,B,2026
邵阳学院,社会体育指导与管理,040203,109,B,2026
河北体育学院,社会体育指导与管理,040203,110,B,2026
广州应用科技学院,社会体育指导与管理,040203,111,B,2026
黄淮学院,社会体育指导与管理,040203,111,B,2026
楚雄师范学院,社会体育指导与管理,040203,113,B,2026
华北理工大学轻工学院,社会体育指导与管理,040203,114,B,2026
广西民族大学相思湖学院,社会体育指导与管理,040203,115,B,2026
哈尔滨师范大学,社会体育指导与管理,040203,116,B,2026
贺州学院,社会体育指导与管理,040203,116,B,2026
中国政法大学,社会体育指导与管理,040203,116,B,2026
沈阳城市学院,社会体育指导与管理,040203,119,B,2026
太原科技大学,社会体育指导与管理,040203,120,B,2026
天津中医药大学,社会体育指导与管理,040203,120,B,2026
沈阳化工大学,社会体育指导与管理,040203,122,B,2026
北京警察学院,社会体育指导与管理,040203,123,B,2026
山东农业大学,社会体育指导与管理,040203,123,B,2026
成都中医药大学,社会体育指导与管理,040203,125,B,2026
哈尔滨学院,社会体育指导与管理,040203,125,B,2026
辽宁财贸学院,社会体育指导与管理,040203,127,B,2026
湖州学院,社会体育指导与管理,040203,128,B,2026
东莞理工学院,社会体育指导与管理,040203,129,B,2026
黄冈师范学院,社会体育指导与管理,040203,129,B,2026
燕京理工学院,社会体育指导与管理,040203,129,B,2026
淮南师范学院,社会体育指导与管理,040203,132,B,2026
湖北科技学院,社会体育指导与管理,040203,132,B,2026
湖南农业大学东方科技学院,社会体育指导与管理,040203,132,B,2026
江苏科技大学,社会体育指导与管理,040203,132,B,2026
黔南民族师范学院,社会体育指导与管理,040203,132,B,2026
三明学院,社会体育指导与管理,040203,132,B,2026
绵阳师范学院,社会体育指导与管理,040203,138,B,2026
曲靖师范学院,社会体育指导与管理,040203,138,B,2026
潍坊学院,社会体育指导与管理,040203,138,B,2026
中南林业科技大学,社会体育指导与管理,040203,138,B,2026
上海体育大学,武术与民族传统体育,040204K,1,A+,2026
北京体育大学,武术与民族传统体育,040204K,2,A+,2026
首都体育学院,武术与民族传统体育,040204K,3,A,2026
成都体育学院,武术与民族传统体育,040204K,4,A,2026
武汉体育学院,武术与民族传统体育,040204K,5,A,2026
沈阳体育学院,武术与民族传统体育,040204K,6,A,2026
南京体育学院,武术与民族传统体育,040204K,7,B+,2026
杭州师范大学,武术与民族传统体育,040204K,8,B+,2026
山东体育学院,武术与民族传统体育,040204K,9,B+,2026
云南师范大学,武术与民族传统体育,040204K,9,B+,2026
广州体育学院,武术与民族传统体育,040204K,11,B+,2026
东北师范大学,武术与民族传统体育,040204K,12,B+,2026
河南大学,武术与民族传统体育,040204K,13,B+,2026
集美大学,武术与民族传统体育,040204K,14,B+,2026
苏州大学,武术与民族传统体育,040204K,14,B+,2026
吉首大学,武术与民族传统体育,040204K,16,B+,2026
天津体育学院,武术与民族传统体育,040204K,16,B+,2026
扬州大学,武术与民族传统体育,040204K,18,B+,2026
吉林体育学院,武术与民族传统体育,040204K,19,B,2026
山东师范大学,武术与民族传统体育,040204K,20,B,2026
西安体育学院,武术与民族传统体育,040204K,21,B,2026
郑州大学,武术与民族传统体育,040204K,22,B,2026
湖南师范大学,武术与民族传统体育,040204K,23,B,2026
山西师范大学,武术与民族传统体育,040204K,24,B,2026
江西师范大学,武术与民族传统体育,040204K,25,B,2026
河北师范大学,武术与民族传统体育,040204K,26,B,2026
山西大学,武术与民族传统体育,040204K,27,B,2026
哈尔滨体育学院,武术与民族传统体育,040204K,28,B,2026
广西师范大学,武术与民族传统体育,040204K,29,B,2026
湖南工业大学,武术与民族传统体育,040204K,30,B,2026
鲁东大学,武术与民族传统体育,040204K,30,B,2026
北京体育大学,运动人体科学,040205,1,A+,2026
上海体育大学,运动人体科学,040205,2,A+,2026
首都体育学院,运动人体科学,040205,3,B+,2026
成都体育学院,运动人体科学,040205,4,B+,2026
武汉体育学院,运动人体科学,040205,5,B+,2026
南京体育学院,运动人体科学,040205,6,B+,2026
广州体育学院,运动人体科学,040205,7,B,2026
沈阳体育学院,运动人体科学,040205,8,B,2026
湖南师范大学,运动人体科学,040205,9,B,2026
山东体育学院,运动人体科学,040205,9,B,2026
上海体育大学,运动康复,040206T,1,A+,2026
北京体育大学,运动康复,040206T,2,A+,2026
成都体育学院,运动康复,040206T,3,A,2026
武汉体育学院,运动康复,040206T,4,A,2026
首都体育学院,运动康复,040206T,5,A,2026
苏州大学,运动康复,040206T,6,A,2026
南京体育学院,运动康复,040206T,7,A,2026
沈阳体育学院,运动康复,040206T,8,A,2026
山东体育学院,运动康复,040206T,9,A,2026
广州体育学院,运动康复,040206T,10,A,2026
天津体育学院,运动康复,040206T,10,A,2026
西安体育学院,运动康复,040206T,12,B+,2026
吉林体育学院,运动康复,040206T,13,B+,2026
河北师范大学,运动康复,040206T,14,B+,2026
哈尔滨体育学院,运动康复,040206T,15,B+,2026
遵义医科大学,运动康复,040206T,16,B+,2026
河北科技师范学院,运动康复,040206T,17,B+,2026
北京航空航天大学,运动康复,040206T,18,B+,2026
蚌埠医科大学,运动康复,040206T,19,B+,2026
西南科技大学,运动康复,040206T,20,B+,2026
西南医科大学,运动康复,040206T,20,B+,2026
安庆师范大学,运动康复,040206T,22,B+,2026
齐齐哈尔大学,运动康复,040206T,23,B+,2026
燕山大学,运动康复,040206T,23,B+,2026
湖北中医药大学,运动康复,040206T,25,B+,2026
山西医科大学,运动康复,040206T,25,B+,2026
延安大学,运动康复,040206T,25,B+,2026
大连大学,运动康复,040206T,28,B+,2026
山东第一医科大学,运动康复,040206T,28,B+,2026
成都中医药大学,运动康复,040206T,30,B+,2026
贵州医科大学,运动康复,040206T,31,B+,2026
山西大同大学,运动康复,040206T,32,B,2026
贵州中医药大学,运动康复,040206T,33,B,2026
聊城大学,运动康复,040206T,33,B,2026
安徽医科大学,运动康复,040206T,35,B,2026
玉溪师范学院,运动康复,040206T,35,B,2026
温州医科大学,运动康复,040206T,37,B,2026
武汉体育学院体育科技学院,运动康复,040206T,38,B,2026
安徽中医药大学,运动康复,040206T,39,B,2026
山东第二医科大学,运动康复,040206T,40,B,2026
广西医科大学,运动康复,040206T,41,B,2026
黑龙江中医药大学,运动康复,040206T,42,B,2026
重庆文理学院,运动康复,040206T,43,B,2026
哈尔滨医科大学,运动康复,040206T,43,B,2026
长沙医学院,运动康复,040206T,45,B,2026
河南中医药大学,运动康复,040206T,45,B,2026
湖南中医药大学,运动康复,040206T,45,B,2026
福建医科大学,运动康复,040206T,48,B,2026
黄河科技学院,运动康复,040206T,48,B,2026
锦州医科大学,运动康复,040206T,48,B,2026
武汉商学院,运动康复,040206T,48,B,2026
赣南医科大学,运动康复,040206T,52,B,2026
北京体育大学,休闲体育,040207T,1,A+,2026
首都体育学院,休闲体育,040207T,2,A+,2026
武汉体育学院,休闲体育,040207T,3,A,2026
上海体育大学,休闲体育,040207T,4,A,2026
成都体育学院,休闲体育,040207T,5,A,2026
山东体育学院,休闲体育,040207T,6,A,2026
广州体育学院,休闲体育,040207T,7,A,2026
沈阳体育学院,休闲体育,040207T,8,A,2026
南京体育学院,休闲体育,040207T,9,A,2026
吉林体育学院,休闲体育,040207T,10,A,2026
深圳大学,休闲体育,040207T,11,A,2026
安徽师范大学,休闲体育,040207T,12,A,2026
天津体育学院,休闲体育,040207T,12,A,2026
西安体育学院,休闲体育,040207T,14,B+,2026
温州大学,休闲体育,040207T,15,B+,2026
常州大学,休闲体育,040207T,16,B+,2026
贵州大学,休闲体育,040207T,17,B+,2026
河北工程大学,休闲体育,040207T,18,B+,2026
湖北经济学院,休闲体育,040207T,19,B+,2026
武汉商学院,休闲体育,040207T,20,B+,2026
成都大学,休闲体育,040207T,21,B+,2026
成都理工大学,休闲体育,040207T,22,B+,2026
莆田学院,休闲体育,040207T,23,B+,2026
鞍山师范学院,休闲体育,040207T,24,B+,2026
贵州医科大学,休闲体育,040207T,24,B+,2026
河北科技师范学院,休闲体育,040207T,24,B+,2026
肇庆学院,休闲体育,040207T,27,B+,2026
海口经济学院,休闲体育,040207T,28,B+,2026
四川旅游学院,休闲体育,040207T,29,B+,2026
海南热带海洋学院,休闲体育,040207T,30,B+,2026
三亚学院,休闲体育,040207T,30,B+,2026
太原工业学院,休闲体育,040207T,32,B+,2026
河北传媒学院,休闲体育,040207T,33,B+,2026
滇池学院,休闲体育,040207T,34,B+,2026
海南大学,休闲体育,040207T,35,B+,2026
成都银杏酒店管理学院,休闲体育,040207T,36,B+,2026
青岛科技大学,休闲体育,040207T,37,B+,2026
湖南财政经济学院,休闲体育,040207T,38,B+,2026
珠海科技学院,休闲体育,040207T,38,B+,2026
三峡大学科技学院,休闲体育,040207T,40,B,2026
烟台大学,休闲体育,040207T,40,B,2026
福建师范大学协和学院,休闲体育,040207T,42,B,2026
河北地质大学,休闲体育,040207T,42,B,2026
成都师范学院,休闲体育,040207T,44,B,2026
池州学院,休闲体育,040207T,44,B,2026
贵州师范学院,休闲体育,040207T,44,B,2026
江苏海洋大学,休闲体育,040207T,44,B,2026
皖西学院,休闲体育,040207T,44,B,2026
贵州理工学院,休闲体育,040207T,49,B,2026
宿州学院,休闲体育,040207T,49,B,2026
贵州中医药大学,休闲体育,040207T,51,B,2026
广州应用科技学院,休闲体育,040207T,52,B,2026
桂林旅游学院,休闲体育,040207T,52,B,2026
淮南师范学院,休闲体育,040207T,52,B,2026
湖南第一师范学院,休闲体育,040207T,52,B,2026
宁德师范学院,休闲体育,040207T,52,B,2026
琼台师范学院,休闲体育,040207T,52,B,2026
武汉华夏理工学院,休闲体育,040207T,52,B,2026
芜湖学院,休闲体育,040207T,52,B,2026
晋中学院,休闲体育,040207T,60,B,2026
天津仁爱学院,休闲体育,040207T,60,B,2026
温州商学院,休闲体育,040207T,60,B,2026
成都工业学院,休闲体育,040207T,63,B,2026
广东海洋大学,休闲体育,040207T,63,B,2026
河北东方学院,休闲体育,040207T,63,B,2026
河北体育学院,休闲体育,040207T,63,B,2026
郑州师范学院,休闲体育,040207T,63,B,2026
北京体育大学,体能训练,040208T,1,A+,2026
首都体育学院,体能训练,040208T,2,A+,2026
上海体育大学,体能训练,040208T,3,B+,2026
成都体育学院,体能训练,040208T,4,B+,2026
武汉体育学院,体能训练,040208T,5,B+,2026
广州体育学院,体能训练,040208T,6,B+,2026
山东体育学院,体能训练,040208T,6,B+,2026
沈阳体育学院,体能训练,040208T,6,B+,2026
南京体育学院,体能训练,040208T,9,B,2026
天津体育学院,体能训练,040208T,10,B,2026
西安体育学院,体能训练,040208T,11,B,2026
吉林体育学院,体能训练,040208T,12,B,2026
中国民用航空飞行学院,体能训练,040208T,13,B,2026
广东财经大学,体能训练,040208T,14,B,2026
衢州学院,体能训练,040208T,14,B,2026
燕京理工学院,体能训练,040208T,14,B,2026
北京体育大学,冰雪运动,040209T,1,A+,2026
首都体育学院,冰雪运动,040209T,2,A+,2026
沈阳体育学院,冰雪运动,040209T,3,B+,2026
东北师范大学,冰雪运动,040209T,4,B+,2026
吉林体育学院,冰雪运动,040209T,5,B,2026
哈尔滨体育学院,冰雪运动,040209T,6,B,2026
新疆师范大学,冰雪运动,040209T,7,B,2026
北华大学,冰雪运动,040209T,8,B,2026
长春大学,运动能力开发,040213T,,,2026
山东体育学院,运动能力开发,040213T,,,2026
上海体育大学,运动能力开发,040213T,,,2026
广州体育学院,体育康养,040216T,1,A+,2026
河南医药大学,体育康养,040216T,2,A+,2026
北京大学,汉语言文学,050101,1,A+,2026
陕西师范大学,汉语言文学,050101,2,A+,2026
北京师范大学,汉语言文学,050101,3,A+,2026
复旦大学,汉语言文学,050101,4,A+,2026
南京大学,汉语言文学,050101,5,A+,2026
山东大学,汉语言文学,050101,5,A+,2026
四川大学,汉语言文学,050101,7,A+,2026
浙江大学,汉语言文学,050101,8,A+,2026
华东师范大学,汉语言文学,050101,9,A+,2026
华中师范大学,汉语言文学,050101,10,A+,2026
清华大学,汉语言文学,050101,11,A+,2026
中山大学,汉语言文学,050101,12,A+,2026
中国人民大学,汉语言文学,050101,13,A+,2026
武汉大学,汉语言文学,050101,14,A,2026
南开大学,汉语言文学,050101,15,A,2026
福建师范大学,汉语言文学,050101,16,A,2026
北京语言大学,汉语言文学,050101,17,A,2026
吉林大学,汉语言文学,050101,18,A,2026
暨南大学,汉语言文学,050101,19,A,2026
浙江师范大学,汉语言文学,050101,20,A,2026
湖南师范大学,汉语言文学,050101,21,A,2026
首都师范大学,汉语言文学,050101,22,A,2026
上海交通大学,汉语言文学,050101,23,A,2026
苏州大学,汉语言文学,050101,23,A,2026
西南大学,汉语言文学,050101,23,A,2026
西北大学,汉语言文学,050101,26,A,2026
中央民族大学,汉语言文学,050101,27,A,2026
厦门大学,汉语言文学,050101,28,A,2026
南京师范大学,汉语言文学,050101,29,A,2026
上海师范大学,汉语言文学,050101,29,A,2026
河北大学,汉语言文学,050101,31,A,2026
江苏师范大学,汉语言文学,050101,32,A,2026
山东师范大学,汉语言文学,050101,33,A,2026
华南师范大学,汉语言文学,050101,34,A,2026
上海大学,汉语言文学,050101,35,A,2026
安徽师范大学,汉语言文学,050101,36,A,2026
东北师范大学,汉语言文学,050101,36,A,2026
河南大学,汉语言文学,050101,36,A,2026
华中科技大学,汉语言文学,050101,39,A,2026
中国海洋大学,汉语言文学,050101,39,A,2026
兰州大学,汉语言文学,050101,41,A,2026
内蒙古大学,汉语言文学,050101,42,A,2026
郑州大学,汉语言文学,050101,42,A,2026
湖南大学,汉语言文学,050101,44,A,2026
杭州师范大学,汉语言文学,050101,45,A,2026
广州大学,汉语言文学,050101,46,A,2026
四川师范大学,汉语言文学,050101,47,A,2026
扬州大学,汉语言文学,050101,47,A,2026
浙江工商大学,汉语言文学,050101,49,A,2026
安徽大学,汉语言文学,050101,50,A,2026
温州大学,汉语言文学,050101,51,A,2026
黑龙江大学,汉语言文学,050101,52,A,2026
同济大学,汉语言文学,050101,52,A,2026
河北师范大学,汉语言文学,050101,54,A,2026
西北师范大学,汉语言文学,050101,54,A,2026
北京外国语大学,汉语言文学,050101,56,A,2026
江西师范大学,汉语言文学,050101,57,A,2026
中国传媒大学,汉语言文学,050101,58,A,2026
湖北大学,汉语言文学,050101,59,A,2026
浙江工业大学,汉语言文学,050101,59,A,2026
东南大学,汉语言文学,050101,61,A,2026
广西师范大学,汉语言文学,050101,62,A,2026
南通大学,汉语言文学,050101,63,A,2026
贵州师范大学,汉语言文学,050101,64,A,2026
海南大学,汉语言文学,050101,64,A,2026
云南大学,汉语言文学,050101,66,B+,2026
中南大学,汉语言文学,050101,67,B+,2026
南昌大学,汉语言文学,050101,68,B+,2026
华侨大学,汉语言文学,050101,69,B+,2026
广东外语外贸大学,汉语言文学,050101,70,B+,2026
天津师范大学,汉语言文学,050101,71,B+,2026
西南交通大学,汉语言文学,050101,72,B+,2026
青岛大学,汉语言文学,050101,73,B+,2026
中南民族大学,汉语言文学,050101,74,B+,2026
重庆大学,汉语言文学,050101,75,B+,2026
新疆大学,汉语言文学,050101,76,B+,2026
河南师范大学,汉语言文学,050101,77,B+,2026
西华师范大学,汉语言文学,050101,78,B+,2026
浙江财经大学,汉语言文学,050101,78,B+,2026
内蒙古师范大学,汉语言文学,050101,80,B+,2026
曲阜师范大学,汉语言文学,050101,80,B+,2026
山西大学,汉语言文学,050101,80,B+,2026
湘潭大学,汉语言文学,050101,83,B+,2026
哈尔滨师范大学,汉语言文学,050101,84,B+,2026
西南民族大学,汉语言文学,050101,85,B+,2026
西北民族大学,汉语言文学,050101,86,B+,2026
重庆师范大学,汉语言文学,050101,87,B+,2026
辽宁大学,汉语言文学,050101,88,B+,2026
深圳大学,汉语言文学,050101,88,B+,2026
天津大学,汉语言文学,050101,88,B+,2026
鲁东大学,汉语言文学,050101,91,B+,2026
贵州大学,汉语言文学,050101,92,B+,2026
宁夏大学,汉语言文学,050101,92,B+,2026
中国政法大学,汉语言文学,050101,94,B+,2026
海南师范大学,汉语言文学,050101,95,B+,2026
宁波大学,汉语言文学,050101,95,B+,2026
云南师范大学,汉语言文学,050101,97,B+,2026
江南大学,汉语言文学,050101,98,B+,2026
青海师范大学,汉语言文学,050101,99,B+,2026
辽宁师范大学,汉语言文学,050101,100,B+,2026
西藏大学,汉语言文学,050101,100,B+,2026
闽南师范大学,汉语言文学,050101,102,B+,2026
西安交通大学,汉语言文学,050101,103,B+,2026
山西师范大学,汉语言文学,050101,104,B+,2026
对外经济贸易大学,汉语言文学,050101,105,B+,2026
延边大学,汉语言文学,050101,106,B+,2026
广西大学,汉语言文学,050101,107,B+,2026
三峡大学,汉语言文学,050101,108,B+,2026
汕头大学,汉语言文学,050101,109,B+,2026
长江大学,汉语言文学,050101,110,B+,2026
江汉大学,汉语言文学,050101,111,B+,2026
大连理工大学,汉语言文学,050101,112,B+,2026
哈尔滨工业大学,汉语言文学,050101,113,B+,2026
中央财经大学,汉语言文学,050101,113,B+,2026
广西民族大学,汉语言文学,050101,115,B+,2026
石河子大学,汉语言文学,050101,115,B+,2026
中南财经政法大学,汉语言文学,050101,115,B+,2026
湖北师范大学,汉语言文学,050101,118,B+,2026
天津外国语大学,汉语言文学,050101,118,B+,2026
西华大学,汉语言文学,050101,118,B+,2026
南京信息工程大学,汉语言文学,050101,121,B+,2026
绍兴大学,汉语言文学,050101,122,B+,2026
信阳师范大学,汉语言文学,050101,122,B+,2026
长春理工大学,汉语言文学,050101,124,B+,2026
济南大学,汉语言文学,050101,124,B+,2026
内蒙古民族大学,汉语言文学,050101,124,B+,2026
集美大学,汉语言文学,050101,127,B+,2026
湖南科技大学,汉语言文学,050101,128,B+,2026
燕山大学,汉语言文学,050101,129,B+,2026
成都大学,汉语言文学,050101,130,B+,2026
贵州民族大学,汉语言文学,050101,131,B+,2026
西安工业大学,汉语言文学,050101,131,B+,2026
长沙理工大学,汉语言文学,050101,133,B+,2026
青海民族大学,汉语言文学,050101,134,B+,2026
赣南师范大学,汉语言文学,050101,135,B+,2026
延安大学,汉语言文学,050101,135,B+,2026
北京第二外国语学院,汉语言文学,050101,137,B+,2026
长春师范大学,汉语言文学,050101,137,B+,2026
聊城大学,汉语言文学,050101,137,B+,2026
沈阳师范大学,汉语言文学,050101,137,B+,2026
西藏民族大学,汉语言文学,050101,137,B+,2026
大连大学,汉语言文学,050101,142,B+,2026
云南民族大学,汉语言文学,050101,142,B+,2026
淮北师范大学,汉语言文学,050101,144,B+,2026
西南财经大学,汉语言文学,050101,145,B+,2026
阜阳师范大学,汉语言文学,050101,146,B+,2026
中国矿业大学,汉语言文学,050101,146,B+,2026
中国石油大学（华东）,汉语言文学,050101,146,B+,2026
淮阴师范学院,汉语言文学,050101,149,B+,2026
湖北民族大学,汉语言文学,050101,149,B+,2026
渤海大学,汉语言文学,050101,151,B+,2026
吉林师范大学,汉语言文学,050101,151,B+,2026
安徽农业大学,汉语言文学,050101,153,B+,2026
山东理工大学,汉语言文学,050101,154,B+,2026
陕西理工大学,汉语言文学,050101,154,B+,2026
湖南理工大学,汉语言文学,050101,156,B+,2026
江苏海洋大学,汉语言文学,050101,157,B+,2026
井冈山大学,汉语言文学,050101,157,B+,2026
四川外国语大学,汉语言文学,050101,157,B+,2026
安庆师范大学,汉语言文学,050101,160,B+,2026
吉首大学,汉语言文学,050101,160,B+,2026
西安外国语大学,汉语言文学,050101,160,B+,2026
山东财经大学,汉语言文学,050101,163,B+,2026
西安电子科技大学,汉语言文学,050101,164,B+,2026
东华理工大学,汉语言文学,050101,165,B+,2026
烟台大学,汉语言文学,050101,165,B+,2026
湖南工商大学,汉语言文学,050101,167,B+,2026
江苏大学,汉语言文学,050101,167,B+,2026
大理大学,汉语言文学,050101,169,B+,2026
南京审计大学,汉语言文学,050101,169,B+,2026
重庆三峡科技大学,汉语言文学,050101,171,B+,2026
江西科技师范大学,汉语言文学,050101,171,B+,2026
哈尔滨工程大学,汉语言文学,050101,173,B+,2026
太原师范学院,汉语言文学,050101,173,B+,2026
北华大学,汉语言文学,050101,175,B+,2026
北方民族大学,汉语言文学,050101,176,B+,2026
昆明学院,汉语言文学,050101,176,B+,2026
河南理工大学,汉语言文学,050101,178,B+,2026
华东政法大学,汉语言文学,050101,178,B+,2026
山西大同大学,汉语言文学,050101,178,B+,2026
新疆师范大学,汉语言文学,050101,181,B+,2026
河南财经政法大学,汉语言文学,050101,182,B+,2026
宁夏师范大学,汉语言文学,050101,182,B+,2026
浙江海洋大学,汉语言文学,050101,182,B+,2026
盐城师范学院,汉语言文学,050101,185,B+,2026
宝鸡文理学院,汉语言文学,050101,186,B+,2026
西安建筑科技大学,汉语言文学,050101,186,B+,2026
兰州交通大学,汉语言文学,050101,188,B+,2026
台州学院,汉语言文学,050101,188,B+,2026
广东技术师范大学,汉语言文学,050101,190,B+,2026
湖州师范大学,汉语言文学,050101,191,B+,2026
长安大学,汉语言文学,050101,192,B+,2026
常州大学,汉语言文学,050101,192,B+,2026
齐齐哈尔大学,汉语言文学,050101,194,B+,2026
江苏第二师范学院,汉语言文学,050101,195,B+,2026
福州大学,汉语言文学,050101,196,B,2026
南京晓庄学院,汉语言文学,050101,196,B,2026
佛山大学,汉语言文学,050101,198,B,2026
大连外国语大学,汉语言文学,050101,199,B,2026
佳木斯大学,汉语言文学,050101,199,B,2026
南京林业大学,汉语言文学,050101,201,B,2026
沈阳大学,汉语言文学,050101,201,B,2026
苏州工学院,汉语言文学,050101,201,B,2026
黄冈师范学院,汉语言文学,050101,204,B,2026
周口师范学院,汉语言文学,050101,205,B,2026
广东财经大学,汉语言文学,050101,206,B,2026
湖南第一师范学院,汉语言文学,050101,207,B,2026
西南科技大学,汉语言文学,050101,207,B,2026
浙江外国语学院,汉语言文学,050101,207,B,2026
重庆文理学院,汉语言文学,050101,210,B,2026
华南农业大学,汉语言文学,050101,210,B,2026
中国石油大学（北京）,汉语言文学,050101,212,B,2026
长江师范学院,汉语言文学,050101,213,B,2026
南京财经大学,汉语言文学,050101,213,B,2026
湖北第二师范学院,汉语言文学,050101,215,B,2026
牡丹江师范学院,汉语言文学,050101,215,B,2026
中国计量大学,汉语言文学,050101,215,B,2026
成都师范学院,汉语言文学,050101,218,B,2026
洛阳师范学院,汉语言文学,050101,218,B,2026
南阳师范学院,汉语言文学,050101,218,B,2026
贵州财经大学,汉语言文学,050101,221,B,2026
天水师范大学,汉语言文学,050101,221,B,2026
天津工业大学,汉语言文学,050101,223,B,2026
遵义师范学院,汉语言文学,050101,224,B,2026
湖南文理学院,汉语言文学,050101,225,B,2026
合肥师范学院,汉语言文学,050101,226,B,2026
安阳师范学院,汉语言文学,050101,227,B,2026
重庆第二师范学院,汉语言文学,050101,227,B,2026
广东海洋大学,汉语言文学,050101,227,B,2026
临沂大学,汉语言文学,050101,227,B,2026
湖北文理学院,汉语言文学,050101,231,B,2026
上海政法学院,汉语言文学,050101,231,B,2026
南宁师范大学,汉语言文学,050101,233,B,2026
四川农业大学,汉语言文学,050101,234,B,2026
湖南工业大学,汉语言文学,050101,235,B,2026
泉州师范学院,汉语言文学,050101,235,B,2026
渭南师范学院,汉语言文学,050101,235,B,2026
西安财经大学,汉语言文学,050101,235,B,2026
浙江农林大学,汉语言文学,050101,235,B,2026
郑州师范学院,汉语言文学,050101,235,B,2026
贵阳学院,汉语言文学,050101,241,B,2026
贵州师范学院,汉语言文学,050101,242,B,2026
惠州学院,汉语言文学,050101,242,B,2026
西安文理学院,汉语言文学,050101,242,B,2026
莆田学院,汉语言文学,050101,245,B,2026
广西民族师范学院,汉语言文学,050101,246,B,2026
南昌师范学院,汉语言文学,050101,246,B,2026
山东科技大学,汉语言文学,050101,246,B,2026
苏州科技大学,汉语言文学,050101,246,B,2026
常州工学院,汉语言文学,050101,250,B,2026
唐山师范学院,汉语言文学,050101,250,B,2026
五邑大学,汉语言文学,050101,250,B,2026
岭南师范学院,汉语言文学,050101,253,B,2026
南华大学,汉语言文学,050101,253,B,2026
浙大城市学院,汉语言文学,050101,253,B,2026
浙江科技大学,汉语言文学,050101,253,B,2026
西安石油大学,汉语言文学,050101,257,B,2026
浙江理工大学,汉语言文学,050101,257,B,2026
江苏理工学院,汉语言文学,050101,259,B,2026
内江师范学院,汉语言文学,050101,259,B,2026
河北经贸大学,汉语言文学,050101,261,B,2026
衡阳师范学院,汉语言文学,050101,261,B,2026
湖北科技学院,汉语言文学,050101,261,B,2026
绵阳师范学院,汉语言文学,050101,261,B,2026
咸阳师范学院,汉语言文学,050101,261,B,2026
合肥大学,汉语言文学,050101,266,B,2026
铜仁学院,汉语言文学,050101,266,B,2026
山东航空学院,汉语言文学,050101,268,B,2026
嘉应学院,汉语言文学,050101,269,B,2026
廊坊师范学院,汉语言文学,050101,269,B,2026
徐州工程学院,汉语言文学,050101,269,B,2026
潍坊学院,汉语言文学,050101,272,B,2026
上海立信会计金融学院,汉语言文学,050101,273,B,2026
河北科技师范学院,汉语言文学,050101,274,B,2026
华东交通大学,汉语言文学,050101,274,B,2026
闽江大学,汉语言文学,050101,274,B,2026
齐鲁师范学院,汉语言文学,050101,274,B,2026
苏州城市学院,汉语言文学,050101,274,B,2026
伊犁师范大学,汉语言文学,050101,274,B,2026
韩山师范学院,汉语言文学,050101,280,B,2026
江西农业大学,汉语言文学,050101,280,B,2026
宿迁学院,汉语言文学,050101,280,B,2026
皖西学院,汉语言文学,050101,280,B,2026
肇庆学院,汉语言文学,050101,284,B,2026
长沙学院,汉语言文学,050101,285,B,2026
成都信息工程大学,汉语言文学,050101,285,B,2026
重庆工商大学,汉语言文学,050101,285,B,2026
曲靖师范学院,汉语言文学,050101,285,B,2026
东北石油大学,汉语言文学,050101,289,B,2026
湖北理工学院,汉语言文学,050101,289,B,2026
黔南民族师范学院,汉语言文学,050101,289,B,2026
石家庄铁道大学,汉语言文学,050101,289,B,2026
河南科技学院,汉语言文学,050101,293,B,2026
衢州学院,汉语言文学,050101,293,B,2026
乐山师范学院,汉语言文学,050101,295,B,2026
龙岩学院,汉语言文学,050101,295,B,2026
浙江传媒学院,汉语言文学,050101,295,B,2026
河北农业大学,汉语言文学,050101,298,B,2026
泰州学院,汉语言文学,050101,298,B,2026
鞍山师范学院,汉语言文学,050101,300,B,2026
武汉轻工大学,汉语言文学,050101,300,B,2026
宜宾学院,汉语言文学,050101,300,B,2026
德州学院,汉语言文学,050101,303,B,2026
湖北工程学院,汉语言文学,050101,303,B,2026
丽水学院,汉语言文学,050101,303,B,2026
宁德师范学院,汉语言文学,050101,303,B,2026
许昌学院,汉语言文学,050101,303,B,2026
榆林大学,汉语言文学,050101,303,B,2026
北部湾大学,汉语言文学,050101,309,B,2026
东莞理工学院,汉语言文学,050101,309,B,2026
四川文理学院,汉语言文学,050101,309,B,2026
天津理工大学,汉语言文学,050101,309,B,2026
河北民族师范学院,汉语言文学,050101,313,B,2026
石家庄学院,汉语言文学,050101,313,B,2026
中国劳动关系学院,汉语言文学,050101,313,B,2026
湖南城市学院,汉语言文学,050101,316,B,2026
上饶师范学院,汉语言文学,050101,316,B,2026
陕西中医药大学,汉语言文学,050101,316,B,2026
湘南学院,汉语言文学,050101,316,B,2026
枣庄学院,汉语言文学,050101,316,B,2026
大连民族大学,汉语言文学,050101,321,B,2026
菏泽学院,汉语言文学,050101,321,B,2026
怀化学院,汉语言文学,050101,321,B,2026
淮南师范学院,汉语言文学,050101,321,B,2026
商丘师范学院,汉语言文学,050101,321,B,2026
重庆科技大学,汉语言文学,050101,326,B,2026
滁州学院,汉语言文学,050101,326,B,2026
汉江师范学院,汉语言文学,050101,326,B,2026
兰州理工大学,汉语言文学,050101,326,B,2026
西南林业大学,汉语言文学,050101,326,B,2026
玉林师范学院,汉语言文学,050101,326,B,2026
北京大学,汉语言,050102,1,A+,2026
复旦大学,汉语言,050102,2,A+,2026
北京师范大学,汉语言,050102,3,A,2026
中国人民大学,汉语言,050102,4,A,2026
中山大学,汉语言,050102,5,A,2026
华东师范大学,汉语言,050102,6,A,2026
华中师范大学,汉语言,050102,7,A,2026
南开大学,汉语言,050102,8,B+,2026
浙江大学,汉语言,050102,9,B+,2026
厦门大学,汉语言,050102,10,B+,2026
北京语言大学,汉语言,050102,11,B+,2026
上海交通大学,汉语言,050102,12,B+,2026
暨南大学,汉语言,050102,13,B+,2026
南京师范大学,汉语言,050102,14,B+,2026
首都师范大学,汉语言,050102,15,B+,2026
山东师范大学,汉语言,050102,16,B+,2026
中国传媒大学,汉语言,050102,17,B+,2026
上海大学,汉语言,050102,18,B+,2026
上海外国语大学,汉语言,050102,18,B+,2026
兰州大学,汉语言,050102,20,B+,2026
河北师范大学,汉语言,050102,21,B+,2026
鲁东大学,汉语言,050102,22,B,2026
浙江师范大学,汉语言,050102,23,B,2026
广东外语外贸大学,汉语言,050102,24,B,2026
上海师范大学,汉语言,050102,24,B,2026
天津大学,汉语言,050102,26,B,2026
东北师范大学,汉语言,050102,27,B,2026
西北民族大学,汉语言,050102,28,B,2026
中国政法大学,汉语言,050102,29,B,2026
西安交通大学,汉语言,050102,30,B,2026
延边大学,汉语言,050102,30,B,2026
海南大学,汉语言,050102,32,B,2026
云南大学,汉语言,050102,33,B,2026
大连理工大学,汉语言,050102,34,B,2026
华侨大学,汉语言,050102,35,B,2026
北京语言大学,汉语国际教育,050103,1,A+,2026
华东师范大学,汉语国际教育,050103,2,A+,2026
四川大学,汉语国际教育,050103,3,A+,2026
山东大学,汉语国际教育,050103,4,A+,2026
武汉大学,汉语国际教育,050103,4,A+,2026
南京大学,汉语国际教育,050103,6,A+,2026
南开大学,汉语国际教育,050103,7,A+,2026
首都师范大学,汉语国际教育,050103,8,A,2026
福建师范大学,汉语国际教育,050103,9,A,2026
中央民族大学,汉语国际教育,050103,10,A,2026
暨南大学,汉语国际教育,050103,11,A,2026
上海外国语大学,汉语国际教育,050103,12,A,2026
苏州大学,汉语国际教育,050103,13,A,2026
北京外国语大学,汉语国际教育,050103,14,A,2026
浙江师范大学,汉语国际教育,050103,15,A,2026
上海师范大学,汉语国际教育,050103,16,A,2026
湖南师范大学,汉语国际教育,050103,17,A,2026
郑州大学,汉语国际教育,050103,18,A,2026
华中科技大学,汉语国际教育,050103,19,A,2026
河北大学,汉语国际教育,050103,20,A,2026
河南大学,汉语国际教育,050103,21,A,2026
安徽大学,汉语国际教育,050103,22,A,2026
内蒙古大学,汉语国际教育,050103,23,A,2026
中国传媒大学,汉语国际教育,050103,23,A,2026
山东师范大学,汉语国际教育,050103,25,A,2026
广东外语外贸大学,汉语国际教育,050103,26,A,2026
上海大学,汉语国际教育,050103,26,A,2026
南京师范大学,汉语国际教育,050103,28,A,2026
西南大学,汉语国际教育,050103,29,A,2026
江苏师范大学,汉语国际教育,050103,30,A,2026
重庆大学,汉语国际教育,050103,31,A,2026
西南交通大学,汉语国际教育,050103,32,A,2026
南昌大学,汉语国际教育,050103,33,A,2026
湖北大学,汉语国际教育,050103,34,A,2026
天津师范大学,汉语国际教育,050103,35,A,2026
西北大学,汉语国际教育,050103,35,A,2026
安徽师范大学,汉语国际教育,050103,37,A,2026
江西师范大学,汉语国际教育,050103,38,B+,2026
新疆大学,汉语国际教育,050103,39,B+,2026
西北师范大学,汉语国际教育,050103,40,B+,2026
黑龙江大学,汉语国际教育,050103,41,B+,2026
四川师范大学,汉语国际教育,050103,41,B+,2026
杭州师范大学,汉语国际教育,050103,43,B+,2026
兰州大学,汉语国际教育,050103,43,B+,2026
东北师范大学,汉语国际教育,050103,45,B+,2026
河北师范大学,汉语国际教育,050103,46,B+,2026
重庆师范大学,汉语国际教育,050103,47,B+,2026
广西大学,汉语国际教育,050103,48,B+,2026
河北工业大学,汉语国际教育,050103,48,B+,2026
深圳大学,汉语国际教育,050103,50,B+,2026
广西师范大学,汉语国际教育,050103,51,B+,2026
河南师范大学,汉语国际教育,050103,52,B+,2026
扬州大学,汉语国际教育,050103,53,B+,2026
华南理工大学,汉语国际教育,050103,54,B+,2026
辽宁师范大学,汉语国际教育,050103,54,B+,2026
沈阳师范大学,汉语国际教育,050103,54,B+,2026
江苏大学,汉语国际教育,050103,57,B+,2026
南京信息工程大学,汉语国际教育,050103,57,B+,2026
四川外国语大学,汉语国际教育,050103,57,B+,2026
北京体育大学,汉语国际教育,050103,60,B+,2026
西安电子科技大学,汉语国际教育,050103,61,B+,2026
西华师范大学,汉语国际教育,050103,61,B+,2026
北京第二外国语学院,汉语国际教育,050103,63,B+,2026
南京工业大学,汉语国际教育,050103,63,B+,2026
天津外国语大学,汉语国际教育,050103,63,B+,2026
云南师范大学,汉语国际教育,050103,63,B+,2026
辽宁大学,汉语国际教育,050103,67,B+,2026
武汉理工大学,汉语国际教育,050103,68,B+,2026
西安外国语大学,汉语国际教育,050103,68,B+,2026
南京审计大学,汉语国际教育,050103,70,B+,2026
中国计量大学,汉语国际教育,050103,71,B+,2026
南通大学,汉语国际教育,050103,72,B+,2026
华侨大学,汉语国际教育,050103,73,B+,2026
鲁东大学,汉语国际教育,050103,74,B+,2026
西北农林科技大学,汉语国际教育,050103,74,B+,2026
天津中医药大学,汉语国际教育,050103,76,B+,2026
昆明理工大学,汉语国际教育,050103,77,B+,2026
华北理工大学,汉语国际教育,050103,78,B+,2026
东北农业大学,汉语国际教育,050103,79,B+,2026
延边大学,汉语国际教育,050103,80,B+,2026
河北经贸大学,汉语国际教育,050103,81,B+,2026
湖北工业大学,汉语国际教育,050103,81,B+,2026
闽南师范大学,汉语国际教育,050103,83,B+,2026
西南科技大学,汉语国际教育,050103,83,B+,2026
上海对外经贸大学,汉语国际教育,050103,85,B+,2026
杭州电子科技大学,汉语国际教育,050103,86,B+,2026
三峡大学,汉语国际教育,050103,86,B+,2026
上海政法学院,汉语国际教育,050103,86,B+,2026
成都中医药大学,汉语国际教育,050103,89,B+,2026
哈尔滨师范大学,汉语国际教育,050103,89,B+,2026
南京林业大学,汉语国际教育,050103,89,B+,2026
江西理工大学,汉语国际教育,050103,92,B+,2026
成都大学,汉语国际教育,050103,93,B+,2026
天津科技大学,汉语国际教育,050103,93,B+,2026
广西民族大学,汉语国际教育,050103,95,B+,2026
太原理工大学,汉语国际教育,050103,95,B+,2026
湖北师范大学,汉语国际教育,050103,97,B+,2026
山东财经大学,汉语国际教育,050103,97,B+,2026
海南师范大学,汉语国际教育,050103,99,B+,2026
安徽中医药大学,汉语国际教育,050103,100,B+,2026
天津职业技术师范大学,汉语国际教育,050103,100,B+,2026
曲阜师范大学,汉语国际教育,050103,102,B+,2026
临沂大学,汉语国际教育,050103,103,B+,2026
贵州师范大学,汉语国际教育,050103,104,B+,2026
西华大学,汉语国际教育,050103,104,B+,2026
燕山大学,汉语国际教育,050103,104,B+,2026
南宁师范大学,汉语国际教育,050103,107,B+,2026
重庆交通大学,汉语国际教育,050103,108,B+,2026
西安工业大学,汉语国际教育,050103,108,B+,2026
闽江大学,汉语国际教育,050103,110,B+,2026
信阳师范大学,汉语国际教育,050103,110,B+,2026
长春师范大学,汉语国际教育,050103,112,B,2026
河南农业大学,汉语国际教育,050103,112,B,2026
大连外国语大学,汉语国际教育,050103,114,B,2026
华北水利水电大学,汉语国际教育,050103,114,B,2026
淮阴师范学院,汉语国际教育,050103,114,B,2026
湖南科技大学,汉语国际教育,050103,117,B,2026
武汉工程大学,汉语国际教育,050103,117,B,2026
郑州轻工业大学,汉语国际教育,050103,119,B,2026
大理大学,汉语国际教育,050103,120,B,2026
黄山学院,汉语国际教育,050103,121,B,2026
上海体育大学,汉语国际教育,050103,121,B,2026
西交利物浦大学,汉语国际教育,050103,123,B,2026
浙江外国语学院,汉语国际教育,050103,123,B,2026
长春理工大学,汉语国际教育,050103,125,B,2026
河南科技大学,汉语国际教育,050103,126,B,2026
淮北师范大学,汉语国际教育,050103,126,B,2026
上海第二工业大学,汉语国际教育,050103,126,B,2026
大连大学,汉语国际教育,050103,129,B,2026
广东海洋大学,汉语国际教育,050103,129,B,2026
烟台大学,汉语国际教育,050103,129,B,2026
绍兴大学,汉语国际教育,050103,132,B,2026
延安大学,汉语国际教育,050103,133,B,2026
中华女子学院,汉语国际教育,050103,134,B,2026
陕西理工大学,汉语国际教育,050103,135,B,2026
安庆师范大学,汉语国际教育,050103,136,B,2026
江西科技师范大学,汉语国际教育,050103,136,B,2026
广西科技大学,汉语国际教育,050103,138,B,2026
赣南师范大学,汉语国际教育,050103,139,B,2026
内蒙古师范大学,汉语国际教育,050103,139,B,2026
湖北第二师范学院,汉语国际教育,050103,141,B,2026
新疆师范大学,汉语国际教育,050103,141,B,2026
渤海大学,汉语国际教育,050103,143,B,2026
黄冈师范学院,汉语国际教育,050103,143,B,2026
重庆理工大学,汉语国际教育,050103,145,B,2026
湖南城市学院,汉语国际教育,050103,145,B,2026
安阳师范学院,汉语国际教育,050103,147,B,2026
吉林师范大学,汉语国际教育,050103,147,B,2026
衡阳师范学院,汉语国际教育,050103,149,B,2026
兰州交通大学,汉语国际教育,050103,149,B,2026
河北中医药大学,汉语国际教育,050103,151,B,2026
厦门理工学院,汉语国际教育,050103,151,B,2026
湖南第一师范学院,汉语国际教育,050103,153,B,2026
嘉兴大学,汉语国际教育,050103,154,B,2026
西南林业大学,汉语国际教育,050103,154,B,2026
井冈山大学,汉语国际教育,050103,156,B,2026
湖北中医药大学,汉语国际教育,050103,157,B,2026
绵阳师范学院,汉语国际教育,050103,158,B,2026
内蒙古民族大学,汉语国际教育,050103,158,B,2026
吉林外国语大学,汉语国际教育,050103,160,B,2026
郑州师范学院,汉语国际教育,050103,160,B,2026
长春大学,汉语国际教育,050103,162,B,2026
桂林旅游学院,汉语国际教育,050103,162,B,2026
郑州航空工业管理学院,汉语国际教育,050103,162,B,2026
桂林电子科技大学,汉语国际教育,050103,165,B,2026
广东第二师范学院,汉语国际教育,050103,166,B,2026
宁夏师范大学,汉语国际教育,050103,167,B,2026
北部湾大学,汉语国际教育,050103,168,B,2026
河北工程大学,汉语国际教育,050103,168,B,2026
南京晓庄学院,汉语国际教育,050103,170,B,2026
鞍山师范学院,汉语国际教育,050103,171,B,2026
泉州师范学院,汉语国际教育,050103,172,B,2026
金陵科技学院,汉语国际教育,050103,173,B,2026
浙江越秀外国语学院,汉语国际教育,050103,174,B,2026
江苏第二师范学院,汉语国际教育,050103,175,B,2026
齐齐哈尔大学,汉语国际教育,050103,175,B,2026
唐山师范学院,汉语国际教育,050103,177,B,2026
景德镇陶瓷大学,汉语国际教育,050103,178,B,2026
云南农业大学,汉语国际教育,050103,178,B,2026
河北地质大学,汉语国际教育,050103,180,B,2026
四川旅游学院,汉语国际教育,050103,180,B,2026
大庆师范学院,汉语国际教育,050103,182,B,2026
韩山师范学院,汉语国际教育,050103,183,B,2026
苏州城市学院,汉语国际教育,050103,184,B,2026
兴义民族师范学院,汉语国际教育,050103,184,B,2026
宜宾学院,汉语国际教育,050103,184,B,2026
中央民族大学,中国少数民族语言文学,050104,1,A+,2026
内蒙古大学,中国少数民族语言文学,050104,2,A+,2026
新疆大学,中国少数民族语言文学,050104,3,A,2026
内蒙古师范大学,中国少数民族语言文学,050104,4,B+,2026
西北民族大学,中国少数民族语言文学,050104,5,B+,2026
西藏大学,中国少数民族语言文学,050104,5,B+,2026
青海师范大学,中国少数民族语言文学,050104,7,B+,2026
黑龙江大学,中国少数民族语言文学,050104,8,B+,2026
西南民族大学,中国少数民族语言文学,050104,9,B+,2026
广西民族大学,中国少数民族语言文学,050104,10,B+,2026
贵州民族大学,中国少数民族语言文学,050104,11,B+,2026
青海民族大学,中国少数民族语言文学,050104,12,B,2026
新疆师范大学,中国少数民族语言文学,050104,12,B,2026
石河子大学,中国少数民族语言文学,050104,14,B,2026
内蒙古民族大学,中国少数民族语言文学,050104,15,B,2026
延边大学,中国少数民族语言文学,050104,16,B,2026
四川民族学院,中国少数民族语言文学,050104,17,B,2026
长春师范大学,中国少数民族语言文学,050104,18,B,2026
西昌学院,中国少数民族语言文学,050104,19,B,2026
北京大学,古典文献学,050105,1,A+,2026
浙江大学,古典文献学,050105,2,A+,2026
陕西师范大学,古典文献学,050105,3,B,2026
南京师范大学,古典文献学,050105,4,B,2026
北京大学,应用语言学,050106T,1,A+,2026
赤峰大学,应用语言学,050106T,2,A+,2026
首都师范大学,秘书学,050107T,1,A+,2026
南京师范大学,秘书学,050107T,2,A+,2026
扬州大学,秘书学,050107T,3,A,2026
四川师范大学,秘书学,050107T,4,A,2026
江苏师范大学,秘书学,050107T,5,A,2026
安徽师范大学,秘书学,050107T,6,A,2026
西华师范大学,秘书学,050107T,7,A,2026
重庆师范大学,秘书学,050107T,8,A,2026
西北师范大学,秘书学,050107T,9,A,2026
云南师范大学,秘书学,050107T,10,A,2026
青海民族大学,秘书学,050107T,11,A,2026
宁夏师范大学,秘书学,050107T,12,B+,2026
广东海洋大学,秘书学,050107T,13,B+,2026
河南财经政法大学,秘书学,050107T,14,B+,2026
南宁师范大学,秘书学,050107T,15,B+,2026
南京晓庄学院,秘书学,050107T,16,B+,2026
内蒙古财经大学,秘书学,050107T,17,B+,2026
湖南理工大学,秘书学,050107T,18,B+,2026
嘉兴南湖学院,秘书学,050107T,19,B+,2026
江苏第二师范学院,秘书学,050107T,20,B+,2026
内蒙古师范大学,秘书学,050107T,21,B+,2026
淮阴师范学院,秘书学,050107T,22,B+,2026
常州工学院,秘书学,050107T,23,B+,2026
甘肃农业大学,秘书学,050107T,24,B+,2026
唐山学院,秘书学,050107T,25,B+,2026
江苏理工学院,秘书学,050107T,26,B+,2026
攀枝花学院,秘书学,050107T,27,B+,2026
泰州学院,秘书学,050107T,28,B+,2026
铜仁学院,秘书学,050107T,29,B+,2026
云南农业大学,秘书学,050107T,30,B+,2026
唐山师范学院,秘书学,050107T,31,B+,2026
西安航空学院,秘书学,050107T,31,B+,2026
山西大同大学,秘书学,050107T,33,B+,2026
云南财经大学,秘书学,050107T,33,B+,2026
南昌师范学院,秘书学,050107T,35,B+,2026
海南热带海洋学院,秘书学,050107T,36,B,2026
保定学院,秘书学,050107T,37,B,2026
山东农业工程学院,秘书学,050107T,38,B,2026
山东管理学院,秘书学,050107T,39,B,2026
安康学院,秘书学,050107T,40,B,2026
韩山师范学院,秘书学,050107T,40,B,2026
运城学院,秘书学,050107T,42,B,2026
牡丹江师范学院,秘书学,050107T,43,B,2026
湖南科技学院,秘书学,050107T,44,B,2026
昭通学院,秘书学,050107T,44,B,2026
商洛学院,秘书学,050107T,46,B,2026
太原学院,秘书学,050107T,46,B,2026
内蒙古科技大学,秘书学,050107T,48,B,2026
韶关学院,秘书学,050107T,49,B,2026
忻州师范学院,秘书学,050107T,49,B,2026
长春光华学院,秘书学,050107T,51,B,2026
广西民族师范学院,秘书学,050107T,51,B,2026
银川能源学院,秘书学,050107T,51,B,2026
宁波财经学院,秘书学,050107T,54,B,2026
昌吉学院,秘书学,050107T,55,B,2026
广西科技师范学院,秘书学,050107T,56,B,2026
四川传媒学院,秘书学,050107T,57,B,2026
河北北方学院,秘书学,050107T,58,B,2026
浙江树人学院,秘书学,050107T,58,B,2026
北京师范大学,中国语言与文化,050108T,1,A+,2026
齐鲁理工学院,中国语言与文化,050108T,2,A+,2026
重庆城市科技学院,中国语言与文化,050108T,3,B,2026
南京特殊教育师范学院,手语翻译,050109T,,,2026
贵州师范大学,数字人文,050110T,1,A+,2026
湖南工商大学,数字人文,050110T,2,A+,2026
内蒙古师范大学,数字人文,050110T,3,B+,2026
烟台大学,数字人文,050110T,4,B+,2026
浙江传媒学院,数字人文,050110T,5,B,2026
赣南师范大学,数字人文,050110T,6,B,2026
安庆师范大学,数字人文,050110T,7,B,2026
四川大学,中国古典学,050111T,,,2026
中国人民大学,中国古典学,050111T,,,2026
北京语言大学,汉学与中国学,050112T,,,2026
西安建筑科技大学,应用中文,050113T,1,A+,2026
长沙师范学院,应用中文,050113T,2,A+,2026
北京外国语大学,桑戈语,050200T,,,2026
南京大学,英语,050201,1,A+,2026
北京外国语大学,英语,050201,2,A+,2026
上海交通大学,英语,050201,3,A+,2026
上海外国语大学,英语,050201,4,A+,2026
复旦大学,英语,050201,5,A+,2026
北京大学,英语,050201,6,A+,2026
浙江大学,英语,050201,7,A+,2026
山东大学,英语,050201,8,A+,2026
湖南师范大学,英语,050201,9,A+,2026
清华大学,英语,050201,10,A+,2026
华东师范大学,英语,050201,11,A+,2026
北京师范大学,英语,050201,12,A+,2026
西安交通大学,英语,050201,13,A+,2026
广东外语外贸大学,英语,050201,14,A+,2026
南开大学,英语,050201,15,A+,2026
北京航空航天大学,英语,050201,16,A+,2026
华中师范大学,英语,050201,16,A+,2026
同济大学,英语,050201,18,A+,2026
厦门大学,英语,050201,19,A+,2026
四川大学,英语,050201,20,A,2026
哈尔滨工业大学,英语,050201,21,A,2026
湖南大学,英语,050201,22,A,2026
南京师范大学,英语,050201,23,A,2026
中国人民大学,英语,050201,24,A,2026
东南大学,英语,050201,25,A,2026
中山大学,英语,050201,26,A,2026
电子科技大学,英语,050201,27,A,2026
杭州师范大学,英语,050201,28,A,2026
对外经济贸易大学,英语,050201,29,A,2026
华中科技大学,英语,050201,30,A,2026
中南大学,英语,050201,31,A,2026
吉林大学,英语,050201,32,A,2026
武汉大学,英语,050201,32,A,2026
北京理工大学,英语,050201,34,A,2026
北京邮电大学,英语,050201,35,A,2026
扬州大学,英语,050201,36,A,2026
大连理工大学,英语,050201,37,A,2026
西南大学,英语,050201,38,A,2026
苏州大学,英语,050201,39,A,2026
郑州大学,英语,050201,39,A,2026
四川外国语大学,英语,050201,41,A,2026
东北师范大学,英语,050201,42,A,2026
陕西师范大学,英语,050201,42,A,2026
中国海洋大学,英语,050201,44,A,2026
北京科技大学,英语,050201,45,A,2026
重庆大学,英语,050201,45,A,2026
大连外国语大学,英语,050201,47,A,2026
华南师范大学,英语,050201,48,A,2026
暨南大学,英语,050201,49,A,2026
黑龙江大学,英语,050201,50,A,2026
上海大学,英语,050201,51,A,2026
西安外国语大学,英语,050201,51,A,2026
延边大学,英语,050201,51,A,2026
北京语言大学,英语,050201,54,A,2026
北京第二外国语学院,英语,050201,55,A,2026
西北工业大学,英语,050201,56,A,2026
西南交通大学,英语,050201,57,A,2026
浙江师范大学,英语,050201,58,A,2026
宁波大学,英语,050201,59,A,2026
深圳大学,英语,050201,60,A,2026
上海师范大学,英语,050201,61,A,2026
中国政法大学,英语,050201,62,A,2026
河南大学,英语,050201,63,A,2026
天津外国语大学,英语,050201,63,A,2026
浙江工商大学,英语,050201,65,A,2026
外交学院,英语,050201,66,A,2026
湖北大学,英语,050201,67,A,2026
广西大学,英语,050201,68,A,2026
大连海事大学,英语,050201,69,A,2026
福建师范大学,英语,050201,70,A,2026
南京邮电大学,英语,050201,70,A,2026
东北大学,英语,050201,72,A,2026
南京理工大学,英语,050201,72,A,2026
南京航空航天大学,英语,050201,74,A,2026
中国传媒大学,英语,050201,75,A,2026
江苏师范大学,英语,050201,76,A,2026
哈尔滨师范大学,英语,050201,77,A,2026
湘潭大学,英语,050201,77,A,2026
首都师范大学,英语,050201,79,A,2026
贵州大学,英语,050201,80,A,2026
山东师范大学,英语,050201,81,A,2026
浙江财经大学,英语,050201,81,A,2026
江南大学,英语,050201,83,A,2026
安徽大学,英语,050201,84,A,2026
海南大学,英语,050201,85,A,2026
江西师范大学,英语,050201,86,A,2026
宁夏大学,英语,050201,86,A,2026
汕头大学,英语,050201,88,A,2026
云南大学,英语,050201,88,A,2026
天津大学,英语,050201,90,A,2026
兰州大学,英语,050201,91,A,2026
山东财经大学,英语,050201,92,A,2026
北京交通大学,英语,050201,93,A,2026
云南师范大学,英语,050201,93,A,2026
河北师范大学,英语,050201,95,A,2026
河南师范大学,英语,050201,96,A,2026
上海对外经贸大学,英语,050201,96,A,2026
哈尔滨工程大学,英语,050201,98,B+,2026
西安电子科技大学,英语,050201,99,B+,2026
上海理工大学,英语,050201,100,B+,2026
华中农业大学,英语,050201,101,B+,2026
南昌大学,英语,050201,102,B+,2026
燕山大学,英语,050201,103,B+,2026
中央民族大学,英语,050201,103,B+,2026
赣南师范大学,英语,050201,105,B+,2026
天津师范大学,英语,050201,106,B+,2026
北京林业大学,英语,050201,107,B+,2026
河海大学,英语,050201,107,B+,2026
国际关系学院,英语,050201,109,B+,2026
华东政法大学,英语,050201,109,B+,2026
曲阜师范大学,英语,050201,111,B+,2026
华侨大学,英语,050201,112,B+,2026
中央财经大学,英语,050201,113,B+,2026
华东理工大学,英语,050201,114,B+,2026
南京信息工程大学,英语,050201,114,B+,2026
南京农业大学,英语,050201,116,B+,2026
武汉理工大学,英语,050201,117,B+,2026
中国石油大学（北京）,英语,050201,117,B+,2026
中南财经政法大学,英语,050201,117,B+,2026
四川师范大学,英语,050201,120,B+,2026
北方工业大学,英语,050201,121,B+,2026
合肥工业大学,英语,050201,122,B+,2026
河北工业大学,英语,050201,123,B+,2026
南京财经大学,英语,050201,123,B+,2026
西南石油大学,英语,050201,125,B+,2026
中国石油大学（华东）,英语,050201,125,B+,2026
南京林业大学,英语,050201,127,B+,2026
广州大学,英语,050201,128,B+,2026
南方医科大学,英语,050201,128,B+,2026
西北大学,英语,050201,128,B+,2026
北京工业大学,英语,050201,131,B+,2026
中国矿业大学,英语,050201,131,B+,2026
中国地质大学（武汉）,英语,050201,133,B+,2026
中国矿业大学（北京）,英语,050201,133,B+,2026
鲁东大学,英语,050201,135,B+,2026
武汉科技大学,英语,050201,135,B+,2026
湖北师范大学,英语,050201,137,B+,2026
浙江工业大学,英语,050201,138,B+,2026
福州大学,英语,050201,139,B+,2026
西北政法大学,英语,050201,139,B+,2026
内蒙古大学,英语,050201,141,B+,2026
太原理工大学,英语,050201,141,B+,2026
东北林业大学,英语,050201,143,B+,2026
新疆大学,英语,050201,144,B+,2026
中国地质大学（北京）,英语,050201,144,B+,2026
集美大学,英语,050201,146,B+,2026
安徽师范大学,英语,050201,147,B+,2026
江苏大学,英语,050201,147,B+,2026
西南财经大学,英语,050201,147,B+,2026
北京中医药大学,英语,050201,150,B+,2026
长春师范大学,英语,050201,151,B+,2026
重庆师范大学,英语,050201,151,B+,2026
广西民族大学,英语,050201,151,B+,2026
成都理工大学,英语,050201,154,B+,2026
华北电力大学,英语,050201,154,B+,2026
温州大学,英语,050201,154,B+,2026
南通大学,英语,050201,157,B+,2026
青岛大学,英语,050201,157,B+,2026
浙江理工大学,英语,050201,159,B+,2026
湖北工业大学,英语,050201,160,B+,2026
杭州电子科技大学,英语,050201,161,B+,2026
江苏科技大学,英语,050201,161,B+,2026
浙江外国语学院,英语,050201,161,B+,2026
西北师范大学,英语,050201,164,B+,2026
石河子大学,英语,050201,165,B+,2026
武汉纺织大学,英语,050201,165,B+,2026
北京化工大学,英语,050201,167,B+,2026
长沙理工大学,英语,050201,167,B+,2026
中南民族大学,英语,050201,167,B+,2026
重庆交通大学,英语,050201,170,B+,2026
河南科技大学,英语,050201,170,B+,2026
昆明理工大学,英语,050201,170,B+,2026
三峡大学,英语,050201,170,B+,2026
广西师范大学,英语,050201,174,B+,2026
内蒙古师范大学,英语,050201,174,B+,2026
山西大学,英语,050201,176,B+,2026
辽宁大学,英语,050201,177,B+,2026
沈阳师范大学,英语,050201,177,B+,2026
安徽农业大学,英语,050201,179,B+,2026
湖南科技大学,英语,050201,179,B+,2026
河北大学,英语,050201,181,B+,2026
长安大学,英语,050201,182,B+,2026
西南政法大学,英语,050201,182,B+,2026
中北大学,英语,050201,182,B+,2026
长江大学,英语,050201,185,B+,2026
西华师范大学,英语,050201,185,B+,2026
海南师范大学,英语,050201,187,B+,2026
中国民航大学,英语,050201,187,B+,2026
山东科技大学,英语,050201,189,B+,2026
山西师范大学,英语,050201,190,B+,2026
天津理工大学,英语,050201,191,B+,2026
西北农林科技大学,英语,050201,192,B+,2026
南京工业大学,英语,050201,193,B+,2026
闽南师范大学,英语,050201,194,B+,2026
长春理工大学,英语,050201,195,B+,2026
西安理工大学,英语,050201,195,B+,2026
重庆医科大学,英语,050201,197,B+,2026
东华大学,英语,050201,197,B+,2026
中国药科大学,英语,050201,197,B+,2026
南京审计大学,英语,050201,200,B+,2026
苏州科技大学,英语,050201,200,B+,2026
上海海洋大学,英语,050201,202,B+,2026
吉林外国语大学,英语,050201,203,B+,2026
西安石油大学,英语,050201,203,B+,2026
东华理工大学,英语,050201,205,B+,2026
武汉工程大学,英语,050201,206,B+,2026
湖南农业大学,英语,050201,207,B+,2026
江汉大学,英语,050201,207,B+,2026
青岛科技大学,英语,050201,207,B+,2026
信阳师范大学,英语,050201,207,B+,2026
安徽理工大学,英语,050201,211,B+,2026
西南民族大学,英语,050201,211,B+,2026
上海电力大学,英语,050201,213,B+,2026
上海海事大学,英语,050201,213,B+,2026
沈阳大学,英语,050201,213,B+,2026
中南林业科技大学,英语,050201,216,B+,2026
济南大学,英语,050201,217,B+,2026
上海体育大学,英语,050201,217,B+,2026
烟台大学,英语,050201,217,B+,2026
香港中文大学（深圳）,英语,050201,220,B+,2026
西南科技大学,英语,050201,221,B+,2026
中国农业大学,英语,050201,221,B+,2026
东北农业大学,英语,050201,223,B+,2026
聊城大学,英语,050201,223,B+,2026
辽宁师范大学,英语,050201,223,B+,2026
南宁师范大学,英语,050201,223,B+,2026
临沂大学,英语,050201,227,B+,2026
南华大学,英语,050201,227,B+,2026
成都信息工程大学,英语,050201,229,B+,2026
淮北师范大学,英语,050201,229,B+,2026
首都经济贸易大学,英语,050201,229,B+,2026
贵州师范大学,英语,050201,232,B+,2026
南京医科大学,英语,050201,232,B+,2026
安徽工业大学,英语,050201,234,B+,2026
西藏大学,英语,050201,234,B+,2026
青海师范大学,英语,050201,236,B+,2026
上海海关学院,英语,050201,236,B+,2026
西安工程大学,英语,050201,236,B+,2026
哈尔滨理工大学,英语,050201,239,B+,2026
渤海大学,英语,050201,240,B+,2026
四川农业大学,英语,050201,240,B+,2026
阜阳师范大学,英语,050201,242,B+,2026
华北水利水电大学,英语,050201,242,B+,2026
河南工业大学,英语,050201,244,B+,2026
西安科技大学,英语,050201,244,B+,2026
重庆邮电大学,英语,050201,246,B+,2026
华南农业大学,英语,050201,246,B+,2026
江西科技师范大学,英语,050201,246,B+,2026
吉林师范大学,英语,050201,246,B+,2026
山东理工大学,英语,050201,246,B+,2026
河南财经政法大学,英语,050201,251,B+,2026
齐鲁工业大学,英语,050201,252,B+,2026
安徽工程大学,英语,050201,253,B+,2026
湖南理工大学,英语,050201,253,B+,2026
兰州交通大学,英语,050201,253,B+,2026
上海应用技术大学,英语,050201,253,B+,2026
北京体育大学,英语,050201,257,B+,2026
吉首大学,英语,050201,257,B+,2026
郑州轻工业大学,英语,050201,257,B+,2026
湖北民族大学,英语,050201,260,B+,2026
湖南工商大学,英语,050201,260,B+,2026
南昌航空大学,英语,050201,260,B+,2026
天津工业大学,英语,050201,260,B+,2026
中国民用航空飞行学院,英语,050201,260,B+,2026
山东农业大学,英语,050201,265,B+,2026
延安大学,英语,050201,265,B+,2026
安庆师范大学,英语,050201,267,B+,2026
桂林理工大学,英语,050201,267,B+,2026
青岛理工大学,英语,050201,267,B+,2026
天津商业大学,英语,050201,270,B+,2026
上海政法学院,英语,050201,271,B+,2026
广东工业大学,英语,050201,272,B+,2026
华北理工大学,英语,050201,272,B+,2026
衡阳师范学院,英语,050201,274,B+,2026
湖北中医药大学,英语,050201,274,B+,2026
成都大学,英语,050201,276,B+,2026
桂林电子科技大学,英语,050201,276,B+,2026
厦门理工学院,英语,050201,276,B+,2026
东北电力大学,英语,050201,279,B+,2026
上海第二工业大学,英语,050201,279,B+,2026
台州学院,英语,050201,279,B+,2026
河北经贸大学,英语,050201,282,B+,2026
湖南工业大学,英语,050201,282,B+,2026
吉林财经大学,英语,050201,282,B+,2026
内蒙古工业大学,英语,050201,282,B+,2026
绍兴大学,英语,050201,286,B+,2026
嘉兴大学,英语,050201,287,B+,2026
大连海洋大学,英语,050201,288,B+,2026
甘肃政法大学,英语,050201,289,B+,2026
宁夏师范大学,英语,050201,289,B+,2026
陕西科技大学,英语,050201,289,B+,2026
云南农业大学,英语,050201,289,B+,2026
福建农林大学,英语,050201,293,B,2026
河南医药大学,英语,050201,293,B,2026
浙江海洋大学,英语,050201,293,B,2026
河北科技大学,英语,050201,296,B,2026
河南理工大学,英语,050201,296,B,2026
榆林大学,英语,050201,296,B,2026
云南民族大学,英语,050201,296,B,2026
西藏民族大学,英语,050201,300,B,2026
河南农业大学,英语,050201,301,B,2026
福建理工大学,英语,050201,302,B,2026
湖州师范大学,英语,050201,302,B,2026
昆山杜克大学,英语,050201,302,B,2026
兰州理工大学,英语,050201,302,B,2026
天津财经大学,英语,050201,306,B,2026
南京晓庄学院,英语,050201,307,B,2026
青岛农业大学,英语,050201,307,B,2026
齐齐哈尔大学,英语,050201,307,B,2026
西安财经大学,英语,050201,307,B,2026
广东财经大学,英语,050201,311,B,2026
佳木斯大学,英语,050201,311,B,2026
内蒙古民族大学,英语,050201,311,B,2026
长春工业大学,英语,050201,314,B,2026
盐城师范学院,英语,050201,314,B,2026
河北农业大学,英语,050201,316,B,2026
北华大学,英语,050201,317,B,2026
常州大学,英语,050201,317,B,2026
广西科技大学,英语,050201,317,B,2026
宁波诺丁汉大学,英语,050201,317,B,2026
山东建筑大学,英语,050201,317,B,2026
浙江传媒学院,英语,050201,317,B,2026
华东交通大学,英语,050201,323,B,2026
南阳师范学院,英语,050201,324,B,2026
西安建筑科技大学,英语,050201,324,B,2026
云南财经大学,英语,050201,324,B,2026
太原师范学院,英语,050201,327,B,2026
贵州民族大学,英语,050201,328,B,2026
淮安大学,英语,050201,328,B,2026
天津科技大学,英语,050201,330,B,2026
南京工程学院,英语,050201,331,B,2026
武汉轻工大学,英语,050201,331,B,2026
苏州工学院,英语,050201,333,B,2026
广西医科大学,英语,050201,334,B,2026
河南中医药大学,英语,050201,334,B,2026
江西农业大学,英语,050201,334,B,2026
广州中医药大学,英语,050201,337,B,2026
青海民族大学,英语,050201,337,B,2026
成都师范学院,英语,050201,339,B,2026
江西理工大学,英语,050201,339,B,2026
石家庄铁道大学,英语,050201,339,B,2026
湖南第一师范学院,英语,050201,342,B,2026
廊坊师范学院,英语,050201,342,B,2026
沈阳建筑大学,英语,050201,342,B,2026
沈阳理工大学,英语,050201,342,B,2026
湖北第二师范学院,英语,050201,346,B,2026
景德镇陶瓷大学,英语,050201,346,B,2026
牡丹江师范学院,英语,050201,346,B,2026
重庆文理学院,英语,050201,349,B,2026
广东海洋大学,英语,050201,349,B,2026
西华大学,英语,050201,349,B,2026
大连民族大学,英语,050201,352,B,2026
中国计量大学,英语,050201,352,B,2026
沈阳工业大学,英语,050201,354,B,2026
温州肯恩大学,英语,050201,354,B,2026
成都中医药大学,英语,050201,356,B,2026
重庆第二师范学院,英语,050201,356,B,2026
河南科技学院,英语,050201,356,B,2026
江苏理工学院,英语,050201,356,B,2026
昆明学院,英语,050201,356,B,2026
北方民族大学,英语,050201,361,B,2026
长江师范学院,英语,050201,361,B,2026
江苏第二师范学院,英语,050201,363,B,2026
北京联合大学,英语,050201,364,B,2026
黄冈师范学院,英语,050201,364,B,2026
天津职业技术师范大学,英语,050201,366,B,2026
中原工学院,英语,050201,366,B,2026
洛阳师范学院,英语,050201,368,B,2026
浙江农林大学,英语,050201,368,B,2026
安徽建筑大学,英语,050201,370,B,2026
北华航天工业学院,英语,050201,370,B,2026
铜仁学院,英语,050201,370,B,2026
西安文理学院,英语,050201,370,B,2026
大连大学,英语,050201,374,B,2026
江西中医药大学,英语,050201,374,B,2026
西北民族大学,英语,050201,374,B,2026
合肥师范学院,英语,050201,377,B,2026
井冈山大学,英语,050201,377,B,2026
西交利物浦大学,英语,050201,377,B,2026
浙大宁波理工学院,英语,050201,377,B,2026
陕西理工大学,英语,050201,381,B,2026
合肥大学,英语,050201,382,B,2026
泉州师范学院,英语,050201,382,B,2026
长沙学院,英语,050201,384,B,2026
淮阴师范学院,英语,050201,384,B,2026
内蒙古农业大学,英语,050201,384,B,2026
重庆三峡科技大学,英语,050201,387,B,2026
内江师范学院,英语,050201,387,B,2026
深圳技术大学,英语,050201,387,B,2026
贵州师范学院,英语,050201,390,B,2026
惠州学院,英语,050201,390,B,2026
绵阳师范学院,英语,050201,392,B,2026
衢州学院,英语,050201,392,B,2026
大理大学,英语,050201,394,B,2026
湖北文理学院,英语,050201,394,B,2026
四川轻化工大学,英语,050201,394,B,2026
咸阳师范学院,英语,050201,394,B,2026
新疆师范大学,英语,050201,394,B,2026
郑州师范学院,英语,050201,394,B,2026
湖南科技学院,英语,050201,400,B,2026
太原科技大学,英语,050201,400,B,2026
淮南师范学院,英语,050201,402,B,2026
吉林农业大学,英语,050201,402,B,2026
石家庄学院,英语,050201,404,B,2026
成都体育学院,英语,050201,405,B,2026
齐鲁师范学院,英语,050201,405,B,2026
沈阳化工大学,英语,050201,405,B,2026
湖南文理学院,英语,050201,408,B,2026
凯里学院,英语,050201,408,B,2026
南昌师范学院,英语,050201,408,B,2026
上海立信会计金融学院,英语,050201,408,B,2026
宿迁学院,英语,050201,408,B,2026
湖北科技学院,英语,050201,413,B,2026
山东航空学院,英语,050201,413,B,2026
浙江万里学院,英语,050201,413,B,2026
长沙师范学院,英语,050201,416,B,2026
安徽科技工程大学,英语,050201,417,B,2026
佛山大学,英语,050201,417,B,2026
宁德师范学院,英语,050201,417,B,2026
河北地质大学,英语,050201,420,B,2026
河北民族师范学院,英语,050201,420,B,2026
皖西学院,英语,050201,420,B,2026
东莞理工学院,英语,050201,423,B,2026
江苏海洋大学,英语,050201,423,B,2026
重庆科技大学,英语,050201,425,B,2026
湖北工程学院,英语,050201,425,B,2026
龙岩学院,英语,050201,425,B,2026
潍坊学院,英语,050201,425,B,2026
徐州工程学院,英语,050201,425,B,2026
重庆理工大学,英语,050201,430,B,2026
南京特殊教育师范学院,英语,050201,430,B,2026
郑州航空工业管理学院,英语,050201,430,B,2026
湖南人文科技学院,英语,050201,433,B,2026
浙大城市学院,英语,050201,433,B,2026
滁州学院,英语,050201,435,B,2026
河北科技师范学院,英语,050201,435,B,2026
乐山师范学院,英语,050201,435,B,2026
宁波工程学院,英语,050201,435,B,2026
北师香港浸会大学,英语,050201,439,B,2026
广东技术师范大学,英语,050201,439,B,2026
邯郸学院,英语,050201,439,B,2026
莆田学院,英语,050201,439,B,2026
三明学院,英语,050201,439,B,2026
兴义民族师范学院,英语,050201,444,B,2026
岭南师范学院,英语,050201,445,B,2026
四川文理学院,英语,050201,445,B,2026
湘南学院,英语,050201,445,B,2026
宜宾学院,英语,050201,445,B,2026
长春大学,英语,050201,449,B,2026
广东金融学院,英语,050201,450,B,2026
黔南民族师范学院,英语,050201,450,B,2026
通化师范学院,英语,050201,450,B,2026
广西民族师范学院,英语,050201,453,B,2026
西南林业大学,英语,050201,453,B,2026
许昌学院,英语,050201,453,B,2026
安阳师范学院,英语,050201,456,B,2026
宝鸡文理学院,英语,050201,456,B,2026
长治学院,英语,050201,456,B,2026
大连交通大学,英语,050201,456,B,2026
大庆师范学院,英语,050201,456,B,2026
怀化学院,英语,050201,456,B,2026
江西水利电力大学,英语,050201,456,B,2026
山东第一医科大学,英语,050201,456,B,2026
盐城工学院,英语,050201,456,B,2026
浙江科技大学,英语,050201,456,B,2026
鞍山师范学院,英语,050201,466,B,2026
泰山学院,英语,050201,466,B,2026
天水师范大学,英语,050201,466,B,2026
内蒙古财经大学,英语,050201,469,B,2026
湖南中医药大学,英语,050201,470,B,2026
兰州财经大学,英语,050201,470,B,2026
山西大同大学,英语,050201,470,B,2026
广东医科大学,英语,050201,473,B,2026
辽宁石油化工大学,英语,050201,473,B,2026
泰州学院,英语,050201,473,B,2026
玉林师范学院,英语,050201,473,B,2026
湖南城市学院,英语,050201,477,B,2026
辽东学院,英语,050201,477,B,2026
周口师范学院,英语,050201,477,B,2026
大连工业大学,英语,050201,480,B,2026
玉溪师范学院,英语,050201,480,B,2026
枣庄学院,英语,050201,480,B,2026
汉江师范学院,英语,050201,483,B,2026
山东工商学院,英语,050201,483,B,2026
宿州学院,英语,050201,483,B,2026
渭南师范学院,英语,050201,483,B,2026
西南医科大学,英语,050201,483,B,2026
北京大学,俄语,050202,1,A+,2026
上海外国语大学,俄语,050202,2,A+,2026
北京外国语大学,俄语,050202,3,A+,2026
南京大学,俄语,050202,4,A,2026
浙江大学,俄语,050202,5,A,2026
大连外国语大学,俄语,050202,6,A,2026
山东大学,俄语,050202,7,A,2026
黑龙江大学,俄语,050202,8,A,2026
厦门大学,俄语,050202,8,A,2026
北京师范大学,俄语,050202,10,A,2026
南京师范大学,俄语,050202,11,A,2026
南开大学,俄语,050202,11,A,2026
中山大学,俄语,050202,13,A,2026
广东外语外贸大学,俄语,050202,14,A,2026
湖南师范大学,俄语,050202,14,A,2026
东北师范大学,俄语,050202,16,A,2026
吉林大学,俄语,050202,16,A,2026
四川大学,俄语,050202,18,A,2026
四川外国语大学,俄语,050202,19,B+,2026
哈尔滨工业大学,俄语,050202,20,B+,2026
华中师范大学,俄语,050202,21,B+,2026
对外经济贸易大学,俄语,050202,22,B+,2026
西安外国语大学,俄语,050202,22,B+,2026
中国人民大学,俄语,050202,22,B+,2026
华东师范大学,俄语,050202,25,B+,2026
陕西师范大学,俄语,050202,26,B+,2026
西南大学,俄语,050202,27,B+,2026
哈尔滨师范大学,俄语,050202,28,B+,2026
复旦大学,俄语,050202,29,B+,2026
天津外国语大学,俄语,050202,30,B+,2026
武汉大学,俄语,050202,30,B+,2026
北京第二外国语学院,俄语,050202,32,B+,2026
首都师范大学,俄语,050202,33,B+,2026
北京语言大学,俄语,050202,34,B+,2026
郑州大学,俄语,050202,34,B+,2026
中央民族大学,俄语,050202,34,B+,2026
河南大学,俄语,050202,37,B+,2026
华南师范大学,俄语,050202,38,B+,2026
东南大学,俄语,050202,39,B+,2026
延边大学,俄语,050202,40,B+,2026
苏州大学,俄语,050202,41,B+,2026
江苏师范大学,俄语,050202,42,B+,2026
兰州大学,俄语,050202,42,B+,2026
山东师范大学,俄语,050202,44,B+,2026
天津师范大学,俄语,050202,44,B+,2026
内蒙古大学,俄语,050202,46,B+,2026
安徽大学,俄语,050202,47,B+,2026
河北师范大学,俄语,050202,48,B+,2026
新疆大学,俄语,050202,49,B+,2026
南昌大学,俄语,050202,50,B+,2026
浙江外国语学院,俄语,050202,50,B+,2026
宁夏大学,俄语,050202,52,B+,2026
中国石油大学（华东）,俄语,050202,52,B+,2026
曲阜师范大学,俄语,050202,54,B+,2026
东北大学,俄语,050202,55,B,2026
中南财经政法大学,俄语,050202,55,B,2026
哈尔滨理工大学,俄语,050202,57,B,2026
山西大学,俄语,050202,57,B,2026
中国传媒大学,俄语,050202,57,B,2026
海南大学,俄语,050202,60,B,2026
安徽师范大学,俄语,050202,61,B,2026
长春师范大学,俄语,050202,62,B,2026
东北林业大学,俄语,050202,62,B,2026
江西师范大学,俄语,050202,64,B,2026
吉林外国语大学,俄语,050202,64,B,2026
西北师范大学,俄语,050202,66,B,2026
四川师范大学,俄语,050202,67,B,2026
河南师范大学,俄语,050202,68,B,2026
燕山大学,俄语,050202,69,B,2026
江苏科技大学,俄语,050202,70,B,2026
西北农林科技大学,俄语,050202,70,B,2026
辽宁师范大学,俄语,050202,72,B,2026
东北农业大学,俄语,050202,73,B,2026
长春理工大学,俄语,050202,74,B,2026
贵州师范大学,俄语,050202,74,B,2026
中国石油大学（北京）,俄语,050202,74,B,2026
西北大学,俄语,050202,77,B,2026
辽宁大学,俄语,050202,78,B,2026
深圳北理莫斯科大学,俄语,050202,79,B,2026
西南石油大学,俄语,050202,80,B,2026
河北大学,俄语,050202,81,B,2026
长春大学,俄语,050202,82,B,2026
吉林师范大学,俄语,050202,82,B,2026
上海政法学院,俄语,050202,82,B,2026
石河子大学,俄语,050202,82,B,2026
牡丹江师范学院,俄语,050202,86,B,2026
黑河学院,俄语,050202,87,B,2026
河南财经政法大学,俄语,050202,88,B,2026
青岛科技大学,俄语,050202,88,B,2026
西安石油大学,俄语,050202,90,B,2026
南京大学,德语,050203,1,A+,2026
北京外国语大学,德语,050203,2,A+,2026
上海外国语大学,德语,050203,3,A,2026
同济大学,德语,050203,4,A,2026
北京大学,德语,050203,5,A,2026
浙江大学,德语,050203,5,A,2026
上海交通大学,德语,050203,7,A,2026
复旦大学,德语,050203,8,A,2026
北京航空航天大学,德语,050203,9,A,2026
北京理工大学,德语,050203,10,A,2026
中山大学,德语,050203,11,A,2026
中国人民大学,德语,050203,12,A,2026
广东外语外贸大学,德语,050203,13,B+,2026
对外经济贸易大学,德语,050203,14,B+,2026
山东大学,德语,050203,15,B+,2026
四川外国语大学,德语,050203,16,B+,2026
武汉大学,德语,050203,17,B+,2026
华中科技大学,德语,050203,18,B+,2026
北京第二外国语学院,德语,050203,19,B+,2026
中国海洋大学,德语,050203,19,B+,2026
西安外国语大学,德语,050203,21,B+,2026
西南交通大学,德语,050203,22,B+,2026
厦门大学,德语,050203,23,B+,2026
北京语言大学,德语,050203,24,B+,2026
南京师范大学,德语,050203,25,B+,2026
重庆大学,德语,050203,26,B+,2026
大连外国语大学,德语,050203,26,B+,2026
中国政法大学,德语,050203,28,B+,2026
北京科技大学,德语,050203,29,B+,2026
西北工业大学,德语,050203,29,B+,2026
湖南师范大学,德语,050203,31,B+,2026
天津外国语大学,德语,050203,32,B+,2026
湘潭大学,德语,050203,32,B+,2026
西南大学,德语,050203,34,B+,2026
青岛大学,德语,050203,35,B+,2026
安徽大学,德语,050203,36,B+,2026
深圳大学,德语,050203,37,B,2026
中国矿业大学,德语,050203,37,B,2026
首都师范大学,德语,050203,39,B,2026
华东政法大学,德语,050203,40,B,2026
宁波大学,德语,050203,40,B,2026
上海理工大学,德语,050203,42,B,2026
东北大学,德语,050203,43,B,2026
河南大学,德语,050203,44,B,2026
中国传媒大学,德语,050203,44,B,2026
吉林外国语大学,德语,050203,46,B,2026
黑龙江大学,德语,050203,47,B,2026
兰州大学,德语,050203,48,B,2026
华东理工大学,德语,050203,49,B,2026
南昌大学,德语,050203,50,B,2026
燕山大学,德语,050203,51,B,2026
西南政法大学,德语,050203,52,B,2026
福州大学,德语,050203,53,B,2026
杭州电子科技大学,德语,050203,54,B,2026
辽宁大学,德语,050203,55,B,2026
广东财经大学,德语,050203,56,B,2026
武汉科技大学,德语,050203,57,B,2026
浙江外国语学院,德语,050203,58,B,2026
长春师范大学,德语,050203,59,B,2026
合肥大学,德语,050203,60,B,2026
青岛科技大学,德语,050203,61,B,2026
北京外国语大学,法语,050204,1,A+,2026
南京大学,法语,050204,2,A+,2026
上海外国语大学,法语,050204,3,A+,2026
北京大学,法语,050204,4,A,2026
复旦大学,法语,050204,5,A,2026
浙江大学,法语,050204,5,A,2026
广东外语外贸大学,法语,050204,7,A,2026
山东大学,法语,050204,8,A,2026
华东师范大学,法语,050204,9,A,2026
中山大学,法语,050204,9,A,2026
武汉大学,法语,050204,11,A,2026
上海交通大学,法语,050204,12,A,2026
四川大学,法语,050204,13,A,2026
中国人民大学,法语,050204,14,A,2026
湖南师范大学,法语,050204,15,A,2026
南开大学,法语,050204,15,A,2026
厦门大学,法语,050204,17,B+,2026
华中科技大学,法语,050204,18,B+,2026
中国海洋大学,法语,050204,19,B+,2026
北京航空航天大学,法语,050204,20,B+,2026
对外经济贸易大学,法语,050204,21,B+,2026
四川外国语大学,法语,050204,22,B+,2026
华中师范大学,法语,050204,23,B+,2026
西安外国语大学,法语,050204,23,B+,2026
北京语言大学,法语,050204,25,B+,2026
北京第二外国语学院,法语,050204,26,B+,2026
西安交通大学,法语,050204,26,B+,2026
外交学院,法语,050204,28,B+,2026
中南大学,法语,050204,29,B+,2026
南京师范大学,法语,050204,30,B+,2026
首都师范大学,法语,050204,31,B+,2026
西南交通大学,法语,050204,32,B+,2026
大连外国语大学,法语,050204,33,B+,2026
深圳大学,法语,050204,33,B+,2026
浙江工商大学,法语,050204,35,B+,2026
天津外国语大学,法语,050204,36,B+,2026
苏州大学,法语,050204,37,B+,2026
中国传媒大学,法语,050204,38,B+,2026
电子科技大学,法语,050204,39,B+,2026
湘潭大学,法语,050204,39,B+,2026
中国政法大学,法语,050204,41,B+,2026
上海大学,法语,050204,42,B+,2026
国际关系学院,法语,050204,43,B+,2026
暨南大学,法语,050204,44,B+,2026
安徽大学,法语,050204,45,B+,2026
吉林外国语大学,法语,050204,46,B+,2026
云南大学,法语,050204,46,B+,2026
南昌大学,法语,050204,48,B,2026
扬州大学,法语,050204,49,B,2026
山东财经大学,法语,050204,50,B,2026
河北工业大学,法语,050204,51,B,2026
上海师范大学,法语,050204,52,B,2026
浙江师范大学,法语,050204,52,B,2026
中南财经政法大学,法语,050204,52,B,2026
黑龙江大学,法语,050204,55,B,2026
湖北大学,法语,050204,56,B,2026
首都经济贸易大学,法语,050204,56,B,2026
河南大学,法语,050204,58,B,2026
华南师范大学,法语,050204,59,B,2026
上海对外经贸大学,法语,050204,60,B,2026
广西民族大学,法语,050204,61,B,2026
哈尔滨师范大学,法语,050204,62,B,2026
江汉大学,法语,050204,62,B,2026
河海大学,法语,050204,64,B,2026
河南师范大学,法语,050204,65,B,2026
四川师范大学,法语,050204,66,B,2026
兰州大学,法语,050204,67,B,2026
江西师范大学,法语,050204,68,B,2026
武汉理工大学,法语,050204,69,B,2026
燕山大学,法语,050204,70,B,2026
天津师范大学,法语,050204,71,B,2026
辽宁大学,法语,050204,72,B,2026
曲阜师范大学,法语,050204,73,B,2026
广州大学,法语,050204,74,B,2026
安徽农业大学,法语,050204,75,B,2026
青岛大学,法语,050204,75,B,2026
浙江越秀外国语学院,法语,050204,77,B,2026
上海外国语大学,西班牙语,050205,1,A+,2026
北京大学,西班牙语,050205,2,A+,2026
浙江大学,西班牙语,050205,3,A,2026
北京外国语大学,西班牙语,050205,4,A,2026
对外经济贸易大学,西班牙语,050205,5,A,2026
复旦大学,西班牙语,050205,6,A,2026
南京大学,西班牙语,050205,7,A,2026
广东外语外贸大学,西班牙语,050205,8,A,2026
中国人民大学,西班牙语,050205,9,A,2026
中山大学,西班牙语,050205,10,A,2026
南开大学,西班牙语,050205,11,B+,2026
北京理工大学,西班牙语,050205,12,B+,2026
四川大学,西班牙语,050205,13,B+,2026
四川外国语大学,西班牙语,050205,14,B+,2026
北京第二外国语学院,西班牙语,050205,15,B+,2026
西安外国语大学,西班牙语,050205,16,B+,2026
厦门大学,西班牙语,050205,17,B+,2026
首都师范大学,西班牙语,050205,18,B+,2026
山东大学,西班牙语,050205,19,B+,2026
北京语言大学,西班牙语,050205,20,B+,2026
武汉大学,西班牙语,050205,20,B+,2026
大连外国语大学,西班牙语,050205,22,B+,2026
天津外国语大学,西班牙语,050205,23,B+,2026
深圳大学,西班牙语,050205,24,B+,2026
湖南师范大学,西班牙语,050205,25,B+,2026
南京师范大学,西班牙语,050205,25,B+,2026
华东师范大学,西班牙语,050205,27,B+,2026
华中师范大学,西班牙语,050205,28,B+,2026
吉林大学,西班牙语,050205,29,B+,2026
苏州大学,西班牙语,050205,30,B+,2026
北京交通大学,西班牙语,050205,31,B,2026
中国传媒大学,西班牙语,050205,32,B,2026
中南大学,西班牙语,050205,32,B,2026
暨南大学,西班牙语,050205,34,B,2026
黑龙江大学,西班牙语,050205,35,B,2026
外交学院,西班牙语,050205,36,B,2026
西南科技大学,西班牙语,050205,37,B,2026
扬州大学,西班牙语,050205,38,B,2026
吉林外国语大学,西班牙语,050205,39,B,2026
哈尔滨师范大学,西班牙语,050205,40,B,2026
湘潭大学,西班牙语,050205,41,B,2026
安徽大学,西班牙语,050205,42,B,2026
江苏师范大学,西班牙语,050205,42,B,2026
汕头大学,西班牙语,050205,44,B,2026
浙江外国语学院,西班牙语,050205,45,B,2026
南京工业大学,西班牙语,050205,46,B,2026
北京工商大学,西班牙语,050205,47,B,2026
云南师范大学,西班牙语,050205,48,B,2026
青岛大学,西班牙语,050205,49,B,2026
长春师范大学,西班牙语,050205,50,B,2026
临沂大学,西班牙语,050205,51,B,2026
北京大学,阿拉伯语,050206,1,A+,2026
北京外国语大学,阿拉伯语,050206,2,A+,2026
上海外国语大学,阿拉伯语,050206,3,A,2026
对外经济贸易大学,阿拉伯语,050206,4,A,2026
北京第二外国语学院,阿拉伯语,050206,5,B+,2026
北京语言大学,阿拉伯语,050206,6,B+,2026
中山大学,阿拉伯语,050206,7,B+,2026
广东外语外贸大学,阿拉伯语,050206,8,B+,2026
浙江工商大学,阿拉伯语,050206,9,B+,2026
西安外国语大学,阿拉伯语,050206,10,B+,2026
四川外国语大学,阿拉伯语,050206,11,B+,2026
黑龙江大学,阿拉伯语,050206,12,B+,2026
湖南师范大学,阿拉伯语,050206,12,B+,2026
宁夏大学,阿拉伯语,050206,14,B,2026
天津外国语大学,阿拉伯语,050206,15,B,2026
扬州大学,阿拉伯语,050206,16,B,2026
大连外国语大学,阿拉伯语,050206,17,B,2026
山东师范大学,阿拉伯语,050206,18,B,2026
浙江外国语学院,阿拉伯语,050206,18,B,2026
中国传媒大学,阿拉伯语,050206,18,B,2026
吉林外国语大学,阿拉伯语,050206,21,B,2026
云南师范大学,阿拉伯语,050206,22,B,2026
清华大学,日语,050207,1,A+,2026
北京大学,日语,050207,2,A+,2026
南京大学,日语,050207,3,A+,2026
上海外国语大学,日语,050207,3,A+,2026
浙江大学,日语,050207,3,A+,2026
北京外国语大学,日语,050207,6,A+,2026
复旦大学,日语,050207,7,A+,2026
广东外语外贸大学,日语,050207,7,A+,2026
南开大学,日语,050207,9,A+,2026
同济大学,日语,050207,10,A,2026
上海交通大学,日语,050207,11,A,2026
西安交通大学,日语,050207,12,A,2026
北京师范大学,日语,050207,13,A,2026
山东大学,日语,050207,14,A,2026
中国人民大学,日语,050207,15,A,2026
厦门大学,日语,050207,16,A,2026
中山大学,日语,050207,17,A,2026
华东师范大学,日语,050207,18,A,2026
大连理工大学,日语,050207,19,A,2026
对外经济贸易大学,日语,050207,19,A,2026
大连外国语大学,日语,050207,21,A,2026
湖南大学,日语,050207,21,A,2026
天津外国语大学,日语,050207,21,A,2026
吉林大学,日语,050207,24,A,2026
湖南师范大学,日语,050207,25,A,2026
武汉大学,日语,050207,26,A,2026
四川大学,日语,050207,27,A,2026
华中师范大学,日语,050207,28,A,2026
东南大学,日语,050207,29,A,2026
西安外国语大学,日语,050207,29,A,2026
北京第二外国语学院,日语,050207,31,A,2026
黑龙江大学,日语,050207,32,A,2026
东北师范大学,日语,050207,33,A,2026
北京理工大学,日语,050207,34,A,2026
北京语言大学,日语,050207,34,A,2026
中国海洋大学,日语,050207,36,A,2026
四川外国语大学,日语,050207,37,A,2026
苏州大学,日语,050207,37,A,2026
西南大学,日语,050207,37,A,2026
延边大学,日语,050207,40,A,2026
北京科技大学,日语,050207,41,A,2026
杭州师范大学,日语,050207,41,A,2026
浙江工商大学,日语,050207,41,A,2026
哈尔滨工业大学,日语,050207,44,A,2026
华中科技大学,日语,050207,44,A,2026
华南师范大学,日语,050207,46,A,2026
暨南大学,日语,050207,47,A,2026
陕西师范大学,日语,050207,47,A,2026
海南大学,日语,050207,49,A,2026
宁波大学,日语,050207,49,A,2026
郑州大学,日语,050207,51,B+,2026
电子科技大学,日语,050207,52,B+,2026
南京师范大学,日语,050207,53,B+,2026
中南大学,日语,050207,54,B+,2026
重庆大学,日语,050207,55,B+,2026
浙江师范大学,日语,050207,56,B+,2026
哈尔滨师范大学,日语,050207,57,B+,2026
西南交通大学,日语,050207,57,B+,2026
首都师范大学,日语,050207,59,B+,2026
南昌大学,日语,050207,60,B+,2026
扬州大学,日语,050207,60,B+,2026
山东师范大学,日语,050207,62,B+,2026
东北大学,日语,050207,63,B+,2026
深圳大学,日语,050207,64,B+,2026
大连海事大学,日语,050207,65,B+,2026
东华大学,日语,050207,65,B+,2026
广西大学,日语,050207,65,B+,2026
云南大学,日语,050207,68,B+,2026
南京航空航天大学,日语,050207,69,B+,2026
江南大学,日语,050207,70,B+,2026
上海师范大学,日语,050207,71,B+,2026
福建师范大学,日语,050207,72,B+,2026
贵州大学,日语,050207,73,B+,2026
河南大学,日语,050207,73,B+,2026
上海财经大学,日语,050207,75,B+,2026
安徽大学,日语,050207,76,B+,2026
上海大学,日语,050207,77,B+,2026
国际关系学院,日语,050207,78,B+,2026
上海对外经贸大学,日语,050207,79,B+,2026
南京信息工程大学,日语,050207,80,B+,2026
内蒙古大学,日语,050207,80,B+,2026
南京工业大学,日语,050207,82,B+,2026
中央民族大学,日语,050207,82,B+,2026
北京林业大学,日语,050207,84,B+,2026
天津理工大学,日语,050207,84,B+,2026
华东政法大学,日语,050207,86,B+,2026
山东财经大学,日语,050207,86,B+,2026
河南师范大学,日语,050207,88,B+,2026
河北大学,日语,050207,89,B+,2026
南京理工大学,日语,050207,90,B+,2026
燕山大学,日语,050207,90,B+,2026
华侨大学,日语,050207,92,B+,2026
武汉理工大学,日语,050207,92,B+,2026
浙江财经大学,日语,050207,92,B+,2026
东北财经大学,日语,050207,95,B+,2026
外交学院,日语,050207,95,B+,2026
河北工业大学,日语,050207,97,B+,2026
辽宁师范大学,日语,050207,98,B+,2026
西南民族大学,日语,050207,98,B+,2026
浙江工业大学,日语,050207,98,B+,2026
哈尔滨理工大学,日语,050207,101,B+,2026
湖北大学,日语,050207,101,B+,2026
吉林外国语大学,日语,050207,101,B+,2026
青岛大学,日语,050207,104,B+,2026
大连大学,日语,050207,105,B+,2026
中国传媒大学,日语,050207,105,B+,2026
大连民族大学,日语,050207,107,B+,2026
江苏师范大学,日语,050207,107,B+,2026
云南师范大学,日语,050207,109,B+,2026
兰州大学,日语,050207,110,B+,2026
常州大学,日语,050207,111,B+,2026
吉林财经大学,日语,050207,111,B+,2026
四川师范大学,日语,050207,111,B+,2026
长安大学,日语,050207,114,B+,2026
沈阳师范大学,日语,050207,114,B+,2026
贵州师范大学,日语,050207,116,B+,2026
江西师范大学,日语,050207,116,B+,2026
华东理工大学,日语,050207,118,B+,2026
西安电子科技大学,日语,050207,118,B+,2026
浙江外国语学院,日语,050207,120,B+,2026
河北师范大学,日语,050207,121,B+,2026
上海理工大学,日语,050207,122,B+,2026
南京农业大学,日语,050207,123,B+,2026
曲阜师范大学,日语,050207,123,B+,2026
南京林业大学,日语,050207,125,B+,2026
福州大学,日语,050207,126,B+,2026
天津师范大学,日语,050207,126,B+,2026
西北大学,日语,050207,126,B+,2026
成都理工大学,日语,050207,129,B+,2026
赣南师范大学,日语,050207,129,B+,2026
浙江理工大学,日语,050207,131,B+,2026
西南科技大学,日语,050207,132,B+,2026
华南农业大学,日语,050207,133,B+,2026
辽宁大学,日语,050207,134,B+,2026
广州大学,日语,050207,135,B+,2026
上海海洋大学,日语,050207,135,B+,2026
鲁东大学,日语,050207,137,B+,2026
天津工业大学,日语,050207,138,B+,2026
河南科技大学,日语,050207,139,B+,2026
佳木斯大学,日语,050207,139,B+,2026
长江大学,日语,050207,141,B+,2026
集美大学,日语,050207,141,B+,2026
南通大学,日语,050207,141,B+,2026
大连工业大学,日语,050207,144,B+,2026
江苏大学,日语,050207,144,B+,2026
浙江越秀外国语学院,日语,050207,144,B+,2026
安徽财经大学,日语,050207,147,B+,2026
温州大学,日语,050207,147,B+,2026
广东财经大学,日语,050207,149,B,2026
安徽农业大学,日语,050207,150,B,2026
长沙学院,日语,050207,150,B,2026
安徽师范大学,日语,050207,152,B,2026
广东工业大学,日语,050207,153,B,2026
青岛科技大学,日语,050207,154,B,2026
河北农业大学,日语,050207,155,B,2026
河南农业大学,日语,050207,155,B,2026
山东科技大学,日语,050207,155,B,2026
上海海事大学,日语,050207,155,B,2026
长春师范大学,日语,050207,159,B,2026
嘉兴大学,日语,050207,159,B,2026
三峡大学,日语,050207,159,B,2026
山西大学,日语,050207,159,B,2026
重庆师范大学,日语,050207,163,B,2026
湖南农业大学,日语,050207,163,B,2026
江汉大学,日语,050207,163,B,2026
天津科技大学,日语,050207,163,B,2026
西安理工大学,日语,050207,167,B,2026
湖南科技大学,日语,050207,168,B,2026
济南大学,日语,050207,168,B,2026
中南林业科技大学,日语,050207,168,B,2026
东北林业大学,日语,050207,171,B,2026
广西师范大学,日语,050207,171,B,2026
湖北师范大学,日语,050207,171,B,2026
天津财经大学,日语,050207,171,B,2026
西北师范大学,日语,050207,171,B,2026
南华大学,日语,050207,176,B,2026
上海第二工业大学,日语,050207,176,B,2026
长春理工大学,日语,050207,178,B,2026
贵州民族大学,日语,050207,178,B,2026
海南师范大学,日语,050207,180,B,2026
西华大学,日语,050207,180,B,2026
厦门理工学院,日语,050207,182,B,2026
东北电力大学,日语,050207,183,B,2026
青岛理工大学,日语,050207,183,B,2026
天津商业大学,日语,050207,183,B,2026
湖南科技学院,日语,050207,186,B,2026
山西师范大学,日语,050207,186,B,2026
西华师范大学,日语,050207,186,B,2026
大连海洋大学,日语,050207,189,B,2026
山东农业大学,日语,050207,190,B,2026
烟台大学,日语,050207,190,B,2026
广东金融学院,日语,050207,192,B,2026
江苏海洋大学,日语,050207,192,B,2026
青岛农业大学,日语,050207,192,B,2026
北京联合大学,日语,050207,195,B,2026
四川轻化工大学,日语,050207,195,B,2026
湖南工业大学,日语,050207,197,B,2026
闽南师范大学,日语,050207,197,B,2026
信阳师范大学,日语,050207,199,B,2026
长春工业大学,日语,050207,200,B,2026
淮北师范大学,日语,050207,200,B,2026
盐城工学院,日语,050207,200,B,2026
景德镇陶瓷大学,日语,050207,203,B,2026
吉首大学,日语,050207,203,B,2026
齐鲁工业大学,日语,050207,203,B,2026
绍兴大学,日语,050207,203,B,2026
浙大城市学院,日语,050207,203,B,2026
桂林电子科技大学,日语,050207,208,B,2026
桂林理工大学,日语,050207,208,B,2026
天津职业技术师范大学,日语,050207,208,B,2026
新疆师范大学,日语,050207,208,B,2026
东华理工大学,日语,050207,212,B,2026
北方民族大学,日语,050207,213,B,2026
广东外语外贸大学南国商学院,日语,050207,213,B,2026
沈阳工业大学,日语,050207,213,B,2026
北华大学,日语,050207,216,B,2026
渤海大学,日语,050207,217,B,2026
长春大学,日语,050207,217,B,2026
山东理工大学,日语,050207,217,B,2026
江西科技师范大学,日语,050207,220,B,2026
内蒙古民族大学,日语,050207,220,B,2026
内蒙古师范大学,日语,050207,220,B,2026
大连交通大学,日语,050207,223,B,2026
合肥大学,日语,050207,223,B,2026
聊城大学,日语,050207,223,B,2026
南京晓庄学院,日语,050207,223,B,2026
浙江万里学院,日语,050207,223,B,2026
安徽外国语学院,日语,050207,228,B,2026
广东海洋大学,日语,050207,228,B,2026
湖北民族大学,日语,050207,228,B,2026
宁波工程学院,日语,050207,228,B,2026
阜阳师范大学,日语,050207,232,B,2026
广东技术师范大学,日语,050207,232,B,2026
辽宁对外经贸学院,日语,050207,232,B,2026
南宁师范大学,日语,050207,232,B,2026
江苏理工学院,日语,050207,236,B,2026
南阳师范学院,日语,050207,237,B,2026
南京师范大学中北学院,日语,050207,238,B,2026
太原师范学院,日语,050207,238,B,2026
浙大宁波理工学院,日语,050207,238,B,2026
保定学院,日语,050207,241,B,2026
吉林师范大学,日语,050207,241,B,2026
吉林化工大学,日语,050207,243,B,2026
牡丹江师范学院,日语,050207,243,B,2026
延安大学,日语,050207,243,B,2026
北京大学,波斯语,050208,1,A+,2026
上海外国语大学,波斯语,050208,2,A+,2026
北京外国语大学,波斯语,050208,3,B+,2026
广东外语外贸大学,波斯语,050208,4,B+,2026
北京第二外国语学院,波斯语,050208,5,B,2026
对外经济贸易大学,波斯语,050208,6,B,2026
西安外国语大学,波斯语,050208,7,B,2026
北京大学,朝鲜语,050209,1,A+,2026
复旦大学,朝鲜语,050209,2,A+,2026
南京大学,朝鲜语,050209,3,A,2026
广东外语外贸大学,朝鲜语,050209,4,A,2026
山东大学,朝鲜语,050209,4,A,2026
上海外国语大学,朝鲜语,050209,6,A,2026
北京外国语大学,朝鲜语,050209,7,A,2026
延边大学,朝鲜语,050209,8,A,2026
吉林大学,朝鲜语,050209,9,A,2026
湖南师范大学,朝鲜语,050209,10,A,2026
对外经济贸易大学,朝鲜语,050209,11,A,2026
中山大学,朝鲜语,050209,12,B+,2026
中国海洋大学,朝鲜语,050209,13,B+,2026
北京第二外国语学院,朝鲜语,050209,14,B+,2026
大连外国语大学,朝鲜语,050209,15,B+,2026
四川外国语大学,朝鲜语,050209,16,B+,2026
西安外国语大学,朝鲜语,050209,17,B+,2026
北京语言大学,朝鲜语,050209,18,B+,2026
天津外国语大学,朝鲜语,050209,19,B+,2026
南京师范大学,朝鲜语,050209,20,B+,2026
黑龙江大学,朝鲜语,050209,21,B+,2026
哈尔滨工业大学,朝鲜语,050209,22,B+,2026
杭州师范大学,朝鲜语,050209,23,B+,2026
天津师范大学,朝鲜语,050209,24,B+,2026
山东师范大学,朝鲜语,050209,25,B+,2026
扬州大学,朝鲜语,050209,26,B+,2026
青岛大学,朝鲜语,050209,27,B+,2026
吉林外国语大学,朝鲜语,050209,28,B+,2026
广西师范大学,朝鲜语,050209,29,B+,2026
浙江外国语学院,朝鲜语,050209,30,B+,2026
辽宁大学,朝鲜语,050209,31,B+,2026
鲁东大学,朝鲜语,050209,32,B+,2026
浙江越秀外国语学院,朝鲜语,050209,33,B+,2026
长春理工大学,朝鲜语,050209,34,B,2026
大连民族大学,朝鲜语,050209,35,B,2026
吉林财经大学,朝鲜语,050209,36,B,2026
长春师范大学,朝鲜语,050209,37,B,2026
哈尔滨理工大学,朝鲜语,050209,38,B,2026
青岛农业大学,朝鲜语,050209,39,B,2026
广东外语外贸大学南国商学院,朝鲜语,050209,40,B,2026
吉林师范大学,朝鲜语,050209,41,B,2026
烟台大学,朝鲜语,050209,42,B,2026
齐齐哈尔大学,朝鲜语,050209,43,B,2026
内蒙古师范大学,朝鲜语,050209,44,B,2026
山东工商学院,朝鲜语,050209,45,B,2026
上海商学院,朝鲜语,050209,46,B,2026
吉林警察学院,朝鲜语,050209,47,B,2026
珠海科技学院,朝鲜语,050209,48,B,2026
徐州工程学院,朝鲜语,050209,49,B,2026
青岛滨海学院,朝鲜语,050209,50,B,2026
潍坊学院,朝鲜语,050209,51,B,2026
辽东学院,朝鲜语,050209,52,B,2026
盐城师范学院,朝鲜语,050209,52,B,2026
浙江树人学院,朝鲜语,050209,54,B,2026
河北外国语学院,朝鲜语,050209,55,B,2026
北京大学,菲律宾语,050210,1,A+,2026
北京外国语大学,菲律宾语,050210,2,A+,2026
广东外语外贸大学,菲律宾语,050210,3,B,2026
北京大学,梵语巴利语,050211,,,2026
北京外国语大学,梵语巴利语,050211,,,2026
北京大学,印度尼西亚语,050212,1,A+,2026
北京外国语大学,印度尼西亚语,050212,2,A+,2026
上海外国语大学,印度尼西亚语,050212,3,B+,2026
广东外语外贸大学,印度尼西亚语,050212,4,B+,2026
天津外国语大学,印度尼西亚语,050212,5,B+,2026
北京语言大学,印度尼西亚语,050212,6,B,2026
北京第二外国语学院,印度尼西亚语,050212,7,B,2026
广西民族大学,印度尼西亚语,050212,8,B,2026
西安外国语大学,印度尼西亚语,050212,9,B,2026
北京大学,印地语,050213,1,A+,2026
北京外国语大学,印地语,050213,2,A+,2026
上海外国语大学,印地语,050213,3,B+,2026
广东外语外贸大学,印地语,050213,4,B+,2026
西安外国语大学,印地语,050213,5,B,2026
云南大学,印地语,050213,6,B,2026
中国传媒大学,印地语,050213,7,B,2026
北京外国语大学,柬埔寨语,050214,1,A+,2026
上海外国语大学,柬埔寨语,050214,2,A+,2026
广东外语外贸大学,柬埔寨语,050214,3,B+,2026
广西民族大学,柬埔寨语,050214,4,B,2026
云南大学,柬埔寨语,050214,5,B,2026
北京外国语大学,老挝语,050215,1,A+,2026
广东外语外贸大学,老挝语,050215,2,A+,2026
云南民族大学,老挝语,050215,3,B+,2026
广西民族大学,老挝语,050215,4,B,2026
云南师范大学,老挝语,050215,5,B,2026
北京大学,缅甸语,050216,1,A+,2026
北京外国语大学,缅甸语,050216,2,A+,2026
广东外语外贸大学,缅甸语,050216,3,B+,2026
云南大学,缅甸语,050216,4,B+,2026
云南民族大学,缅甸语,050216,5,B+,2026
广西民族大学,缅甸语,050216,6,B,2026
四川外国语大学,缅甸语,050216,7,B,2026
天津外国语大学,缅甸语,050216,7,B,2026
云南师范大学,缅甸语,050216,9,B,2026
北京外国语大学,马来语,050217,1,A+,2026
广东外语外贸大学,马来语,050217,2,A+,2026
中国传媒大学,马来语,050217,3,B+,2026
四川外国语大学,马来语,050217,4,B,2026
西安外国语大学,马来语,050217,5,B,2026
云南大学,马来语,050217,6,B,2026
北京大学,蒙古语,050218,1,A+,2026
北京外国语大学,蒙古语,050218,2,A+,2026
天津外国语大学,蒙古语,050218,3,B,2026
北京外国语大学,僧伽罗语,050219,1,A+,2026
云南大学,僧伽罗语,050219,2,A+,2026
北京大学,泰语,050220,1,A+,2026
上海外国语大学,泰语,050220,2,A+,2026
北京外国语大学,泰语,050220,3,A,2026
广东外语外贸大学,泰语,050220,4,A,2026
广西大学,泰语,050220,5,A,2026
广西民族大学,泰语,050220,6,B+,2026
云南大学,泰语,050220,7,B+,2026
云南民族大学,泰语,050220,8,B+,2026
云南师范大学,泰语,050220,9,B+,2026
大理大学,泰语,050220,10,B+,2026
四川外国语大学,泰语,050220,10,B+,2026
西安外国语大学,泰语,050220,12,B+,2026
北京第二外国语学院,泰语,050220,13,B+,2026
天津外国语大学,泰语,050220,14,B+,2026
大连外国语大学,泰语,050220,15,B+,2026
汕头大学,泰语,050220,16,B,2026
成都大学,泰语,050220,17,B,2026
昆明理工大学,泰语,050220,18,B,2026
云南财经大学,泰语,050220,19,B,2026
贵州民族大学,泰语,050220,20,B,2026
吉林外国语大学,泰语,050220,21,B,2026
西南林业大学,泰语,050220,22,B,2026
云南农业大学,泰语,050220,23,B,2026
南宁师范大学,泰语,050220,24,B,2026
昆明学院,泰语,050220,25,B,2026
北京大学,乌尔都语,050221,1,A+,2026
北京外国语大学,乌尔都语,050221,2,A+,2026
西安外国语大学,乌尔都语,050221,3,B,2026
广东外语外贸大学,乌尔都语,050221,4,B,2026
北京大学,希伯来语,050222,1,A+,2026
北京外国语大学,希伯来语,050222,2,A+,2026
上海外国语大学,希伯来语,050222,3,B,2026
北京大学,越南语,050223,1,A+,2026
广东外语外贸大学,越南语,050223,2,A+,2026
北京外国语大学,越南语,050223,3,B+,2026
上海外国语大学,越南语,050223,4,B+,2026
对外经济贸易大学,越南语,050223,5,B+,2026
四川外国语大学,越南语,050223,6,B+,2026
广西大学,越南语,050223,7,B+,2026
广西民族大学,越南语,050223,8,B+,2026
云南师范大学,越南语,050223,9,B,2026
北京第二外国语学院,越南语,050223,10,B,2026
云南民族大学,越南语,050223,11,B,2026
云南大学,越南语,050223,12,B,2026
南宁师范大学,越南语,050223,13,B,2026
贵州民族大学,越南语,050223,14,B,2026
北京外国语大学,豪萨语,050224,,,2026
广东外语外贸大学,豪萨语,050224,,,2026
天津外国语大学,豪萨语,050224,,,2026
北京外国语大学,斯瓦希里语,050225,1,A+,2026
上海外国语大学,斯瓦希里语,050225,2,A+,2026
中国传媒大学,斯瓦希里语,050225,3,B,2026
北京第二外国语学院,阿尔巴尼亚语,050226,,,2026
北京外国语大学,阿尔巴尼亚语,050226,,,2026
北京外国语大学,保加利亚语,050227,1,A+,2026
广东外语外贸大学,保加利亚语,050227,2,A+,2026
北京外国语大学,波兰语,050228,1,A+,2026
广东外语外贸大学,波兰语,050228,2,A+,2026
上海外国语大学,波兰语,050228,3,B+,2026
四川大学,波兰语,050228,4,B+,2026
西安外国语大学,波兰语,050228,5,B,2026
北京第二外国语学院,波兰语,050228,6,B,2026
四川外国语大学,波兰语,050228,7,B,2026
北京外国语大学,捷克语,050229,1,A+,2026
上海外国语大学,捷克语,050229,2,A+,2026
广东外语外贸大学,捷克语,050229,3,B+,2026
北京第二外国语学院,捷克语,050229,4,B,2026
西安外国语大学,捷克语,050229,5,B,2026
四川外国语大学,捷克语,050229,6,B,2026
北京第二外国语学院,斯洛伐克语,050230,,,2026
北京外国语大学,斯洛伐克语,050230,,,2026
北京外国语大学,罗马尼亚语,050231,1,A+,2026
上海外国语大学,罗马尼亚语,050231,2,A+,2026
四川外国语大学,罗马尼亚语,050231,3,B,2026
上海外国语大学,葡萄牙语,050232,1,A+,2026
北京大学,葡萄牙语,050232,2,A+,2026
北京外国语大学,葡萄牙语,050232,3,A,2026
对外经济贸易大学,葡萄牙语,050232,4,B+,2026
广东外语外贸大学,葡萄牙语,050232,5,B+,2026
北京第二外国语学院,葡萄牙语,050232,6,B+,2026
西安外国语大学,葡萄牙语,050232,7,B+,2026
中国传媒大学,葡萄牙语,050232,8,B+,2026
大连外国语大学,葡萄牙语,050232,9,B+,2026
四川外国语大学,葡萄牙语,050232,10,B+,2026
北京交通大学,葡萄牙语,050232,11,B+,2026
天津外国语大学,葡萄牙语,050232,12,B,2026
北京语言大学,葡萄牙语,050232,13,B,2026
湖北大学,葡萄牙语,050232,14,B,2026
吉林外国语大学,葡萄牙语,050232,15,B,2026
华东交通大学,葡萄牙语,050232,16,B,2026
浙江外国语学院,葡萄牙语,050232,17,B,2026
安徽师范大学,葡萄牙语,050232,18,B,2026
四川轻化工大学,葡萄牙语,050232,19,B,2026
北京外国语大学,瑞典语,050233,,,2026
上海外国语大学,瑞典语,050233,,,2026
北京外国语大学,塞尔维亚语,050234,1,A+,2026
上海外国语大学,塞尔维亚语,050234,2,A+,2026
广东外语外贸大学,塞尔维亚语,050234,3,B,2026
北京第二外国语学院,塞尔维亚语,050234,4,B,2026
北京外国语大学,土耳其语,050235,1,A+,2026
上海外国语大学,土耳其语,050235,2,A+,2026
广东外语外贸大学,土耳其语,050235,3,B+,2026
北京第二外国语学院,土耳其语,050235,4,B,2026
中国传媒大学,土耳其语,050235,5,B,2026
四川外国语大学,土耳其语,050235,6,B,2026
北京外国语大学,希腊语,050236,1,A+,2026
上海外国语大学,希腊语,050236,2,A+,2026
广东外语外贸大学,希腊语,050236,3,B,2026
对外经济贸易大学,希腊语,050236,4,B,2026
北京外国语大学,匈牙利语,050237,1,A+,2026
上海外国语大学,匈牙利语,050237,2,A+,2026
北京第二外国语学院,匈牙利语,050237,3,B+,2026
广东外语外贸大学,匈牙利语,050237,4,B,2026
四川外国语大学,匈牙利语,050237,5,B,2026
北京外国语大学,意大利语,050238,1,A+,2026
南开大学,意大利语,050238,2,A+,2026
上海外国语大学,意大利语,050238,2,A+,2026
广东外语外贸大学,意大利语,050238,4,B+,2026
对外经济贸易大学,意大利语,050238,5,B+,2026
北京大学,意大利语,050238,6,B+,2026
四川外国语大学,意大利语,050238,7,B+,2026
北京语言大学,意大利语,050238,8,B,2026
西安外国语大学,意大利语,050238,9,B,2026
南京师范大学,意大利语,050238,10,B,2026
天津外国语大学,意大利语,050238,10,B,2026
北京第二外国语学院,意大利语,050238,12,B,2026
北京外国语大学,泰米尔语,050239,,,2026
云南民族大学,泰米尔语,050239,,,2026
中国传媒大学,泰米尔语,050239,,,2026
中国传媒大学,普什图语,050240,1,A+,2026
云南民族大学,普什图语,050240,2,A+,2026
枣庄学院,世界语,050241,,,2026
北京外国语大学,孟加拉语,050242,1,A+,2026
广东外语外贸大学,孟加拉语,050242,2,A+,2026
北京外国语大学,尼泊尔语,050243,1,A+,2026
中国传媒大学,尼泊尔语,050243,2,A+,2026
云南大学,尼泊尔语,050243,3,B,2026
北京外国语大学,克罗地亚语,050244,,,2026
广东外语外贸大学,克罗地亚语,050244,,,2026
北京外国语大学,荷兰语,050245,,,2026
上海外国语大学,荷兰语,050245,,,2026
中国传媒大学,荷兰语,050245,,,2026
北京外国语大学,芬兰语,050246,,,2026
天津外国语大学,芬兰语,050246,,,2026
北京外国语大学,乌克兰语,050247,1,A+,2026
上海外国语大学,乌克兰语,050247,2,A+,2026
大连外国语大学,乌克兰语,050247,3,B,2026
天津外国语大学,乌克兰语,050247,4,B,2026
北京外国语大学,挪威语,050248,,,2026
北京外国语大学,丹麦语,050249,,,2026
北京外国语大学,冰岛语,050250,,,2026
北京外国语大学,爱尔兰语,050251,,,2026
北京第二外国语学院,拉脱维亚语,050252,,,2026
北京外国语大学,拉脱维亚语,050252,,,2026
北京第二外国语学院,立陶宛语,050253,,,2026
北京外国语大学,立陶宛语,050253,,,2026
北京第二外国语学院,斯洛文尼亚语,050254,,,2026
北京外国语大学,斯洛文尼亚语,050254,,,2026
北京第二外国语学院,爱沙尼亚语,050255,,,2026
北京外国语大学,爱沙尼亚语,050255,,,2026
北京外国语大学,马耳他语,050256,,,2026
上海外国语大学,哈萨克语,050257,1,A+,2026
西安外国语大学,哈萨克语,050257,2,A+,2026
大连外国语大学,哈萨克语,050257,3,B,2026
北京外国语大学,乌兹别克语,050258,,,2026
上海外国语大学,乌兹别克语,050258,,,2026
北京外国语大学,祖鲁语,050259,,,2026
北京外国语大学,拉丁语,050260,,,2026
浙江大学,翻译,050261,1,A+,2026
上海外国语大学,翻译,050261,2,A+,2026
北京外国语大学,翻译,050261,3,A+,2026
复旦大学,翻译,050261,4,A+,2026
北京航空航天大学,翻译,050261,5,A+,2026
广东外语外贸大学,翻译,050261,6,A,2026
山东大学,翻译,050261,7,A,2026
华东师范大学,翻译,050261,8,A,2026
华中科技大学,翻译,050261,9,A,2026
陕西师范大学,翻译,050261,9,A,2026
四川外国语大学,翻译,050261,11,A,2026
大连理工大学,翻译,050261,12,A,2026
南京师范大学,翻译,050261,13,A,2026
武汉大学,翻译,050261,14,A,2026
北京第二外国语学院,翻译,050261,15,A,2026
南开大学,翻译,050261,15,A,2026
西安外国语大学,翻译,050261,17,A,2026
对外经济贸易大学,翻译,050261,18,A,2026
西南交通大学,翻译,050261,19,A,2026
北京语言大学,翻译,050261,20,A,2026
广西大学,翻译,050261,21,A,2026
福建师范大学,翻译,050261,22,A,2026
暨南大学,翻译,050261,23,A,2026
大连外国语大学,翻译,050261,24,A,2026
浙江师范大学,翻译,050261,25,A,2026
天津外国语大学,翻译,050261,26,A,2026
华东政法大学,翻译,050261,27,A,2026
湖南师范大学,翻译,050261,28,A,2026
黑龙江大学,翻译,050261,29,A,2026
中国政法大学,翻译,050261,29,A,2026
河南大学,翻译,050261,31,B+,2026
南京邮电大学,翻译,050261,32,B+,2026
外交学院,翻译,050261,32,B+,2026
中国传媒大学,翻译,050261,32,B+,2026
中央民族大学,翻译,050261,35,B+,2026
苏州大学,翻译,050261,36,B+,2026
扬州大学,翻译,050261,37,B+,2026
中央财经大学,翻译,050261,38,B+,2026
燕山大学,翻译,050261,39,B+,2026
山西大学,翻译,050261,40,B+,2026
河南师范大学,翻译,050261,41,B+,2026
南方医科大学,翻译,050261,42,B+,2026
曲阜师范大学,翻译,050261,42,B+,2026
华东交通大学,翻译,050261,44,B+,2026
中南民族大学,翻译,050261,44,B+,2026
广西民族大学,翻译,050261,46,B+,2026
海南师范大学,翻译,050261,46,B+,2026
江苏师范大学,翻译,050261,48,B+,2026
浙江外国语学院,翻译,050261,49,B+,2026
哈尔滨师范大学,翻译,050261,50,B+,2026
河北师范大学,翻译,050261,50,B+,2026
西南科技大学,翻译,050261,50,B+,2026
广东财经大学,翻译,050261,53,B+,2026
吉林外国语大学,翻译,050261,53,B+,2026
天津科技大学,翻译,050261,53,B+,2026
河北科技大学,翻译,050261,56,B+,2026
华北电力大学,翻译,050261,57,B+,2026
昆明理工大学,翻译,050261,57,B+,2026
南通大学,翻译,050261,57,B+,2026
湖南工业大学,翻译,050261,60,B+,2026
武汉轻工大学,翻译,050261,60,B+,2026
广东工业大学,翻译,050261,62,B+,2026
西安电子科技大学,翻译,050261,63,B+,2026
湖南科技大学,翻译,050261,64,B+,2026
中国地质大学（北京）,翻译,050261,65,B+,2026
华侨大学,翻译,050261,66,B+,2026
西北师范大学,翻译,050261,66,B+,2026
南华大学,翻译,050261,68,B+,2026
香港中文大学（深圳）,翻译,050261,68,B+,2026
中南林业科技大学,翻译,050261,70,B+,2026
西华大学,翻译,050261,71,B+,2026
四川农业大学,翻译,050261,72,B+,2026
温州大学,翻译,050261,72,B+,2026
北京信息科技大学,翻译,050261,74,B+,2026
赣南师范大学,翻译,050261,74,B+,2026
重庆邮电大学,翻译,050261,76,B+,2026
集美大学,翻译,050261,76,B+,2026
上海政法学院,翻译,050261,78,B+,2026
成都理工大学,翻译,050261,79,B+,2026
广西师范大学,翻译,050261,80,B+,2026
山东工商学院,翻译,050261,81,B+,2026
上海海事大学,翻译,050261,81,B+,2026
重庆交通大学,翻译,050261,83,B+,2026
中国民航大学,翻译,050261,83,B+,2026
安庆师范大学,翻译,050261,85,B+,2026
江西水利电力大学,翻译,050261,85,B+,2026
辽宁大学,翻译,050261,87,B+,2026
浙江越秀外国语学院,翻译,050261,87,B+,2026
沈阳师范大学,翻译,050261,89,B,2026
牡丹江师范学院,翻译,050261,90,B,2026
辽宁师范大学,翻译,050261,91,B,2026
重庆师范大学,翻译,050261,92,B,2026
湖北经济学院,翻译,050261,93,B,2026
华北理工大学,翻译,050261,94,B,2026
西交利物浦大学,翻译,050261,94,B,2026
长春理工大学,翻译,050261,96,B,2026
河南工业大学,翻译,050261,97,B,2026
西安翻译学院,翻译,050261,98,B,2026
大连大学,翻译,050261,99,B,2026
天津商业大学,翻译,050261,99,B,2026
西华师范大学,翻译,050261,99,B,2026
福建理工大学,翻译,050261,102,B,2026
甘肃政法大学,翻译,050261,102,B,2026
大连海洋大学,翻译,050261,104,B,2026
吉首大学,翻译,050261,104,B,2026
北师香港浸会大学,翻译,050261,106,B,2026
阜阳师范大学,翻译,050261,106,B,2026
闽南师范大学,翻译,050261,106,B,2026
贵州财经大学,翻译,050261,109,B,2026
淮北师范大学,翻译,050261,109,B,2026
西藏大学,翻译,050261,109,B,2026
中国民用航空飞行学院,翻译,050261,109,B,2026
青海师范大学,翻译,050261,113,B,2026
广西医科大学,翻译,050261,114,B,2026
河南农业大学,翻译,050261,115,B,2026
南宁师范大学,翻译,050261,115,B,2026
衡阳师范学院,翻译,050261,117,B,2026
上海工程技术大学,翻译,050261,117,B,2026
淮安大学,翻译,050261,119,B,2026
南阳师范学院,翻译,050261,119,B,2026
长春工业大学,翻译,050261,121,B,2026
宁夏师范大学,翻译,050261,122,B,2026
攀枝花学院,翻译,050261,122,B,2026
郑州航空工业管理学院,翻译,050261,122,B,2026
新疆师范大学,翻译,050261,125,B,2026
云南农业大学,翻译,050261,125,B,2026
广东金融学院,翻译,050261,127,B,2026
黄冈师范学院,翻译,050261,127,B,2026
太原师范学院,翻译,050261,127,B,2026
南京晓庄学院,翻译,050261,130,B,2026
山东第一医科大学,翻译,050261,130,B,2026
重庆科技大学,翻译,050261,132,B,2026
呼和浩特民族学院,翻译,050261,132,B,2026
长沙学院,翻译,050261,134,B,2026
内蒙古师范大学,翻译,050261,134,B,2026
浙江水利水电学院,翻译,050261,134,B,2026
兰州财经大学,翻译,050261,137,B,2026
内江师范学院,翻译,050261,137,B,2026
右江民族医学院,翻译,050261,137,B,2026
宝鸡文理学院,翻译,050261,140,B,2026
宁波大学科学技术学院,翻译,050261,141,B,2026
信阳师范大学,翻译,050261,142,B,2026
广东外语外贸大学南国商学院,翻译,050261,143,B,2026
重庆第二师范学院,翻译,050261,144,B,2026
东莞理工学院,翻译,050261,144,B,2026
山西大同大学,翻译,050261,144,B,2026
泰州学院,翻译,050261,144,B,2026
华南理工大学,商务英语,050262,1,A+,2026
上海外国语大学,商务英语,050262,2,A+,2026
广东外语外贸大学,商务英语,050262,3,A+,2026
对外经济贸易大学,商务英语,050262,4,A+,2026
四川外国语大学,商务英语,050262,5,A+,2026
西安外国语大学,商务英语,050262,6,A+,2026
浙江工商大学,商务英语,050262,7,A+,2026
东北师范大学,商务英语,050262,8,A+,2026
上海财经大学,商务英语,050262,8,A+,2026
北京第二外国语学院,商务英语,050262,10,A,2026
大连外国语大学,商务英语,050262,11,A,2026
黑龙江大学,商务英语,050262,12,A,2026
山东财经大学,商务英语,050262,13,A,2026
暨南大学,商务英语,050262,14,A,2026
中南财经政法大学,商务英语,050262,14,A,2026
上海对外经贸大学,商务英语,050262,16,A,2026
天津外国语大学,商务英语,050262,17,A,2026
江西师范大学,商务英语,050262,18,A,2026
浙江财经大学,商务英语,050262,19,A,2026
西南财经大学,商务英语,050262,20,A,2026
北京林业大学,商务英语,050262,21,A,2026
东北财经大学,商务英语,050262,22,A,2026
首都经济贸易大学,商务英语,050262,23,A,2026
江西财经大学,商务英语,050262,24,A,2026
扬州大学,商务英语,050262,24,A,2026
北京语言大学,商务英语,050262,26,A,2026
广东财经大学,商务英语,050262,27,A,2026
天津财经大学,商务英语,050262,28,A,2026
湖南工商大学,商务英语,050262,29,A,2026
华中农业大学,商务英语,050262,30,A,2026
浙江外国语学院,商务英语,050262,31,A,2026
长江大学,商务英语,050262,32,A,2026
哈尔滨师范大学,商务英语,050262,33,A,2026
北京工商大学,商务英语,050262,34,A,2026
北京物资学院,商务英语,050262,35,A,2026
中南民族大学,商务英语,050262,35,A,2026
安徽财经大学,商务英语,050262,37,A,2026
南京财经大学,商务英语,050262,37,A,2026
西安邮电大学,商务英语,050262,39,A,2026
兰州财经大学,商务英语,050262,40,A,2026
重庆工商大学,商务英语,050262,41,B+,2026
山东农业大学,商务英语,050262,42,B+,2026
赣南师范大学,商务英语,050262,43,B+,2026
湖北师范大学,商务英语,050262,44,B+,2026
湖北经济学院,商务英语,050262,45,B+,2026
贵州财经大学,商务英语,050262,46,B+,2026
吉首大学,商务英语,050262,46,B+,2026
山西财经大学,商务英语,050262,46,B+,2026
云南财经大学,商务英语,050262,49,B+,2026
河北经贸大学,商务英语,050262,50,B+,2026
上海海事大学,商务英语,050262,51,B+,2026
成都理工大学,商务英语,050262,52,B+,2026
广东工业大学,商务英语,050262,53,B+,2026
吉林外国语大学,商务英语,050262,53,B+,2026
湖北工业大学,商务英语,050262,55,B+,2026
武汉纺织大学,商务英语,050262,55,B+,2026
河南科技大学,商务英语,050262,57,B+,2026
成都大学,商务英语,050262,58,B+,2026
衡阳师范学院,商务英语,050262,58,B+,2026
南通大学,商务英语,050262,60,B+,2026
广西财经学院,商务英语,050262,61,B+,2026
河南科技学院,商务英语,050262,61,B+,2026
河南财经政法大学,商务英语,050262,63,B+,2026
山东工商学院,商务英语,050262,63,B+,2026
常州工学院,商务英语,050262,65,B+,2026
湖北中医药大学,商务英语,050262,65,B+,2026
台州学院,商务英语,050262,67,B+,2026
河南农业大学,商务英语,050262,68,B+,2026
辽宁大学,商务英语,050262,68,B+,2026
南京工程学院,商务英语,050262,70,B+,2026
淮北师范大学,商务英语,050262,71,B+,2026
西安财经大学,商务英语,050262,71,B+,2026
山东女子学院,商务英语,050262,73,B+,2026
西华师范大学,商务英语,050262,73,B+,2026
深圳技术大学,商务英语,050262,75,B+,2026
滁州学院,商务英语,050262,76,B+,2026
南宁师范大学,商务英语,050262,77,B+,2026
广东金融学院,商务英语,050262,78,B+,2026
哈尔滨理工大学,商务英语,050262,78,B+,2026
湖北民族大学,商务英语,050262,80,B+,2026
闽南师范大学,商务英语,050262,80,B+,2026
青岛理工大学,商务英语,050262,80,B+,2026
湖南工程学院,商务英语,050262,83,B+,2026
上海商学院,商务英语,050262,83,B+,2026
安庆师范大学,商务英语,050262,85,B+,2026
江苏理工学院,商务英语,050262,85,B+,2026
上海立信会计金融学院,商务英语,050262,85,B+,2026
福建商学院,商务英语,050262,88,B+,2026
河北金融学院,商务英语,050262,88,B+,2026
西南林业大学,商务英语,050262,88,B+,2026
重庆理工大学,商务英语,050262,91,B+,2026
哈尔滨学院,商务英语,050262,91,B+,2026
浙江海洋大学,商务英语,050262,93,B+,2026
宁波工程学院,商务英语,050262,94,B+,2026
贵州民族大学,商务英语,050262,95,B+,2026
南昌师范学院,商务英语,050262,96,B+,2026
邵阳学院,商务英语,050262,96,B+,2026
五邑大学,商务英语,050262,96,B+,2026
湖南中医药大学,商务英语,050262,99,B+,2026
怀化学院,商务英语,050262,100,B+,2026
攀枝花学院,商务英语,050262,101,B+,2026
浙江水利水电学院,商务英语,050262,101,B+,2026
铜陵学院,商务英语,050262,103,B+,2026
南京晓庄学院,商务英语,050262,104,B+,2026
福建江夏学院,商务英语,050262,105,B+,2026
浙江万里学院,商务英语,050262,106,B+,2026
仲恺农业工程学院,商务英语,050262,106,B+,2026
成都工业学院,商务英语,050262,108,B+,2026
山东政法学院,商务英语,050262,108,B+,2026
武汉商学院,商务英语,050262,108,B+,2026
重庆文理学院,商务英语,050262,111,B+,2026
黄冈师范学院,商务英语,050262,111,B+,2026
内蒙古财经大学,商务英语,050262,111,B+,2026
内蒙古师范大学,商务英语,050262,111,B+,2026
泉州师范学院,商务英语,050262,115,B+,2026
江苏第二师范学院,商务英语,050262,116,B+,2026
遵义医科大学,商务英语,050262,116,B+,2026
重庆第二师范学院,商务英语,050262,118,B+,2026
湖北第二师范学院,商务英语,050262,118,B+,2026
广州航海学院,商务英语,050262,120,B+,2026
湖南财政经济学院,商务英语,050262,120,B+,2026
牡丹江师范学院,商务英语,050262,120,B+,2026
哈尔滨商业大学,商务英语,050262,123,B,2026
湖北科技学院,商务英语,050262,123,B,2026
长沙师范学院,商务英语,050262,125,B,2026
广东技术师范大学,商务英语,050262,125,B,2026
莆田学院,商务英语,050262,125,B,2026
衢州学院,商务英语,050262,125,B,2026
哈尔滨金融学院,商务英语,050262,129,B,2026
湖南文理学院,商务英语,050262,130,B,2026
岭南师范学院,商务英语,050262,131,B,2026
廊坊师范学院,商务英语,050262,132,B,2026
湘南学院,商务英语,050262,132,B,2026
黑龙江科技大学,商务英语,050262,134,B,2026
郑州师范学院,商务英语,050262,134,B,2026
武汉学院,商务英语,050262,136,B,2026
无锡太湖学院,商务英语,050262,136,B,2026
西昌学院,商务英语,050262,136,B,2026
肇庆学院,商务英语,050262,136,B,2026
巢湖学院,商务英语,050262,140,B,2026
合肥师范学院,商务英语,050262,140,B,2026
湖北理工学院,商务英语,050262,140,B,2026
乐山师范学院,商务英语,050262,140,B,2026
韶关学院,商务英语,050262,140,B,2026
四川旅游学院,商务英语,050262,140,B,2026
新疆财经大学,商务英语,050262,140,B,2026
四川文理学院,商务英语,050262,147,B,2026
沧州师范学院,商务英语,050262,148,B,2026
韩山师范学院,商务英语,050262,148,B,2026
三明学院,商务英语,050262,148,B,2026
长治学院,商务英语,050262,151,B,2026
重庆对外经贸学院,商务英语,050262,151,B,2026
桂林航天工业学院,商务英语,050262,151,B,2026
天水师范大学,商务英语,050262,151,B,2026
盐城师范学院,商务英语,050262,151,B,2026
广东第二师范学院,商务英语,050262,156,B,2026
淮南师范学院,商务英语,050262,156,B,2026
西安航空学院,商务英语,050262,156,B,2026
珠海科技学院,商务英语,050262,156,B,2026
贵州商学院,商务英语,050262,160,B,2026
荆楚理工学院,商务英语,050262,160,B,2026
桂林学院,商务英语,050262,162,B,2026
河北北方学院,商务英语,050262,162,B,2026
梧州学院,商务英语,050262,162,B,2026
长江大学文理学院,商务英语,050262,165,B,2026
福建技术师范学院,商务英语,050262,165,B,2026
洛阳理工学院,商务英语,050262,165,B,2026
山东航空学院,商务英语,050262,165,B,2026
新余学院,商务英语,050262,165,B,2026
郑州商学院,商务英语,050262,165,B,2026
安康学院,商务英语,050262,171,B,2026
保定学院,商务英语,050262,171,B,2026
唐山学院,商务英语,050262,171,B,2026
黑龙江东方学院,商务英语,050262,174,B,2026
湖南城市学院,商务英语,050262,174,B,2026
白城师范学院,商务英语,050262,176,B,2026
河南财政金融学院,商务英语,050262,176,B,2026
湖南科技学院,商务英语,050262,176,B,2026
湖南人文科技学院,商务英语,050262,176,B,2026
山西大同大学,商务英语,050262,176,B,2026
豫章师范学院,商务英语,050262,176,B,2026
安徽文达信息工程学院,商务英语,050262,182,B,2026
龙岩学院,商务英语,050262,182,B,2026
黔南民族师范学院,商务英语,050262,182,B,2026
西安交通大学城市学院,商务英语,050262,182,B,2026
汉江师范学院,商务英语,050262,186,B,2026
黄淮学院,商务英语,050262,186,B,2026
宿州学院,商务英语,050262,186,B,2026
泰州学院,商务英语,050262,186,B,2026
广东培正学院,商务英语,050262,190,B,2026
邯郸学院,商务英语,050262,190,B,2026
衡水学院,商务英语,050262,190,B,2026
荆州学院,商务英语,050262,190,B,2026
信阳农林学院,商务英语,050262,190,B,2026
济宁学院,商务英语,050262,195,B,2026
山东农业工程学院,商务英语,050262,195,B,2026
广州商学院,商务英语,050262,197,B,2026
新乡学院,商务英语,050262,197,B,2026
广西民族师范学院,商务英语,050262,199,B,2026
桂林旅游学院,商务英语,050262,199,B,2026
河北水利电力学院,商务英语,050262,199,B,2026
河南工学院,商务英语,050262,199,B,2026
衡阳师范学院南岳学院,商务英语,050262,199,B,2026
九江学院,商务英语,050262,199,B,2026
北京外国语大学,阿姆哈拉语,050263T,,,2026
北京外国语大学,吉尔吉斯语,050264T,,,2026
北京外国语大学,索马里语,050265T,,,2026
北京外国语大学,土库曼语,050266T,,,2026
北京外国语大学,加泰罗尼亚语,050267T,,,2026
北京外国语大学,约鲁巴语,050268T,,,2026
北京外国语大学,亚美尼亚语,050269T,,,2026
北京外国语大学,马达加斯加语,050270T,,,2026
北京外国语大学,格鲁吉亚语,050271T,,,2026
北京外国语大学,阿塞拜疆语,050272T,,,2026
北京外国语大学,阿非利卡语,050273T,,,2026
北京外国语大学,马其顿语,050274T,,,2026
北京外国语大学,塔吉克语,050275T,,,2026
北京外国语大学,茨瓦纳语,050276T,,,2026
北京外国语大学,恩德贝莱语,050277T,,,2026
北京外国语大学,科摩罗语,050278T,,,2026
北京外国语大学,克里奥尔语,050279T,,,2026
北京外国语大学,绍纳语,050280T,,,2026
北京外国语大学,提格雷尼亚语,050281T,,,2026
北京外国语大学,白俄罗斯语,050282T,,,2026
天津外国语大学,白俄罗斯语,050282T,,,2026
西安外国语大学,白俄罗斯语,050282T,,,2026
北京外国语大学,毛利语,050283T,,,2026
北京外国语大学,汤加语,050284T,,,2026
北京外国语大学,萨摩亚语,050285T,,,2026
北京外国语大学,库尔德语,050286T,,,2026
北京外国语大学,比斯拉马语,050287T,,,2026
北京外国语大学,达里语,050288T,,,2026
北京外国语大学,德顿语,050289T,,,2026
北京外国语大学,迪维希语,050290T,,,2026
北京外国语大学,斐济语,050291T,,,2026
北京外国语大学,库克群岛毛利语,050292T,,,2026
北京外国语大学,隆迪语,050293T,,,2026
北京外国语大学,卢森堡语,050294T,,,2026
北京外国语大学,卢旺达语,050295T,,,2026
北京外国语大学,纽埃语,050296T,,,2026
北京外国语大学,皮金语,050297T,,,2026
北京外国语大学,切瓦语,050298T,,,2026
北京外国语大学,塞苏陀语,050299T,,,2026
复旦大学,新闻学,050301,1,A+,2026
北京大学,新闻学,050301,2,A+,2026
中国人民大学,新闻学,050301,3,A+,2026
南京大学,新闻学,050301,4,A+,2026
中国传媒大学,新闻学,050301,5,A+,2026
暨南大学,新闻学,050301,6,A+,2026
武汉大学,新闻学,050301,6,A+,2026
浙江大学,新闻学,050301,8,A,2026
山东大学,新闻学,050301,9,A,2026
华中科技大学,新闻学,050301,10,A,2026
华东师范大学,新闻学,050301,11,A,2026
南京师范大学,新闻学,050301,12,A,2026
四川大学,新闻学,050301,13,A,2026
重庆大学,新闻学,050301,14,A,2026
华南理工大学,新闻学,050301,15,A,2026
湖南大学,新闻学,050301,16,A,2026
厦门大学,新闻学,050301,17,A,2026
中山大学,新闻学,050301,18,A,2026
深圳大学,新闻学,050301,19,A,2026
华中师范大学,新闻学,050301,20,A,2026
上海大学,新闻学,050301,21,A,2026
上海外国语大学,新闻学,050301,22,A,2026
苏州大学,新闻学,050301,23,A,2026
郑州大学,新闻学,050301,24,A,2026
吉林大学,新闻学,050301,25,A,2026
陕西师范大学,新闻学,050301,26,A,2026
兰州大学,新闻学,050301,27,A,2026
中央民族大学,新闻学,050301,27,A,2026
安徽大学,新闻学,050301,29,A,2026
湖南师范大学,新闻学,050301,29,A,2026
云南大学,新闻学,050301,31,A,2026
河北大学,新闻学,050301,32,A,2026
西南大学,新闻学,050301,33,B+,2026
湖北大学,新闻学,050301,34,B+,2026
北京外国语大学,新闻学,050301,35,B+,2026
西南政法大学,新闻学,050301,36,B+,2026
南昌大学,新闻学,050301,37,B+,2026
东北师范大学,新闻学,050301,38,B+,2026
西北大学,新闻学,050301,38,B+,2026
浙江传媒学院,新闻学,050301,38,B+,2026
广东外语外贸大学,新闻学,050301,41,B+,2026
广西大学,新闻学,050301,41,B+,2026
中南财经政法大学,新闻学,050301,43,B+,2026
中国政法大学,新闻学,050301,44,B+,2026
上海财经大学,新闻学,050301,45,B+,2026
中央财经大学,新闻学,050301,46,B+,2026
中国海洋大学,新闻学,050301,47,B+,2026
新疆大学,新闻学,050301,48,B+,2026
河南大学,新闻学,050301,49,B+,2026
华东政法大学,新闻学,050301,50,B+,2026
南开大学,新闻学,050301,51,B+,2026
江西师范大学,新闻学,050301,52,B+,2026
华南师范大学,新闻学,050301,53,B+,2026
四川外国语大学,新闻学,050301,54,B+,2026
中南民族大学,新闻学,050301,54,B+,2026
内蒙古大学,新闻学,050301,56,B+,2026
西北政法大学,新闻学,050301,57,B+,2026
天津师范大学,新闻学,050301,58,B+,2026
汕头大学,新闻学,050301,59,B+,2026
北京体育大学,新闻学,050301,60,B+,2026
浙江工商大学,新闻学,050301,60,B+,2026
北京印刷学院,新闻学,050301,62,B+,2026
长安大学,新闻学,050301,63,B+,2026
辽宁大学,新闻学,050301,63,B+,2026
西南财经大学,新闻学,050301,63,B+,2026
北京工商大学,新闻学,050301,66,B+,2026
山西大学,新闻学,050301,67,B+,2026
北京语言大学,新闻学,050301,68,B+,2026
贵州大学,新闻学,050301,68,B+,2026
山东师范大学,新闻学,050301,68,B+,2026
东北财经大学,新闻学,050301,71,B+,2026
南京财经大学,新闻学,050301,71,B+,2026
宁夏大学,新闻学,050301,73,B+,2026
江西财经大学,新闻学,050301,74,B+,2026
长沙理工大学,新闻学,050301,75,B+,2026
湘潭大学,新闻学,050301,76,B+,2026
青岛大学,新闻学,050301,77,B+,2026
安徽师范大学,新闻学,050301,78,B+,2026
上海体育大学,新闻学,050301,79,B+,2026
黑龙江大学,新闻学,050301,80,B+,2026
天津外国语大学,新闻学,050301,80,B+,2026
西南民族大学,新闻学,050301,82,B+,2026
上海政法学院,新闻学,050301,83,B+,2026
河北师范大学,新闻学,050301,84,B+,2026
西安外国语大学,新闻学,050301,84,B+,2026
首都体育学院,新闻学,050301,86,B+,2026
西北师范大学,新闻学,050301,87,B+,2026
重庆师范大学,新闻学,050301,88,B+,2026
海南师范大学,新闻学,050301,88,B+,2026
大连外国语大学,新闻学,050301,90,B+,2026
上海对外经贸大学,新闻学,050301,91,B+,2026
山东财经大学,新闻学,050301,92,B+,2026
曲阜师范大学,新闻学,050301,93,B+,2026
安徽财经大学,新闻学,050301,94,B+,2026
合肥大学,新闻学,050301,95,B+,2026
贵州民族大学,新闻学,050301,96,B+,2026
西藏民族大学,新闻学,050301,96,B+,2026
中国劳动关系学院,新闻学,050301,96,B+,2026
云南师范大学,新闻学,050301,99,B,2026
广东财经大学,新闻学,050301,100,B,2026
临沂大学,新闻学,050301,101,B,2026
北京第二外国语学院,新闻学,050301,102,B,2026
北京联合大学,新闻学,050301,103,B,2026
湖南工商大学,新闻学,050301,104,B,2026
南宁师范大学,新闻学,050301,105,B,2026
渤海大学,新闻学,050301,106,B,2026
河北经贸大学,新闻学,050301,106,B,2026
烟台大学,新闻学,050301,108,B,2026
西华师范大学,新闻学,050301,109,B,2026
辽宁师范大学,新闻学,050301,110,B,2026
石河子大学,新闻学,050301,110,B,2026
华侨大学,新闻学,050301,112,B,2026
沈阳师范大学,新闻学,050301,112,B,2026
吉林师范大学,新闻学,050301,114,B,2026
延边大学,新闻学,050301,115,B,2026
西安财经大学,新闻学,050301,116,B,2026
西北民族大学,新闻学,050301,116,B,2026
武汉体育学院,新闻学,050301,118,B,2026
延安大学,新闻学,050301,119,B,2026
成都体育学院,新闻学,050301,120,B,2026
河南财经政法大学,新闻学,050301,120,B,2026
湖北民族大学,新闻学,050301,120,B,2026
湖南科技大学,新闻学,050301,120,B,2026
西安石油大学,新闻学,050301,120,B,2026
南京体育学院,新闻学,050301,125,B,2026
青海师范大学,新闻学,050301,126,B,2026
浙大宁波理工学院,新闻学,050301,127,B,2026
吉首大学,新闻学,050301,128,B,2026
浙江万里学院,新闻学,050301,129,B,2026
广西师范大学,新闻学,050301,130,B,2026
湖南理工大学,新闻学,050301,131,B,2026
新疆财经大学,新闻学,050301,131,B,2026
河南工业大学,新闻学,050301,133,B,2026
内蒙古师范大学,新闻学,050301,133,B,2026
沈阳体育学院,新闻学,050301,135,B,2026
湖州师范大学,新闻学,050301,136,B,2026
湖北经济学院,新闻学,050301,137,B,2026
甘肃政法大学,新闻学,050301,138,B,2026
莆田学院,新闻学,050301,139,B,2026
大连民族大学,新闻学,050301,140,B,2026
淮北师范大学,新闻学,050301,141,B,2026
江苏海洋大学,新闻学,050301,142,B,2026
福建理工大学,新闻学,050301,143,B,2026
广西民族大学,新闻学,050301,143,B,2026
南通大学,新闻学,050301,145,B,2026
天津体育学院,新闻学,050301,145,B,2026
大理大学,新闻学,050301,147,B,2026
赣南师范大学,新闻学,050301,147,B,2026
湖北第二师范学院,新闻学,050301,147,B,2026
兰州财经大学,新闻学,050301,147,B,2026
洛阳师范学院,新闻学,050301,151,B,2026
山东政法学院,新闻学,050301,151,B,2026
阜阳师范大学,新闻学,050301,153,B,2026
广东技术师范大学,新闻学,050301,154,B,2026
吉林财经大学,新闻学,050301,154,B,2026
乐山师范学院,新闻学,050301,154,B,2026
北方民族大学,新闻学,050301,157,B,2026
广东海洋大学,新闻学,050301,157,B,2026
安庆师范大学,新闻学,050301,159,B,2026
云南财经大学,新闻学,050301,160,B,2026
中国传媒大学,广播电视学,050302,1,A+,2026
复旦大学,广播电视学,050302,2,A+,2026
中国人民大学,广播电视学,050302,3,A+,2026
暨南大学,广播电视学,050302,4,A,2026
北京大学,广播电视学,050302,5,A,2026
南京大学,广播电视学,050302,6,A,2026
华中科技大学,广播电视学,050302,7,A,2026
武汉大学,广播电视学,050302,8,A,2026
厦门大学,广播电视学,050302,9,A,2026
上海大学,广播电视学,050302,10,A,2026
上海外国语大学,广播电视学,050302,11,A,2026
安徽大学,广播电视学,050302,12,A,2026
广州大学,广播电视学,050302,13,A,2026
浙江传媒学院,广播电视学,050302,14,A,2026
大连理工大学,广播电视学,050302,15,A,2026
西南政法大学,广播电视学,050302,16,A,2026
南昌大学,广播电视学,050302,17,A,2026
浙江工业大学,广播电视学,050302,18,B+,2026
中国地质大学（武汉）,广播电视学,050302,19,B+,2026
福建师范大学,广播电视学,050302,20,B+,2026
河北大学,广播电视学,050302,21,B+,2026
南京航空航天大学,广播电视学,050302,22,B+,2026
江西师范大学,广播电视学,050302,23,B+,2026
南京林业大学,广播电视学,050302,24,B+,2026
成都理工大学,广播电视学,050302,25,B+,2026
上海师范大学,广播电视学,050302,26,B+,2026
扬州大学,广播电视学,050302,27,B+,2026
河海大学,广播电视学,050302,28,B+,2026
华侨大学,广播电视学,050302,29,B+,2026
四川外国语大学,广播电视学,050302,30,B+,2026
江苏师范大学,广播电视学,050302,31,B+,2026
三峡大学,广播电视学,050302,32,B+,2026
河南财经政法大学,广播电视学,050302,33,B+,2026
天津师范大学,广播电视学,050302,33,B+,2026
重庆交通大学,广播电视学,050302,35,B+,2026
贵州师范大学,广播电视学,050302,36,B+,2026
河南师范大学,广播电视学,050302,37,B+,2026
重庆工商大学,广播电视学,050302,38,B+,2026
成都大学,广播电视学,050302,39,B+,2026
上海政法学院,广播电视学,050302,40,B+,2026
天津财经大学,广播电视学,050302,41,B+,2026
武汉纺织大学,广播电视学,050302,42,B+,2026
济南大学,广播电视学,050302,43,B+,2026
贵州师范学院,广播电视学,050302,44,B+,2026
安庆师范大学,广播电视学,050302,45,B+,2026
西南科技大学,广播电视学,050302,46,B+,2026
湖北文理学院,广播电视学,050302,47,B+,2026
中原工学院,广播电视学,050302,47,B+,2026
云南师范大学,广播电视学,050302,49,B+,2026
西交利物浦大学,广播电视学,050302,50,B+,2026
长江大学,广播电视学,050302,51,B+,2026
四川师范大学,广播电视学,050302,52,B+,2026
太原师范学院,广播电视学,050302,52,B+,2026
西藏民族大学,广播电视学,050302,54,B,2026
东莞理工学院,广播电视学,050302,55,B,2026
哈尔滨师范大学,广播电视学,050302,56,B,2026
苏州科技大学,广播电视学,050302,57,B,2026
伊犁师范大学,广播电视学,050302,57,B,2026
南宁师范大学,广播电视学,050302,59,B,2026
山东青年政治学院,广播电视学,050302,59,B,2026
湖北民族大学,广播电视学,050302,61,B,2026
中北大学,广播电视学,050302,62,B,2026
山西传媒学院,广播电视学,050302,63,B,2026
重庆三峡科技大学,广播电视学,050302,64,B,2026
南京晓庄学院,广播电视学,050302,65,B,2026
长江师范学院,广播电视学,050302,66,B,2026
宜宾学院,广播电视学,050302,66,B,2026
聊城大学,广播电视学,050302,68,B,2026
河北传媒学院,广播电视学,050302,69,B,2026
青海民族大学,广播电视学,050302,69,B,2026
齐齐哈尔大学,广播电视学,050302,71,B,2026
黄冈师范学院,广播电视学,050302,72,B,2026
郑州师范学院,广播电视学,050302,72,B,2026
辽宁工程技术大学,广播电视学,050302,74,B,2026
四川轻化工大学,广播电视学,050302,74,B,2026
贵阳学院,广播电视学,050302,76,B,2026
塔里木大学,广播电视学,050302,77,B,2026
潍坊学院,广播电视学,050302,78,B,2026
淮阴师范学院,广播电视学,050302,79,B,2026
喀什大学,广播电视学,050302,79,B,2026
龙岩学院,广播电视学,050302,81,B,2026
扬州大学广陵学院,广播电视学,050302,81,B,2026
盐城师范学院,广播电视学,050302,83,B,2026
绵阳师范学院,广播电视学,050302,84,B,2026
兴义民族师范学院,广播电视学,050302,85,B,2026
武昌首义学院,广播电视学,050302,86,B,2026
宁波财经学院,广播电视学,050302,87,B,2026
复旦大学,广告学,050303,1,A+,2026
中国传媒大学,广告学,050303,2,A+,2026
北京大学,广告学,050303,3,A+,2026
中国人民大学,广告学,050303,4,A+,2026
武汉大学,广告学,050303,5,A+,2026
南京大学,广告学,050303,6,A,2026
厦门大学,广告学,050303,7,A,2026
暨南大学,广告学,050303,8,A,2026
深圳大学,广告学,050303,9,A,2026
华南理工大学,广告学,050303,10,A,2026
四川大学,广告学,050303,11,A,2026
华中科技大学,广告学,050303,12,A,2026
上海大学,广告学,050303,13,A,2026
苏州大学,广告学,050303,14,A,2026
湖南大学,广告学,050303,15,A,2026
南京师范大学,广告学,050303,16,A,2026
吉林大学,广告学,050303,17,A,2026
中央民族大学,广告学,050303,18,A,2026
郑州大学,广告学,050303,19,A,2026
湖北大学,广告学,050303,20,A,2026
东北师范大学,广告学,050303,21,A,2026
上海外国语大学,广告学,050303,22,A,2026
南昌大学,广告学,050303,23,A,2026
武汉理工大学,广告学,050303,24,A,2026
河南大学,广告学,050303,25,A,2026
兰州大学,广告学,050303,25,A,2026
浙江工业大学,广告学,050303,25,A,2026
浙江传媒学院,广告学,050303,28,A,2026
上海师范大学,广告学,050303,29,B+,2026
新疆大学,广告学,050303,30,B+,2026
河北大学,广告学,050303,31,B+,2026
西南交通大学,广告学,050303,31,B+,2026
广西大学,广告学,050303,33,B+,2026
江西师范大学,广告学,050303,33,B+,2026
中央财经大学,广告学,050303,35,B+,2026
上海理工大学,广告学,050303,36,B+,2026
中南民族大学,广告学,050303,37,B+,2026
四川外国语大学,广告学,050303,38,B+,2026
南京林业大学,广告学,050303,39,B+,2026
南京邮电大学,广告学,050303,40,B+,2026
华中农业大学,广告学,050303,41,B+,2026
湘潭大学,广告学,050303,42,B+,2026
北京印刷学院,广告学,050303,43,B+,2026
天津师范大学,广告学,050303,44,B+,2026
首都经济贸易大学,广告学,050303,45,B+,2026
南京财经大学,广告学,050303,46,B+,2026
辽宁大学,广告学,050303,47,B+,2026
山西大学,广告学,050303,48,B+,2026
安徽师范大学,广告学,050303,49,B+,2026
长安大学,广告学,050303,50,B+,2026
浙江财经大学,广告学,050303,51,B+,2026
安徽财经大学,广告学,050303,52,B+,2026
江苏师范大学,广告学,050303,52,B+,2026
河北师范大学,广告学,050303,54,B+,2026
温州大学,广告学,050303,55,B+,2026
浙江工商大学,广告学,050303,56,B+,2026
闽江大学,广告学,050303,57,B+,2026
武汉纺织大学,广告学,050303,57,B+,2026
北京工商大学,广告学,050303,59,B+,2026
东北财经大学,广告学,050303,60,B+,2026
成都理工大学,广告学,050303,61,B+,2026
汕头大学,广告学,050303,61,B+,2026
宁夏大学,广告学,050303,63,B+,2026
东北林业大学,广告学,050303,64,B+,2026
辽宁工业大学,广告学,050303,64,B+,2026
济南大学,广告学,050303,66,B+,2026
河南财经政法大学,广告学,050303,67,B+,2026
湖南理工大学,广告学,050303,68,B+,2026
浙江农林大学,广告学,050303,68,B+,2026
北京服装学院,广告学,050303,70,B+,2026
云南民族大学,广告学,050303,70,B+,2026
广西艺术学院,广告学,050303,72,B+,2026
贵州财经大学,广告学,050303,72,B+,2026
重庆交通大学,广告学,050303,74,B+,2026
浙大城市学院,广告学,050303,75,B+,2026
天津财经大学,广告学,050303,76,B+,2026
广东财经大学,广告学,050303,77,B+,2026
天津外国语大学,广告学,050303,78,B+,2026
重庆理工大学,广告学,050303,79,B+,2026
辽宁师范大学,广告学,050303,80,B+,2026
江汉大学,广告学,050303,81,B+,2026
青岛科技大学,广告学,050303,82,B+,2026
湖南工业大学,广告学,050303,83,B+,2026
黑龙江大学,广告学,050303,84,B+,2026
湖南工商大学,广告学,050303,84,B+,2026
闽南师范大学,广告学,050303,84,B+,2026
西安财经大学,广告学,050303,87,B,2026
福建理工大学,广告学,050303,88,B,2026
衡阳师范学院,广告学,050303,88,B,2026
临沂大学,广告学,050303,90,B,2026
宁波工程学院,广告学,050303,91,B,2026
北师香港浸会大学,广告学,050303,92,B,2026
大理大学,广告学,050303,92,B,2026
吉林财经大学,广告学,050303,94,B,2026
云南财经大学,广告学,050303,94,B,2026
南京艺术学院,广告学,050303,96,B,2026
广西财经学院,广告学,050303,97,B,2026
莆田学院,广告学,050303,98,B,2026
淮阴师范学院,广告学,050303,99,B,2026
南宁师范大学,广告学,050303,100,B,2026
长春工业大学,广告学,050303,101,B,2026
山东工商学院,广告学,050303,102,B,2026
桂林理工大学,广告学,050303,103,B,2026
四川师范大学,广告学,050303,103,B,2026
重庆三峡科技大学,广告学,050303,105,B,2026
西藏民族大学,广告学,050303,105,B,2026
铜陵学院,广告学,050303,107,B,2026
山西传媒学院,广告学,050303,108,B,2026
浙江万里学院,广告学,050303,109,B,2026
东华理工大学,广告学,050303,110,B,2026
辽宁科技学院,广告学,050303,111,B,2026
西北民族大学,广告学,050303,111,B,2026
上海工程技术大学,广告学,050303,113,B,2026
沈阳工业大学,广告学,050303,113,B,2026
泉州师范学院,广告学,050303,115,B,2026
安徽工程大学,广告学,050303,116,B,2026
兰州财经大学,广告学,050303,117,B,2026
唐山学院,广告学,050303,118,B,2026
徐州工程学院,广告学,050303,118,B,2026
福建师范大学协和学院,广告学,050303,120,B,2026
喀什大学,广告学,050303,121,B,2026
山东建筑大学,广告学,050303,121,B,2026
湖南科技学院,广告学,050303,123,B,2026
河北地质大学,广告学,050303,124,B,2026
苏州城市学院,广告学,050303,124,B,2026
湖州学院,广告学,050303,126,B,2026
长春师范大学,广告学,050303,127,B,2026
湖北工程学院,广告学,050303,127,B,2026
宿迁学院,广告学,050303,127,B,2026
武汉工商学院,广告学,050303,130,B,2026
重庆第二师范学院,广告学,050303,131,B,2026
武汉轻工大学,广告学,050303,132,B,2026
福建技术师范学院,广告学,050303,133,B,2026
淮南师范学院,广告学,050303,134,B,2026
江西科技师范大学,广告学,050303,134,B,2026
平顶山学院,广告学,050303,136,B,2026
河北传媒学院,广告学,050303,137,B,2026
郑州工程技术学院,广告学,050303,138,B,2026
池州学院,广告学,050303,139,B,2026
蚌埠学院,广告学,050303,140,B,2026
沧州师范学院,广告学,050303,140,B,2026
四川传媒学院,广告学,050303,142,B,2026
中国人民大学,传播学,050304,1,A+,2026
复旦大学,传播学,050304,2,A+,2026
上海交通大学,传播学,050304,3,A,2026
华中科技大学,传播学,050304,4,A,2026
浙江大学,传播学,050304,5,A,2026
中国传媒大学,传播学,050304,6,A,2026
武汉大学,传播学,050304,7,A,2026
北京师范大学,传播学,050304,8,A,2026
华南理工大学,传播学,050304,9,B+,2026
厦门大学,传播学,050304,10,B+,2026
中山大学,传播学,050304,11,B+,2026
北京交通大学,传播学,050304,12,B+,2026
西南政法大学,传播学,050304,13,B+,2026
华南师范大学,传播学,050304,14,B+,2026
同济大学,传播学,050304,14,B+,2026
浙江传媒学院,传播学,050304,16,B+,2026
西南交通大学,传播学,050304,17,B+,2026
湖北大学,传播学,050304,18,B+,2026
北京外国语大学,传播学,050304,19,B+,2026
东华大学,传播学,050304,20,B+,2026
上海理工大学,传播学,050304,21,B+,2026
中国农业大学,传播学,050304,22,B+,2026
北京印刷学院,传播学,050304,23,B+,2026
国际关系学院,传播学,050304,24,B+,2026
宁波大学,传播学,050304,25,B+,2026
杭州电子科技大学,传播学,050304,26,B,2026
扬州大学,传播学,050304,27,B,2026
首都经济贸易大学,传播学,050304,28,B,2026
海南大学,传播学,050304,29,B,2026
北京语言大学,传播学,050304,30,B,2026
宁波诺丁汉大学,传播学,050304,31,B,2026
鲁东大学,传播学,050304,32,B,2026
黑龙江大学,传播学,050304,33,B,2026
北京服装学院,传播学,050304,34,B,2026
北京信息科技大学,传播学,050304,35,B,2026
贵州师范大学,传播学,050304,36,B,2026
浙江理工大学,传播学,050304,37,B,2026
青岛农业大学,传播学,050304,38,B,2026
天津外国语大学,传播学,050304,39,B,2026
贵州民族大学,传播学,050304,40,B,2026
贵州财经大学,传播学,050304,41,B,2026
昆明理工大学,传播学,050304,42,B,2026
武汉大学,编辑出版学,050305,1,A+,2026
南京大学,编辑出版学,050305,2,A+,2026
华东师范大学,编辑出版学,050305,3,A,2026
中国传媒大学,编辑出版学,050305,4,A,2026
陕西师范大学,编辑出版学,050305,5,B+,2026
北京大学,编辑出版学,050305,6,B+,2026
安徽大学,编辑出版学,050305,7,B+,2026
湖南师范大学,编辑出版学,050305,8,B+,2026
上海理工大学,编辑出版学,050305,9,B+,2026
北京印刷学院,编辑出版学,050305,10,B+,2026
河南大学,编辑出版学,050305,11,B+,2026
河北大学,编辑出版学,050305,12,B+,2026
浙江传媒学院,编辑出版学,050305,13,B+,2026
内蒙古大学,编辑出版学,050305,14,B+,2026
西北政法大学,编辑出版学,050305,15,B,2026
吉林工程技术师范学院,编辑出版学,050305,16,B,2026
辽宁大学,编辑出版学,050305,17,B,2026
吉林师范大学,编辑出版学,050305,18,B,2026
青岛科技大学,编辑出版学,050305,19,B,2026
山东工商学院,编辑出版学,050305,20,B,2026
浙江越秀外国语学院,编辑出版学,050305,21,B,2026
吉林外国语大学,编辑出版学,050305,22,B,2026
山西师范大学,编辑出版学,050305,23,B,2026
西安交通大学,网络与新媒体,050306T,1,A+,2026
中国传媒大学,网络与新媒体,050306T,2,A+,2026
暨南大学,网络与新媒体,050306T,3,A+,2026
深圳大学,网络与新媒体,050306T,4,A+,2026
四川大学,网络与新媒体,050306T,5,A+,2026
南京师范大学,网络与新媒体,050306T,6,A+,2026
中国科学技术大学,网络与新媒体,050306T,7,A+,2026
上海外国语大学,网络与新媒体,050306T,8,A+,2026
中国政法大学,网络与新媒体,050306T,9,A,2026
北京交通大学,网络与新媒体,050306T,10,A,2026
广州大学,网络与新媒体,050306T,10,A,2026
湖南师范大学,网络与新媒体,050306T,12,A,2026
浙江传媒学院,网络与新媒体,050306T,13,A,2026
西北大学,网络与新媒体,050306T,14,A,2026
安徽大学,网络与新媒体,050306T,15,A,2026
广东外语外贸大学,网络与新媒体,050306T,16,A,2026
北京印刷学院,网络与新媒体,050306T,17,A,2026
北京邮电大学,网络与新媒体,050306T,18,A,2026
苏州大学,网络与新媒体,050306T,18,A,2026
西南政法大学,网络与新媒体,050306T,20,A,2026
中南财经政法大学,网络与新媒体,050306T,20,A,2026
上海大学,网络与新媒体,050306T,22,A,2026
陕西师范大学,网络与新媒体,050306T,22,A,2026
厦门理工学院,网络与新媒体,050306T,24,A,2026
华中师范大学,网络与新媒体,050306T,25,A,2026
南京财经大学,网络与新媒体,050306T,25,A,2026
南开大学,网络与新媒体,050306T,25,A,2026
郑州大学,网络与新媒体,050306T,28,A,2026
北京信息科技大学,网络与新媒体,050306T,29,A,2026
浙大宁波理工学院,网络与新媒体,050306T,30,A,2026
中央民族大学,网络与新媒体,050306T,31,A,2026
吉首大学,网络与新媒体,050306T,32,A,2026
武汉理工大学,网络与新媒体,050306T,33,A,2026
河南大学,网络与新媒体,050306T,34,A,2026
福建师范大学,网络与新媒体,050306T,35,A,2026
中国海洋大学,网络与新媒体,050306T,36,A,2026
西华大学,网络与新媒体,050306T,37,A,2026
广西师范大学,网络与新媒体,050306T,38,A,2026
浙江万里学院,网络与新媒体,050306T,38,A,2026
北京体育大学,网络与新媒体,050306T,40,A,2026
合肥工业大学,网络与新媒体,050306T,41,B+,2026
对外经济贸易大学,网络与新媒体,050306T,42,B+,2026
华东政法大学,网络与新媒体,050306T,42,B+,2026
中国矿业大学,网络与新媒体,050306T,44,B+,2026
华北电力大学,网络与新媒体,050306T,45,B+,2026
浙江工商大学,网络与新媒体,050306T,45,B+,2026
南京林业大学,网络与新媒体,050306T,47,B+,2026
内蒙古大学,网络与新媒体,050306T,47,B+,2026
西南财经大学,网络与新媒体,050306T,47,B+,2026
云南民族大学,网络与新媒体,050306T,47,B+,2026
北京语言大学,网络与新媒体,050306T,51,B+,2026
山东师范大学,网络与新媒体,050306T,52,B+,2026
山东政法学院,网络与新媒体,050306T,53,B+,2026
西北政法大学,网络与新媒体,050306T,53,B+,2026
上海政法学院,网络与新媒体,050306T,55,B+,2026
汕头大学,网络与新媒体,050306T,55,B+,2026
西安外国语大学,网络与新媒体,050306T,55,B+,2026
浙江财经大学,网络与新媒体,050306T,55,B+,2026
安徽财经大学,网络与新媒体,050306T,59,B+,2026
广东财经大学,网络与新媒体,050306T,60,B+,2026
怀化学院,网络与新媒体,050306T,61,B+,2026
湖北科技学院,网络与新媒体,050306T,62,B+,2026
安徽师范大学,网络与新媒体,050306T,63,B+,2026
四川外国语大学,网络与新媒体,050306T,63,B+,2026
武汉纺织大学,网络与新媒体,050306T,63,B+,2026
重庆师范大学,网络与新媒体,050306T,66,B+,2026
四川师范大学,网络与新媒体,050306T,66,B+,2026
天津工业大学,网络与新媒体,050306T,66,B+,2026
天津外国语大学,网络与新媒体,050306T,66,B+,2026
中原工学院,网络与新媒体,050306T,66,B+,2026
北京联合大学,网络与新媒体,050306T,71,B+,2026
广东金融学院,网络与新媒体,050306T,71,B+,2026
西华师范大学,网络与新媒体,050306T,71,B+,2026
长沙理工大学,网络与新媒体,050306T,74,B+,2026
合肥大学,网络与新媒体,050306T,74,B+,2026
河南财经政法大学,网络与新媒体,050306T,74,B+,2026
保定学院,网络与新媒体,050306T,77,B+,2026
成都大学,网络与新媒体,050306T,77,B+,2026
西安工业大学,网络与新媒体,050306T,77,B+,2026
湖南财政经济学院,网络与新媒体,050306T,80,B+,2026
青岛理工大学,网络与新媒体,050306T,80,B+,2026
西南民族大学,网络与新媒体,050306T,80,B+,2026
安徽理工大学,网络与新媒体,050306T,83,B+,2026
长江大学,网络与新媒体,050306T,83,B+,2026
重庆工商大学,网络与新媒体,050306T,83,B+,2026
北京电影学院,网络与新媒体,050306T,86,B+,2026
南京传媒学院,网络与新媒体,050306T,86,B+,2026
贵州民族大学,网络与新媒体,050306T,88,B+,2026
河南工业大学,网络与新媒体,050306T,89,B+,2026
湖北师范大学,网络与新媒体,050306T,89,B+,2026
福建理工大学,网络与新媒体,050306T,91,B+,2026
内蒙古师范大学,网络与新媒体,050306T,91,B+,2026
闽江大学,网络与新媒体,050306T,93,B+,2026
沈阳师范大学,网络与新媒体,050306T,93,B+,2026
长春理工大学,网络与新媒体,050306T,95,B+,2026
西安邮电大学,网络与新媒体,050306T,95,B+,2026
浙江外国语学院,网络与新媒体,050306T,95,B+,2026
桂林旅游学院,网络与新媒体,050306T,98,B+,2026
山东理工大学,网络与新媒体,050306T,98,B+,2026
山西传媒学院,网络与新媒体,050306T,98,B+,2026
广东海洋大学,网络与新媒体,050306T,101,B+,2026
湖南理工大学,网络与新媒体,050306T,102,B+,2026
山西师范大学,网络与新媒体,050306T,102,B+,2026
安庆师范大学,网络与新媒体,050306T,104,B+,2026
甘肃政法大学,网络与新媒体,050306T,104,B+,2026
闽南师范大学,网络与新媒体,050306T,104,B+,2026
长春工业大学,网络与新媒体,050306T,107,B+,2026
广东技术师范大学,网络与新媒体,050306T,107,B+,2026
淮北师范大学,网络与新媒体,050306T,107,B+,2026
宁波工程学院,网络与新媒体,050306T,107,B+,2026
陕西理工大学,网络与新媒体,050306T,107,B+,2026
长江师范学院,网络与新媒体,050306T,112,B+,2026
河北经贸大学,网络与新媒体,050306T,112,B+,2026
河北科技大学,网络与新媒体,050306T,114,B+,2026
莆田学院,网络与新媒体,050306T,115,B+,2026
山东农业大学,网络与新媒体,050306T,115,B+,2026
阜阳师范大学,网络与新媒体,050306T,117,B+,2026
中华女子学院,网络与新媒体,050306T,117,B+,2026
广西财经学院,网络与新媒体,050306T,119,B+,2026
湖北经济学院,网络与新媒体,050306T,119,B+,2026
山西财经大学,网络与新媒体,050306T,119,B+,2026
成都锦城学院,网络与新媒体,050306T,122,B,2026
湖南第一师范学院,网络与新媒体,050306T,122,B,2026
兰州财经大学,网络与新媒体,050306T,122,B,2026
南京晓庄学院,网络与新媒体,050306T,122,B,2026
台州学院,网络与新媒体,050306T,122,B,2026
重庆第二师范学院,网络与新媒体,050306T,127,B,2026
重庆三峡科技大学,网络与新媒体,050306T,127,B,2026
惠州学院,网络与新媒体,050306T,127,B,2026
湖南工业大学,网络与新媒体,050306T,127,B,2026
江西水利电力大学,网络与新媒体,050306T,131,B,2026
温州理工学院,网络与新媒体,050306T,131,B,2026
长沙学院,网络与新媒体,050306T,133,B,2026
合肥师范学院,网络与新媒体,050306T,133,B,2026
湖北理工学院,网络与新媒体,050306T,133,B,2026
沈阳体育学院,网络与新媒体,050306T,133,B,2026
河北传媒学院,网络与新媒体,050306T,137,B,2026
辽宁工程技术大学,网络与新媒体,050306T,137,B,2026
内江师范学院,网络与新媒体,050306T,137,B,2026
北华大学,网络与新媒体,050306T,140,B,2026
武汉轻工大学,网络与新媒体,050306T,140,B,2026
长春大学,网络与新媒体,050306T,142,B,2026
贵州财经大学,网络与新媒体,050306T,142,B,2026
衡阳师范学院,网络与新媒体,050306T,142,B,2026
辽宁传媒学院,网络与新媒体,050306T,142,B,2026
武汉学院,网络与新媒体,050306T,142,B,2026
新疆财经大学,网络与新媒体,050306T,142,B,2026
昌吉学院,网络与新媒体,050306T,148,B,2026
湖北第二师范学院,网络与新媒体,050306T,149,B,2026
铜仁学院,网络与新媒体,050306T,149,B,2026
湖州学院,网络与新媒体,050306T,151,B,2026
韩山师范学院,网络与新媒体,050306T,152,B,2026
天津农学院,网络与新媒体,050306T,152,B,2026
铜陵学院,网络与新媒体,050306T,152,B,2026
龙岩学院,网络与新媒体,050306T,155,B,2026
皖西学院,网络与新媒体,050306T,155,B,2026
西昌学院,网络与新媒体,050306T,155,B,2026
肇庆学院,网络与新媒体,050306T,155,B,2026
沧州师范学院,网络与新媒体,050306T,159,B,2026
福建商学院,网络与新媒体,050306T,159,B,2026
平顶山学院,网络与新媒体,050306T,159,B,2026
泰州学院,网络与新媒体,050306T,159,B,2026
郑州工程技术学院,网络与新媒体,050306T,159,B,2026
巢湖学院,网络与新媒体,050306T,164,B,2026
滁州学院,网络与新媒体,050306T,164,B,2026
黄淮学院,网络与新媒体,050306T,164,B,2026
乐山师范学院,网络与新媒体,050306T,164,B,2026
山东管理学院,网络与新媒体,050306T,164,B,2026
南京特殊教育师范学院,网络与新媒体,050306T,169,B,2026
南阳理工学院,网络与新媒体,050306T,169,B,2026
武昌首义学院,网络与新媒体,050306T,169,B,2026
哈尔滨学院,网络与新媒体,050306T,172,B,2026
湖北工程学院,网络与新媒体,050306T,172,B,2026
渭南师范学院,网络与新媒体,050306T,172,B,2026
江西科技师范大学,网络与新媒体,050306T,175,B,2026
荆楚理工学院,网络与新媒体,050306T,175,B,2026
岭南师范学院,网络与新媒体,050306T,175,B,2026
武汉传媒学院,网络与新媒体,050306T,175,B,2026
武夷学院,网络与新媒体,050306T,175,B,2026
阿坝师范学院,网络与新媒体,050306T,180,B,2026
琼台师范学院,网络与新媒体,050306T,180,B,2026
西安欧亚学院,网络与新媒体,050306T,180,B,2026
长治学院,网络与新媒体,050306T,183,B,2026
池州学院,网络与新媒体,050306T,183,B,2026
宁德师范学院,网络与新媒体,050306T,183,B,2026
福建技术师范学院,网络与新媒体,050306T,186,B,2026
兰州城市学院,网络与新媒体,050306T,186,B,2026
曲靖师范学院,网络与新媒体,050306T,186,B,2026
湘南学院,网络与新媒体,050306T,186,B,2026
湖南城市学院,网络与新媒体,050306T,190,B,2026
郑州师范学院,网络与新媒体,050306T,190,B,2026
河南财政金融学院,网络与新媒体,050306T,192,B,2026
吉林工程技术师范学院,网络与新媒体,050306T,192,B,2026
吉林工商学院,网络与新媒体,050306T,192,B,2026
晋中学院,网络与新媒体,050306T,192,B,2026
伊犁师范大学,网络与新媒体,050306T,192,B,2026
湖南科技学院,网络与新媒体,050306T,197,B,2026
湖南女子学院,网络与新媒体,050306T,197,B,2026
湖南人文科技学院,网络与新媒体,050306T,197,B,2026
四川文理学院,网络与新媒体,050306T,197,B,2026
宜春学院,网络与新媒体,050306T,197,B,2026
中南大学,数字出版,050307T,1,A+,2026
北京印刷学院,数字出版,050307T,2,A+,2026
中国传媒大学,数字出版,050307T,3,B+,2026
金陵科技学院,数字出版,050307T,4,B+,2026
华侨大学,数字出版,050307T,5,B+,2026
闽南师范大学,数字出版,050307T,6,B+,2026
山东政法学院,数字出版,050307T,7,B+,2026
山西传媒学院,数字出版,050307T,8,B,2026
重庆财经学院,数字出版,050307T,9,B,2026
南京传媒学院,数字出版,050307T,10,B,2026
绥化学院,数字出版,050307T,11,B,2026
河北传媒学院,数字出版,050307T,12,B,2026
重庆第二师范学院,时尚传播,050308T,1,A+,2026
湖南女子学院,时尚传播,050308T,2,A+,2026
郑州师范学院,时尚传播,050308T,3,B+,2026
中原科技学院,时尚传播,050308T,4,B+,2026
上海杉达学院,时尚传播,050308T,5,B+,2026
南京传媒学院,时尚传播,050308T,6,B,2026
三江学院,时尚传播,050308T,7,B,2026
浙江越秀外国语学院,时尚传播,050308T,7,B,2026
中国人民大学,国际新闻与传播,050309T,1,A+,2026
中国传媒大学,国际新闻与传播,050309T,2,A+,2026
山东大学,国际新闻与传播,050309T,3,B+,2026
厦门大学,国际新闻与传播,050309T,4,B+,2026
暨南大学,国际新闻与传播,050309T,5,B+,2026
上海外国语大学,国际新闻与传播,050309T,6,B+,2026
北京外国语大学,国际新闻与传播,050309T,7,B+,2026
北京交通大学,国际新闻与传播,050309T,8,B,2026
西南政法大学,国际新闻与传播,050309T,9,B,2026
浙江传媒学院,国际新闻与传播,050309T,10,B,2026
四川外国语大学,国际新闻与传播,050309T,11,B,2026
海南大学,国际新闻与传播,050309T,12,B,2026
西安外国语大学,国际新闻与传播,050309T,13,B,2026
北京石油化工学院,会展,050310T,,,2026
福建商学院,会展,050310T,,,2026
上海大学,会展,050310T,,,2026
北京大学,历史学,060101,1,A+,2026
北京师范大学,历史学,060101,2,A+,2026
清华大学,历史学,060101,3,A+,2026
复旦大学,历史学,060101,4,A+,2026
中国人民大学,历史学,060101,5,A+,2026
华东师范大学,历史学,060101,6,A,2026
南开大学,历史学,060101,7,A,2026
武汉大学,历史学,060101,8,A,2026
东北师范大学,历史学,060101,9,A,2026
中山大学,历史学,060101,10,A,2026
华中师范大学,历史学,060101,11,A,2026
南京大学,历史学,060101,12,A,2026
厦门大学,历史学,060101,13,A,2026
四川大学,历史学,060101,14,A,2026
陕西师范大学,历史学,060101,15,A,2026
西北大学,历史学,060101,16,A,2026
浙江大学,历史学,060101,17,A,2026
湖南大学,历史学,060101,18,A,2026
山东大学,历史学,060101,19,A,2026
中央民族大学,历史学,060101,20,A,2026
兰州大学,历史学,060101,21,A,2026
苏州大学,历史学,060101,22,A,2026
西南大学,历史学,060101,23,A,2026
上海师范大学,历史学,060101,24,A,2026
首都师范大学,历史学,060101,24,A,2026
云南大学,历史学,060101,26,A,2026
湖南师范大学,历史学,060101,27,B+,2026
河南大学,历史学,060101,28,B+,2026
上海大学,历史学,060101,29,B+,2026
华南师范大学,历史学,060101,30,B+,2026
吉林大学,历史学,060101,31,B+,2026
暨南大学,历史学,060101,32,B+,2026
福建师范大学,历史学,060101,33,B+,2026
山西大学,历史学,060101,33,B+,2026
浙江师范大学,历史学,060101,33,B+,2026
南京师范大学,历史学,060101,36,B+,2026
湖北大学,历史学,060101,37,B+,2026
安徽大学,历史学,060101,38,B+,2026
西北师范大学,历史学,060101,38,B+,2026
河北师范大学,历史学,060101,40,B+,2026
郑州大学,历史学,060101,41,B+,2026
安徽师范大学,历史学,060101,42,B+,2026
杭州师范大学,历史学,060101,43,B+,2026
山东师范大学,历史学,060101,44,B+,2026
宁夏大学,历史学,060101,45,B+,2026
天津师范大学,历史学,060101,46,B+,2026
内蒙古大学,历史学,060101,47,B+,2026
延边大学,历史学,060101,48,B+,2026
江西师范大学,历史学,060101,49,B+,2026
四川师范大学,历史学,060101,50,B+,2026
河北大学,历史学,060101,51,B+,2026
扬州大学,历史学,060101,52,B+,2026
曲阜师范大学,历史学,060101,53,B+,2026
辽宁大学,历史学,060101,54,B+,2026
温州大学,历史学,060101,54,B+,2026
宁波大学,历史学,060101,56,B+,2026
河南师范大学,历史学,060101,57,B+,2026
重庆师范大学,历史学,060101,58,B+,2026
哈尔滨师范大学,历史学,060101,59,B+,2026
云南师范大学,历史学,060101,60,B+,2026
广西师范大学,历史学,060101,61,B+,2026
南昌大学,历史学,060101,62,B+,2026
重庆大学,历史学,060101,63,B+,2026
山西师范大学,历史学,060101,64,B+,2026
辽宁师范大学,历史学,060101,65,B+,2026
延安大学,历史学,060101,66,B+,2026
广州大学,历史学,060101,67,B+,2026
湘潭大学,历史学,060101,68,B+,2026
新疆大学,历史学,060101,69,B+,2026
贵州师范大学,历史学,060101,70,B+,2026
贵州大学,历史学,060101,71,B+,2026
青岛大学,历史学,060101,72,B+,2026
江苏师范大学,历史学,060101,73,B+,2026
苏州科技大学,历史学,060101,74,B+,2026
西华师范大学,历史学,060101,75,B+,2026
长江大学,历史学,060101,76,B+,2026
吉林师范大学,历史学,060101,77,B+,2026
青海师范大学,历史学,060101,78,B+,2026
海南师范大学,历史学,060101,79,B,2026
信阳师范大学,历史学,060101,79,B,2026
湖南科技大学,历史学,060101,81,B,2026
内蒙古师范大学,历史学,060101,82,B,2026
鲁东大学,历史学,060101,83,B,2026
黑龙江大学,历史学,060101,84,B,2026
江汉大学,历史学,060101,84,B,2026
湖北师范大学,历史学,060101,86,B,2026
渤海大学,历史学,060101,87,B,2026
西南民族大学,历史学,060101,88,B,2026
大连大学,历史学,060101,89,B,2026
赣南师范大学,历史学,060101,89,B,2026
南通大学,历史学,060101,91,B,2026
昆山杜克大学,历史学,060101,92,B,2026
中南民族大学,历史学,060101,92,B,2026
昆明学院,历史学,060101,94,B,2026
长春师范大学,历史学,060101,95,B,2026
聊城大学,历史学,060101,96,B,2026
淮北师范大学,历史学,060101,97,B,2026
华南农业大学,历史学,060101,98,B,2026
内蒙古民族大学,历史学,060101,99,B,2026
安庆师范大学,历史学,060101,100,B,2026
西藏民族大学,历史学,060101,100,B,2026
西北民族大学,历史学,060101,102,B,2026
北华大学,历史学,060101,103,B,2026
沈阳大学,历史学,060101,104,B,2026
深圳大学,历史学,060101,104,B,2026
浙江海洋大学,历史学,060101,106,B,2026
河南科技大学,历史学,060101,107,B,2026
长江师范学院,历史学,060101,108,B,2026
广西民族大学,历史学,060101,109,B,2026
齐齐哈尔大学,历史学,060101,110,B,2026
云南民族大学,历史学,060101,111,B,2026
西藏大学,历史学,060101,112,B,2026
吉首大学,历史学,060101,113,B,2026
太原师范学院,历史学,060101,113,B,2026
南京晓庄学院,历史学,060101,115,B,2026
浙江工商大学,历史学,060101,116,B,2026
闽南师范大学,历史学,060101,117,B,2026
江西科技师范大学,历史学,060101,118,B,2026
成都师范学院,历史学,060101,119,B,2026
南宁师范大学,历史学,060101,120,B,2026
石河子大学,历史学,060101,121,B,2026
惠州学院,历史学,060101,122,B,2026
临沂大学,历史学,060101,122,B,2026
台州学院,历史学,060101,122,B,2026
湖州师范大学,历史学,060101,125,B,2026
贵州师范学院,历史学,060101,126,B,2026
山西大同大学,历史学,060101,126,B,2026
阜阳师范大学,历史学,060101,128,B,2026
北京联合大学,历史学,060101,129,B,2026
济南大学,历史学,060101,129,B,2026
宁夏师范大学,历史学,060101,131,B,2026
浙大城市学院,历史学,060101,131,B,2026
北京大学,世界史,060102,1,A+,2026
南开大学,世界史,060102,2,A+,2026
武汉大学,世界史,060102,3,B+,2026
中国人民大学,世界史,060102,4,B+,2026
西北大学,世界史,060102,5,B+,2026
首都师范大学,世界史,060102,6,B+,2026
陕西师范大学,世界史,060102,7,B,2026
郑州大学,世界史,060102,8,B,2026
上海师范大学,世界史,060102,9,B,2026
天津师范大学,世界史,060102,10,B,2026
北京大学,考古学,060103,1,A+,2026
四川大学,考古学,060103,2,A+,2026
西北大学,考古学,060103,3,A,2026
中国人民大学,考古学,060103,4,B+,2026
山东大学,考古学,060103,5,B+,2026
吉林大学,考古学,060103,6,B+,2026
南京大学,考古学,060103,7,B+,2026
武汉大学,考古学,060103,8,B+,2026
浙江大学,考古学,060103,9,B+,2026
中山大学,考古学,060103,10,B+,2026
郑州大学,考古学,060103,11,B+,2026
厦门大学,考古学,060103,12,B,2026
北京师范大学,考古学,060103,13,B,2026
南开大学,考古学,060103,14,B,2026
山西大学,考古学,060103,15,B,2026
安徽大学,考古学,060103,16,B,2026
河南大学,考古学,060103,17,B,2026
首都师范大学,考古学,060103,18,B,2026
南京师范大学,考古学,060103,19,B,2026
北京大学,文物与博物馆学,060104,1,A+,2026
复旦大学,文物与博物馆学,060104,2,A+,2026
四川大学,文物与博物馆学,060104,3,A,2026
浙江大学,文物与博物馆学,060104,4,A,2026
吉林大学,文物与博物馆学,060104,5,A,2026
西北大学,文物与博物馆学,060104,6,A,2026
南开大学,文物与博物馆学,060104,7,B+,2026
陕西师范大学,文物与博物馆学,060104,8,B+,2026
兰州大学,文物与博物馆学,060104,9,B+,2026
河南大学,文物与博物馆学,060104,10,B+,2026
南京师范大学,文物与博物馆学,060104,11,B+,2026
中央民族大学,文物与博物馆学,060104,12,B+,2026
湖南师范大学,文物与博物馆学,060104,13,B+,2026
山西大学,文物与博物馆学,060104,13,B+,2026
中南民族大学,文物与博物馆学,060104,15,B+,2026
重庆师范大学,文物与博物馆学,060104,16,B+,2026
辽宁师范大学,文物与博物馆学,060104,17,B+,2026
北京联合大学,文物与博物馆学,060104,18,B+,2026
天津师范大学,文物与博物馆学,060104,19,B,2026
江西师范大学,文物与博物馆学,060104,20,B,2026
西北民族大学,文物与博物馆学,060104,21,B,2026
贵州民族大学,文物与博物馆学,060104,22,B,2026
曲阜师范大学,文物与博物馆学,060104,22,B,2026
内蒙古师范大学,文物与博物馆学,060104,24,B,2026
西南民族大学,文物与博物馆学,060104,25,B,2026
湖北大学,文物与博物馆学,060104,26,B,2026
西藏民族大学,文物与博物馆学,060104,27,B,2026
景德镇陶瓷大学,文物与博物馆学,060104,28,B,2026
云南师范大学,文物与博物馆学,060104,29,B,2026
渤海大学,文物与博物馆学,060104,30,B,2026
西华师范大学,文物与博物馆学,060104,30,B,2026
西北大学,文物保护技术,060105T,1,A+,2026
北京大学,文物保护技术,060105T,2,A+,2026
景德镇陶瓷大学,文物保护技术,060105T,3,B,2026
哈尔滨师范大学,文物保护技术,060105T,4,B,2026
北京大学,外国语言与外国历史,060106T,1,A+,2026
北京外国语大学,外国语言与外国历史,060106T,2,A+,2026
首都师范大学,文化遗产,060107T,1,A+,2026
南京农业大学,文化遗产,060107T,2,A+,2026
湖北大学,文化遗产,060107T,3,B+,2026
景德镇陶瓷大学,文化遗产,060107T,4,B+,2026
淮北师范大学,文化遗产,060107T,5,B,2026
重庆文理学院,文化遗产,060107T,6,B,2026
洛阳理工学院,文化遗产,060107T,7,B,2026
吉林大学,古文字学,060108T,,,2026
清华大学,科学史,060109T,,,2026
北京大学,数学与应用数学,070101,1,A+,2026
清华大学,数学与应用数学,070101,2,A+,2026
复旦大学,数学与应用数学,070101,3,A+,2026
西安交通大学,数学与应用数学,070101,4,A+,2026
浙江大学,数学与应用数学,070101,5,A+,2026
中国科学技术大学,数学与应用数学,070101,5,A+,2026
山东大学,数学与应用数学,070101,7,A+,2026
上海交通大学,数学与应用数学,070101,8,A+,2026
四川大学,数学与应用数学,070101,9,A+,2026
南开大学,数学与应用数学,070101,10,A+,2026
东南大学,数学与应用数学,070101,11,A+,2026
北京师范大学,数学与应用数学,070101,12,A,2026
北京航空航天大学,数学与应用数学,070101,13,A,2026
南京大学,数学与应用数学,070101,13,A,2026
中山大学,数学与应用数学,070101,13,A,2026
同济大学,数学与应用数学,070101,16,A,2026
西北工业大学,数学与应用数学,070101,17,A,2026
吉林大学,数学与应用数学,070101,18,A,2026
哈尔滨工业大学,数学与应用数学,070101,19,A,2026
北京理工大学,数学与应用数学,070101,20,A,2026
华东师范大学,数学与应用数学,070101,21,A,2026
电子科技大学,数学与应用数学,070101,22,A,2026
大连理工大学,数学与应用数学,070101,23,A,2026
厦门大学,数学与应用数学,070101,24,A,2026
武汉大学,数学与应用数学,070101,25,A,2026
天津大学,数学与应用数学,070101,26,A,2026
华南理工大学,数学与应用数学,070101,27,A,2026
华中科技大学,数学与应用数学,070101,28,A,2026
华中师范大学,数学与应用数学,070101,29,A,2026
南方科技大学,数学与应用数学,070101,29,A,2026
中南大学,数学与应用数学,070101,31,A,2026
首都师范大学,数学与应用数学,070101,32,A,2026
湘潭大学,数学与应用数学,070101,33,A,2026
北京科技大学,数学与应用数学,070101,34,A,2026
东北师范大学,数学与应用数学,070101,35,A,2026
中国人民大学,数学与应用数学,070101,36,A,2026
西安电子科技大学,数学与应用数学,070101,37,A,2026
兰州大学,数学与应用数学,070101,38,A,2026
重庆大学,数学与应用数学,070101,39,A,2026
哈尔滨工程大学,数学与应用数学,070101,40,A,2026
南京师范大学,数学与应用数学,070101,41,A,2026
东北大学,数学与应用数学,070101,42,A,2026
陕西师范大学,数学与应用数学,070101,43,A,2026
北京邮电大学,数学与应用数学,070101,44,A,2026
华南师范大学,数学与应用数学,070101,44,A,2026
广州大学,数学与应用数学,070101,46,A,2026
湖南大学,数学与应用数学,070101,46,A,2026
浙江师范大学,数学与应用数学,070101,46,A,2026
合肥工业大学,数学与应用数学,070101,49,A,2026
上海大学,数学与应用数学,070101,50,A,2026
西南大学,数学与应用数学,070101,51,A,2026
苏州大学,数学与应用数学,070101,52,A,2026
湖南师范大学,数学与应用数学,070101,53,A,2026
重庆师范大学,数学与应用数学,070101,54,A,2026
西南交通大学,数学与应用数学,070101,55,A,2026
山东师范大学,数学与应用数学,070101,56,B+,2026
河海大学,数学与应用数学,070101,57,B+,2026
安徽大学,数学与应用数学,070101,58,B+,2026
南昌大学,数学与应用数学,070101,58,B+,2026
北京交通大学,数学与应用数学,070101,60,B+,2026
贵州大学,数学与应用数学,070101,60,B+,2026
郑州大学,数学与应用数学,070101,62,B+,2026
福建师范大学,数学与应用数学,070101,63,B+,2026
中国矿业大学,数学与应用数学,070101,64,B+,2026
福州大学,数学与应用数学,070101,65,B+,2026
华东理工大学,数学与应用数学,070101,65,B+,2026
中国地质大学（武汉）,数学与应用数学,070101,67,B+,2026
上海财经大学,数学与应用数学,070101,68,B+,2026
西北大学,数学与应用数学,070101,68,B+,2026
西南财经大学,数学与应用数学,070101,70,B+,2026
湖北大学,数学与应用数学,070101,71,B+,2026
杭州电子科技大学,数学与应用数学,070101,72,B+,2026
江苏大学,数学与应用数学,070101,72,B+,2026
深圳大学,数学与应用数学,070101,72,B+,2026
北京工业大学,数学与应用数学,070101,75,B+,2026
江苏师范大学,数学与应用数学,070101,75,B+,2026
云南大学,数学与应用数学,070101,77,B+,2026
扬州大学,数学与应用数学,070101,78,B+,2026
南京理工大学,数学与应用数学,070101,79,B+,2026
宁波大学,数学与应用数学,070101,79,B+,2026
山东科技大学,数学与应用数学,070101,79,B+,2026
杭州师范大学,数学与应用数学,070101,82,B+,2026
上海师范大学,数学与应用数学,070101,83,B+,2026
南京信息工程大学,数学与应用数学,070101,84,B+,2026
山西大学,数学与应用数学,070101,85,B+,2026
内蒙古大学,数学与应用数学,070101,86,B+,2026
上海理工大学,数学与应用数学,070101,87,B+,2026
曲阜师范大学,数学与应用数学,070101,88,B+,2026
新疆大学,数学与应用数学,070101,88,B+,2026
中国农业大学,数学与应用数学,070101,90,B+,2026
长安大学,数学与应用数学,070101,91,B+,2026
河南大学,数学与应用数学,070101,92,B+,2026
中国石油大学（华东）,数学与应用数学,070101,92,B+,2026
中国海洋大学,数学与应用数学,070101,94,B+,2026
大连海事大学,数学与应用数学,070101,95,B+,2026
东华大学,数学与应用数学,070101,96,B+,2026
安徽师范大学,数学与应用数学,070101,97,B+,2026
四川师范大学,数学与应用数学,070101,98,B+,2026
宁夏大学,数学与应用数学,070101,99,B+,2026
浙江理工大学,数学与应用数学,070101,100,B+,2026
长沙理工大学,数学与应用数学,070101,101,B+,2026
广西大学,数学与应用数学,070101,102,B+,2026
汕头大学,数学与应用数学,070101,102,B+,2026
西北师范大学,数学与应用数学,070101,102,B+,2026
江西师范大学,数学与应用数学,070101,105,B+,2026
天津工业大学,数学与应用数学,070101,105,B+,2026
温州大学,数学与应用数学,070101,105,B+,2026
暨南大学,数学与应用数学,070101,108,B+,2026
太原理工大学,数学与应用数学,070101,108,B+,2026
济南大学,数学与应用数学,070101,110,B+,2026
河北师范大学,数学与应用数学,070101,111,B+,2026
浙江工业大学,数学与应用数学,070101,112,B+,2026
中央财经大学,数学与应用数学,070101,113,B+,2026
桂林电子科技大学,数学与应用数学,070101,114,B+,2026
集美大学,数学与应用数学,070101,115,B+,2026
河北工业大学,数学与应用数学,070101,116,B+,2026
成都理工大学,数学与应用数学,070101,117,B+,2026
上海科技大学,数学与应用数学,070101,117,B+,2026
广东工业大学,数学与应用数学,070101,119,B+,2026
华侨大学,数学与应用数学,070101,119,B+,2026
云南师范大学,数学与应用数学,070101,119,B+,2026
湖州师范大学,数学与应用数学,070101,122,B+,2026
长江大学,数学与应用数学,070101,123,B+,2026
山西师范大学,数学与应用数学,070101,123,B+,2026
华北水利水电大学,数学与应用数学,070101,125,B+,2026
中国地质大学（北京）,数学与应用数学,070101,126,B+,2026
北京化工大学,数学与应用数学,070101,127,B+,2026
海南大学,数学与应用数学,070101,128,B+,2026
河南科技大学,数学与应用数学,070101,129,B+,2026
广西师范大学,数学与应用数学,070101,130,B+,2026
中国矿业大学（北京）,数学与应用数学,070101,130,B+,2026
中国石油大学（北京）,数学与应用数学,070101,130,B+,2026
三峡大学,数学与应用数学,070101,133,B+,2026
河南师范大学,数学与应用数学,070101,134,B+,2026
海南师范大学,数学与应用数学,070101,135,B+,2026
内蒙古师范大学,数学与应用数学,070101,136,B+,2026
信阳师范大学,数学与应用数学,070101,136,B+,2026
临沂大学,数学与应用数学,070101,138,B+,2026
湖南科技大学,数学与应用数学,070101,139,B+,2026
陕西科技大学,数学与应用数学,070101,139,B+,2026
北京林业大学,数学与应用数学,070101,141,B+,2026
河北大学,数学与应用数学,070101,142,B+,2026
中国计量大学,数学与应用数学,070101,142,B+,2026
青岛大学,数学与应用数学,070101,144,B+,2026
烟台大学,数学与应用数学,070101,145,B+,2026
辽宁师范大学,数学与应用数学,070101,146,B+,2026
贵州师范大学,数学与应用数学,070101,147,B+,2026
天津师范大学,数学与应用数学,070101,148,B+,2026
华南农业大学,数学与应用数学,070101,149,B+,2026
闽南师范大学,数学与应用数学,070101,150,B+,2026
苏州科技大学,数学与应用数学,070101,151,B+,2026
重庆邮电大学,数学与应用数学,070101,152,B+,2026
渤海大学,数学与应用数学,070101,153,B+,2026
贵州财经大学,数学与应用数学,070101,154,B+,2026
河南理工大学,数学与应用数学,070101,154,B+,2026
山东理工大学,数学与应用数学,070101,156,B+,2026
石河子大学,数学与应用数学,070101,156,B+,2026
山东财经大学,数学与应用数学,070101,158,B+,2026
佛山大学,数学与应用数学,070101,159,B+,2026
东北林业大学,数学与应用数学,070101,160,B+,2026
哈尔滨师范大学,数学与应用数学,070101,161,B+,2026
南京财经大学,数学与应用数学,070101,161,B+,2026
上海纽约大学,数学与应用数学,070101,163,B+,2026
西北农林科技大学,数学与应用数学,070101,163,B+,2026
广东财经大学,数学与应用数学,070101,165,B+,2026
广西民族大学,数学与应用数学,070101,165,B+,2026
香港中文大学（深圳）,数学与应用数学,070101,165,B+,2026
天津理工大学,数学与应用数学,070101,168,B,2026
淮阴师范学院,数学与应用数学,070101,169,B,2026
南通大学,数学与应用数学,070101,169,B,2026
沈阳工业大学,数学与应用数学,070101,169,B,2026
中北大学,数学与应用数学,070101,169,B,2026
南京工业大学,数学与应用数学,070101,173,B,2026
东北电力大学,数学与应用数学,070101,174,B,2026
西安建筑科技大学,数学与应用数学,070101,174,B,2026
延安大学,数学与应用数学,070101,174,B,2026
上海海事大学,数学与应用数学,070101,177,B,2026
成都信息工程大学,数学与应用数学,070101,178,B,2026
延边大学,数学与应用数学,070101,178,B,2026
合肥大学,数学与应用数学,070101,180,B,2026
重庆交通大学,数学与应用数学,070101,181,B,2026
湖北师范大学,数学与应用数学,070101,181,B,2026
吉林师范大学,数学与应用数学,070101,181,B,2026
黑龙江大学,数学与应用数学,070101,184,B,2026
青海师范大学,数学与应用数学,070101,185,B,2026
湖南工业大学,数学与应用数学,070101,186,B,2026
辽宁大学,数学与应用数学,070101,187,B,2026
中国政法大学,数学与应用数学,070101,187,B,2026
安徽财经大学,数学与应用数学,070101,189,B,2026
西南石油大学,数学与应用数学,070101,189,B,2026
淮北师范大学,数学与应用数学,070101,191,B,2026
陕西理工大学,数学与应用数学,070101,191,B,2026
安徽理工大学,数学与应用数学,070101,193,B,2026
阜阳师范大学,数学与应用数学,070101,193,B,2026
安徽工业大学,数学与应用数学,070101,195,B,2026
南京审计大学,数学与应用数学,070101,195,B,2026
西藏大学,数学与应用数学,070101,197,B,2026
北华大学,数学与应用数学,070101,198,B,2026
长春理工大学,数学与应用数学,070101,198,B,2026
首都经济贸易大学,数学与应用数学,070101,200,B,2026
赣南师范大学,数学与应用数学,070101,201,B,2026
重庆工商大学,数学与应用数学,070101,202,B,2026
沈阳师范大学,数学与应用数学,070101,203,B,2026
西华师范大学,数学与应用数学,070101,204,B,2026
中南民族大学,数学与应用数学,070101,204,B,2026
安庆师范大学,数学与应用数学,070101,206,B,2026
北京工商大学,数学与应用数学,070101,206,B,2026
华北理工大学,数学与应用数学,070101,206,B,2026
绍兴大学,数学与应用数学,070101,206,B,2026
浙江海洋大学,数学与应用数学,070101,206,B,2026
湖北民族大学,数学与应用数学,070101,211,B,2026
石家庄铁道大学,数学与应用数学,070101,211,B,2026
西安工业大学,数学与应用数学,070101,211,B,2026
西华大学,数学与应用数学,070101,214,B,2026
鲁东大学,数学与应用数学,070101,215,B,2026
西安科技大学,数学与应用数学,070101,215,B,2026
广东外语外贸大学,数学与应用数学,070101,217,B,2026
吉首大学,数学与应用数学,070101,218,B,2026
湖南理工大学,数学与应用数学,070101,219,B,2026
南宁师范大学,数学与应用数学,070101,219,B,2026
东华理工大学,数学与应用数学,070101,221,B,2026
聊城大学,数学与应用数学,070101,222,B,2026
江西科技师范大学,数学与应用数学,070101,223,B,2026
长春师范大学,数学与应用数学,070101,224,B,2026
重庆三峡科技大学,数学与应用数学,070101,224,B,2026
湖南工商大学,数学与应用数学,070101,224,B,2026
上海应用技术大学,数学与应用数学,070101,224,B,2026
太原师范学院,数学与应用数学,070101,228,B,2026
北方民族大学,数学与应用数学,070101,229,B,2026
贵州民族大学,数学与应用数学,070101,229,B,2026
五邑大学,数学与应用数学,070101,231,B,2026
宁波诺丁汉大学,数学与应用数学,070101,232,B,2026
宁夏师范大学,数学与应用数学,070101,233,B,2026
郑州轻工业大学,数学与应用数学,070101,233,B,2026
常州大学,数学与应用数学,070101,235,B,2026
河南工业大学,数学与应用数学,070101,235,B,2026
莆田学院,数学与应用数学,070101,235,B,2026
天津财经大学,数学与应用数学,070101,238,B,2026
吉林财经大学,数学与应用数学,070101,239,B,2026
青岛理工大学,数学与应用数学,070101,239,B,2026
西南科技大学,数学与应用数学,070101,239,B,2026
南昌航空大学,数学与应用数学,070101,242,B,2026
武汉纺织大学,数学与应用数学,070101,242,B,2026
云南财经大学,数学与应用数学,070101,242,B,2026
西安工程大学,数学与应用数学,070101,245,B,2026
宝鸡文理学院,数学与应用数学,070101,246,B,2026
湖北文理学院,数学与应用数学,070101,247,B,2026
昆山杜克大学,数学与应用数学,070101,247,B,2026
青海民族大学,数学与应用数学,070101,247,B,2026
重庆理工大学,数学与应用数学,070101,250,B,2026
青岛科技大学,数学与应用数学,070101,250,B,2026
北方工业大学,数学与应用数学,070101,252,B,2026
深圳北理莫斯科大学,数学与应用数学,070101,252,B,2026
浙江工商大学,数学与应用数学,070101,254,B,2026
嘉兴大学,数学与应用数学,070101,255,B,2026
牡丹江师范学院,数学与应用数学,070101,256,B,2026
苏州工学院,数学与应用数学,070101,256,B,2026
贵州师范学院,数学与应用数学,070101,258,B,2026
南阳师范学院,数学与应用数学,070101,258,B,2026
山东农业大学,数学与应用数学,070101,258,B,2026
云南民族大学,数学与应用数学,070101,261,B,2026
浙江外国语学院,数学与应用数学,070101,261,B,2026
南京晓庄学院,数学与应用数学,070101,263,B,2026
昆明学院,数学与应用数学,070101,264,B,2026
广东技术师范大学,数学与应用数学,070101,265,B,2026
台州学院,数学与应用数学,070101,265,B,2026
温州肯恩大学,数学与应用数学,070101,267,B,2026
大连交通大学,数学与应用数学,070101,268,B,2026
沈阳大学,数学与应用数学,070101,269,B,2026
成都师范学院,数学与应用数学,070101,270,B,2026
广东以色列理工学院,数学与应用数学,070101,271,B,2026
湖南第一师范学院,数学与应用数学,070101,271,B,2026
北部湾大学,数学与应用数学,070101,273,B,2026
上海立信会计金融学院,数学与应用数学,070101,273,B,2026
合肥师范学院,数学与应用数学,070101,275,B,2026
江苏第二师范学院,数学与应用数学,070101,276,B,2026
天津商业大学,数学与应用数学,070101,276,B,2026
清华大学,信息与计算科学,070102,1,A+,2026
北京大学,信息与计算科学,070102,2,A+,2026
复旦大学,信息与计算科学,070102,3,A+,2026
北京航空航天大学,信息与计算科学,070102,4,A+,2026
西安交通大学,信息与计算科学,070102,5,A+,2026
中国科学技术大学,信息与计算科学,070102,5,A+,2026
浙江大学,信息与计算科学,070102,7,A+,2026
吉林大学,信息与计算科学,070102,8,A,2026
西北工业大学,信息与计算科学,070102,9,A,2026
南京大学,信息与计算科学,070102,10,A,2026
北京理工大学,信息与计算科学,070102,11,A,2026
中山大学,信息与计算科学,070102,11,A,2026
南开大学,信息与计算科学,070102,13,A,2026
哈尔滨工业大学,信息与计算科学,070102,14,A,2026
东南大学,信息与计算科学,070102,15,A,2026
四川大学,信息与计算科学,070102,16,A,2026
山东大学,信息与计算科学,070102,17,A,2026
武汉大学,信息与计算科学,070102,18,A,2026
大连理工大学,信息与计算科学,070102,19,A,2026
中南大学,信息与计算科学,070102,20,A,2026
华中科技大学,信息与计算科学,070102,21,A,2026
厦门大学,信息与计算科学,070102,22,A,2026
电子科技大学,信息与计算科学,070102,23,A,2026
华南理工大学,信息与计算科学,070102,24,A,2026
湘潭大学,信息与计算科学,070102,25,A,2026
东北大学,信息与计算科学,070102,26,A,2026
南京航空航天大学,信息与计算科学,070102,27,A,2026
湖南大学,信息与计算科学,070102,28,A,2026
南京理工大学,信息与计算科学,070102,29,A,2026
兰州大学,信息与计算科学,070102,30,A,2026
首都师范大学,信息与计算科学,070102,30,A,2026
西安电子科技大学,信息与计算科学,070102,32,A,2026
北京交通大学,信息与计算科学,070102,33,A,2026
深圳大学,信息与计算科学,070102,33,A,2026
陕西师范大学,信息与计算科学,070102,35,A,2026
重庆大学,信息与计算科学,070102,36,A,2026
南京师范大学,信息与计算科学,070102,36,A,2026
合肥工业大学,信息与计算科学,070102,38,B+,2026
北京邮电大学,信息与计算科学,070102,39,B+,2026
北京工业大学,信息与计算科学,070102,40,B+,2026
武汉理工大学,信息与计算科学,070102,41,B+,2026
广州大学,信息与计算科学,070102,42,B+,2026
南京信息工程大学,信息与计算科学,070102,43,B+,2026
浙江师范大学,信息与计算科学,070102,44,B+,2026
北京科技大学,信息与计算科学,070102,45,B+,2026
上海大学,信息与计算科学,070102,46,B+,2026
郑州大学,信息与计算科学,070102,47,B+,2026
华北电力大学,信息与计算科学,070102,48,B+,2026
南京邮电大学,信息与计算科学,070102,48,B+,2026
湖南师范大学,信息与计算科学,070102,50,B+,2026
河海大学,信息与计算科学,070102,51,B+,2026
杭州电子科技大学,信息与计算科学,070102,52,B+,2026
上海财经大学,信息与计算科学,070102,53,B+,2026
中国海洋大学,信息与计算科学,070102,54,B+,2026
中国地质大学（武汉）,信息与计算科学,070102,55,B+,2026
安徽大学,信息与计算科学,070102,56,B+,2026
华南师范大学,信息与计算科学,070102,57,B+,2026
南昌大学,信息与计算科学,070102,57,B+,2026
西北大学,信息与计算科学,070102,59,B+,2026
桂林电子科技大学,信息与计算科学,070102,60,B+,2026
苏州大学,信息与计算科学,070102,61,B+,2026
山西大学,信息与计算科学,070102,62,B+,2026
中国石油大学（华东）,信息与计算科学,070102,63,B+,2026
云南大学,信息与计算科学,070102,64,B+,2026
华东理工大学,信息与计算科学,070102,65,B+,2026
扬州大学,信息与计算科学,070102,66,B+,2026
浙江工业大学,信息与计算科学,070102,67,B+,2026
广东工业大学,信息与计算科学,070102,68,B+,2026
新疆大学,信息与计算科学,070102,69,B+,2026
福州大学,信息与计算科学,070102,70,B+,2026
中央财经大学,信息与计算科学,070102,71,B+,2026
长安大学,信息与计算科学,070102,72,B+,2026
重庆邮电大学,信息与计算科学,070102,73,B+,2026
华中农业大学,信息与计算科学,070102,73,B+,2026
上海师范大学,信息与计算科学,070102,73,B+,2026
内蒙古大学,信息与计算科学,070102,76,B+,2026
太原理工大学,信息与计算科学,070102,76,B+,2026
北京信息科技大学,信息与计算科学,070102,78,B+,2026
广西大学,信息与计算科学,070102,79,B+,2026
暨南大学,信息与计算科学,070102,79,B+,2026
中国矿业大学（北京）,信息与计算科学,070102,81,B+,2026
湖北大学,信息与计算科学,070102,82,B+,2026
重庆师范大学,信息与计算科学,070102,83,B+,2026
浙江理工大学,信息与计算科学,070102,84,B+,2026
哈尔滨理工大学,信息与计算科学,070102,85,B+,2026
河南大学,信息与计算科学,070102,85,B+,2026
江南大学,信息与计算科学,070102,87,B+,2026
宁夏大学,信息与计算科学,070102,88,B+,2026
陕西科技大学,信息与计算科学,070102,89,B+,2026
北京化工大学,信息与计算科学,070102,90,B+,2026
四川师范大学,信息与计算科学,070102,91,B+,2026
西安理工大学,信息与计算科学,070102,91,B+,2026
武汉科技大学,信息与计算科学,070102,93,B+,2026
中央民族大学,信息与计算科学,070102,93,B+,2026
成都理工大学,信息与计算科学,070102,95,B+,2026
湖南科技大学,信息与计算科学,070102,96,B+,2026
天津工业大学,信息与计算科学,070102,97,B+,2026
华南农业大学,信息与计算科学,070102,98,B+,2026
河南师范大学,信息与计算科学,070102,99,B+,2026
西南石油大学,信息与计算科学,070102,100,B+,2026
成都信息工程大学,信息与计算科学,070102,101,B+,2026
西北师范大学,信息与计算科学,070102,101,B+,2026
燕山大学,信息与计算科学,070102,103,B+,2026
西北农林科技大学,信息与计算科学,070102,104,B+,2026
华北水利水电大学,信息与计算科学,070102,105,B+,2026
山东科技大学,信息与计算科学,070102,106,B+,2026
温州大学,信息与计算科学,070102,106,B+,2026
北方民族大学,信息与计算科学,070102,108,B+,2026
长春理工大学,信息与计算科学,070102,109,B,2026
安徽理工大学,信息与计算科学,070102,110,B,2026
北方工业大学,信息与计算科学,070102,111,B,2026
南京农业大学,信息与计算科学,070102,112,B,2026
江西财经大学,信息与计算科学,070102,113,B,2026
浙江科技大学,信息与计算科学,070102,114,B,2026
中国政法大学,信息与计算科学,070102,114,B,2026
北京建筑大学,信息与计算科学,070102,116,B,2026
河南科技大学,信息与计算科学,070102,116,B,2026
上海电力大学,信息与计算科学,070102,116,B,2026
东北电力大学,信息与计算科学,070102,119,B,2026
昆明理工大学,信息与计算科学,070102,119,B,2026
华东交通大学,信息与计算科学,070102,121,B,2026
南京林业大学,信息与计算科学,070102,121,B,2026
烟台大学,信息与计算科学,070102,123,B,2026
中国民航大学,信息与计算科学,070102,124,B,2026
西安工业大学,信息与计算科学,070102,125,B,2026
东北林业大学,信息与计算科学,070102,126,B,2026
广西师范大学,信息与计算科学,070102,126,B,2026
中北大学,信息与计算科学,070102,126,B,2026
石河子大学,信息与计算科学,070102,129,B,2026
信阳师范大学,信息与计算科学,070102,129,B,2026
西安石油大学,信息与计算科学,070102,131,B,2026
山东理工大学,信息与计算科学,070102,132,B,2026
南华大学,信息与计算科学,070102,133,B,2026
天津师范大学,信息与计算科学,070102,134,B,2026
重庆理工大学,信息与计算科学,070102,135,B,2026
齐鲁工业大学,信息与计算科学,070102,135,B,2026
武汉纺织大学,信息与计算科学,070102,137,B,2026
贵州师范大学,信息与计算科学,070102,138,B,2026
河南理工大学,信息与计算科学,070102,138,B,2026
渤海大学,信息与计算科学,070102,140,B,2026
华北理工大学,信息与计算科学,070102,140,B,2026
上海海事大学,信息与计算科学,070102,140,B,2026
湖南工商大学,信息与计算科学,070102,143,B,2026
兰州理工大学,信息与计算科学,070102,143,B,2026
西安邮电大学,信息与计算科学,070102,143,B,2026
中国民用航空飞行学院,信息与计算科学,070102,146,B,2026
辽宁工业大学,信息与计算科学,070102,147,B,2026
江苏科技大学,信息与计算科学,070102,148,B,2026
长春工业大学,信息与计算科学,070102,149,B,2026
天津财经大学,信息与计算科学,070102,150,B,2026
重庆三峡科技大学,信息与计算科学,070102,151,B,2026
苏州科技大学,信息与计算科学,070102,151,B,2026
武汉轻工大学,信息与计算科学,070102,151,B,2026
湖南工业大学,信息与计算科学,070102,154,B,2026
郑州轻工业大学,信息与计算科学,070102,154,B,2026
大连民族大学,信息与计算科学,070102,156,B,2026
武汉工程大学,信息与计算科学,070102,156,B,2026
桂林理工大学,信息与计算科学,070102,158,B,2026
内蒙古师范大学,信息与计算科学,070102,158,B,2026
陕西理工大学,信息与计算科学,070102,158,B,2026
四川农业大学,信息与计算科学,070102,158,B,2026
江西理工大学,信息与计算科学,070102,162,B,2026
西华师范大学,信息与计算科学,070102,162,B,2026
沈阳理工大学,信息与计算科学,070102,164,B,2026
西安工程大学,信息与计算科学,070102,165,B,2026
辽宁师范大学,信息与计算科学,070102,166,B,2026
西南民族大学,信息与计算科学,070102,167,B,2026
兰州交通大学,信息与计算科学,070102,168,B,2026
长春大学,信息与计算科学,070102,169,B,2026
黑龙江大学,信息与计算科学,070102,169,B,2026
湖北工业大学,信息与计算科学,070102,169,B,2026
浙大宁波理工学院,信息与计算科学,070102,172,B,2026
河北地质大学,信息与计算科学,070102,173,B,2026
重庆交通大学,信息与计算科学,070102,174,B,2026
厦门理工学院,信息与计算科学,070102,174,B,2026
山东农业大学,信息与计算科学,070102,176,B,2026
安庆师范大学,信息与计算科学,070102,177,B,2026
西交利物浦大学,信息与计算科学,070102,177,B,2026
山西财经大学,信息与计算科学,070102,179,B,2026
东北石油大学,信息与计算科学,070102,180,B,2026
延安大学,信息与计算科学,070102,181,B,2026
清华大学,数理基础科学,070103T,1,A+,2026
电子科技大学,数理基础科学,070103T,2,A+,2026
大连理工大学,数理基础科学,070103T,3,B,2026
云南大学,数理基础科学,070103T,4,B,2026
中国人民大学,数据计算及应用,070104T,1,A+,2026
江苏大学,数据计算及应用,070104T,2,A+,2026
广西大学,数据计算及应用,070104T,3,A,2026
重庆邮电大学,数据计算及应用,070104T,4,A,2026
河北师范大学,数据计算及应用,070104T,5,B+,2026
中国地质大学（北京）,数据计算及应用,070104T,6,B+,2026
长江大学,数据计算及应用,070104T,7,B+,2026
西安石油大学,数据计算及应用,070104T,8,B+,2026
天津师范大学,数据计算及应用,070104T,9,B+,2026
安徽财经大学,数据计算及应用,070104T,10,B+,2026
齐鲁工业大学,数据计算及应用,070104T,11,B+,2026
闽南师范大学,数据计算及应用,070104T,12,B+,2026
上海工程技术大学,数据计算及应用,070104T,13,B+,2026
辽宁科技大学,数据计算及应用,070104T,14,B+,2026
太原科技大学,数据计算及应用,070104T,15,B,2026
安徽建筑大学,数据计算及应用,070104T,16,B,2026
江西科技师范大学,数据计算及应用,070104T,17,B,2026
湖北文理学院,数据计算及应用,070104T,18,B,2026
成都师范学院,数据计算及应用,070104T,19,B,2026
淮安大学,数据计算及应用,070104T,20,B,2026
山东交通学院,数据计算及应用,070104T,21,B,2026
湖北第二师范学院,数据计算及应用,070104T,22,B,2026
郑州航空工业管理学院,数据计算及应用,070104T,23,B,2026
中原工学院,数据计算及应用,070104T,24,B,2026
北京大学,物理学,070201,1,A+,2026
复旦大学,物理学,070201,2,A+,2026
中国科学技术大学,物理学,070201,3,A+,2026
清华大学,物理学,070201,4,A+,2026
南京大学,物理学,070201,5,A+,2026
上海交通大学,物理学,070201,6,A,2026
吉林大学,物理学,070201,7,A,2026
西安交通大学,物理学,070201,7,A,2026
中山大学,物理学,070201,9,A,2026
浙江大学,物理学,070201,10,A,2026
南开大学,物理学,070201,11,A,2026
华南师范大学,物理学,070201,12,A,2026
山东大学,物理学,070201,13,A,2026
武汉大学,物理学,070201,14,A,2026
华中科技大学,物理学,070201,15,A,2026
北京师范大学,物理学,070201,16,A,2026
东南大学,物理学,070201,17,A,2026
山西大学,物理学,070201,18,A,2026
华东师范大学,物理学,070201,19,A,2026
东北师范大学,物理学,070201,20,A,2026
兰州大学,物理学,070201,21,A,2026
中国人民大学,物理学,070201,22,A,2026
南方科技大学,物理学,070201,23,A,2026
厦门大学,物理学,070201,24,A,2026
北京航空航天大学,物理学,070201,25,A,2026
陕西师范大学,物理学,070201,26,A,2026
重庆大学,物理学,070201,27,A,2026
华中师范大学,物理学,070201,28,A,2026
四川大学,物理学,070201,29,A,2026
郑州大学,物理学,070201,30,B+,2026
苏州大学,物理学,070201,31,B+,2026
上海科技大学,物理学,070201,32,B+,2026
福建师范大学,物理学,070201,33,B+,2026
山东师范大学,物理学,070201,34,B+,2026
西北大学,物理学,070201,35,B+,2026
西南大学,物理学,070201,35,B+,2026
南京师范大学,物理学,070201,37,B+,2026
湖南师范大学,物理学,070201,38,B+,2026
广西大学,物理学,070201,39,B+,2026
深圳大学,物理学,070201,40,B+,2026
南昌大学,物理学,070201,41,B+,2026
宁波大学,物理学,070201,42,B+,2026
河南大学,物理学,070201,43,B+,2026
河南师范大学,物理学,070201,43,B+,2026
内蒙古大学,物理学,070201,45,B+,2026
中国海洋大学,物理学,070201,46,B+,2026
贵州大学,物理学,070201,47,B+,2026
河北师范大学,物理学,070201,48,B+,2026
扬州大学,物理学,070201,49,B+,2026
云南师范大学,物理学,070201,50,B+,2026
江苏大学,物理学,070201,51,B+,2026
云南大学,物理学,070201,51,B+,2026
湘潭大学,物理学,070201,53,B+,2026
广西师范大学,物理学,070201,54,B+,2026
中国地质大学（武汉）,物理学,070201,55,B+,2026
浙江师范大学,物理学,070201,56,B+,2026
西北师范大学,物理学,070201,57,B+,2026
吉林师范大学,物理学,070201,58,B+,2026
济南大学,物理学,070201,59,B+,2026
上海师范大学,物理学,070201,60,B+,2026
哈尔滨师范大学,物理学,070201,61,B+,2026
安徽师范大学,物理学,070201,62,B+,2026
宁夏大学,物理学,070201,63,B+,2026
湖北大学,物理学,070201,64,B+,2026
辽宁师范大学,物理学,070201,65,B+,2026
曲阜师范大学,物理学,070201,65,B+,2026
新疆大学,物理学,070201,67,B+,2026
长沙理工大学,物理学,070201,68,B+,2026
四川师范大学,物理学,070201,68,B+,2026
长江大学,物理学,070201,70,B+,2026
杭州师范大学,物理学,070201,70,B+,2026
河北大学,物理学,070201,70,B+,2026
江西师范大学,物理学,070201,73,B+,2026
辽宁大学,物理学,070201,73,B+,2026
广州大学,物理学,070201,75,B+,2026
延边大学,物理学,070201,76,B+,2026
温州大学,物理学,070201,77,B+,2026
西华师范大学,物理学,070201,78,B+,2026
青海师范大学,物理学,070201,79,B+,2026
天津师范大学,物理学,070201,79,B+,2026
重庆师范大学,物理学,070201,81,B+,2026
海南师范大学,物理学,070201,82,B+,2026
三峡大学,物理学,070201,83,B+,2026
江苏师范大学,物理学,070201,84,B+,2026
鲁东大学,物理学,070201,85,B+,2026
石河子大学,物理学,070201,86,B+,2026
山西师范大学,物理学,070201,87,B+,2026
苏州科技大学,物理学,070201,87,B+,2026
贵州师范大学,物理学,070201,89,B+,2026
南通大学,物理学,070201,89,B+,2026
香港中文大学（深圳）,物理学,070201,91,B,2026
湖南理工大学,物理学,070201,92,B,2026
西藏大学,物理学,070201,93,B,2026
湖南科技大学,物理学,070201,94,B,2026
信阳师范大学,物理学,070201,94,B,2026
青岛大学,物理学,070201,96,B,2026
沈阳师范大学,物理学,070201,97,B,2026
内蒙古师范大学,物理学,070201,98,B,2026
渤海大学,物理学,070201,99,B,2026
首都师范大学,物理学,070201,100,B,2026
北华大学,物理学,070201,101,B,2026
衡阳师范学院,物理学,070201,102,B,2026
陕西理工大学,物理学,070201,103,B,2026
聊城大学,物理学,070201,104,B,2026
吉首大学,物理学,070201,105,B,2026
长春师范大学,物理学,070201,106,B,2026
上海纽约大学,物理学,070201,107,B,2026
沈阳大学,物理学,070201,108,B,2026
延安大学,物理学,070201,109,B,2026
安庆师范大学,物理学,070201,110,B,2026
齐齐哈尔大学,物理学,070201,111,B,2026
湖州师范大学,物理学,070201,112,B,2026
昆明学院,物理学,070201,113,B,2026
浙江海洋大学,物理学,070201,114,B,2026
东北林业大学,物理学,070201,115,B,2026
赣南师范大学,物理学,070201,116,B,2026
宝鸡文理学院,物理学,070201,117,B,2026
湖北师范大学,物理学,070201,118,B,2026
山东理工大学,物理学,070201,118,B,2026
南京晓庄学院,物理学,070201,120,B,2026
黑龙江大学,物理学,070201,121,B,2026
湖北文理学院,物理学,070201,122,B,2026
南京信息工程大学,物理学,070201,123,B,2026
内蒙古民族大学,物理学,070201,124,B,2026
湖北第二师范学院,物理学,070201,125,B,2026
阜阳师范大学,物理学,070201,126,B,2026
宁夏师范大学,物理学,070201,126,B,2026
新疆师范大学,物理学,070201,126,B,2026
淮北师范大学,物理学,070201,129,B,2026
闽南师范大学,物理学,070201,130,B,2026
遵义师范学院,物理学,070201,131,B,2026
山西大同大学,物理学,070201,132,B,2026
淮阴师范学院,物理学,070201,133,B,2026
重庆三峡科技大学,物理学,070201,134,B,2026
广西民族大学,物理学,070201,134,B,2026
长江师范学院,物理学,070201,136,B,2026
南阳师范学院,物理学,070201,136,B,2026
汕头大学,物理学,070201,136,B,2026
南宁师范大学,物理学,070201,139,B,2026
安阳师范学院,物理学,070201,140,B,2026
成都师范学院,物理学,070201,140,B,2026
牡丹江师范学院,物理学,070201,140,B,2026
湖北工程学院,物理学,070201,143,B,2026
井冈山大学,物理学,070201,143,B,2026
绍兴大学,物理学,070201,143,B,2026
广东第二师范学院,物理学,070201,146,B,2026
湖北民族大学,物理学,070201,147,B,2026
东华理工大学,物理学,070201,148,B,2026
内蒙古科技大学包头师范学院,物理学,070201,148,B,2026
清华大学,应用物理学,070202,1,A+,2026
中国科学技术大学,应用物理学,070202,2,A+,2026
北京理工大学,应用物理学,070202,3,A+,2026
南京大学,应用物理学,070202,4,A,2026
西安交通大学,应用物理学,070202,5,A,2026
同济大学,应用物理学,070202,6,A,2026
哈尔滨工业大学,应用物理学,070202,7,A,2026
上海交通大学,应用物理学,070202,8,A,2026
北京大学,应用物理学,070202,9,A,2026
南开大学,应用物理学,070202,10,A,2026
北京航空航天大学,应用物理学,070202,11,A,2026
吉林大学,应用物理学,070202,12,A,2026
东南大学,应用物理学,070202,13,A,2026
大连理工大学,应用物理学,070202,14,A,2026
电子科技大学,应用物理学,070202,15,A,2026
西北工业大学,应用物理学,070202,16,A,2026
山东大学,应用物理学,070202,17,A,2026
中南大学,应用物理学,070202,18,B+,2026
华南理工大学,应用物理学,070202,19,B+,2026
华中科技大学,应用物理学,070202,20,B+,2026
南京航空航天大学,应用物理学,070202,21,B+,2026
南方科技大学,应用物理学,070202,22,B+,2026
湖南大学,应用物理学,070202,23,B+,2026
兰州大学,应用物理学,070202,24,B+,2026
重庆大学,应用物理学,070202,25,B+,2026
天津大学,应用物理学,070202,26,B+,2026
北京交通大学,应用物理学,070202,27,B+,2026
东北大学,应用物理学,070202,28,B+,2026
西南交通大学,应用物理学,070202,29,B+,2026
南京理工大学,应用物理学,070202,30,B+,2026
北京科技大学,应用物理学,070202,31,B+,2026
北京邮电大学,应用物理学,070202,32,B+,2026
上海大学,应用物理学,070202,33,B+,2026
浙江工业大学,应用物理学,070202,34,B+,2026
北京工业大学,应用物理学,070202,35,B+,2026
哈尔滨工程大学,应用物理学,070202,36,B+,2026
华东理工大学,应用物理学,070202,37,B+,2026
暨南大学,应用物理学,070202,38,B+,2026
西北大学,应用物理学,070202,39,B+,2026
福州大学,应用物理学,070202,40,B+,2026
西安电子科技大学,应用物理学,070202,41,B+,2026
南京邮电大学,应用物理学,070202,42,B+,2026
中国石油大学（华东）,应用物理学,070202,43,B+,2026
内蒙古大学,应用物理学,070202,44,B+,2026
东华大学,应用物理学,070202,45,B+,2026
安徽大学,应用物理学,070202,46,B+,2026
中国矿业大学,应用物理学,070202,47,B+,2026
河北工业大学,应用物理学,070202,48,B+,2026
合肥工业大学,应用物理学,070202,49,B+,2026
浙江理工大学,应用物理学,070202,50,B+,2026
长春理工大学,应用物理学,070202,51,B+,2026
南昌大学,应用物理学,070202,52,B+,2026
青岛大学,应用物理学,070202,53,B+,2026
燕山大学,应用物理学,070202,54,B,2026
华北电力大学,应用物理学,070202,55,B,2026
太原理工大学,应用物理学,070202,56,B,2026
河海大学,应用物理学,070202,57,B,2026
河南科技大学,应用物理学,070202,57,B,2026
大连海事大学,应用物理学,070202,59,B,2026
河北大学,应用物理学,070202,60,B,2026
北京化工大学,应用物理学,070202,61,B,2026
杭州电子科技大学,应用物理学,070202,62,B,2026
上海电力大学,应用物理学,070202,63,B,2026
天津工业大学,应用物理学,070202,64,B,2026
南京工业大学,应用物理学,070202,65,B,2026
上海理工大学,应用物理学,070202,65,B,2026
西安理工大学,应用物理学,070202,67,B,2026
苏州科技大学,应用物理学,070202,68,B,2026
成都理工大学,应用物理学,070202,69,B,2026
山东科技大学,应用物理学,070202,70,B,2026
西安工业大学,应用物理学,070202,71,B,2026
吉林师范大学,应用物理学,070202,72,B,2026
烟台大学,应用物理学,070202,72,B,2026
重庆邮电大学,应用物理学,070202,74,B,2026
兰州交通大学,应用物理学,070202,75,B,2026
西华大学,应用物理学,070202,76,B,2026
海南大学,应用物理学,070202,77,B,2026
江苏科技大学,应用物理学,070202,78,B,2026
青岛理工大学,应用物理学,070202,78,B,2026
陕西科技大学,应用物理学,070202,80,B,2026
石河子大学,应用物理学,070202,80,B,2026
贵州民族大学,应用物理学,070202,82,B,2026
西安工程大学,应用物理学,070202,82,B,2026
沈阳工业大学,应用物理学,070202,84,B,2026
兰州理工大学,应用物理学,070202,85,B,2026
南京信息工程大学,应用物理学,070202,85,B,2026
天津理工大学,应用物理学,070202,87,B,2026
青岛科技大学,应用物理学,070202,88,B,2026
天津师范大学,应用物理学,070202,88,B,2026
北京大学,核物理,070203,1,A+,2026
北京航空航天大学,核物理,070203,2,A+,2026
南华大学,核物理,070203,3,B,2026
南京大学,声学,070204T,1,A+,2026
中国海洋大学,声学,070204T,2,A+,2026
北京交通大学,系统科学与工程,070205T,1,A+,2026
北京师范大学,系统科学与工程,070205T,2,A+,2026
中国科学技术大学,量子信息科学,070206T,1,A+,2026
北京理工大学,量子信息科学,070206T,2,A+,2026
湖南大学,量子信息科学,070206T,3,B+,2026
安徽大学,量子信息科学,070206T,4,B+,2026
西南大学,量子信息科学,070206T,5,B+,2026
福州大学,量子信息科学,070206T,6,B,2026
河南大学,量子信息科学,070206T,7,B,2026
太原理工大学,量子信息科学,070206T,8,B,2026
合肥工业大学,量子信息科学,070206T,9,B,2026
北京大学,化学,070301,1,A+,2026
中国科学技术大学,化学,070301,1,A+,2026
南开大学,化学,070301,3,A+,2026
清华大学,化学,070301,4,A+,2026
南京大学,化学,070301,5,A+,2026
厦门大学,化学,070301,5,A+,2026
浙江大学,化学,070301,7,A,2026
复旦大学,化学,070301,8,A,2026
吉林大学,化学,070301,9,A,2026
武汉大学,化学,070301,10,A,2026
湖南大学,化学,070301,11,A,2026
兰州大学,化学,070301,12,A,2026
北京师范大学,化学,070301,13,A,2026
中山大学,化学,070301,14,A,2026
四川大学,化学,070301,15,A,2026
上海交通大学,化学,070301,16,A,2026
华东师范大学,化学,070301,17,A,2026
华东理工大学,化学,070301,18,A,2026
山东大学,化学,070301,19,A,2026
陕西师范大学,化学,070301,20,A,2026
福州大学,化学,070301,21,A,2026
华中科技大学,化学,070301,22,A,2026
北京理工大学,化学,070301,23,A,2026
郑州大学,化学,070301,24,A,2026
北京化工大学,化学,070301,25,A,2026
北京航空航天大学,化学,070301,26,A,2026
东南大学,化学,070301,27,A,2026
东北师范大学,化学,070301,28,A,2026
南方科技大学,化学,070301,29,A,2026
华中师范大学,化学,070301,30,A,2026
哈尔滨工业大学,化学,070301,31,A,2026
苏州大学,化学,070301,32,A,2026
西北大学,化学,070301,33,B+,2026
华南师范大学,化学,070301,34,B+,2026
西安交通大学,化学,070301,35,B+,2026
西南大学,化学,070301,36,B+,2026
安徽大学,化学,070301,37,B+,2026
湖南师范大学,化学,070301,38,B+,2026
深圳大学,化学,070301,39,B+,2026
山东师范大学,化学,070301,40,B+,2026
中国农业大学,化学,070301,41,B+,2026
内蒙古大学,化学,070301,42,B+,2026
东北大学,化学,070301,43,B+,2026
中国人民大学,化学,070301,44,B+,2026
新疆大学,化学,070301,45,B+,2026
南京师范大学,化学,070301,46,B+,2026
上海科技大学,化学,070301,46,B+,2026
云南大学,化学,070301,46,B+,2026
福建师范大学,化学,070301,49,B+,2026
浙江师范大学,化学,070301,50,B+,2026
江西师范大学,化学,070301,51,B+,2026
中国海洋大学,化学,070301,52,B+,2026
河南大学,化学,070301,53,B+,2026
河北大学,化学,070301,54,B+,2026
山西大学,化学,070301,55,B+,2026
扬州大学,化学,070301,56,B+,2026
河南师范大学,化学,070301,57,B+,2026
南昌大学,化学,070301,57,B+,2026
重庆大学,化学,070301,59,B+,2026
南京工业大学,化学,070301,60,B+,2026
安徽师范大学,化学,070301,61,B+,2026
广西师范大学,化学,070301,62,B+,2026
湖北大学,化学,070301,63,B+,2026
贵州大学,化学,070301,64,B+,2026
中国石油大学（华东）,化学,070301,64,B+,2026
湘潭大学,化学,070301,66,B+,2026
广西大学,化学,070301,67,B+,2026
宁波大学,化学,070301,67,B+,2026
江苏大学,化学,070301,69,B+,2026
宁夏大学,化学,070301,69,B+,2026
暨南大学,化学,070301,71,B+,2026
山西师范大学,化学,070301,71,B+,2026
杭州师范大学,化学,070301,73,B+,2026
温州大学,化学,070301,73,B+,2026
河北师范大学,化学,070301,75,B+,2026
青岛大学,化学,070301,76,B+,2026
广州大学,化学,070301,77,B+,2026
江苏师范大学,化学,070301,78,B+,2026
黑龙江大学,化学,070301,79,B+,2026
南宁师范大学,化学,070301,80,B+,2026
西北师范大学,化学,070301,80,B+,2026
上海师范大学,化学,070301,82,B+,2026
辽宁大学,化学,070301,83,B+,2026
天津师范大学,化学,070301,84,B+,2026
青岛科技大学,化学,070301,85,B+,2026
东北林业大学,化学,070301,86,B+,2026
云南师范大学,化学,070301,86,B+,2026
延边大学,化学,070301,88,B+,2026
四川师范大学,化学,070301,89,B+,2026
曲阜师范大学,化学,070301,90,B+,2026
合肥工业大学,化学,070301,91,B+,2026
济南大学,化学,070301,92,B+,2026
三峡大学,化学,070301,93,B+,2026
海南师范大学,化学,070301,94,B+,2026
辽宁师范大学,化学,070301,95,B+,2026
陕西科技大学,化学,070301,96,B+,2026
太原理工大学,化学,070301,97,B+,2026
海南大学,化学,070301,98,B+,2026
湖南科技大学,化学,070301,99,B,2026
吉首大学,化学,070301,100,B,2026
石河子大学,化学,070301,101,B,2026
重庆师范大学,化学,070301,102,B,2026
西南交通大学,化学,070301,103,B,2026
南通大学,化学,070301,104,B,2026
吉林师范大学,化学,070301,105,B,2026
重庆文理学院,化学,070301,106,B,2026
哈尔滨师范大学,化学,070301,107,B,2026
赣南师范大学,化学,070301,108,B,2026
香港中文大学（深圳）,化学,070301,108,B,2026
贵州师范大学,化学,070301,110,B,2026
西华大学,化学,070301,111,B,2026
信阳师范大学,化学,070301,111,B,2026
西华师范大学,化学,070301,113,B,2026
云南民族大学,化学,070301,113,B,2026
湖北师范大学,化学,070301,115,B,2026
山东理工大学,化学,070301,116,B,2026
内蒙古师范大学,化学,070301,117,B,2026
重庆科技大学,化学,070301,118,B,2026
鲁东大学,化学,070301,119,B,2026
齐鲁工业大学,化学,070301,120,B,2026
成都理工大学,化学,070301,121,B,2026
青海师范大学,化学,070301,121,B,2026
淮北师范大学,化学,070301,123,B,2026
沈阳师范大学,化学,070301,123,B,2026
闽南师范大学,化学,070301,125,B,2026
延安大学,化学,070301,126,B,2026
大连大学,化学,070301,127,B,2026
安庆师范大学,化学,070301,128,B,2026
长春工业大学,化学,070301,129,B,2026
西南石油大学,化学,070301,130,B,2026
长江大学,化学,070301,131,B,2026
新疆师范大学,化学,070301,131,B,2026
河南工业大学,化学,070301,133,B,2026
上海纽约大学,化学,070301,134,B,2026
首都师范大学,化学,070301,134,B,2026
中央民族大学,化学,070301,136,B,2026
阜阳师范大学,化学,070301,137,B,2026
临沂大学,化学,070301,137,B,2026
河北农业大学,化学,070301,139,B,2026
渤海大学,化学,070301,140,B,2026
长春师范大学,化学,070301,140,B,2026
聊城大学,化学,070301,140,B,2026
湖南理工大学,化学,070301,143,B,2026
沈阳化工大学,化学,070301,143,B,2026
江西科技师范大学,化学,070301,145,B,2026
齐齐哈尔大学,化学,070301,145,B,2026
陕西理工大学,化学,070301,147,B,2026
四川轻化工大学,化学,070301,147,B,2026
北华大学,化学,070301,149,B,2026
衡阳师范学院,化学,070301,150,B,2026
成都大学,化学,070301,151,B,2026
宁波诺丁汉大学,化学,070301,151,B,2026
昆山杜克大学,化学,070301,153,B,2026
沈阳大学,化学,070301,153,B,2026
东北石油大学,化学,070301,155,B,2026
南京信息工程大学,化学,070301,156,B,2026
西南民族大学,化学,070301,157,B,2026
内蒙古民族大学,化学,070301,158,B,2026
南京晓庄学院,化学,070301,159,B,2026
安阳师范学院,化学,070301,160,B,2026
宝鸡文理学院,化学,070301,160,B,2026
湖州师范大学,化学,070301,160,B,2026
宁夏师范大学,化学,070301,160,B,2026
绍兴大学,化学,070301,160,B,2026
大连理工大学,应用化学,070302,1,A+,2026
天津大学,应用化学,070302,2,A+,2026
四川大学,应用化学,070302,3,A+,2026
华东理工大学,应用化学,070302,4,A+,2026
北京大学,应用化学,070302,5,A+,2026
华南理工大学,应用化学,070302,6,A+,2026
吉林大学,应用化学,070302,7,A+,2026
哈尔滨工业大学,应用化学,070302,8,A+,2026
南开大学,应用化学,070302,9,A,2026
武汉大学,应用化学,070302,10,A,2026
中南大学,应用化学,070302,11,A,2026
西安交通大学,应用化学,070302,12,A,2026
湖南大学,应用化学,070302,13,A,2026
北京化工大学,应用化学,070302,14,A,2026
浙江工业大学,应用化学,070302,15,A,2026
兰州大学,应用化学,070302,16,A,2026
南京大学,应用化学,070302,17,A,2026
中国石油大学（北京）,应用化学,070302,18,A,2026
同济大学,应用化学,070302,19,A,2026
华中科技大学,应用化学,070302,20,A,2026
北京理工大学,应用化学,070302,21,A,2026
北京航空航天大学,应用化学,070302,22,A,2026
南京理工大学,应用化学,070302,23,A,2026
陕西师范大学,应用化学,070302,23,A,2026
中山大学,应用化学,070302,25,A,2026
南京工业大学,应用化学,070302,26,A,2026
北京科技大学,应用化学,070302,27,A,2026
太原理工大学,应用化学,070302,28,A,2026
中国石油大学（华东）,应用化学,070302,28,A,2026
西北大学,应用化学,070302,30,A,2026
电子科技大学,应用化学,070302,31,A,2026
山东大学,应用化学,070302,32,A,2026
上海大学,应用化学,070302,33,A,2026
江南大学,应用化学,070302,34,A,2026
重庆大学,应用化学,070302,35,A,2026
中国矿业大学,应用化学,070302,35,A,2026
东北大学,应用化学,070302,37,A,2026
郑州大学,应用化学,070302,38,A,2026
中国地质大学（武汉）,应用化学,070302,39,A,2026
暨南大学,应用化学,070302,40,A,2026
南昌大学,应用化学,070302,41,A,2026
南京师范大学,应用化学,070302,42,B+,2026
中国农业大学,应用化学,070302,43,B+,2026
武汉工程大学,应用化学,070302,44,B+,2026
华中农业大学,应用化学,070302,45,B+,2026
西北农林科技大学,应用化学,070302,46,B+,2026
东华大学,应用化学,070302,47,B+,2026
江苏大学,应用化学,070302,48,B+,2026
河北工业大学,应用化学,070302,49,B+,2026
广东工业大学,应用化学,070302,50,B+,2026
青岛科技大学,应用化学,070302,51,B+,2026
合肥工业大学,应用化学,070302,52,B+,2026
西南大学,应用化学,070302,53,B+,2026
石河子大学,应用化学,070302,54,B+,2026
济南大学,应用化学,070302,55,B+,2026
广西大学,应用化学,070302,56,B+,2026
西南石油大学,应用化学,070302,57,B+,2026
南京航空航天大学,应用化学,070302,58,B+,2026
江西师范大学,应用化学,070302,59,B+,2026
华北电力大学,应用化学,070302,60,B+,2026
海南大学,应用化学,070302,61,B+,2026
湘潭大学,应用化学,070302,62,B+,2026
青岛大学,应用化学,070302,63,B+,2026
扬州大学,应用化学,070302,64,B+,2026
昆明理工大学,应用化学,070302,65,B+,2026
北京工业大学,应用化学,070302,66,B+,2026
陕西科技大学,应用化学,070302,66,B+,2026
山西大学,应用化学,070302,68,B+,2026
内蒙古大学,应用化学,070302,69,B+,2026
河南大学,应用化学,070302,70,B+,2026
辽宁大学,应用化学,070302,71,B+,2026
武汉理工大学,应用化学,070302,72,B+,2026
天津工业大学,应用化学,070302,73,B+,2026
东北林业大学,应用化学,070302,74,B+,2026
常州大学,应用化学,070302,75,B+,2026
辽宁石油化工大学,应用化学,070302,76,B+,2026
温州大学,应用化学,070302,77,B+,2026
燕山大学,应用化学,070302,77,B+,2026
浙江理工大学,应用化学,070302,79,B+,2026
广西师范大学,应用化学,070302,80,B+,2026
安徽师范大学,应用化学,070302,81,B+,2026
山东科技大学,应用化学,070302,82,B+,2026
南京农业大学,应用化学,070302,83,B+,2026
中南民族大学,应用化学,070302,84,B+,2026
华侨大学,应用化学,070302,85,B+,2026
贵州大学,应用化学,070302,86,B+,2026
福建师范大学,应用化学,070302,87,B+,2026
东北农业大学,应用化学,070302,88,B+,2026
江苏科技大学,应用化学,070302,88,B+,2026
首都师范大学,应用化学,070302,88,B+,2026
沈阳化工大学,应用化学,070302,91,B+,2026
成都理工大学,应用化学,070302,92,B+,2026
湖北大学,应用化学,070302,92,B+,2026
中北大学,应用化学,070302,94,B+,2026
东华理工大学,应用化学,070302,95,B+,2026
天津科技大学,应用化学,070302,96,B+,2026
东北电力大学,应用化学,070302,97,B+,2026
天津理工大学,应用化学,070302,98,B+,2026
黑龙江大学,应用化学,070302,99,B+,2026
西安电子科技大学,应用化学,070302,99,B+,2026
华南农业大学,应用化学,070302,101,B+,2026
齐鲁工业大学,应用化学,070302,101,B+,2026
西安石油大学,应用化学,070302,101,B+,2026
西安理工大学,应用化学,070302,104,B+,2026
西安建筑科技大学,应用化学,070302,105,B+,2026
安徽工业大学,应用化学,070302,106,B+,2026
汕头大学,应用化学,070302,106,B+,2026
长沙理工大学,应用化学,070302,108,B+,2026
北京工商大学,应用化学,070302,109,B+,2026
长春理工大学,应用化学,070302,110,B+,2026
上海师范大学,应用化学,070302,111,B+,2026
东北石油大学,应用化学,070302,112,B+,2026
浙江农林大学,应用化学,070302,113,B+,2026
武汉纺织大学,应用化学,070302,114,B+,2026
长江大学,应用化学,070302,115,B+,2026
武汉科技大学,应用化学,070302,115,B+,2026
南昌航空大学,应用化学,070302,117,B+,2026
上海理工大学,应用化学,070302,118,B+,2026
西南科技大学,应用化学,070302,118,B+,2026
河南农业大学,应用化学,070302,120,B+,2026
湖南科技大学,应用化学,070302,120,B+,2026
上海电力大学,应用化学,070302,122,B+,2026
杭州师范大学,应用化学,070302,123,B+,2026
山东理工大学,应用化学,070302,123,B+,2026
苏州科技大学,应用化学,070302,123,B+,2026
兰州理工大学,应用化学,070302,126,B,2026
沈阳药科大学,应用化学,070302,126,B,2026
延边大学,应用化学,070302,128,B,2026
云南民族大学,应用化学,070302,128,B,2026
青海大学,应用化学,070302,130,B,2026
兰州交通大学,应用化学,070302,131,B,2026
四川农业大学,应用化学,070302,131,B,2026
江西理工大学,应用化学,070302,133,B,2026
嘉兴大学,应用化学,070302,134,B,2026
河南工业大学,应用化学,070302,135,B,2026
郑州轻工业大学,应用化学,070302,135,B,2026
南京信息工程大学,应用化学,070302,137,B,2026
桂林理工大学,应用化学,070302,138,B,2026
重庆科技大学,应用化学,070302,139,B,2026
海南师范大学,应用化学,070302,140,B,2026
重庆理工大学,应用化学,070302,141,B,2026
安徽农业大学,应用化学,070302,142,B,2026
上海应用技术大学,应用化学,070302,143,B,2026
大连工业大学,应用化学,070302,144,B,2026
广西民族大学,应用化学,070302,145,B,2026
河北科技大学,应用化学,070302,145,B,2026
西安工程大学,应用化学,070302,147,B,2026
辽宁科技大学,应用化学,070302,148,B,2026
南宁师范大学,应用化学,070302,148,B,2026
沈阳工业大学,应用化学,070302,148,B,2026
安徽工程大学,应用化学,070302,151,B,2026
安徽建筑大学,应用化学,070302,151,B,2026
安徽理工大学,应用化学,070302,151,B,2026
云南师范大学,应用化学,070302,151,B,2026
湖南农业大学,应用化学,070302,155,B,2026
山东农业大学,应用化学,070302,156,B,2026
西交利物浦大学,应用化学,070302,156,B,2026
南通大学,应用化学,070302,158,B,2026
台州学院,应用化学,070302,158,B,2026
西安科技大学,应用化学,070302,158,B,2026
湖北师范大学,应用化学,070302,161,B,2026
临沂大学,应用化学,070302,161,B,2026
四川轻化工大学,应用化学,070302,163,B,2026
华北理工大学,应用化学,070302,164,B,2026
烟台大学,应用化学,070302,164,B,2026
青岛农业大学,应用化学,070302,166,B,2026
东莞理工学院,应用化学,070302,167,B,2026
江西科技师范大学,应用化学,070302,168,B,2026
中国计量大学,应用化学,070302,169,B,2026
赣南师范大学,应用化学,070302,170,B,2026
华北水利水电大学,应用化学,070302,170,B,2026
沈阳理工大学,应用化学,070302,170,B,2026
大连交通大学,应用化学,070302,173,B,2026
吉林师范大学,应用化学,070302,173,B,2026
绍兴大学,应用化学,070302,173,B,2026
河南理工大学,应用化学,070302,176,B,2026
吉林农业大学,应用化学,070302,177,B,2026
内蒙古工业大学,应用化学,070302,178,B,2026
齐齐哈尔大学,应用化学,070302,178,B,2026
沈阳农业大学,应用化学,070302,180,B,2026
贵州师范大学,应用化学,070302,181,B,2026
青海师范大学,应用化学,070302,182,B,2026
贵州民族大学,应用化学,070302,183,B,2026
湖南工业大学,应用化学,070302,184,B,2026
西南民族大学,应用化学,070302,185,B,2026
阜阳师范大学,应用化学,070302,186,B,2026
西华师范大学,应用化学,070302,187,B,2026
江苏理工学院,应用化学,070302,188,B,2026
仲恺农业工程学院,应用化学,070302,189,B,2026
河北农业大学,应用化学,070302,190,B,2026
湖南理工大学,应用化学,070302,191,B,2026
大连民族大学,应用化学,070302,192,B,2026
山西大同大学,应用化学,070302,192,B,2026
南京晓庄学院,应用化学,070302,194,B,2026
广东石油化工学院,应用化学,070302,195,B,2026
闽南师范大学,应用化学,070302,195,B,2026
内蒙古科技大学,应用化学,070302,197,B,2026
陕西理工大学,应用化学,070302,198,B,2026
江西农业大学,应用化学,070302,199,B,2026
山西农业大学,应用化学,070302,199,B,2026
渤海大学,应用化学,070302,201,B,2026
信阳师范大学,应用化学,070302,201,B,2026
吉林化工大学,应用化学,070302,203,B,2026
西安文理学院,应用化学,070302,204,B,2026
延安大学,应用化学,070302,205,B,2026
天津城建大学,应用化学,070302,206,B,2026
河北工程大学,应用化学,070302,207,B,2026
青海民族大学,应用化学,070302,207,B,2026
黑龙江科技大学,应用化学,070302,209,B,2026
清华大学,化学生物学,070303T,1,A+,2026
北京大学,化学生物学,070303T,2,A+,2026
厦门大学,化学生物学,070303T,3,B+,2026
南开大学,化学生物学,070303T,4,B+,2026
上海交通大学,化学生物学,070303T,5,B+,2026
湖南大学,化学生物学,070303T,6,B+,2026
西北大学,化学生物学,070303T,7,B+,2026
西北农林科技大学,化学生物学,070303T,8,B+,2026
湖北大学,化学生物学,070303T,9,B,2026
贵州大学,化学生物学,070303T,10,B,2026
北京工业大学,化学生物学,070303T,11,B,2026
河北大学,化学生物学,070303T,12,B,2026
天津工业大学,化学生物学,070303T,13,B,2026
四川农业大学,化学生物学,070303T,14,B,2026
南开大学,分子科学与工程,070304T,1,A+,2026
天津大学,分子科学与工程,070304T,2,A+,2026
西北工业大学,分子科学与工程,070304T,3,B,2026
复旦大学,能源化学,070305T,1,A+,2026
厦门大学,能源化学,070305T,2,A+,2026
北京化工大学,能源化学,070305T,3,B+,2026
河南大学,能源化学,070305T,4,B+,2026
湘潭大学,能源化学,070305T,5,B,2026
青岛科技大学,能源化学,070305T,6,B,2026
温州大学,能源化学,070305T,7,B,2026
山西师范大学,能源化学,070305T,8,B,2026
厦门大学,化学测量学与技术,070306T,1,A+,2026
临沂大学,化学测量学与技术,070306T,2,A+,2026
北京化工大学,资源化学,070307T,,,2026
东华理工大学,资源化学,070307T,,,2026
南京大学,天文学,070401,1,A+,2026
北京大学,天文学,070401,2,A+,2026
中国科学技术大学,天文学,070401,3,B+,2026
上海交通大学,天文学,070401,4,B+,2026
清华大学,天文学,070401,5,B,2026
北京师范大学,天文学,070401,6,B,2026
中山大学,天文学,070401,7,B,2026
南京大学,地理科学,070501,1,A+,2026
华东师范大学,地理科学,070501,2,A+,2026
北京师范大学,地理科学,070501,3,A+,2026
南京师范大学,地理科学,070501,4,A,2026
武汉大学,地理科学,070501,5,A,2026
福建师范大学,地理科学,070501,6,A,2026
陕西师范大学,地理科学,070501,6,A,2026
华中师范大学,地理科学,070501,8,A,2026
中国地质大学（武汉）,地理科学,070501,9,A,2026
河南大学,地理科学,070501,10,A,2026
东北师范大学,地理科学,070501,11,A,2026
西南大学,地理科学,070501,12,A,2026
华南师范大学,地理科学,070501,13,A,2026
天津大学,地理科学,070501,14,A,2026
云南大学,地理科学,070501,15,A,2026
湖南师范大学,地理科学,070501,16,A,2026
广州大学,地理科学,070501,17,A,2026
云南师范大学,地理科学,070501,18,B+,2026
贵州师范大学,地理科学,070501,19,B+,2026
江西师范大学,地理科学,070501,20,B+,2026
安徽师范大学,地理科学,070501,21,B+,2026
湖北大学,地理科学,070501,22,B+,2026
山东师范大学,地理科学,070501,23,B+,2026
延边大学,地理科学,070501,23,B+,2026
首都师范大学,地理科学,070501,25,B+,2026
宁夏大学,地理科学,070501,26,B+,2026
西北师范大学,地理科学,070501,27,B+,2026
天津师范大学,地理科学,070501,28,B+,2026
浙江师范大学,地理科学,070501,29,B+,2026
南宁师范大学,地理科学,070501,30,B+,2026
辽宁师范大学,地理科学,070501,31,B+,2026
宁波大学,地理科学,070501,32,B+,2026
河北师范大学,地理科学,070501,33,B+,2026
上海师范大学,地理科学,070501,34,B+,2026
南京信息工程大学,地理科学,070501,35,B+,2026
四川师范大学,地理科学,070501,36,B+,2026
青海师范大学,地理科学,070501,37,B+,2026
重庆师范大学,地理科学,070501,38,B+,2026
鲁东大学,地理科学,070501,39,B+,2026
哈尔滨师范大学,地理科学,070501,40,B+,2026
江苏师范大学,地理科学,070501,40,B+,2026
衡阳师范学院,地理科学,070501,42,B+,2026
内蒙古师范大学,地理科学,070501,43,B+,2026
信阳师范大学,地理科学,070501,44,B+,2026
曲阜师范大学,地理科学,070501,45,B+,2026
吉林师范大学,地理科学,070501,46,B+,2026
石河子大学,地理科学,070501,47,B+,2026
海南师范大学,地理科学,070501,48,B+,2026
西藏大学,地理科学,070501,49,B+,2026
湖北师范大学,地理科学,070501,50,B+,2026
山西师范大学,地理科学,070501,51,B+,2026
临沂大学,地理科学,070501,52,B+,2026
西华师范大学,地理科学,070501,53,B,2026
聊城大学,地理科学,070501,54,B,2026
长春师范大学,地理科学,070501,55,B,2026
湖北文理学院,地理科学,070501,55,B,2026
青岛大学,地理科学,070501,57,B,2026
太原师范学院,地理科学,070501,58,B,2026
沈阳大学,地理科学,070501,59,B,2026
安庆师范大学,地理科学,070501,60,B,2026
赣南师范大学,地理科学,070501,60,B,2026
湖南科技大学,地理科学,070501,62,B,2026
济南大学,地理科学,070501,63,B,2026
新疆师范大学,地理科学,070501,64,B,2026
江苏第二师范学院,地理科学,070501,65,B,2026
南京晓庄学院,地理科学,070501,66,B,2026
绵阳师范学院,地理科学,070501,67,B,2026
西南林业大学,地理科学,070501,68,B,2026
南通大学,地理科学,070501,69,B,2026
苏州科技大学,地理科学,070501,70,B,2026
赤峰大学,地理科学,070501,71,B,2026
宝鸡文理学院,地理科学,070501,72,B,2026
河南师范大学,地理科学,070501,73,B,2026
黄冈师范学院,地理科学,070501,73,B,2026
湖北科技学院,地理科学,070501,75,B,2026
内江师范学院,地理科学,070501,76,B,2026
玉溪师范学院,地理科学,070501,77,B,2026
泉州师范学院,地理科学,070501,78,B,2026
淮阴师范学院,地理科学,070501,79,B,2026
石家庄学院,地理科学,070501,79,B,2026
广西师范大学,地理科学,070501,81,B,2026
贵州师范学院,地理科学,070501,82,B,2026
齐齐哈尔大学,地理科学,070501,82,B,2026
皖西学院,地理科学,070501,82,B,2026
湖南文理学院,地理科学,070501,85,B,2026
佳木斯大学,地理科学,070501,85,B,2026
南阳师范学院,地理科学,070501,85,B,2026
盐城师范学院,地理科学,070501,88,B,2026
北京大学,自然地理与资源环境,070502,1,A+,2026
北京师范大学,自然地理与资源环境,070502,2,A+,2026
南京大学,自然地理与资源环境,070502,3,A,2026
南京师范大学,自然地理与资源环境,070502,4,A,2026
中山大学,自然地理与资源环境,070502,5,A,2026
兰州大学,自然地理与资源环境,070502,6,B+,2026
福建师范大学,自然地理与资源环境,070502,7,B+,2026
西北大学,自然地理与资源环境,070502,8,B+,2026
河海大学,自然地理与资源环境,070502,9,B+,2026
华南师范大学,自然地理与资源环境,070502,10,B+,2026
南京信息工程大学,自然地理与资源环境,070502,11,B+,2026
北京林业大学,自然地理与资源环境,070502,12,B+,2026
云南师范大学,自然地理与资源环境,070502,13,B+,2026
新疆大学,自然地理与资源环境,070502,14,B+,2026
山西大学,自然地理与资源环境,070502,15,B+,2026
南宁师范大学,自然地理与资源环境,070502,16,B+,2026
四川师范大学,自然地理与资源环境,070502,17,B+,2026
山西师范大学,自然地理与资源环境,070502,18,B,2026
东华理工大学,自然地理与资源环境,070502,19,B,2026
山西财经大学,自然地理与资源环境,070502,20,B,2026
海南师范大学,自然地理与资源环境,070502,21,B,2026
福建农林大学,自然地理与资源环境,070502,22,B,2026
青海师范大学,自然地理与资源环境,070502,23,B,2026
哈尔滨师范大学,自然地理与资源环境,070502,24,B,2026
内蒙古师范大学,自然地理与资源环境,070502,25,B,2026
太原师范学院,自然地理与资源环境,070502,26,B,2026
新疆师范大学,自然地理与资源环境,070502,27,B,2026
信阳师范大学,自然地理与资源环境,070502,28,B,2026
广东财经大学,自然地理与资源环境,070502,29,B,2026
北京大学,人文地理与城乡规划,070503,1,A+,2026
华东师范大学,人文地理与城乡规划,070503,2,A+,2026
北京师范大学,人文地理与城乡规划,070503,3,A,2026
南京大学,人文地理与城乡规划,070503,4,A,2026
中山大学,人文地理与城乡规划,070503,5,A,2026
河南大学,人文地理与城乡规划,070503,6,A,2026
南京师范大学,人文地理与城乡规划,070503,7,A,2026
武汉大学,人文地理与城乡规划,070503,8,A,2026
兰州大学,人文地理与城乡规划,070503,9,A,2026
西南大学,人文地理与城乡规划,070503,10,A,2026
西北大学,人文地理与城乡规划,070503,11,A,2026
东北师范大学,人文地理与城乡规划,070503,12,A,2026
华南师范大学,人文地理与城乡规划,070503,13,A,2026
广州大学,人文地理与城乡规划,070503,14,B+,2026
云南师范大学,人文地理与城乡规划,070503,15,B+,2026
福建师范大学,人文地理与城乡规划,070503,16,B+,2026
南京信息工程大学,人文地理与城乡规划,070503,17,B+,2026
湖南师范大学,人文地理与城乡规划,070503,18,B+,2026
福州大学,人文地理与城乡规划,070503,19,B+,2026
贵州师范大学,人文地理与城乡规划,070503,20,B+,2026
湖北大学,人文地理与城乡规划,070503,21,B+,2026
河北师范大学,人文地理与城乡规划,070503,22,B+,2026
西北师范大学,人文地理与城乡规划,070503,23,B+,2026
宁波大学,人文地理与城乡规划,070503,24,B+,2026
南宁师范大学,人文地理与城乡规划,070503,25,B+,2026
宁夏大学,人文地理与城乡规划,070503,26,B+,2026
成都理工大学,人文地理与城乡规划,070503,27,B+,2026
南京农业大学,人文地理与城乡规划,070503,28,B+,2026
天津师范大学,人文地理与城乡规划,070503,29,B+,2026
四川师范大学,人文地理与城乡规划,070503,30,B+,2026
新疆大学,人文地理与城乡规划,070503,30,B+,2026
辽宁师范大学,人文地理与城乡规划,070503,32,B+,2026
北京联合大学,人文地理与城乡规划,070503,33,B+,2026
上海师范大学,人文地理与城乡规划,070503,34,B+,2026
西安外国语大学,人文地理与城乡规划,070503,35,B+,2026
内蒙古师范大学,人文地理与城乡规划,070503,36,B+,2026
河南财经政法大学,人文地理与城乡规划,070503,37,B+,2026
太原师范学院,人文地理与城乡规划,070503,37,B+,2026
华北水利水电大学,人文地理与城乡规划,070503,39,B+,2026
海南大学,人文地理与城乡规划,070503,40,B+,2026
重庆工商大学,人文地理与城乡规划,070503,41,B+,2026
石河子大学,人文地理与城乡规划,070503,41,B+,2026
海南师范大学,人文地理与城乡规划,070503,43,B,2026
山西师范大学,人文地理与城乡规划,070503,44,B,2026
山西财经大学,人文地理与城乡规划,070503,45,B,2026
衡阳师范学院,人文地理与城乡规划,070503,46,B,2026
东北农业大学,人文地理与城乡规划,070503,47,B,2026
西华师范大学,人文地理与城乡规划,070503,48,B,2026
北京第二外国语学院,人文地理与城乡规划,070503,49,B,2026
哈尔滨师范大学,人文地理与城乡规划,070503,50,B,2026
河南师范大学,人文地理与城乡规划,070503,51,B,2026
泉州师范学院,人文地理与城乡规划,070503,52,B,2026
闽江大学,人文地理与城乡规划,070503,53,B,2026
湖南工商大学,人文地理与城乡规划,070503,54,B,2026
苏州科技大学,人文地理与城乡规划,070503,55,B,2026
长春师范大学,人文地理与城乡规划,070503,56,B,2026
广东财经大学,人文地理与城乡规划,070503,57,B,2026
河南农业大学,人文地理与城乡规划,070503,58,B,2026
新疆师范大学,人文地理与城乡规划,070503,59,B,2026
盐城师范学院,人文地理与城乡规划,070503,59,B,2026
贵州财经大学,人文地理与城乡规划,070503,61,B,2026
石家庄学院,人文地理与城乡规划,070503,62,B,2026
湖南农业大学,人文地理与城乡规划,070503,63,B,2026
佛山大学,人文地理与城乡规划,070503,64,B,2026
池州学院,人文地理与城乡规划,070503,65,B,2026
宝鸡文理学院,人文地理与城乡规划,070503,66,B,2026
长沙学院,人文地理与城乡规划,070503,66,B,2026
江苏第二师范学院,人文地理与城乡规划,070503,68,B,2026
南京师范大学,地理信息科学,070504,1,A+,2026
武汉大学,地理信息科学,070504,2,A+,2026
北京大学,地理信息科学,070504,3,A+,2026
北京师范大学,地理信息科学,070504,4,A,2026
华东师范大学,地理信息科学,070504,5,A,2026
南京大学,地理信息科学,070504,6,A,2026
中南大学,地理信息科学,070504,7,A,2026
中山大学,地理信息科学,070504,8,A,2026
中国矿业大学,地理信息科学,070504,9,A,2026
兰州大学,地理信息科学,070504,10,A,2026
中国地质大学（武汉）,地理信息科学,070504,11,A,2026
华中师范大学,地理信息科学,070504,12,A,2026
陕西师范大学,地理信息科学,070504,13,A,2026
中国地质大学（北京）,地理信息科学,070504,14,A,2026
长安大学,地理信息科学,070504,15,A,2026
首都师范大学,地理信息科学,070504,16,A,2026
西南交通大学,地理信息科学,070504,16,A,2026
东北师范大学,地理信息科学,070504,18,A,2026
河南大学,地理信息科学,070504,19,A,2026
河海大学,地理信息科学,070504,20,B+,2026
华南师范大学,地理信息科学,070504,21,B+,2026
西南大学,地理信息科学,070504,22,B+,2026
吉林大学,地理信息科学,070504,23,B+,2026
南京信息工程大学,地理信息科学,070504,23,B+,2026
江西师范大学,地理信息科学,070504,25,B+,2026
福建师范大学,地理信息科学,070504,26,B+,2026
山东科技大学,地理信息科学,070504,26,B+,2026
山东师范大学,地理信息科学,070504,28,B+,2026
贵州师范大学,地理信息科学,070504,29,B+,2026
广州大学,地理信息科学,070504,30,B+,2026
云南大学,地理信息科学,070504,31,B+,2026
湖南师范大学,地理信息科学,070504,32,B+,2026
西北大学,地理信息科学,070504,33,B+,2026
浙江大学,地理信息科学,070504,33,B+,2026
成都理工大学,地理信息科学,070504,35,B+,2026
中国农业大学,地理信息科学,070504,35,B+,2026
兰州交通大学,地理信息科学,070504,37,B+,2026
安徽师范大学,地理信息科学,070504,38,B+,2026
北京林业大学,地理信息科学,070504,39,B+,2026
云南师范大学,地理信息科学,070504,39,B+,2026
宁夏大学,地理信息科学,070504,41,B+,2026
南京邮电大学,地理信息科学,070504,42,B+,2026
武汉理工大学,地理信息科学,070504,43,B+,2026
天津师范大学,地理信息科学,070504,44,B+,2026
西安科技大学,地理信息科学,070504,44,B+,2026
新疆大学,地理信息科学,070504,46,B+,2026
西北师范大学,地理信息科学,070504,47,B+,2026
湖北大学,地理信息科学,070504,48,B+,2026
南宁师范大学,地理信息科学,070504,49,B+,2026
辽宁师范大学,地理信息科学,070504,50,B+,2026
延边大学,地理信息科学,070504,50,B+,2026
华中农业大学,地理信息科学,070504,52,B+,2026
南京林业大学,地理信息科学,070504,52,B+,2026
河南理工大学,地理信息科学,070504,54,B+,2026
湖南科技大学,地理信息科学,070504,55,B+,2026
大连海事大学,地理信息科学,070504,56,B+,2026
河北师范大学,地理信息科学,070504,57,B+,2026
上海师范大学,地理信息科学,070504,57,B+,2026
浙江师范大学,地理信息科学,070504,59,B,2026
鲁东大学,地理信息科学,070504,60,B,2026
西南石油大学,地理信息科学,070504,60,B,2026
郑州大学,地理信息科学,070504,62,B,2026
昆明理工大学,地理信息科学,070504,63,B,2026
安徽大学,地理信息科学,070504,64,B,2026
西北农林科技大学,地理信息科学,070504,64,B,2026
山东建筑大学,地理信息科学,070504,66,B,2026
四川师范大学,地理信息科学,070504,67,B,2026
哈尔滨师范大学,地理信息科学,070504,68,B,2026
长江大学,地理信息科学,070504,69,B,2026
衡阳师范学院,地理信息科学,070504,70,B,2026
江西理工大学,地理信息科学,070504,70,B,2026
重庆师范大学,地理信息科学,070504,72,B,2026
长沙理工大学,地理信息科学,070504,73,B,2026
成都信息工程大学,地理信息科学,070504,74,B,2026
东北林业大学,地理信息科学,070504,74,B,2026
滁州学院,地理信息科学,070504,76,B,2026
安徽建筑大学,地理信息科学,070504,77,B,2026
辽宁工程技术大学,地理信息科学,070504,77,B,2026
南通大学,地理信息科学,070504,79,B,2026
江苏师范大学,地理信息科学,070504,80,B,2026
浙江农林大学,地理信息科学,070504,81,B,2026
海南师范大学,地理信息科学,070504,82,B,2026
四川农业大学,地理信息科学,070504,82,B,2026
桂林理工大学,地理信息科学,070504,84,B,2026
北京联合大学,地理信息科学,070504,85,B,2026
华北水利水电大学,地理信息科学,070504,86,B,2026
青海师范大学,地理信息科学,070504,86,B,2026
华南农业大学,地理信息科学,070504,88,B,2026
江苏海洋大学,地理信息科学,070504,89,B,2026
南京晓庄学院,地理信息科学,070504,90,B,2026
山东农业大学,地理信息科学,070504,90,B,2026
河南财经政法大学,地理信息科学,070504,92,B,2026
无锡学院,地理信息科学,070504,93,B,2026
集美大学,地理信息科学,070504,94,B,2026
天津城建大学,地理信息科学,070504,95,B,2026
山西财经大学,地理信息科学,070504,96,B,2026
苏州科技大学,地理信息科学,070504,97,B,2026
南京大学,大气科学,070601,1,A+,2026
北京大学,大气科学,070601,2,A+,2026
南京信息工程大学,大气科学,070601,3,B+,2026
复旦大学,大气科学,070601,4,B+,2026
兰州大学,大气科学,070601,5,B+,2026
中山大学,大气科学,070601,6,B+,2026
中国海洋大学,大气科学,070601,7,B,2026
中国科学技术大学,大气科学,070601,8,B,2026
浙江大学,大气科学,070601,9,B,2026
云南大学,大气科学,070601,10,B,2026
成都信息工程大学,大气科学,070601,11,B,2026
南京信息工程大学,应用气象学,070602,1,A+,2026
南京大学,应用气象学,070602,2,A+,2026
中山大学,应用气象学,070602,3,B+,2026
兰州大学,应用气象学,070602,4,B+,2026
中国农业大学,应用气象学,070602,5,B,2026
成都信息工程大学,应用气象学,070602,6,B,2026
中国民航大学,应用气象学,070602,7,B,2026
广东海洋大学,应用气象学,070602,8,B,2026
南京信息工程大学,气象技术与工程,070603T,1,A+,2026
成都信息工程大学,气象技术与工程,070603T,2,A+,2026
清华大学,地球系统科学,070604T,,,2026
中国海洋大学,海洋科学,070701,1,A+,2026
厦门大学,海洋科学,070701,2,A+,2026
上海交通大学,海洋科学,070701,3,A,2026
中山大学,海洋科学,070701,4,B+,2026
山东大学,海洋科学,070701,5,B+,2026
天津大学,海洋科学,070701,6,B+,2026
中国地质大学（武汉）,海洋科学,070701,7,B+,2026
河海大学,海洋科学,070701,8,B+,2026
南京大学,海洋科学,070701,9,B+,2026
浙江大学,海洋科学,070701,10,B+,2026
中国地质大学（北京）,海洋科学,070701,11,B+,2026
海南大学,海洋科学,070701,12,B,2026
上海海洋大学,海洋科学,070701,13,B,2026
浙江海洋大学,海洋科学,070701,14,B,2026
南方科技大学,海洋科学,070701,15,B,2026
南京信息工程大学,海洋科学,070701,16,B,2026
汕头大学,海洋科学,070701,17,B,2026
深圳大学,海洋科学,070701,18,B,2026
中国海洋大学,海洋技术,070702,1,A+,2026
厦门大学,海洋技术,070702,2,A+,2026
天津大学,海洋技术,070702,3,A,2026
哈尔滨工业大学,海洋技术,070702,4,B+,2026
河海大学,海洋技术,070702,5,B+,2026
上海海洋大学,海洋技术,070702,6,B+,2026
大连理工大学,海洋技术,070702,7,B+,2026
河北工业大学,海洋技术,070702,8,B+,2026
南京信息工程大学,海洋技术,070702,9,B+,2026
江苏海洋大学,海洋技术,070702,10,B,2026
天津科技大学,海洋技术,070702,11,B,2026
广东海洋大学,海洋技术,070702,12,B,2026
大连海洋大学,海洋技术,070702,13,B,2026
山东科技大学,海洋技术,070702,14,B,2026
海南热带海洋学院,海洋技术,070702,15,B,2026
中国海洋大学,海洋资源与环境,070703T,1,A+,2026
南京师范大学,海洋资源与环境,070703T,2,A+,2026
中国地质大学（北京）,海洋资源与环境,070703T,3,B+,2026
上海海洋大学,海洋资源与环境,070703T,4,B+,2026
浙江海洋大学,海洋资源与环境,070703T,5,B+,2026
大连海事大学,海洋资源与环境,070703T,6,B+,2026
南京信息工程大学,海洋资源与环境,070703T,7,B,2026
江苏海洋大学,海洋资源与环境,070703T,8,B,2026
广东海洋大学,海洋资源与环境,070703T,9,B,2026
大连海洋大学,海洋资源与环境,070703T,10,B,2026
海南热带海洋学院,海洋资源与环境,070703T,11,B,2026
同济大学,海洋科学与技术,070705T,,,2026
中国科学技术大学,地球物理学,070801,1,A+,2026
北京大学,地球物理学,070801,2,A+,2026
武汉大学,地球物理学,070801,3,B+,2026
吉林大学,地球物理学,070801,4,B+,2026
南方科技大学,地球物理学,070801,5,B+,2026
中国地质大学（武汉）,地球物理学,070801,6,B+,2026
中山大学,地球物理学,070801,7,B,2026
中国地质大学（北京）,地球物理学,070801,8,B,2026
中国石油大学（华东）,地球物理学,070801,9,B,2026
同济大学,地球物理学,070801,10,B,2026
中国石油大学（北京）,地球物理学,070801,11,B,2026
北京大学,空间科学与技术,070802,1,A+,2026
中国科学技术大学,空间科学与技术,070802,2,A+,2026
北京航空航天大学,空间科学与技术,070802,3,B+,2026
山东大学,空间科学与技术,070802,4,B,2026
哈尔滨工业大学,空间科学与技术,070802,5,B,2026
南京大学,空间科学与技术,070802,6,B,2026
南京工业大学,防灾减灾科学与工程,070803T,1,A+,2026
山东科技大学,防灾减灾科学与工程,070803T,2,A+,2026
南京信息工程大学,防灾减灾科学与工程,070803T,3,B,2026
南京大学,地质学,070901,1,A+,2026
中国地质大学（武汉）,地质学,070901,2,A+,2026
北京大学,地质学,070901,3,B+,2026
中国地质大学（北京）,地质学,070901,4,B+,2026
西北大学,地质学,070901,5,B+,2026
浙江大学,地质学,070901,6,B+,2026
吉林大学,地质学,070901,7,B+,2026
中山大学,地质学,070901,8,B+,2026
兰州大学,地质学,070901,9,B,2026
中国海洋大学,地质学,070901,10,B,2026
中国石油大学（华东）,地质学,070901,10,B,2026
成都理工大学,地质学,070901,12,B,2026
长安大学,地质学,070901,13,B,2026
中国科学技术大学,地球化学,070902,1,A+,2026
北京大学,地球化学,070902,2,A+,2026
中国地质大学（北京）,地球化学,070902,3,B+,2026
成都理工大学,地球化学,070902,4,B,2026
兰州大学,地球化学,070902,5,B,2026
中国地质大学（武汉）,地球信息科学与技术,070903T,1,A+,2026
中国地质大学（北京）,地球信息科学与技术,070903T,2,A+,2026
中国矿业大学,地球信息科学与技术,070903T,3,B+,2026
中国海洋大学,地球信息科学与技术,070903T,4,B+,2026
西北大学,地球信息科学与技术,070903T,5,B,2026
电子科技大学,地球信息科学与技术,070903T,6,B,2026
合肥工业大学,地球信息科学与技术,070903T,7,B,2026
北京大学,古生物学,070904T,,,2026
河北地质大学,古生物学,070904T,,,2026
沈阳师范大学,古生物学,070904T,,,2026
北京大学,生物科学,071001,1,A+,2026
清华大学,生物科学,071001,2,A+,2026
复旦大学,生物科学,071001,3,A+,2026
上海交通大学,生物科学,071001,4,A+,2026
浙江大学,生物科学,071001,5,A+,2026
中国科学技术大学,生物科学,071001,6,A,2026
武汉大学,生物科学,071001,7,A,2026
厦门大学,生物科学,071001,8,A,2026
四川大学,生物科学,071001,9,A,2026
中国农业大学,生物科学,071001,10,A,2026
中山大学,生物科学,071001,10,A,2026
南京大学,生物科学,071001,12,A,2026
南开大学,生物科学,071001,13,A,2026
华东师范大学,生物科学,071001,14,A,2026
北京师范大学,生物科学,071001,15,A,2026
华中农业大学,生物科学,071001,16,A,2026
山东大学,生物科学,071001,17,A,2026
东北师范大学,生物科学,071001,18,A,2026
兰州大学,生物科学,071001,19,A,2026
吉林大学,生物科学,071001,20,A,2026
南京农业大学,生物科学,071001,21,A,2026
华中科技大学,生物科学,071001,22,A,2026
南方科技大学,生物科学,071001,23,A,2026
南京师范大学,生物科学,071001,24,A,2026
上海科技大学,生物科学,071001,25,A,2026
西北农林科技大学,生物科学,071001,25,A,2026
陕西师范大学,生物科学,071001,27,A,2026
中国海洋大学,生物科学,071001,28,A,2026
中南大学,生物科学,071001,29,A,2026
西南大学,生物科学,071001,30,B+,2026
湖南师范大学,生物科学,071001,31,B+,2026
华中师范大学,生物科学,071001,32,B+,2026
暨南大学,生物科学,071001,33,B+,2026
云南大学,生物科学,071001,34,B+,2026
河南大学,生物科学,071001,35,B+,2026
内蒙古大学,生物科学,071001,36,B+,2026
南昌大学,生物科学,071001,37,B+,2026
扬州大学,生物科学,071001,38,B+,2026
湖北大学,生物科学,071001,39,B+,2026
西北大学,生物科学,071001,40,B+,2026
北京林业大学,生物科学,071001,41,B+,2026
华南师范大学,生物科学,071001,42,B+,2026
天津大学,生物科学,071001,43,B+,2026
东北林业大学,生物科学,071001,44,B+,2026
福建师范大学,生物科学,071001,45,B+,2026
深圳大学,生物科学,071001,46,B+,2026
福建农林大学,生物科学,071001,47,B+,2026
贵州大学,生物科学,071001,48,B+,2026
华南农业大学,生物科学,071001,49,B+,2026
华东理工大学,生物科学,071001,50,B+,2026
东南大学,生物科学,071001,51,B+,2026
山西大学,生物科学,071001,52,B+,2026
首都师范大学,生物科学,071001,53,B+,2026
重庆大学,生物科学,071001,54,B+,2026
中国医科大学,生物科学,071001,55,B+,2026
河南师范大学,生物科学,071001,56,B+,2026
河北师范大学,生物科学,071001,57,B+,2026
东北农业大学,生物科学,071001,58,B+,2026
上海师范大学,生物科学,071001,59,B+,2026
上海海洋大学,生物科学,071001,60,B+,2026
广西大学,生物科学,071001,61,B+,2026
河北大学,生物科学,071001,62,B+,2026
四川农业大学,生物科学,071001,62,B+,2026
山东师范大学,生物科学,071001,64,B+,2026
宁夏大学,生物科学,071001,65,B+,2026
山东农业大学,生物科学,071001,66,B+,2026
安徽大学,生物科学,071001,67,B+,2026
大连理工大学,生物科学,071001,68,B+,2026
海南大学,生物科学,071001,69,B+,2026
浙江师范大学,生物科学,071001,70,B+,2026
湖南农业大学,生物科学,071001,71,B+,2026
广州大学,生物科学,071001,72,B+,2026
江西师范大学,生物科学,071001,73,B+,2026
南通大学,生物科学,071001,74,B+,2026
安徽师范大学,生物科学,071001,75,B+,2026
新疆大学,生物科学,071001,76,B+,2026
温州大学,生物科学,071001,77,B+,2026
南京林业大学,生物科学,071001,78,B+,2026
西北师范大学,生物科学,071001,79,B+,2026
安徽农业大学,生物科学,071001,80,B+,2026
湖北师范大学,生物科学,071001,81,B+,2026
河南农业大学,生物科学,071001,82,B+,2026
中央民族大学,生物科学,071001,83,B+,2026
天津师范大学,生物科学,071001,84,B+,2026
重庆师范大学,生物科学,071001,85,B+,2026
石河子大学,生物科学,071001,86,B+,2026
四川师范大学,生物科学,071001,86,B+,2026
云南师范大学,生物科学,071001,88,B+,2026
汕头大学,生物科学,071001,89,B,2026
杭州师范大学,生物科学,071001,90,B,2026
江苏师范大学,生物科学,071001,91,B,2026
曲阜师范大学,生物科学,071001,92,B,2026
河北农业大学,生物科学,071001,93,B,2026
辽宁师范大学,生物科学,071001,94,B,2026
青岛农业大学,生物科学,071001,95,B,2026
哈尔滨师范大学,生物科学,071001,96,B,2026
延安大学,生物科学,071001,96,B,2026
沈阳农业大学,生物科学,071001,98,B,2026
中国地质大学（武汉）,生物科学,071001,99,B,2026
香港中文大学（深圳）,生物科学,071001,100,B,2026
广西师范大学,生物科学,071001,101,B,2026
江苏大学,生物科学,071001,101,B,2026
西华师范大学,生物科学,071001,101,B,2026
山西师范大学,生物科学,071001,104,B,2026
沈阳师范大学,生物科学,071001,105,B,2026
贵州师范大学,生物科学,071001,106,B,2026
蚌埠医科大学,生物科学,071001,107,B,2026
山西农业大学,生物科学,071001,107,B,2026
浙江中医药大学,生物科学,071001,109,B,2026
信阳师范大学,生物科学,071001,110,B,2026
青海师范大学,生物科学,071001,111,B,2026
淮北师范大学,生物科学,071001,112,B,2026
鲁东大学,生物科学,071001,112,B,2026
烟台大学,生物科学,071001,114,B,2026
湖南科技大学,生物科学,071001,115,B,2026
上海纽约大学,生物科学,071001,116,B,2026
井冈山大学,生物科学,071001,117,B,2026
海南师范大学,生物科学,071001,118,B,2026
徐州医科大学,生物科学,071001,118,B,2026
吉首大学,生物科学,071001,120,B,2026
内蒙古师范大学,生物科学,071001,120,B,2026
沈阳大学,生物科学,071001,120,B,2026
山东理工大学,生物科学,071001,123,B,2026
陕西理工大学,生物科学,071001,123,B,2026
西交利物浦大学,生物科学,071001,123,B,2026
吉林农业大学,生物科学,071001,126,B,2026
新疆师范大学,生物科学,071001,127,B,2026
长春师范大学,生物科学,071001,128,B,2026
吉林师范大学,生物科学,071001,129,B,2026
南阳师范学院,生物科学,071001,130,B,2026
三峡大学,生物科学,071001,131,B,2026
河南科技大学,生物科学,071001,132,B,2026
昆山杜克大学,生物科学,071001,132,B,2026
绍兴大学,生物科学,071001,132,B,2026
中南林业科技大学,生物科学,071001,135,B,2026
江西科技师范大学,生物科学,071001,136,B,2026
阜阳师范大学,生物科学,071001,137,B,2026
齐齐哈尔大学,生物科学,071001,137,B,2026
周口师范学院,生物科学,071001,139,B,2026
湖北医药学院,生物科学,071001,140,B,2026
温州肯恩大学,生物科学,071001,140,B,2026
西藏大学,生物科学,071001,142,B,2026
北华大学,生物科学,071001,143,B,2026
河南科技学院,生物科学,071001,143,B,2026
聊城大学,生物科学,071001,143,B,2026
安庆师范大学,生物科学,071001,146,B,2026
大连海洋大学,生物科学,071001,146,B,2026
南宁师范大学,生物科学,071001,146,B,2026
上海交通大学,生物技术,071002,1,A+,2026
华中科技大学,生物技术,071002,2,A+,2026
中国科学技术大学,生物技术,071002,3,A+,2026
北京大学,生物技术,071002,4,A+,2026
同济大学,生物技术,071002,5,A+,2026
武汉大学,生物技术,071002,6,A+,2026
南京大学,生物技术,071002,7,A,2026
厦门大学,生物技术,071002,7,A,2026
南开大学,生物技术,071002,9,A,2026
复旦大学,生物技术,071002,10,A,2026
中山大学,生物技术,071002,11,A,2026
中国农业大学,生物技术,071002,12,A,2026
吉林大学,生物技术,071002,13,A,2026
山东大学,生物技术,071002,14,A,2026
华东师范大学,生物技术,071002,15,A,2026
华中农业大学,生物技术,071002,16,A,2026
北京师范大学,生物技术,071002,17,A,2026
北京理工大学,生物技术,071002,18,A,2026
上海科技大学,生物技术,071002,19,A,2026
西北农林科技大学,生物技术,071002,19,A,2026
西安交通大学,生物技术,071002,21,A,2026
华南理工大学,生物技术,071002,22,A,2026
暨南大学,生物技术,071002,23,A,2026
东北师范大学,生物技术,071002,24,A,2026
陕西师范大学,生物技术,071002,24,A,2026
兰州大学,生物技术,071002,26,A,2026
南京农业大学,生物技术,071002,27,A,2026
湖南大学,生物技术,071002,28,A,2026
南京师范大学,生物技术,071002,29,A,2026
湖南师范大学,生物技术,071002,30,A,2026
南方科技大学,生物技术,071002,31,A,2026
南方医科大学,生物技术,071002,32,A,2026
内蒙古大学,生物技术,071002,33,B+,2026
云南大学,生物技术,071002,34,B+,2026
哈尔滨工业大学,生物技术,071002,35,B+,2026
江南大学,生物技术,071002,36,B+,2026
南昌大学,生物技术,071002,37,B+,2026
西南大学,生物技术,071002,38,B+,2026
深圳大学,生物技术,071002,39,B+,2026
扬州大学,生物技术,071002,40,B+,2026
华中师范大学,生物技术,071002,41,B+,2026
东北农业大学,生物技术,071002,42,B+,2026
华南农业大学,生物技术,071002,43,B+,2026
西北大学,生物技术,071002,44,B+,2026
西北工业大学,生物技术,071002,45,B+,2026
苏州大学,生物技术,071002,46,B+,2026
中国海洋大学,生物技术,071002,47,B+,2026
广州医科大学,生物技术,071002,48,B+,2026
华东理工大学,生物技术,071002,48,B+,2026
电子科技大学,生物技术,071002,50,B+,2026
华南师范大学,生物技术,071002,51,B+,2026
郑州大学,生物技术,071002,52,B+,2026
东北林业大学,生物技术,071002,53,B+,2026
中国药科大学,生物技术,071002,53,B+,2026
宁波大学,生物技术,071002,55,B+,2026
广西大学,生物技术,071002,56,B+,2026
浙江工业大学,生物技术,071002,57,B+,2026
首都师范大学,生物技术,071002,58,B+,2026
四川农业大学,生物技术,071002,59,B+,2026
贵州大学,生物技术,071002,60,B+,2026
山东师范大学,生物技术,071002,61,B+,2026
福建农林大学,生物技术,071002,62,B+,2026
汕头大学,生物技术,071002,63,B+,2026
北京林业大学,生物技术,071002,64,B+,2026
温州医科大学,生物技术,071002,65,B+,2026
青岛大学,生物技术,071002,66,B+,2026
中国医科大学,生物技术,071002,67,B+,2026
河北师范大学,生物技术,071002,68,B+,2026
山东农业大学,生物技术,071002,69,B+,2026
海南大学,生物技术,071002,70,B+,2026
上海海洋大学,生物技术,071002,71,B+,2026
安徽医科大学,生物技术,071002,72,B+,2026
北京科技大学,生物技术,071002,72,B+,2026
河北大学,生物技术,071002,74,B+,2026
湖南农业大学,生物技术,071002,75,B+,2026
北京工业大学,生物技术,071002,76,B+,2026
河南师范大学,生物技术,071002,76,B+,2026
南华大学,生物技术,071002,76,B+,2026
浙江理工大学,生物技术,071002,76,B+,2026
宁夏大学,生物技术,071002,80,B+,2026
南京林业大学,生物技术,071002,81,B+,2026
西安电子科技大学,生物技术,071002,81,B+,2026
安徽农业大学,生物技术,071002,83,B+,2026
南通大学,生物技术,071002,83,B+,2026
辽宁大学,生物技术,071002,85,B+,2026
浙江农林大学,生物技术,071002,85,B+,2026
杭州师范大学,生物技术,071002,87,B+,2026
浙江师范大学,生物技术,071002,88,B+,2026
西南科技大学,生物技术,071002,89,B+,2026
山东第一医科大学,生物技术,071002,90,B+,2026
湖北师范大学,生物技术,071002,91,B+,2026
中南民族大学,生物技术,071002,91,B+,2026
沈阳农业大学,生物技术,071002,93,B+,2026
安徽师范大学,生物技术,071002,94,B+,2026
河南农业大学,生物技术,071002,94,B+,2026
贵州医科大学,生物技术,071002,96,B+,2026
河北农业大学,生物技术,071002,97,B,2026
大连医科大学,生物技术,071002,98,B,2026
中南林业科技大学,生物技术,071002,99,B,2026
武汉理工大学,生物技术,071002,100,B,2026
合肥工业大学,生物技术,071002,101,B,2026
济南大学,生物技术,071002,102,B,2026
长江大学,生物技术,071002,103,B,2026
广州中医药大学,生物技术,071002,104,B,2026
云南农业大学,生物技术,071002,104,B,2026
石河子大学,生物技术,071002,106,B,2026
江苏科技大学,生物技术,071002,107,B,2026
海南医科大学,生物技术,071002,108,B,2026
黑龙江大学,生物技术,071002,108,B,2026
吉林农业大学,生物技术,071002,108,B,2026
山东第二医科大学,生物技术,071002,108,B,2026
云南师范大学,生物技术,071002,112,B,2026
江苏大学,生物技术,071002,113,B,2026
江汉大学,生物技术,071002,114,B,2026
重庆师范大学,生物技术,071002,115,B,2026
贵州师范大学,生物技术,071002,116,B,2026
青海大学,生物技术,071002,117,B,2026
山东医药大学,生物技术,071002,117,B,2026
武汉科技大学,生物技术,071002,117,B,2026
浙江万里学院,生物技术,071002,120,B,2026
江苏师范大学,生物技术,071002,121,B,2026
温州大学,生物技术,071002,122,B,2026
内蒙古农业大学,生物技术,071002,123,B,2026
河南医药大学,生物技术,071002,124,B,2026
四川师范大学,生物技术,071002,125,B,2026
武汉轻工大学,生物技术,071002,126,B,2026
辽宁师范大学,生物技术,071002,127,B,2026
延边大学,生物技术,071002,128,B,2026
西北师范大学,生物技术,071002,129,B,2026
山西农业大学,生物技术,071002,130,B,2026
天津师范大学,生物技术,071002,131,B,2026
华北理工大学,生物技术,071002,132,B,2026
塔里木大学,生物技术,071002,133,B,2026
西华师范大学,生物技术,071002,134,B,2026
长春理工大学,生物技术,071002,135,B,2026
河南科技大学,生物技术,071002,135,B,2026
上海理工大学,生物技术,071002,137,B,2026
青海师范大学,生物技术,071002,138,B,2026
徐州医科大学,生物技术,071002,139,B,2026
成都中医药大学,生物技术,071002,140,B,2026
大连大学,生物技术,071002,141,B,2026
广西医科大学,生物技术,071002,142,B,2026
广东以色列理工学院,生物技术,071002,143,B,2026
河南工业大学,生物技术,071002,143,B,2026
山西师范大学,生物技术,071002,145,B,2026
广西师范大学,生物技术,071002,146,B,2026
桂林医科大学,生物技术,071002,147,B,2026
西南林业大学,生物技术,071002,147,B,2026
陕西中医药大学,生物技术,071002,149,B,2026
湖北工业大学,生物技术,071002,150,B,2026
甘肃农业大学,生物技术,071002,151,B,2026
江西农业大学,生物技术,071002,152,B,2026
西南民族大学,生物技术,071002,152,B,2026
内蒙古师范大学,生物技术,071002,154,B,2026
武汉工程大学,生物技术,071002,155,B,2026
广东药科大学,生物技术,071002,156,B,2026
黑龙江八一农垦大学,生物技术,071002,156,B,2026
齐鲁工业大学,生物技术,071002,158,B,2026
哈尔滨师范大学,生物技术,071002,159,B,2026
广西民族大学,生物技术,071002,160,B,2026
东华理工大学,生物技术,071002,161,B,2026
同济大学,生物信息学,071003,1,A+,2026
北京大学,生物信息学,071003,2,A+,2026
浙江大学,生物信息学,071003,3,A,2026
华中科技大学,生物信息学,071003,4,A,2026
中南大学,生物信息学,071003,5,A,2026
华中农业大学,生物信息学,071003,6,A,2026
哈尔滨工业大学,生物信息学,071003,7,B+,2026
南方科技大学,生物信息学,071003,8,B+,2026
东南大学,生物信息学,071003,9,B+,2026
南方医科大学,生物信息学,071003,10,B+,2026
兰州大学,生物信息学,071003,11,B+,2026
南京医科大学,生物信息学,071003,12,B+,2026
西北农林科技大学,生物信息学,071003,13,B+,2026
郑州大学,生物信息学,071003,14,B+,2026
苏州大学,生物信息学,071003,15,B+,2026
河南大学,生物信息学,071003,16,B+,2026
哈尔滨医科大学,生物信息学,071003,17,B+,2026
湖北大学,生物信息学,071003,18,B+,2026
大连理工大学,生物信息学,071003,19,B+,2026
天津医科大学,生物信息学,071003,19,B+,2026
河北大学,生物信息学,071003,21,B,2026
中国医科大学,生物信息学,071003,22,B,2026
香港中文大学（深圳）,生物信息学,071003,23,B,2026
福建农林大学,生物信息学,071003,24,B,2026
湖南农业大学,生物信息学,071003,25,B,2026
重庆医科大学,生物信息学,071003,26,B,2026
福建医科大学,生物信息学,071003,27,B,2026
山东第一医科大学,生物信息学,071003,28,B,2026
安徽医科大学,生物信息学,071003,29,B,2026
辽宁大学,生物信息学,071003,30,B,2026
重庆邮电大学,生物信息学,071003,31,B,2026
西南交通大学,生物信息学,071003,32,B,2026
北京大学,生态学,071004,1,A+,2026
复旦大学,生态学,071004,2,A+,2026
厦门大学,生态学,071004,3,A,2026
中山大学,生态学,071004,4,A,2026
浙江大学,生态学,071004,5,A,2026
兰州大学,生态学,071004,6,A,2026
北京师范大学,生态学,071004,7,A,2026
云南大学,生态学,071004,8,A,2026
南京大学,生态学,071004,9,B+,2026
华东师范大学,生态学,071004,10,B+,2026
中国农业大学,生态学,071004,11,B+,2026
东北师范大学,生态学,071004,12,B+,2026
西北工业大学,生态学,071004,13,B+,2026
四川大学,生态学,071004,14,B+,2026
武汉大学,生态学,071004,15,B+,2026
暨南大学,生态学,071004,16,B+,2026
南京农业大学,生态学,071004,17,B+,2026
北京林业大学,生态学,071004,18,B+,2026
山东大学,生态学,071004,18,B+,2026
内蒙古大学,生态学,071004,20,B+,2026
安徽大学,生态学,071004,21,B+,2026
中国海洋大学,生态学,071004,22,B+,2026
海南大学,生态学,071004,23,B+,2026
南京林业大学,生态学,071004,24,B+,2026
青海大学,生态学,071004,25,B+,2026
华南农业大学,生态学,071004,26,B+,2026
东北林业大学,生态学,071004,27,B,2026
南京师范大学,生态学,071004,27,B,2026
贵州大学,生态学,071004,29,B,2026
西北大学,生态学,071004,30,B,2026
南京信息工程大学,生态学,071004,31,B,2026
中南林业科技大学,生态学,071004,32,B,2026
中央民族大学,生态学,071004,33,B,2026
浙江农林大学,生态学,071004,34,B,2026
华中农业大学,生态学,071004,35,B,2026
福建师范大学,生态学,071004,36,B,2026
陕西师范大学,生态学,071004,37,B,2026
西藏大学,生态学,071004,38,B,2026
广西大学,生态学,071004,39,B,2026
福建农林大学,生态学,071004,40,B,2026
新疆大学,生态学,071004,41,B,2026
南昌大学,生态学,071004,42,B,2026
西华师范大学,生态学,071004,43,B,2026
宁夏大学,生态学,071004,44,B,2026
北京大学,整合科学,071005T,,,2026
哈尔滨工业大学,整合科学,071005T,,,2026
中山大学,整合科学,071005T,,,2026
康复大学,神经科学,071006T,,,2026
上海纽约大学,神经科学,071006T,,,2026
北京师范大学,心理学,071101,1,A+,2026
北京大学,心理学,071101,2,A+,2026
清华大学,心理学,071101,3,A,2026
华南师范大学,心理学,071101,4,A,2026
华东师范大学,心理学,071101,5,A,2026
华中师范大学,心理学,071101,6,A,2026
陕西师范大学,心理学,071101,7,A,2026
浙江大学,心理学,071101,8,B+,2026
西南大学,心理学,071101,9,B+,2026
复旦大学,心理学,071101,10,B+,2026
中山大学,心理学,071101,11,B+,2026
武汉大学,心理学,071101,12,B+,2026
湖南师范大学,心理学,071101,13,B+,2026
福建师范大学,心理学,071101,14,B+,2026
深圳大学,心理学,071101,15,B+,2026
东北师范大学,心理学,071101,16,B+,2026
首都师范大学,心理学,071101,17,B+,2026
山东师范大学,心理学,071101,18,B+,2026
辽宁师范大学,心理学,071101,19,B+,2026
江西师范大学,心理学,071101,20,B+,2026
四川师范大学,心理学,071101,21,B+,2026
河南医药大学,心理学,071101,22,B+,2026
河北师范大学,心理学,071101,23,B+,2026
内蒙古师范大学,心理学,071101,24,B,2026
西北师范大学,心理学,071101,25,B,2026
河南师范大学,心理学,071101,26,B,2026
安徽师范大学,心理学,071101,27,B,2026
西华师范大学,心理学,071101,28,B,2026
哈尔滨师范大学,心理学,071101,29,B,2026
湖北大学,心理学,071101,30,B,2026
信阳师范大学,心理学,071101,31,B,2026
山西师范大学,心理学,071101,32,B,2026
北京语言大学,心理学,071101,33,B,2026
昆山杜克大学,心理学,071101,34,B,2026
鲁东大学,心理学,071101,35,B,2026
曲阜师范大学,心理学,071101,36,B,2026
闽南师范大学,心理学,071101,37,B,2026
新疆师范大学,心理学,071101,38,B,2026
延边大学,心理学,071101,39,B,2026
华东师范大学,应用心理学,071102,1,A+,2026
北京大学,应用心理学,071102,2,A+,2026
天津师范大学,应用心理学,071102,3,A+,2026
华南师范大学,应用心理学,071102,4,A+,2026
中国人民大学,应用心理学,071102,5,A+,2026
南京师范大学,应用心理学,071102,6,A+,2026
华中师范大学,应用心理学,071102,7,A,2026
西南大学,应用心理学,071102,8,A,2026
陕西师范大学,应用心理学,071102,9,A,2026
南京大学,应用心理学,071102,10,A,2026
西南交通大学,应用心理学,071102,11,A,2026
浙江师范大学,应用心理学,071102,12,A,2026
山东师范大学,应用心理学,071102,13,A,2026
广州大学,应用心理学,071102,14,A,2026
杭州师范大学,应用心理学,071102,15,A,2026
中央财经大学,应用心理学,071102,16,A,2026
北京林业大学,应用心理学,071102,17,A,2026
上海师范大学,应用心理学,071102,18,A,2026
宁波大学,应用心理学,071102,19,A,2026
中国政法大学,应用心理学,071102,19,A,2026
湖南师范大学,应用心理学,071102,21,A,2026
苏州大学,应用心理学,071102,22,A,2026
南方医科大学,应用心理学,071102,23,A,2026
宁夏大学,应用心理学,071102,24,A,2026
辽宁师范大学,应用心理学,071102,25,A,2026
福建师范大学,应用心理学,071102,26,A,2026
河南大学,应用心理学,071102,27,A,2026
广西师范大学,应用心理学,071102,28,A,2026
苏州科技大学,应用心理学,071102,29,A,2026
江西师范大学,应用心理学,071102,30,A,2026
西北师范大学,应用心理学,071102,31,B+,2026
上海体育大学,应用心理学,071102,32,B+,2026
贵州师范大学,应用心理学,071102,33,B+,2026
广州医科大学,应用心理学,071102,34,B+,2026
温州大学,应用心理学,071102,34,B+,2026
浙江工业大学,应用心理学,071102,34,B+,2026
济南大学,应用心理学,071102,37,B+,2026
浙江理工大学,应用心理学,071102,38,B+,2026
北京体育大学,应用心理学,071102,39,B+,2026
云南师范大学,应用心理学,071102,40,B+,2026
安徽医科大学,应用心理学,071102,41,B+,2026
山西大学,应用心理学,071102,42,B+,2026
福州大学,应用心理学,071102,43,B+,2026
江苏师范大学,应用心理学,071102,43,B+,2026
南昌大学,应用心理学,071102,43,B+,2026
安徽大学,应用心理学,071102,46,B+,2026
青岛大学,应用心理学,071102,47,B+,2026
温州医科大学,应用心理学,071102,48,B+,2026
河南医药大学,应用心理学,071102,49,B+,2026
南通大学,应用心理学,071102,49,B+,2026
南京中医药大学,应用心理学,071102,51,B+,2026
广东外语外贸大学,应用心理学,071102,52,B+,2026
西南民族大学,应用心理学,071102,53,B+,2026
河北大学,应用心理学,071102,54,B+,2026
中国医科大学,应用心理学,071102,55,B+,2026
天津中医药大学,应用心理学,071102,56,B+,2026
广州中医药大学,应用心理学,071102,57,B+,2026
重庆师范大学,应用心理学,071102,58,B+,2026
中南民族大学,应用心理学,071102,59,B+,2026
国际关系学院,应用心理学,071102,60,B+,2026
湖南科技大学,应用心理学,071102,61,B+,2026
江汉大学,应用心理学,071102,62,B+,2026
安徽中医药大学,应用心理学,071102,63,B+,2026
湖州师范大学,应用心理学,071102,64,B+,2026
沈阳师范大学,应用心理学,071102,64,B+,2026
香港中文大学（深圳）,应用心理学,071102,64,B+,2026
山东第二医科大学,应用心理学,071102,67,B+,2026
山东医药大学,应用心理学,071102,68,B+,2026
扬州大学,应用心理学,071102,68,B+,2026
福建医科大学,应用心理学,071102,70,B+,2026
石河子大学,应用心理学,071102,71,B+,2026
华北理工大学,应用心理学,071102,72,B+,2026
陕西中医药大学,应用心理学,071102,73,B+,2026
广东医科大学,应用心理学,071102,74,B+,2026
湖北中医药大学,应用心理学,071102,74,B+,2026
西南科技大学,应用心理学,071102,74,B+,2026
湖南中医药大学,应用心理学,071102,77,B+,2026
长江大学,应用心理学,071102,78,B+,2026
海南师范大学,应用心理学,071102,79,B+,2026
赣南师范大学,应用心理学,071102,80,B+,2026
成都中医药大学,应用心理学,071102,81,B+,2026
安徽农业大学,应用心理学,071102,82,B+,2026
江苏理工学院,应用心理学,071102,83,B+,2026
衡阳师范学院,应用心理学,071102,84,B+,2026
江西中医药大学,应用心理学,071102,84,B+,2026
贵州中医药大学,应用心理学,071102,86,B+,2026
遵义师范学院,应用心理学,071102,86,B+,2026
成都医学院,应用心理学,071102,88,B+,2026
黑龙江中医药大学,应用心理学,071102,88,B+,2026
合肥师范学院,应用心理学,071102,90,B+,2026
天津职业技术师范大学,应用心理学,071102,91,B+,2026
西南医科大学,应用心理学,071102,91,B+,2026
天津体育学院,应用心理学,071102,93,B,2026
山东中医药大学,应用心理学,071102,94,B,2026
上海政法学院,应用心理学,071102,95,B,2026
皖南医科大学,应用心理学,071102,96,B,2026
承德医学院,应用心理学,071102,97,B,2026
南京晓庄学院,应用心理学,071102,98,B,2026
赣南医科大学,应用心理学,071102,99,B,2026
成都大学,应用心理学,071102,100,B,2026
绍兴大学,应用心理学,071102,101,B,2026
中国民用航空飞行学院,应用心理学,071102,102,B,2026
广东技术师范大学,应用心理学,071102,103,B,2026
北京联合大学,应用心理学,071102,104,B,2026
武汉体育学院,应用心理学,071102,104,B,2026
北师香港浸会大学,应用心理学,071102,106,B,2026
蚌埠医科大学,应用心理学,071102,106,B,2026
贵州医科大学,应用心理学,071102,106,B,2026
南宁师范大学,应用心理学,071102,109,B,2026
安庆师范大学,应用心理学,071102,110,B,2026
绵阳师范学院,应用心理学,071102,110,B,2026
青海师范大学,应用心理学,071102,110,B,2026
中国民航大学,应用心理学,071102,110,B,2026
河南中医药大学,应用心理学,071102,114,B,2026
重庆文理学院,应用心理学,071102,115,B,2026
贵阳学院,应用心理学,071102,116,B,2026
盐城师范学院,应用心理学,071102,117,B,2026
湖北科技学院,应用心理学,071102,118,B,2026
天津商业大学,应用心理学,071102,118,B,2026
遵义医科大学,应用心理学,071102,120,B,2026
湖北师范大学,应用心理学,071102,121,B,2026
湖南农业大学,应用心理学,071102,121,B,2026
临沂大学,应用心理学,071102,121,B,2026
沈阳体育学院,应用心理学,071102,121,B,2026
聊城大学,应用心理学,071102,125,B,2026
内蒙古医科大学,应用心理学,071102,125,B,2026
齐齐哈尔医学院,应用心理学,071102,125,B,2026
广西民族大学,应用心理学,071102,128,B,2026
合肥大学,应用心理学,071102,128,B,2026
南京特殊教育师范学院,应用心理学,071102,128,B,2026
云南民族大学,应用心理学,071102,128,B,2026
湖北医药学院,应用心理学,071102,132,B,2026
河北中医药大学,应用心理学,071102,133,B,2026
淮北师范大学,应用心理学,071102,134,B,2026
宁夏师范大学,应用心理学,071102,134,B,2026
湖北工程学院,应用心理学,071102,136,B,2026
南阳师范学院,应用心理学,071102,137,B,2026
四川轻化工大学,应用心理学,071102,137,B,2026
内江师范学院,应用心理学,071102,139,B,2026
中华女子学院,应用心理学,071102,140,B,2026
西安体育学院,应用心理学,071102,141,B,2026
吉林医药学院,应用心理学,071102,142,B,2026
延安大学,应用心理学,071102,142,B,2026
长春师范大学,应用心理学,071102,144,B,2026
陕西理工大学,应用心理学,071102,144,B,2026
济宁医学院,应用心理学,071102,146,B,2026
安阳师范学院,应用心理学,071102,147,B,2026
河北科技师范学院,应用心理学,071102,147,B,2026
湖南警察学院,应用心理学,071102,149,B,2026
江苏第二师范学院,应用心理学,071102,149,B,2026
西昌学院,应用心理学,071102,151,B,2026
新疆师范大学,应用心理学,071102,151,B,2026
青海民族大学,应用心理学,071102,153,B,2026
中国人民大学,统计学,071201,1,A+,2026
北京大学,统计学,071201,2,A+,2026
华东师范大学,统计学,071201,3,A+,2026
厦门大学,统计学,071201,4,A+,2026
南开大学,统计学,071201,5,A,2026
北京师范大学,统计学,071201,6,A,2026
复旦大学,统计学,071201,7,A,2026
中国科学技术大学,统计学,071201,8,A,2026
清华大学,统计学,071201,9,A,2026
上海财经大学,统计学,071201,10,A,2026
北京理工大学,统计学,071201,11,A,2026
上海交通大学,统计学,071201,11,A,2026
西南财经大学,统计学,071201,13,A,2026
东北师范大学,统计学,071201,14,A,2026
中山大学,统计学,071201,15,A,2026
东南大学,统计学,071201,16,A,2026
西安交通大学,统计学,071201,17,A,2026
中央财经大学,统计学,071201,17,A,2026
北京航空航天大学,统计学,071201,19,A,2026
山东大学,统计学,071201,20,A,2026
湖南大学,统计学,071201,21,A,2026
吉林大学,统计学,071201,22,A,2026
武汉大学,统计学,071201,23,A,2026
北京交通大学,统计学,071201,24,B+,2026
中南大学,统计学,071201,25,B+,2026
云南大学,统计学,071201,26,B+,2026
哈尔滨工业大学,统计学,071201,27,B+,2026
华中师范大学,统计学,071201,28,B+,2026
南京大学,统计学,071201,29,B+,2026
东北财经大学,统计学,071201,30,B+,2026
华中科技大学,统计学,071201,31,B+,2026
中南财经政法大学,统计学,071201,32,B+,2026
同济大学,统计学,071201,33,B+,2026
四川大学,统计学,071201,34,B+,2026
重庆大学,统计学,071201,35,B+,2026
广州大学,统计学,071201,36,B+,2026
北京工业大学,统计学,071201,37,B+,2026
浙江大学,统计学,071201,38,B+,2026
安徽财经大学,统计学,071201,39,B+,2026
对外经济贸易大学,统计学,071201,40,B+,2026
西北工业大学,统计学,071201,41,B+,2026
湖南师范大学,统计学,071201,42,B+,2026
首都经济贸易大学,统计学,071201,43,B+,2026
南京师范大学,统计学,071201,44,B+,2026
武汉理工大学,统计学,071201,45,B+,2026
安徽大学,统计学,071201,46,B+,2026
山西财经大学,统计学,071201,47,B+,2026
首都师范大学,统计学,071201,48,B+,2026
西安电子科技大学,统计学,071201,48,B+,2026
南京审计大学,统计学,071201,50,B+,2026
福建师范大学,统计学,071201,51,B+,2026
中央民族大学,统计学,071201,51,B+,2026
西南交通大学,统计学,071201,53,B+,2026
深圳大学,统计学,071201,54,B+,2026
西南大学,统计学,071201,54,B+,2026
杭州电子科技大学,统计学,071201,56,B+,2026
长春工业大学,统计学,071201,57,B+,2026
东华大学,统计学,071201,57,B+,2026
吉林财经大学,统计学,071201,59,B+,2026
湘潭大学,统计学,071201,60,B+,2026
中国矿业大学,统计学,071201,60,B+,2026
西安财经大学,统计学,071201,62,B+,2026
苏州大学,统计学,071201,63,B+,2026
河南大学,统计学,071201,64,B+,2026
北京科技大学,统计学,071201,65,B+,2026
华南理工大学,统计学,071201,66,B+,2026
兰州财经大学,统计学,071201,67,B+,2026
山东财经大学,统计学,071201,67,B+,2026
南方科技大学,统计学,071201,69,B+,2026
北京林业大学,统计学,071201,70,B,2026
广西师范大学,统计学,071201,71,B,2026
曲阜师范大学,统计学,071201,72,B,2026
江苏大学,统计学,071201,73,B,2026
兰州大学,统计学,071201,74,B,2026
山西大学,统计学,071201,75,B,2026
陕西师范大学,统计学,071201,75,B,2026
郑州大学,统计学,071201,75,B,2026
香港中文大学（深圳）,统计学,071201,78,B,2026
中国石油大学（北京）,统计学,071201,78,B,2026
山东师范大学,统计学,071201,80,B,2026
北方工业大学,统计学,071201,81,B,2026
合肥工业大学,统计学,071201,82,B,2026
上海师范大学,统计学,071201,83,B,2026
成都信息工程大学,统计学,071201,84,B,2026
东北农业大学,统计学,071201,85,B,2026
内蒙古大学,统计学,071201,85,B,2026
南京农业大学,统计学,071201,87,B,2026
新疆大学,统计学,071201,87,B,2026
贵州大学,统计学,071201,89,B,2026
江苏师范大学,统计学,071201,89,B,2026
燕山大学,统计学,071201,89,B,2026
太原理工大学,统计学,071201,92,B,2026
安徽师范大学,统计学,071201,93,B,2026
重庆工商大学,统计学,071201,94,B,2026
天津商业大学,统计学,071201,94,B,2026
中北大学,统计学,071201,96,B,2026
河南财经政法大学,统计学,071201,97,B,2026
东华理工大学,统计学,071201,98,B,2026
武汉科技大学,统计学,071201,98,B,2026
云南财经大学,统计学,071201,98,B,2026
大连海事大学,统计学,071201,101,B,2026
贵州财经大学,统计学,071201,101,B,2026
扬州大学,统计学,071201,103,B,2026
西安工程大学,统计学,071201,104,B,2026
河南科技大学,统计学,071201,105,B,2026
福建农林大学,统计学,071201,106,B,2026
贵州民族大学,统计学,071201,106,B,2026
江西师范大学,统计学,071201,108,B,2026
湖北经济学院,统计学,071201,109,B,2026
黑龙江大学,统计学,071201,110,B,2026
山东工商学院,统计学,071201,110,B,2026
山东科技大学,统计学,071201,110,B,2026
河北经贸大学,统计学,071201,113,B,2026
北师香港浸会大学,统计学,071201,114,B,2026
延边大学,统计学,071201,115,B,2026
中国人民大学,应用统计学,071202,1,A+,2026
北京大学,应用统计学,071202,2,A+,2026
浙江工商大学,应用统计学,071202,3,A+,2026
中央财经大学,应用统计学,071202,4,A+,2026
北京师范大学,应用统计学,071202,5,A,2026
江西财经大学,应用统计学,071202,6,A,2026
东北财经大学,应用统计学,071202,7,A,2026
中南财经政法大学,应用统计学,071202,8,A,2026
浙江财经大学,应用统计学,071202,9,A,2026
北京工商大学,应用统计学,071202,10,A,2026
上海对外经贸大学,应用统计学,071202,11,A,2026
南京理工大学,应用统计学,071202,12,A,2026
南方医科大学,应用统计学,071202,13,A,2026
安徽财经大学,应用统计学,071202,14,A,2026
南京邮电大学,应用统计学,071202,15,A,2026
天津商业大学,应用统计学,071202,15,A,2026
西北大学,应用统计学,071202,15,A,2026
南京信息工程大学,应用统计学,071202,18,A,2026
中央民族大学,应用统计学,071202,19,A,2026
山西财经大学,应用统计学,071202,20,A,2026
重庆医科大学,应用统计学,071202,21,A,2026
安徽大学,应用统计学,071202,22,B+,2026
河北工业大学,应用统计学,071202,23,B+,2026
南京航空航天大学,应用统计学,071202,24,B+,2026
东北大学,应用统计学,071202,25,B+,2026
天津工业大学,应用统计学,071202,26,B+,2026
西安财经大学,应用统计学,071202,27,B+,2026
长沙理工大学,应用统计学,071202,28,B+,2026
天津财经大学,应用统计学,071202,29,B+,2026
南通大学,应用统计学,071202,30,B+,2026
桂林理工大学,应用统计学,071202,31,B+,2026
河南师范大学,应用统计学,071202,31,B+,2026
华南师范大学,应用统计学,071202,33,B+,2026
桂林电子科技大学,应用统计学,071202,34,B+,2026
吉林财经大学,应用统计学,071202,35,B+,2026
上海立信会计金融学院,应用统计学,071202,36,B+,2026
北京物资学院,应用统计学,071202,37,B+,2026
北京信息科技大学,应用统计学,071202,38,B+,2026
成都理工大学,应用统计学,071202,38,B+,2026
温州大学,应用统计学,071202,40,B+,2026
青岛大学,应用统计学,071202,41,B+,2026
宁夏大学,应用统计学,071202,42,B+,2026
云南财经大学,应用统计学,071202,43,B+,2026
长春理工大学,应用统计学,071202,44,B+,2026
中南民族大学,应用统计学,071202,45,B+,2026
嘉兴大学,应用统计学,071202,46,B+,2026
广东工业大学,应用统计学,071202,47,B+,2026
安徽农业大学,应用统计学,071202,48,B+,2026
广东财经大学,应用统计学,071202,49,B+,2026
河北工程大学,应用统计学,071202,50,B+,2026
浙江农林大学,应用统计学,071202,51,B+,2026
哈尔滨理工大学,应用统计学,071202,52,B+,2026
青岛科技大学,应用统计学,071202,53,B+,2026
湖北工业大学,应用统计学,071202,54,B+,2026
重庆交通大学,应用统计学,071202,55,B+,2026
兰州财经大学,应用统计学,071202,55,B+,2026
内蒙古财经大学,应用统计学,071202,55,B+,2026
安徽理工大学,应用统计学,071202,58,B+,2026
重庆理工大学,应用统计学,071202,59,B+,2026
湖南科技大学,应用统计学,071202,60,B+,2026
河南财经政法大学,应用统计学,071202,61,B+,2026
河北师范大学,应用统计学,071202,62,B+,2026
浙大城市学院,应用统计学,071202,62,B+,2026
山东工商学院,应用统计学,071202,64,B+,2026
西交利物浦大学,应用统计学,071202,65,B,2026
陕西理工大学,应用统计学,071202,66,B,2026
河南工业大学,应用统计学,071202,67,B,2026
宁波工程学院,应用统计学,071202,68,B,2026
广西科技大学,应用统计学,071202,69,B,2026
重庆科技大学,应用统计学,071202,70,B,2026
齐鲁工业大学,应用统计学,071202,71,B,2026
河北经贸大学,应用统计学,071202,72,B,2026
天津中医药大学,应用统计学,071202,72,B,2026
四川轻化工大学,应用统计学,071202,74,B,2026
山东建筑大学,应用统计学,071202,75,B,2026
河北地质大学,应用统计学,071202,76,B,2026
厦门理工学院,应用统计学,071202,77,B,2026
景德镇陶瓷大学,应用统计学,071202,78,B,2026
北华航天工业学院,应用统计学,071202,79,B,2026
合肥大学,应用统计学,071202,79,B,2026
上海第二工业大学,应用统计学,071202,79,B,2026
河南科技学院,应用统计学,071202,82,B,2026
徐州工程学院,应用统计学,071202,83,B,2026
贵州师范大学,应用统计学,071202,84,B,2026
江西水利电力大学,应用统计学,071202,85,B,2026
北方民族大学,应用统计学,071202,86,B,2026
无锡学院,应用统计学,071202,87,B,2026
哈尔滨师范大学,应用统计学,071202,88,B,2026
中国劳动关系学院,应用统计学,071202,88,B,2026
太原科技大学,应用统计学,071202,90,B,2026
广东金融学院,应用统计学,071202,91,B,2026
肇庆学院,应用统计学,071202,91,B,2026
昆明学院,应用统计学,071202,93,B,2026
甘肃农业大学,应用统计学,071202,94,B,2026
南宁师范大学,应用统计学,071202,94,B,2026
广东技术师范大学,应用统计学,071202,96,B,2026
成都工业学院,应用统计学,071202,97,B,2026
温州理工学院,应用统计学,071202,98,B,2026
绍兴大学,应用统计学,071202,99,B,2026
安庆师范大学,应用统计学,071202,100,B,2026
河北金融学院,应用统计学,071202,101,B,2026
贵州理工学院,应用统计学,071202,102,B,2026
湖南第一师范学院,应用统计学,071202,102,B,2026
西南林业大学,应用统计学,071202,102,B,2026
广西财经学院,应用统计学,071202,105,B,2026
合肥师范学院,应用统计学,071202,106,B,2026
江苏第二师范学院,应用统计学,071202,107,B,2026
中国人民大学,数据科学,071203T,1,A+,2026
华东师范大学,数据科学,071203T,2,A+,2026
南开大学,数据科学,071203T,3,A,2026
西南财经大学,数据科学,071203T,4,B+,2026
上海财经大学,数据科学,071203T,5,B+,2026
江西财经大学,数据科学,071203T,6,B+,2026
北京交通大学,数据科学,071203T,7,B+,2026
对外经济贸易大学,数据科学,071203T,8,B+,2026
南京审计大学,数据科学,071203T,9,B+,2026
福建师范大学,数据科学,071203T,10,B,2026
山西财经大学,数据科学,071203T,11,B,2026
吉林财经大学,数据科学,071203T,12,B,2026
曲阜师范大学,数据科学,071203T,13,B,2026
西安财经大学,数据科学,071203T,13,B,2026
山西大学,数据科学,071203T,15,B,2026
北京大学,生物统计学,071204T,1,A+,2026
中国药科大学,生物统计学,071204T,2,A+,2026
南方医科大学,生物统计学,071204T,3,B,2026
南京医科大学,生物统计学,071204T,3,B,2026
北京大学,理论与应用力学,080101,1,A+,2026
清华大学,理论与应用力学,080101,2,A+,2026
中国科学技术大学,理论与应用力学,080101,3,B+,2026
上海大学,理论与应用力学,080101,4,B+,2026
中山大学,理论与应用力学,080101,4,B+,2026
南方科技大学,理论与应用力学,080101,6,B,2026
兰州大学,理论与应用力学,080101,7,B,2026
清华大学,工程力学,080102,1,A+,2026
哈尔滨工业大学,工程力学,080102,2,A+,2026
浙江大学,工程力学,080102,3,A,2026
西安交通大学,工程力学,080102,4,A,2026
上海交通大学,工程力学,080102,5,A,2026
北京理工大学,工程力学,080102,6,A,2026
北京航空航天大学,工程力学,080102,7,A,2026
南京航空航天大学,工程力学,080102,8,A,2026
西北工业大学,工程力学,080102,8,A,2026
大连理工大学,工程力学,080102,10,B+,2026
同济大学,工程力学,080102,11,B+,2026
天津大学,工程力学,080102,12,B+,2026
北京大学,工程力学,080102,13,B+,2026
西南交通大学,工程力学,080102,14,B+,2026
华中科技大学,工程力学,080102,15,B+,2026
河海大学,工程力学,080102,16,B+,2026
东南大学,工程力学,080102,17,B+,2026
四川大学,工程力学,080102,18,B+,2026
哈尔滨工程大学,工程力学,080102,19,B+,2026
重庆大学,工程力学,080102,20,B+,2026
华南理工大学,工程力学,080102,21,B+,2026
南京理工大学,工程力学,080102,22,B+,2026
武汉大学,工程力学,080102,23,B+,2026
东北大学,工程力学,080102,24,B+,2026
湖南大学,工程力学,080102,25,B+,2026
宁波大学,工程力学,080102,25,B+,2026
北京交通大学,工程力学,080102,27,B,2026
中南大学,工程力学,080102,28,B,2026
武汉理工大学,工程力学,080102,29,B,2026
郑州大学,工程力学,080102,30,B,2026
山东大学,工程力学,080102,31,B,2026
吉林大学,工程力学,080102,32,B,2026
中国矿业大学,工程力学,080102,33,B,2026
中国农业大学,工程力学,080102,34,B,2026
中国矿业大学（北京）,工程力学,080102,35,B,2026
暨南大学,工程力学,080102,36,B,2026
太原理工大学,工程力学,080102,37,B,2026
南昌大学,工程力学,080102,38,B,2026
合肥工业大学,工程力学,080102,39,B,2026
长安大学,工程力学,080102,40,B,2026
北京科技大学,工程力学,080102,41,B,2026
江苏大学,工程力学,080102,41,B,2026
昆明理工大学,工程力学,080102,41,B,2026
石家庄铁道大学,工程力学,080102,41,B,2026
清华大学,机械工程,080201,1,A+,2026
上海交通大学,机械工程,080201,2,A+,2026
浙江大学,机械工程,080201,3,A,2026
西安交通大学,机械工程,080201,4,A,2026
北京理工大学,机械工程,080201,5,A,2026
东南大学,机械工程,080201,6,A,2026
华南理工大学,机械工程,080201,7,A,2026
北京航空航天大学,机械工程,080201,8,A,2026
南京航空航天大学,机械工程,080201,8,A,2026
吉林大学,机械工程,080201,10,A,2026
南京理工大学,机械工程,080201,11,A,2026
东北大学,机械工程,080201,12,A,2026
北京交通大学,机械工程,080201,13,A,2026
浙江工业大学,机械工程,080201,14,A,2026
北京科技大学,机械工程,080201,15,B+,2026
武汉理工大学,机械工程,080201,16,B+,2026
武汉科技大学,机械工程,080201,17,B+,2026
北京工业大学,机械工程,080201,18,B+,2026
中国矿业大学,机械工程,080201,19,B+,2026
东华大学,机械工程,080201,20,B+,2026
华北电力大学,机械工程,080201,21,B+,2026
合肥工业大学,机械工程,080201,22,B+,2026
河海大学,机械工程,080201,23,B+,2026
北京邮电大学,机械工程,080201,24,B+,2026
江南大学,机械工程,080201,25,B+,2026
苏州大学,机械工程,080201,26,B+,2026
华侨大学,机械工程,080201,27,B+,2026
昆明理工大学,机械工程,080201,28,B+,2026
天津工业大学,机械工程,080201,29,B+,2026
上海大学,机械工程,080201,30,B+,2026
上海工程技术大学,机械工程,080201,31,B+,2026
南方科技大学,机械工程,080201,32,B+,2026
新疆大学,机械工程,080201,32,B+,2026
宁夏大学,机械工程,080201,34,B+,2026
郑州大学,机械工程,080201,35,B+,2026
西南石油大学,机械工程,080201,36,B+,2026
青岛科技大学,机械工程,080201,37,B+,2026
中国矿业大学（北京）,机械工程,080201,38,B+,2026
长春工业大学,机械工程,080201,39,B+,2026
南京工业大学,机械工程,080201,39,B+,2026
天津理工大学,机械工程,080201,39,B+,2026
中山大学,机械工程,080201,42,B+,2026
成都理工大学,机械工程,080201,43,B,2026
江西理工大学,机械工程,080201,44,B,2026
大连交通大学,机械工程,080201,45,B,2026
江苏科技大学,机械工程,080201,46,B,2026
青岛大学,机械工程,080201,47,B,2026
南通大学,机械工程,080201,48,B,2026
沈阳建筑大学,机械工程,080201,49,B,2026
北京石油化工学院,机械工程,080201,50,B,2026
上海第二工业大学,机械工程,080201,51,B,2026
山东建筑大学,机械工程,080201,52,B,2026
安徽工业大学,机械工程,080201,53,B,2026
温州大学,机械工程,080201,54,B,2026
济南大学,机械工程,080201,55,B,2026
南京工程学院,机械工程,080201,56,B,2026
青岛理工大学,机械工程,080201,56,B,2026
北京印刷学院,机械工程,080201,58,B,2026
西安工程大学,机械工程,080201,58,B,2026
桂林电子科技大学,机械工程,080201,60,B,2026
南京农业大学,机械工程,080201,60,B,2026
五邑大学,机械工程,080201,62,B,2026
东华理工大学,机械工程,080201,63,B,2026
武汉工程大学,机械工程,080201,63,B,2026
长春大学,机械工程,080201,65,B,2026
广西科技大学,机械工程,080201,66,B,2026
北京联合大学,机械工程,080201,67,B,2026
重庆文理学院,机械工程,080201,68,B,2026
苏州工学院,机械工程,080201,69,B,2026
内蒙古大学,机械工程,080201,70,B,2026
大连工业大学,机械工程,080201,71,B,2026
哈尔滨工业大学,机械设计制造及其自动化,080202,1,A+,2026
华中科技大学,机械设计制造及其自动化,080202,2,A+,2026
大连理工大学,机械设计制造及其自动化,080202,3,A+,2026
天津大学,机械设计制造及其自动化,080202,4,A+,2026
西北工业大学,机械设计制造及其自动化,080202,5,A+,2026
重庆大学,机械设计制造及其自动化,080202,6,A+,2026
湖南大学,机械设计制造及其自动化,080202,7,A+,2026
西南交通大学,机械设计制造及其自动化,080202,8,A+,2026
燕山大学,机械设计制造及其自动化,080202,9,A+,2026
同济大学,机械设计制造及其自动化,080202,10,A+,2026
中南大学,机械设计制造及其自动化,080202,11,A,2026
江苏大学,机械设计制造及其自动化,080202,12,A,2026
山东大学,机械设计制造及其自动化,080202,13,A,2026
合肥工业大学,机械设计制造及其自动化,080202,14,A,2026
西安电子科技大学,机械设计制造及其自动化,080202,15,A,2026
太原理工大学,机械设计制造及其自动化,080202,16,A,2026
中国科学技术大学,机械设计制造及其自动化,080202,17,A,2026
上海大学,机械设计制造及其自动化,080202,18,A,2026
西安理工大学,机械设计制造及其自动化,080202,19,A,2026
哈尔滨工程大学,机械设计制造及其自动化,080202,20,A,2026
福州大学,机械设计制造及其自动化,080202,21,A,2026
广东工业大学,机械设计制造及其自动化,080202,22,A,2026
四川大学,机械设计制造及其自动化,080202,22,A,2026
浙江理工大学,机械设计制造及其自动化,080202,22,A,2026
中国石油大学（华东）,机械设计制造及其自动化,080202,25,A,2026
电子科技大学,机械设计制造及其自动化,080202,26,A,2026
武汉理工大学,机械设计制造及其自动化,080202,27,A,2026
华东理工大学,机械设计制造及其自动化,080202,28,A,2026
贵州大学,机械设计制造及其自动化,080202,29,A,2026
长春理工大学,机械设计制造及其自动化,080202,30,A,2026
长安大学,机械设计制造及其自动化,080202,31,A,2026
上海理工大学,机械设计制造及其自动化,080202,32,A,2026
厦门大学,机械设计制造及其自动化,080202,32,A,2026
河北工业大学,机械设计制造及其自动化,080202,34,A,2026
中国农业大学,机械设计制造及其自动化,080202,35,A,2026
杭州电子科技大学,机械设计制造及其自动化,080202,36,A,2026
中国地质大学（武汉）,机械设计制造及其自动化,080202,37,A,2026
广西大学,机械设计制造及其自动化,080202,38,A,2026
湖南科技大学,机械设计制造及其自动化,080202,39,A,2026
哈尔滨理工大学,机械设计制造及其自动化,080202,40,A,2026
武汉大学,机械设计制造及其自动化,080202,41,A,2026
北京信息科技大学,机械设计制造及其自动化,080202,42,A,2026
西安工业大学,机械设计制造及其自动化,080202,43,A,2026
河南科技大学,机械设计制造及其自动化,080202,44,A,2026
北京化工大学,机械设计制造及其自动化,080202,45,A,2026
青岛理工大学,机械设计制造及其自动化,080202,46,A,2026
中北大学,机械设计制造及其自动化,080202,47,A,2026
江苏科技大学,机械设计制造及其自动化,080202,48,A,2026
沈阳工业大学,机械设计制造及其自动化,080202,49,A,2026
安徽理工大学,机械设计制造及其自动化,080202,50,A,2026
西南科技大学,机械设计制造及其自动化,080202,50,A,2026
山东科技大学,机械设计制造及其自动化,080202,52,A,2026
兰州理工大学,机械设计制造及其自动化,080202,53,A,2026
南昌大学,机械设计制造及其自动化,080202,53,A,2026
南京林业大学,机械设计制造及其自动化,080202,55,B+,2026
中国海洋大学,机械设计制造及其自动化,080202,55,B+,2026
深圳大学,机械设计制造及其自动化,080202,57,B+,2026
西安科技大学,机械设计制造及其自动化,080202,58,B+,2026
山东理工大学,机械设计制造及其自动化,080202,59,B+,2026
重庆理工大学,机械设计制造及其自动化,080202,60,B+,2026
桂林电子科技大学,机械设计制造及其自动化,080202,61,B+,2026
中国石油大学（北京）,机械设计制造及其自动化,080202,61,B+,2026
华东交通大学,机械设计制造及其自动化,080202,63,B+,2026
西南石油大学,机械设计制造及其自动化,080202,63,B+,2026
华南农业大学,机械设计制造及其自动化,080202,65,B+,2026
北京林业大学,机械设计制造及其自动化,080202,66,B+,2026
兰州交通大学,机械设计制造及其自动化,080202,67,B+,2026
中国计量大学,机械设计制造及其自动化,080202,68,B+,2026
太原科技大学,机械设计制造及其自动化,080202,69,B+,2026
西安建筑科技大学,机械设计制造及其自动化,080202,70,B+,2026
南昌航空大学,机械设计制造及其自动化,080202,71,B+,2026
沈阳航空航天大学,机械设计制造及其自动化,080202,72,B+,2026
宁波大学,机械设计制造及其自动化,080202,73,B+,2026
东北林业大学,机械设计制造及其自动化,080202,74,B+,2026
三峡大学,机械设计制造及其自动化,080202,75,B+,2026
汕头大学,机械设计制造及其自动化,080202,75,B+,2026
湘潭大学,机械设计制造及其自动化,080202,77,B+,2026
西南大学,机械设计制造及其自动化,080202,77,B+,2026
湖北工业大学,机械设计制造及其自动化,080202,79,B+,2026
西北农林科技大学,机械设计制造及其自动化,080202,80,B+,2026
上海海事大学,机械设计制造及其自动化,080202,81,B+,2026
武汉纺织大学,机械设计制造及其自动化,080202,81,B+,2026
长沙理工大学,机械设计制造及其自动化,080202,83,B+,2026
西安石油大学,机械设计制造及其自动化,080202,83,B+,2026
广州大学,机械设计制造及其自动化,080202,85,B+,2026
中国地质大学（北京）,机械设计制造及其自动化,080202,85,B+,2026
石家庄铁道大学,机械设计制造及其自动化,080202,87,B+,2026
陕西科技大学,机械设计制造及其自动化,080202,88,B+,2026
北方工业大学,机械设计制造及其自动化,080202,89,B+,2026
东北石油大学,机械设计制造及其自动化,080202,89,B+,2026
上海海洋大学,机械设计制造及其自动化,080202,89,B+,2026
大连海事大学,机械设计制造及其自动化,080202,92,B+,2026
沈阳建筑大学,机械设计制造及其自动化,080202,92,B+,2026
扬州大学,机械设计制造及其自动化,080202,92,B+,2026
南京工程学院,机械设计制造及其自动化,080202,95,B+,2026
重庆邮电大学,机械设计制造及其自动化,080202,96,B+,2026
华中农业大学,机械设计制造及其自动化,080202,97,B+,2026
内蒙古工业大学,机械设计制造及其自动化,080202,97,B+,2026
海南大学,机械设计制造及其自动化,080202,99,B+,2026
安徽大学,机械设计制造及其自动化,080202,100,B+,2026
长江大学,机械设计制造及其自动化,080202,101,B+,2026
安徽工业大学,机械设计制造及其自动化,080202,102,B+,2026
成都大学,机械设计制造及其自动化,080202,103,B+,2026
石河子大学,机械设计制造及其自动化,080202,103,B+,2026
天津科技大学,机械设计制造及其自动化,080202,103,B+,2026
齐鲁工业大学,机械设计制造及其自动化,080202,106,B+,2026
东北农业大学,机械设计制造及其自动化,080202,107,B+,2026
华北水利水电大学,机械设计制造及其自动化,080202,108,B+,2026
重庆交通大学,机械设计制造及其自动化,080202,109,B+,2026
集美大学,机械设计制造及其自动化,080202,109,B+,2026
青海大学,机械设计制造及其自动化,080202,109,B+,2026
西华大学,机械设计制造及其自动化,080202,109,B+,2026
华北理工大学,机械设计制造及其自动化,080202,113,B+,2026
辽宁工程技术大学,机械设计制造及其自动化,080202,113,B+,2026
湖南师范大学,机械设计制造及其自动化,080202,115,B+,2026
厦门理工学院,机械设计制造及其自动化,080202,115,B+,2026
佛山大学,机械设计制造及其自动化,080202,117,B+,2026
上海电机学院,机械设计制造及其自动化,080202,117,B+,2026
东北电力大学,机械设计制造及其自动化,080202,119,B+,2026
河南工业大学,机械设计制造及其自动化,080202,120,B+,2026
天津职业技术师范大学,机械设计制造及其自动化,080202,121,B+,2026
南华大学,机械设计制造及其自动化,080202,122,B+,2026
上海电力大学,机械设计制造及其自动化,080202,123,B+,2026
安徽工程大学,机械设计制造及其自动化,080202,124,B+,2026
河南理工大学,机械设计制造及其自动化,080202,125,B+,2026
合肥大学,机械设计制造及其自动化,080202,126,B+,2026
东莞理工学院,机械设计制造及其自动化,080202,127,B+,2026
郑州轻工业大学,机械设计制造及其自动化,080202,127,B+,2026
福建农林大学,机械设计制造及其自动化,080202,129,B+,2026
福建理工大学,机械设计制造及其自动化,080202,130,B+,2026
常州大学,机械设计制造及其自动化,080202,131,B+,2026
湖北汽车工业学院,机械设计制造及其自动化,080202,132,B+,2026
浙大宁波理工学院,机械设计制造及其自动化,080202,132,B+,2026
武汉轻工大学,机械设计制造及其自动化,080202,134,B+,2026
湖南工业大学,机械设计制造及其自动化,080202,135,B+,2026
武汉工程大学,机械设计制造及其自动化,080202,135,B+,2026
上海应用技术大学,机械设计制造及其自动化,080202,137,B+,2026
中南林业科技大学,机械设计制造及其自动化,080202,138,B+,2026
重庆工商大学,机械设计制造及其自动化,080202,139,B+,2026
大连大学,机械设计制造及其自动化,080202,139,B+,2026
河北农业大学,机械设计制造及其自动化,080202,139,B+,2026
江汉大学,机械设计制造及其自动化,080202,139,B+,2026
西安工程大学,机械设计制造及其自动化,080202,139,B+,2026
浙江农林大学,机械设计制造及其自动化,080202,144,B+,2026
烟台大学,机械设计制造及其自动化,080202,145,B+,2026
四川轻化工大学,机械设计制造及其自动化,080202,146,B+,2026
重庆科技大学,机械设计制造及其自动化,080202,147,B+,2026
安徽建筑大学,机械设计制造及其自动化,080202,148,B+,2026
常州工学院,机械设计制造及其自动化,080202,148,B+,2026
辽宁工业大学,机械设计制造及其自动化,080202,148,B+,2026
浙江海洋大学,机械设计制造及其自动化,080202,148,B+,2026
江苏海洋大学,机械设计制造及其自动化,080202,152,B+,2026
江苏师范大学,机械设计制造及其自动化,080202,152,B+,2026
沈阳理工大学,机械设计制造及其自动化,080202,152,B+,2026
河北科技大学,机械设计制造及其自动化,080202,155,B+,2026
黑龙江科技大学,机械设计制造及其自动化,080202,155,B+,2026
天津城建大学,机械设计制造及其自动化,080202,157,B+,2026
淮安大学,机械设计制造及其自动化,080202,158,B+,2026
景德镇陶瓷大学,机械设计制造及其自动化,080202,159,B+,2026
嘉兴大学,机械设计制造及其自动化,080202,160,B+,2026
辽宁科技大学,机械设计制造及其自动化,080202,160,B+,2026
安徽农业大学,机械设计制造及其自动化,080202,162,B+,2026
河北工程大学,机械设计制造及其自动化,080202,162,B+,2026
辽宁石油化工大学,机械设计制造及其自动化,080202,162,B+,2026
沈阳化工大学,机械设计制造及其自动化,080202,162,B+,2026
河南农业大学,机械设计制造及其自动化,080202,166,B,2026
内蒙古科技大学,机械设计制造及其自动化,080202,166,B,2026
沈阳大学,机械设计制造及其自动化,080202,166,B,2026
徐州工程学院,机械设计制造及其自动化,080202,166,B,2026
广东海洋大学,机械设计制造及其自动化,080202,170,B,2026
盐城工学院,机械设计制造及其自动化,080202,171,B,2026
江西水利电力大学,机械设计制造及其自动化,080202,172,B,2026
湖南理工大学,机械设计制造及其自动化,080202,173,B,2026
河南科技学院,机械设计制造及其自动化,080202,174,B,2026
陕西理工大学,机械设计制造及其自动化,080202,174,B,2026
延边大学,机械设计制造及其自动化,080202,176,B,2026
江苏理工学院,机械设计制造及其自动化,080202,177,B,2026
湖北文理学院,机械设计制造及其自动化,080202,178,B,2026
临沂大学,机械设计制造及其自动化,080202,178,B,2026
台州学院,机械设计制造及其自动化,080202,178,B,2026
桂林理工大学,机械设计制造及其自动化,080202,181,B,2026
西南林业大学,机械设计制造及其自动化,080202,181,B,2026
湖南农业大学,机械设计制造及其自动化,080202,183,B,2026
广东技术师范大学,机械设计制造及其自动化,080202,184,B,2026
衢州学院,机械设计制造及其自动化,080202,184,B,2026
浙江科技大学,机械设计制造及其自动化,080202,184,B,2026
深圳技术大学,机械设计制造及其自动化,080202,187,B,2026
甘肃农业大学,机械设计制造及其自动化,080202,188,B,2026
金陵科技学院,机械设计制造及其自动化,080202,188,B,2026
宁波工程学院,机械设计制造及其自动化,080202,188,B,2026
郑州航空工业管理学院,机械设计制造及其自动化,080202,188,B,2026
大连民族大学,机械设计制造及其自动化,080202,192,B,2026
天津商业大学,机械设计制造及其自动化,080202,192,B,2026
中原工学院,机械设计制造及其自动化,080202,194,B,2026
韶关学院,机械设计制造及其自动化,080202,195,B,2026
河北大学,机械设计制造及其自动化,080202,196,B,2026
黑龙江大学,机械设计制造及其自动化,080202,196,B,2026
苏州科技大学,机械设计制造及其自动化,080202,196,B,2026
山东交通学院,机械设计制造及其自动化,080202,199,B,2026
安阳工学院,机械设计制造及其自动化,080202,200,B,2026
大连海洋大学,机械设计制造及其自动化,080202,200,B,2026
贵州师范大学,机械设计制造及其自动化,080202,200,B,2026
北华航天工业学院,机械设计制造及其自动化,080202,203,B,2026
沈阳农业大学,机械设计制造及其自动化,080202,204,B,2026
北华大学,机械设计制造及其自动化,080202,205,B,2026
西安文理学院,机械设计制造及其自动化,080202,205,B,2026
安徽科技工程大学,机械设计制造及其自动化,080202,207,B,2026
哈尔滨商业大学,机械设计制造及其自动化,080202,208,B,2026
湖南工程学院,机械设计制造及其自动化,080202,208,B,2026
莆田学院,机械设计制造及其自动化,080202,210,B,2026
聊城大学,机械设计制造及其自动化,080202,211,B,2026
湖南工学院,机械设计制造及其自动化,080202,212,B,2026
邵阳学院,机械设计制造及其自动化,080202,212,B,2026
丽水学院,机械设计制造及其自动化,080202,214,B,2026
杭州师范大学,机械设计制造及其自动化,080202,215,B,2026
鲁东大学,机械设计制造及其自动化,080202,215,B,2026
云南农业大学,机械设计制造及其自动化,080202,215,B,2026
北方民族大学,机械设计制造及其自动化,080202,218,B,2026
吉林化工大学,机械设计制造及其自动化,080202,218,B,2026
内蒙古农业大学,机械设计制造及其自动化,080202,220,B,2026
重庆三峡科技大学,机械设计制造及其自动化,080202,221,B,2026
新疆农业大学,机械设计制造及其自动化,080202,222,B,2026
黑龙江八一农垦大学,机械设计制造及其自动化,080202,223,B,2026
青岛农业大学,机械设计制造及其自动化,080202,223,B,2026
沈阳工程学院,机械设计制造及其自动化,080202,225,B,2026
潍坊学院,机械设计制造及其自动化,080202,226,B,2026
长春工程学院,机械设计制造及其自动化,080202,227,B,2026
中南民族大学,机械设计制造及其自动化,080202,227,B,2026
江西农业大学,机械设计制造及其自动化,080202,229,B,2026
龙岩学院,机械设计制造及其自动化,080202,229,B,2026
黑龙江工程学院,机械设计制造及其自动化,080202,231,B,2026
湖北理工学院,机械设计制造及其自动化,080202,231,B,2026
南阳理工学院,机械设计制造及其自动化,080202,231,B,2026
上海师范大学,机械设计制造及其自动化,080202,234,B,2026
山东航空学院,机械设计制造及其自动化,080202,235,B,2026
西京学院,机械设计制造及其自动化,080202,235,B,2026
攀枝花学院,机械设计制造及其自动化,080202,237,B,2026
浙江水利水电学院,机械设计制造及其自动化,080202,238,B,2026
安庆师范大学,机械设计制造及其自动化,080202,239,B,2026
贵阳学院,机械设计制造及其自动化,080202,240,B,2026
山西农业大学,机械设计制造及其自动化,080202,240,B,2026
三明学院,机械设计制造及其自动化,080202,242,B,2026
兰州工业学院,机械设计制造及其自动化,080202,243,B,2026
贵州理工学院,机械设计制造及其自动化,080202,244,B,2026
吉林农业大学,机械设计制造及其自动化,080202,244,B,2026
齐齐哈尔大学,机械设计制造及其自动化,080202,244,B,2026
长沙学院,机械设计制造及其自动化,080202,247,B,2026
宝鸡文理学院,机械设计制造及其自动化,080202,248,B,2026
成都工业学院,机械设计制造及其自动化,080202,249,B,2026
河北建筑工程学院,机械设计制造及其自动化,080202,249,B,2026
井冈山大学,机械设计制造及其自动化,080202,249,B,2026
西安航空学院,机械设计制造及其自动化,080202,252,B,2026
吉首大学,机械设计制造及其自动化,080202,253,B,2026
洛阳理工学院,机械设计制造及其自动化,080202,253,B,2026
肇庆学院,机械设计制造及其自动化,080202,255,B,2026
长春师范大学,机械设计制造及其自动化,080202,256,B,2026
桂林航天工业学院,机械设计制造及其自动化,080202,257,B,2026
佳木斯大学,机械设计制造及其自动化,080202,257,B,2026
吉林工程技术师范学院,机械设计制造及其自动化,080202,257,B,2026
宿迁学院,机械设计制造及其自动化,080202,257,B,2026
塔里木大学,机械设计制造及其自动化,080202,257,B,2026
泰州学院,机械设计制造及其自动化,080202,262,B,2026
昆明学院,机械设计制造及其自动化,080202,263,B,2026
广东石油化工学院,机械设计制造及其自动化,080202,264,B,2026
天水师范大学,机械设计制造及其自动化,080202,264,B,2026
山东石油化工学院,机械设计制造及其自动化,080202,266,B,2026
皖西学院,机械设计制造及其自动化,080202,266,B,2026
蚌埠学院,机械设计制造及其自动化,080202,268,B,2026
河南工程学院,机械设计制造及其自动化,080202,268,B,2026
湖南城市学院,机械设计制造及其自动化,080202,268,B,2026
华中科技大学,材料成型及控制工程,080203,1,A+,2026
哈尔滨工业大学,材料成型及控制工程,080203,2,A+,2026
大连理工大学,材料成型及控制工程,080203,3,A+,2026
西北工业大学,材料成型及控制工程,080203,4,A+,2026
天津大学,材料成型及控制工程,080203,5,A,2026
北京理工大学,材料成型及控制工程,080203,6,A,2026
重庆大学,材料成型及控制工程,080203,7,A,2026
北京科技大学,材料成型及控制工程,080203,8,A,2026
山东大学,材料成型及控制工程,080203,8,A,2026
武汉理工大学,材料成型及控制工程,080203,10,A,2026
四川大学,材料成型及控制工程,080203,11,A,2026
吉林大学,材料成型及控制工程,080203,12,A,2026
西南交通大学,材料成型及控制工程,080203,13,A,2026
华南理工大学,材料成型及控制工程,080203,14,A,2026
东北大学,材料成型及控制工程,080203,15,A,2026
合肥工业大学,材料成型及控制工程,080203,16,A,2026
燕山大学,材料成型及控制工程,080203,17,A,2026
南京理工大学,材料成型及控制工程,080203,18,A,2026
南昌大学,材料成型及控制工程,080203,19,A,2026
中国石油大学（华东）,材料成型及控制工程,080203,20,A,2026
广东工业大学,材料成型及控制工程,080203,21,A,2026
太原理工大学,材料成型及控制工程,080203,22,A,2026
江苏大学,材料成型及控制工程,080203,23,A,2026
河北工业大学,材料成型及控制工程,080203,24,A,2026
中北大学,材料成型及控制工程,080203,25,B+,2026
长安大学,材料成型及控制工程,080203,26,B+,2026
西安理工大学,材料成型及控制工程,080203,26,B+,2026
福州大学,材料成型及控制工程,080203,28,B+,2026
贵州大学,材料成型及控制工程,080203,29,B+,2026
广西大学,材料成型及控制工程,080203,30,B+,2026
昆明理工大学,材料成型及控制工程,080203,31,B+,2026
武汉科技大学,材料成型及控制工程,080203,32,B+,2026
西安建筑科技大学,材料成型及控制工程,080203,33,B+,2026
重庆理工大学,材料成型及控制工程,080203,34,B+,2026
陕西科技大学,材料成型及控制工程,080203,35,B+,2026
沈阳工业大学,材料成型及控制工程,080203,36,B+,2026
湖南科技大学,材料成型及控制工程,080203,37,B+,2026
西南石油大学,材料成型及控制工程,080203,38,B+,2026
河南科技大学,材料成型及控制工程,080203,39,B+,2026
兰州理工大学,材料成型及控制工程,080203,40,B+,2026
哈尔滨理工大学,材料成型及控制工程,080203,41,B+,2026
南昌航空大学,材料成型及控制工程,080203,42,B+,2026
江苏科技大学,材料成型及控制工程,080203,43,B+,2026
上海理工大学,材料成型及控制工程,080203,44,B+,2026
华东交通大学,材料成型及控制工程,080203,45,B+,2026
扬州大学,材料成型及控制工程,080203,45,B+,2026
安徽工业大学,材料成型及控制工程,080203,47,B+,2026
兰州交通大学,材料成型及控制工程,080203,48,B+,2026
上海工程技术大学,材料成型及控制工程,080203,49,B+,2026
湘潭大学,材料成型及控制工程,080203,49,B+,2026
太原科技大学,材料成型及控制工程,080203,51,B+,2026
青岛理工大学,材料成型及控制工程,080203,52,B+,2026
青岛科技大学,材料成型及控制工程,080203,53,B+,2026
沈阳航空航天大学,材料成型及控制工程,080203,53,B+,2026
湖北工业大学,材料成型及控制工程,080203,55,B+,2026
青海大学,材料成型及控制工程,080203,55,B+,2026
长春工业大学,材料成型及控制工程,080203,57,B+,2026
山东理工大学,材料成型及控制工程,080203,57,B+,2026
大连交通大学,材料成型及控制工程,080203,59,B+,2026
桂林电子科技大学,材料成型及控制工程,080203,60,B+,2026
长江大学,材料成型及控制工程,080203,61,B+,2026
新疆大学,材料成型及控制工程,080203,62,B+,2026
西华大学,材料成型及控制工程,080203,63,B+,2026
南京工程学院,材料成型及控制工程,080203,64,B+,2026
常州大学,材料成型及控制工程,080203,65,B+,2026
宁波诺丁汉大学,材料成型及控制工程,080203,65,B+,2026
三峡大学,材料成型及控制工程,080203,67,B+,2026
沈阳理工大学,材料成型及控制工程,080203,67,B+,2026
江汉大学,材料成型及控制工程,080203,69,B+,2026
上海电机学院,材料成型及控制工程,080203,69,B+,2026
北方工业大学,材料成型及控制工程,080203,71,B+,2026
江西理工大学,材料成型及控制工程,080203,72,B+,2026
西安石油大学,材料成型及控制工程,080203,73,B+,2026
齐鲁工业大学,材料成型及控制工程,080203,74,B+,2026
西安工程大学,材料成型及控制工程,080203,74,B+,2026
成都大学,材料成型及控制工程,080203,76,B,2026
景德镇陶瓷大学,材料成型及控制工程,080203,77,B,2026
厦门理工学院,材料成型及控制工程,080203,78,B,2026
河南理工大学,材料成型及控制工程,080203,79,B,2026
沈阳大学,材料成型及控制工程,080203,80,B,2026
湖北汽车工业学院,材料成型及控制工程,080203,81,B,2026
内蒙古工业大学,材料成型及控制工程,080203,82,B,2026
河南工业大学,材料成型及控制工程,080203,83,B,2026
福建理工大学,材料成型及控制工程,080203,84,B,2026
东莞理工学院,材料成型及控制工程,080203,85,B,2026
河北科技大学,材料成型及控制工程,080203,86,B,2026
陕西理工大学,材料成型及控制工程,080203,86,B,2026
南华大学,材料成型及控制工程,080203,88,B,2026
武汉轻工大学,材料成型及控制工程,080203,89,B,2026
重庆交通大学,材料成型及控制工程,080203,90,B,2026
湖南工业大学,材料成型及控制工程,080203,91,B,2026
天津职业技术师范大学,材料成型及控制工程,080203,92,B,2026
华北水利水电大学,材料成型及控制工程,080203,93,B,2026
辽宁科技大学,材料成型及控制工程,080203,93,B,2026
山东建筑大学,材料成型及控制工程,080203,95,B,2026
安徽工程大学,材料成型及控制工程,080203,96,B,2026
苏州科技大学,材料成型及控制工程,080203,96,B,2026
北方民族大学,材料成型及控制工程,080203,98,B,2026
贵州师范大学,材料成型及控制工程,080203,98,B,2026
江苏理工学院,材料成型及控制工程,080203,100,B,2026
重庆科技大学,材料成型及控制工程,080203,101,B,2026
徐州工程学院,材料成型及控制工程,080203,102,B,2026
佳木斯大学,材料成型及控制工程,080203,103,B,2026
常州工学院,材料成型及控制工程,080203,104,B,2026
辽宁工程技术大学,材料成型及控制工程,080203,105,B,2026
辽宁工业大学,材料成型及控制工程,080203,106,B,2026
上海第二工业大学,材料成型及控制工程,080203,107,B,2026
黑龙江科技大学,材料成型及控制工程,080203,108,B,2026
宁波工程学院,材料成型及控制工程,080203,108,B,2026
华北理工大学,材料成型及控制工程,080203,110,B,2026
北华大学,材料成型及控制工程,080203,111,B,2026
衢州学院,材料成型及控制工程,080203,112,B,2026
北华航天工业学院,材料成型及控制工程,080203,113,B,2026
郑州航空工业管理学院,材料成型及控制工程,080203,113,B,2026
辽宁石油化工大学,材料成型及控制工程,080203,115,B,2026
长沙学院,材料成型及控制工程,080203,116,B,2026
山东交通学院,材料成型及控制工程,080203,117,B,2026
河北工程大学,材料成型及控制工程,080203,118,B,2026
广东海洋大学,材料成型及控制工程,080203,119,B,2026
大连大学,材料成型及控制工程,080203,120,B,2026
中原工学院,材料成型及控制工程,080203,120,B,2026
台州学院,材料成型及控制工程,080203,122,B,2026
内蒙古科技大学,材料成型及控制工程,080203,123,B,2026
成都工业学院,材料成型及控制工程,080203,124,B,2026
北京理工大学,机械电子工程,080204,1,A+,2026
哈尔滨工业大学,机械电子工程,080204,2,A+,2026
重庆大学,机械电子工程,080204,3,A+,2026
西北工业大学,机械电子工程,080204,4,A+,2026
同济大学,机械电子工程,080204,5,A+,2026
华南理工大学,机械电子工程,080204,6,A+,2026
北京交通大学,机械电子工程,080204,7,A,2026
上海大学,机械电子工程,080204,8,A,2026
江苏大学,机械电子工程,080204,9,A,2026
广东工业大学,机械电子工程,080204,10,A,2026
河北工业大学,机械电子工程,080204,11,A,2026
浙江理工大学,机械电子工程,080204,11,A,2026
太原理工大学,机械电子工程,080204,13,A,2026
长安大学,机械电子工程,080204,14,A,2026
中国农业大学,机械电子工程,080204,14,A,2026
长春理工大学,机械电子工程,080204,16,A,2026
武汉科技大学,机械电子工程,080204,17,A,2026
东北大学,机械电子工程,080204,18,A,2026
南京林业大学,机械电子工程,080204,19,A,2026
广西大学,机械电子工程,080204,20,A,2026
天津工业大学,机械电子工程,080204,21,A,2026
桂林电子科技大学,机械电子工程,080204,22,A,2026
哈尔滨理工大学,机械电子工程,080204,23,A,2026
苏州大学,机械电子工程,080204,24,A,2026
江苏科技大学,机械电子工程,080204,25,A,2026
西安科技大学,机械电子工程,080204,26,A,2026
西安工业大学,机械电子工程,080204,27,A,2026
山东科技大学,机械电子工程,080204,28,A,2026
天津理工大学,机械电子工程,080204,29,A,2026
兰州理工大学,机械电子工程,080204,30,A,2026
重庆理工大学,机械电子工程,080204,31,A,2026
河南科技大学,机械电子工程,080204,32,A,2026
东北林业大学,机械电子工程,080204,33,A,2026
北京建筑大学,机械电子工程,080204,34,A,2026
沈阳航空航天大学,机械电子工程,080204,35,B+,2026
中北大学,机械电子工程,080204,36,B+,2026
西北农林科技大学,机械电子工程,080204,37,B+,2026
陕西科技大学,机械电子工程,080204,38,B+,2026
华中农业大学,机械电子工程,080204,39,B+,2026
太原科技大学,机械电子工程,080204,40,B+,2026
华东交通大学,机械电子工程,080204,41,B+,2026
安徽理工大学,机械电子工程,080204,42,B+,2026
兰州交通大学,机械电子工程,080204,43,B+,2026
北方工业大学,机械电子工程,080204,44,B+,2026
西南石油大学,机械电子工程,080204,45,B+,2026
中国计量大学,机械电子工程,080204,46,B+,2026
长春工业大学,机械电子工程,080204,47,B+,2026
集美大学,机械电子工程,080204,48,B+,2026
山东理工大学,机械电子工程,080204,49,B+,2026
南京信息工程大学,机械电子工程,080204,50,B+,2026
西安石油大学,机械电子工程,080204,50,B+,2026
上海海事大学,机械电子工程,080204,52,B+,2026
沈阳建筑大学,机械电子工程,080204,53,B+,2026
中国民航大学,机械电子工程,080204,54,B+,2026
南京工程学院,机械电子工程,080204,55,B+,2026
西安建筑科技大学,机械电子工程,080204,56,B+,2026
武汉工程大学,机械电子工程,080204,57,B+,2026
重庆交通大学,机械电子工程,080204,58,B+,2026
青岛理工大学,机械电子工程,080204,59,B+,2026
天津科技大学,机械电子工程,080204,60,B+,2026
西华大学,机械电子工程,080204,61,B+,2026
内蒙古工业大学,机械电子工程,080204,62,B+,2026
江苏海洋大学,机械电子工程,080204,63,B+,2026
南通大学,机械电子工程,080204,63,B+,2026
辽宁工程技术大学,机械电子工程,080204,65,B+,2026
上海电机学院,机械电子工程,080204,66,B+,2026
重庆科技大学,机械电子工程,080204,67,B+,2026
山西大学,机械电子工程,080204,67,B+,2026
大连交通大学,机械电子工程,080204,69,B+,2026
江西理工大学,机械电子工程,080204,70,B+,2026
沈阳理工大学,机械电子工程,080204,70,B+,2026
成都信息工程大学,机械电子工程,080204,72,B+,2026
石家庄铁道大学,机械电子工程,080204,73,B+,2026
江苏理工学院,机械电子工程,080204,74,B+,2026
青海大学,机械电子工程,080204,75,B+,2026
东北电力大学,机械电子工程,080204,76,B+,2026
佛山大学,机械电子工程,080204,76,B+,2026
东莞理工学院,机械电子工程,080204,78,B+,2026
山东农业大学,机械电子工程,080204,79,B+,2026
辽宁工业大学,机械电子工程,080204,80,B+,2026
上海第二工业大学,机械电子工程,080204,81,B+,2026
辽宁科技大学,机械电子工程,080204,82,B+,2026
盐城工学院,机械电子工程,080204,82,B+,2026
安徽工程大学,机械电子工程,080204,84,B+,2026
苏州科技大学,机械电子工程,080204,84,B+,2026
西安工程大学,机械电子工程,080204,86,B+,2026
浙大城市学院,机械电子工程,080204,86,B+,2026
湖南理工大学,机械电子工程,080204,88,B+,2026
中原工学院,机械电子工程,080204,88,B+,2026
湖北理工学院,机械电子工程,080204,90,B+,2026
广东技术师范大学,机械电子工程,080204,91,B+,2026
浙江海洋大学,机械电子工程,080204,92,B+,2026
安徽建筑大学,机械电子工程,080204,93,B+,2026
重庆工商大学,机械电子工程,080204,93,B+,2026
黑龙江科技大学,机械电子工程,080204,95,B+,2026
合肥大学,机械电子工程,080204,96,B+,2026
贵州民族大学,机械电子工程,080204,97,B+,2026
西交利物浦大学,机械电子工程,080204,97,B+,2026
成都大学,机械电子工程,080204,99,B+,2026
山东建筑大学,机械电子工程,080204,100,B+,2026
衢州学院,机械电子工程,080204,101,B+,2026
四川轻化工大学,机械电子工程,080204,101,B+,2026
重庆三峡科技大学,机械电子工程,080204,103,B,2026
桂林理工大学,机械电子工程,080204,104,B,2026
河北科技大学,机械电子工程,080204,104,B,2026
苏州工学院,机械电子工程,080204,104,B,2026
徐州工程学院,机械电子工程,080204,104,B,2026
天津中德应用技术大学,机械电子工程,080204,108,B,2026
广东海洋大学,机械电子工程,080204,109,B,2026
广西科技大学,机械电子工程,080204,110,B,2026
成都工业学院,机械电子工程,080204,111,B,2026
绍兴大学,机械电子工程,080204,111,B,2026
大连工业大学,机械电子工程,080204,113,B,2026
福建理工大学,机械电子工程,080204,113,B,2026
天津城建大学,机械电子工程,080204,115,B,2026
重庆文理学院,机械电子工程,080204,116,B,2026
台州学院,机械电子工程,080204,117,B,2026
北华航天工业学院,机械电子工程,080204,118,B,2026
内蒙古科技大学,机械电子工程,080204,118,B,2026
聊城大学,机械电子工程,080204,120,B,2026
西南林业大学,机械电子工程,080204,121,B,2026
西安航空学院,机械电子工程,080204,122,B,2026
淮安大学,机械电子工程,080204,123,B,2026
湖南工程学院,机械电子工程,080204,123,B,2026
安徽科技工程大学,机械电子工程,080204,125,B,2026
临沂大学,机械电子工程,080204,125,B,2026
塔里木大学,机械电子工程,080204,125,B,2026
贵阳学院,机械电子工程,080204,128,B,2026
山东交通学院,机械电子工程,080204,128,B,2026
无锡学院,机械电子工程,080204,130,B,2026
北方民族大学,机械电子工程,080204,131,B,2026
攀枝花学院,机械电子工程,080204,132,B,2026
佳木斯大学,机械电子工程,080204,133,B,2026
河北农业大学,机械电子工程,080204,134,B,2026
黑龙江工程学院,机械电子工程,080204,134,B,2026
河北建筑工程学院,机械电子工程,080204,136,B,2026
齐齐哈尔大学,机械电子工程,080204,137,B,2026
苏州城市学院,机械电子工程,080204,138,B,2026
吉首大学,机械电子工程,080204,139,B,2026
西藏民族大学,机械电子工程,080204,140,B,2026
宝鸡文理学院,机械电子工程,080204,141,B,2026
闽江大学,机械电子工程,080204,141,B,2026
仲恺农业工程学院,机械电子工程,080204,143,B,2026
黄河交通学院,机械电子工程,080204,144,B,2026
惠州学院,机械电子工程,080204,145,B,2026
平顶山学院,机械电子工程,080204,146,B,2026
武昌首义学院,机械电子工程,080204,146,B,2026
云南工商学院,机械电子工程,080204,146,B,2026
湖北第二师范学院,机械电子工程,080204,149,B,2026
宜宾学院,机械电子工程,080204,149,B,2026
天水师范大学,机械电子工程,080204,151,B,2026
安阳工学院,机械电子工程,080204,152,B,2026
六盘水师范学院,机械电子工程,080204,152,B,2026
菏泽学院,机械电子工程,080204,154,B,2026
桂林航天工业学院,机械电子工程,080204,155,B,2026
浙江万里学院,机械电子工程,080204,155,B,2026
郑州工程技术学院,机械电子工程,080204,155,B,2026
吉林工商学院,机械电子工程,080204,158,B,2026
贵州工程应用技术学院,机械电子工程,080204,159,B,2026
贵州理工学院,机械电子工程,080204,159,B,2026
河北水利电力学院,机械电子工程,080204,159,B,2026
滁州学院,机械电子工程,080204,162,B,2026
洛阳理工学院,机械电子工程,080204,162,B,2026
武夷学院,机械电子工程,080204,162,B,2026
山东协和学院,机械电子工程,080204,165,B,2026
山西工程技术学院,机械电子工程,080204,165,B,2026
山东农业工程学院,机械电子工程,080204,167,B,2026
许昌学院,机械电子工程,080204,167,B,2026
宿迁学院,机械电子工程,080204,169,B,2026
山西能源学院,机械电子工程,080204,170,B,2026
太原工业学院,机械电子工程,080204,170,B,2026
湖南大学,工业设计,080205,1,A+,2026
浙江大学,工业设计,080205,2,A+,2026
同济大学,工业设计,080205,3,A+,2026
上海交通大学,工业设计,080205,4,A+,2026
西安交通大学,工业设计,080205,5,A+,2026
西北工业大学,工业设计,080205,6,A,2026
天津大学,工业设计,080205,7,A,2026
江南大学,工业设计,080205,8,A,2026
大连理工大学,工业设计,080205,9,A,2026
哈尔滨工业大学,工业设计,080205,10,A,2026
北京航空航天大学,工业设计,080205,11,A,2026
北京理工大学,工业设计,080205,11,A,2026
南京理工大学,工业设计,080205,13,A,2026
浙江理工大学,工业设计,080205,13,A,2026
华南理工大学,工业设计,080205,15,A,2026
西安电子科技大学,工业设计,080205,15,A,2026
南京航空航天大学,工业设计,080205,17,A,2026
武汉理工大学,工业设计,080205,17,A,2026
北京科技大学,工业设计,080205,19,A,2026
广东工业大学,工业设计,080205,19,A,2026
东华大学,工业设计,080205,21,A,2026
华东理工大学,工业设计,080205,22,A,2026
中国美术学院,工业设计,080205,22,A,2026
合肥工业大学,工业设计,080205,24,A,2026
哈尔滨工程大学,工业设计,080205,25,A,2026
吉林大学,工业设计,080205,26,A,2026
西南交通大学,工业设计,080205,27,B+,2026
燕山大学,工业设计,080205,27,B+,2026
浙江工业大学,工业设计,080205,27,B+,2026
东北大学,工业设计,080205,30,B+,2026
广州美术学院,工业设计,080205,31,B+,2026
中国石油大学（华东）,工业设计,080205,32,B+,2026
湖北工业大学,工业设计,080205,33,B+,2026
重庆大学,工业设计,080205,34,B+,2026
西安理工大学,工业设计,080205,35,B+,2026
中国农业大学,工业设计,080205,36,B+,2026
北京工业大学,工业设计,080205,37,B+,2026
四川美术学院,工业设计,080205,37,B+,2026
华侨大学,工业设计,080205,39,B+,2026
南京林业大学,工业设计,080205,40,B+,2026
陕西科技大学,工业设计,080205,41,B+,2026
河北工业大学,工业设计,080205,42,B+,2026
西南石油大学,工业设计,080205,43,B+,2026
天津工业大学,工业设计,080205,44,B+,2026
中央美术学院,工业设计,080205,44,B+,2026
江苏大学,工业设计,080205,46,B+,2026
北京服装学院,工业设计,080205,47,B+,2026
中南林业科技大学,工业设计,080205,48,B+,2026
南昌大学,工业设计,080205,49,B+,2026
中国矿业大学,工业设计,080205,49,B+,2026
武汉科技大学,工业设计,080205,51,B+,2026
沈阳航空航天大学,工业设计,080205,52,B+,2026
杭州电子科技大学,工业设计,080205,53,B+,2026
河海大学,工业设计,080205,54,B+,2026
山东工艺美术学院,工业设计,080205,55,B+,2026
昆明理工大学,工业设计,080205,56,B+,2026
宁波大学,工业设计,080205,57,B+,2026
中国计量大学,工业设计,080205,57,B+,2026
贵州大学,工业设计,080205,59,B+,2026
华南农业大学,工业设计,080205,60,B+,2026
武汉工程大学,工业设计,080205,60,B+,2026
西南科技大学,工业设计,080205,60,B+,2026
浙江科技大学,工业设计,080205,60,B+,2026
天津科技大学,工业设计,080205,64,B+,2026
哈尔滨理工大学,工业设计,080205,65,B+,2026
西安工业大学,工业设计,080205,66,B+,2026
安徽理工大学,工业设计,080205,67,B+,2026
南方科技大学,工业设计,080205,68,B+,2026
兰州理工大学,工业设计,080205,69,B+,2026
沈阳工业大学,工业设计,080205,69,B+,2026
东北林业大学,工业设计,080205,71,B+,2026
河南科技大学,工业设计,080205,72,B+,2026
上海理工大学,工业设计,080205,73,B+,2026
太原理工大学,工业设计,080205,74,B+,2026
上海科技大学,工业设计,080205,75,B+,2026
湘潭大学,工业设计,080205,76,B+,2026
北方工业大学,工业设计,080205,77,B+,2026
郑州大学,工业设计,080205,77,B+,2026
中国海洋大学,工业设计,080205,79,B,2026
西安建筑科技大学,工业设计,080205,80,B,2026
齐鲁工业大学,工业设计,080205,81,B,2026
上海工程技术大学,工业设计,080205,82,B,2026
太原科技大学,工业设计,080205,83,B,2026
北京化工大学,工业设计,080205,84,B,2026
深圳技术大学,工业设计,080205,84,B,2026
成都理工大学,工业设计,080205,86,B,2026
大连民族大学,工业设计,080205,86,B,2026
安徽工业大学,工业设计,080205,88,B,2026
湖南工业大学,工业设计,080205,88,B,2026
江苏科技大学,工业设计,080205,88,B,2026
浙江师范大学,工业设计,080205,91,B,2026
长春工业大学,工业设计,080205,92,B,2026
山东科技大学,工业设计,080205,92,B,2026
安徽工程大学,工业设计,080205,94,B,2026
浙江农林大学,工业设计,080205,95,B,2026
湖北美术学院,工业设计,080205,96,B,2026
青岛科技大学,工业设计,080205,97,B,2026
武汉纺织大学,工业设计,080205,98,B,2026
宁波诺丁汉大学,工业设计,080205,99,B,2026
佛山大学,工业设计,080205,100,B,2026
山东理工大学,工业设计,080205,101,B,2026
重庆理工大学,工业设计,080205,102,B,2026
青岛大学,工业设计,080205,103,B,2026
沈阳理工大学,工业设计,080205,104,B,2026
南京农业大学,工业设计,080205,105,B,2026
东莞理工学院,工业设计,080205,106,B,2026
上海电机学院,工业设计,080205,106,B,2026
新疆大学,工业设计,080205,108,B,2026
上海海事大学,工业设计,080205,109,B,2026
济南大学,工业设计,080205,110,B,2026
石家庄铁道大学,工业设计,080205,111,B,2026
大连交通大学,工业设计,080205,112,B,2026
合肥大学,工业设计,080205,112,B,2026
南昌航空大学,工业设计,080205,114,B,2026
河北农业大学,工业设计,080205,115,B,2026
福建理工大学,工业设计,080205,116,B,2026
南通大学,工业设计,080205,117,B,2026
桂林电子科技大学,工业设计,080205,118,B,2026
杭州师范大学,工业设计,080205,118,B,2026
大连大学,工业设计,080205,120,B,2026
淮安大学,工业设计,080205,120,B,2026
内蒙古工业大学,工业设计,080205,120,B,2026
中原工学院,工业设计,080205,123,B,2026
北方民族大学,工业设计,080205,124,B,2026
长江大学,工业设计,080205,124,B,2026
黑龙江八一农垦大学,工业设计,080205,124,B,2026
四川轻化工大学,工业设计,080205,127,B,2026
山东建筑大学,工业设计,080205,128,B,2026
上海第二工业大学,工业设计,080205,129,B,2026
五邑大学,工业设计,080205,129,B,2026
西安交通大学,过程装备与控制工程,080206,1,A+,2026
浙江大学,过程装备与控制工程,080206,2,A+,2026
大连理工大学,过程装备与控制工程,080206,3,A,2026
天津大学,过程装备与控制工程,080206,4,A,2026
华南理工大学,过程装备与控制工程,080206,5,A,2026
东北大学,过程装备与控制工程,080206,6,A,2026
华东理工大学,过程装备与控制工程,080206,7,A,2026
四川大学,过程装备与控制工程,080206,8,A,2026
中国石油大学（华东）,过程装备与控制工程,080206,9,A,2026
武汉理工大学,过程装备与控制工程,080206,10,A,2026
中国矿业大学,过程装备与控制工程,080206,11,B+,2026
燕山大学,过程装备与控制工程,080206,12,B+,2026
浙江工业大学,过程装备与控制工程,080206,13,B+,2026
北京化工大学,过程装备与控制工程,080206,14,B+,2026
河北工业大学,过程装备与控制工程,080206,15,B+,2026
南昌大学,过程装备与控制工程,080206,16,B+,2026
合肥工业大学,过程装备与控制工程,080206,17,B+,2026
福州大学,过程装备与控制工程,080206,18,B+,2026
太原理工大学,过程装备与控制工程,080206,19,B+,2026
南京工业大学,过程装备与控制工程,080206,20,B+,2026
上海理工大学,过程装备与控制工程,080206,20,B+,2026
长春理工大学,过程装备与控制工程,080206,22,B+,2026
西南石油大学,过程装备与控制工程,080206,23,B+,2026
中国石油大学（北京）,过程装备与控制工程,080206,23,B+,2026
贵州大学,过程装备与控制工程,080206,25,B+,2026
宁夏大学,过程装备与控制工程,080206,26,B+,2026
兰州理工大学,过程装备与控制工程,080206,27,B+,2026
湘潭大学,过程装备与控制工程,080206,28,B+,2026
中北大学,过程装备与控制工程,080206,28,B+,2026
新疆大学,过程装备与控制工程,080206,30,B+,2026
青岛科技大学,过程装备与控制工程,080206,31,B+,2026
安徽理工大学,过程装备与控制工程,080206,32,B,2026
东北石油大学,过程装备与控制工程,080206,33,B,2026
昆明理工大学,过程装备与控制工程,080206,34,B,2026
武汉工程大学,过程装备与控制工程,080206,35,B,2026
西北大学,过程装备与控制工程,080206,35,B,2026
天津科技大学,过程装备与控制工程,080206,37,B,2026
西安石油大学,过程装备与控制工程,080206,38,B,2026
兰州交通大学,过程装备与控制工程,080206,39,B,2026
沈阳工业大学,过程装备与控制工程,080206,40,B,2026
常州大学,过程装备与控制工程,080206,41,B,2026
陕西科技大学,过程装备与控制工程,080206,42,B,2026
四川轻化工大学,过程装备与控制工程,080206,43,B,2026
上海应用技术大学,过程装备与控制工程,080206,44,B,2026
重庆理工大学,过程装备与控制工程,080206,45,B,2026
郑州轻工业大学,过程装备与控制工程,080206,46,B,2026
河南工业大学,过程装备与控制工程,080206,47,B,2026
太原科技大学,过程装备与控制工程,080206,48,B,2026
辽宁石油化工大学,过程装备与控制工程,080206,49,B,2026
沈阳化工大学,过程装备与控制工程,080206,50,B,2026
内蒙古工业大学,过程装备与控制工程,080206,51,B,2026
青海大学,过程装备与控制工程,080206,52,B,2026
吉林化工大学,过程装备与控制工程,080206,53,B,2026
清华大学,车辆工程,080207,1,A+,2026
北京理工大学,车辆工程,080207,2,A+,2026
同济大学,车辆工程,080207,3,A+,2026
北京航空航天大学,车辆工程,080207,4,A+,2026
西安交通大学,车辆工程,080207,5,A+,2026
吉林大学,车辆工程,080207,6,A,2026
哈尔滨工业大学,车辆工程,080207,7,A,2026
浙江大学,车辆工程,080207,8,A,2026
湖南大学,车辆工程,080207,9,A,2026
西南交通大学,车辆工程,080207,10,A,2026
重庆大学,车辆工程,080207,11,A,2026
合肥工业大学,车辆工程,080207,12,A,2026
武汉理工大学,车辆工程,080207,13,A,2026
江苏大学,车辆工程,080207,14,A,2026
南京航空航天大学,车辆工程,080207,15,A,2026
中南大学,车辆工程,080207,15,A,2026
北京交通大学,车辆工程,080207,17,A,2026
燕山大学,车辆工程,080207,18,A,2026
东北大学,车辆工程,080207,19,A,2026
南京理工大学,车辆工程,080207,20,A,2026
北京科技大学,车辆工程,080207,21,A,2026
河北工业大学,车辆工程,080207,22,A,2026
中国农业大学,车辆工程,080207,22,A,2026
长安大学,车辆工程,080207,24,A,2026
浙江工业大学,车辆工程,080207,25,A,2026
福州大学,车辆工程,080207,26,A,2026
中国石油大学（华东）,车辆工程,080207,27,A,2026
太原理工大学,车辆工程,080207,28,B+,2026
武汉科技大学,车辆工程,080207,29,B+,2026
上海理工大学,车辆工程,080207,30,B+,2026
西安理工大学,车辆工程,080207,31,B+,2026
兰州交通大学,车辆工程,080207,32,B+,2026
重庆理工大学,车辆工程,080207,33,B+,2026
上海工程技术大学,车辆工程,080207,34,B+,2026
杭州电子科技大学,车辆工程,080207,35,B+,2026
青岛理工大学,车辆工程,080207,36,B+,2026
华侨大学,车辆工程,080207,37,B+,2026
长沙理工大学,车辆工程,080207,38,B+,2026
广西大学,车辆工程,080207,38,B+,2026
苏州大学,车辆工程,080207,40,B+,2026
哈尔滨理工大学,车辆工程,080207,41,B+,2026
湖南科技大学,车辆工程,080207,42,B+,2026
华东交通大学,车辆工程,080207,43,B+,2026
昆明理工大学,车辆工程,080207,43,B+,2026
河南科技大学,车辆工程,080207,45,B+,2026
北京建筑大学,车辆工程,080207,46,B+,2026
广东工业大学,车辆工程,080207,47,B+,2026
山东理工大学,车辆工程,080207,47,B+,2026
华南农业大学,车辆工程,080207,49,B+,2026
南京工业大学,车辆工程,080207,50,B+,2026
中北大学,车辆工程,080207,50,B+,2026
海南大学,车辆工程,080207,52,B+,2026
北京林业大学,车辆工程,080207,53,B+,2026
大连交通大学,车辆工程,080207,53,B+,2026
西安科技大学,车辆工程,080207,53,B+,2026
南京林业大学,车辆工程,080207,56,B+,2026
安徽理工大学,车辆工程,080207,57,B+,2026
扬州大学,车辆工程,080207,58,B+,2026
太原科技大学,车辆工程,080207,59,B+,2026
东北林业大学,车辆工程,080207,60,B+,2026
沈阳工业大学,车辆工程,080207,60,B+,2026
厦门理工学院,车辆工程,080207,60,B+,2026
重庆交通大学,车辆工程,080207,63,B+,2026
桂林电子科技大学,车辆工程,080207,63,B+,2026
宁波大学,车辆工程,080207,65,B+,2026
石家庄铁道大学,车辆工程,080207,66,B+,2026
天津科技大学,车辆工程,080207,67,B+,2026
湖北汽车工业学院,车辆工程,080207,68,B+,2026
西华大学,车辆工程,080207,69,B+,2026
长春工业大学,车辆工程,080207,70,B+,2026
西北农林科技大学,车辆工程,080207,70,B+,2026
南京农业大学,车辆工程,080207,72,B+,2026
河南理工大学,车辆工程,080207,73,B+,2026
西安建筑科技大学,车辆工程,080207,73,B+,2026
安徽工程大学,车辆工程,080207,75,B+,2026
内蒙古工业大学,车辆工程,080207,76,B+,2026
福建理工大学,车辆工程,080207,77,B+,2026
安徽工业大学,车辆工程,080207,78,B+,2026
南京工程学院,车辆工程,080207,78,B+,2026
沈阳理工大学,车辆工程,080207,80,B+,2026
上海电机学院,车辆工程,080207,81,B+,2026
天津职业技术师范大学,车辆工程,080207,81,B+,2026
福建农林大学,车辆工程,080207,83,B+,2026
河南工业大学,车辆工程,080207,83,B+,2026
烟台大学,车辆工程,080207,83,B+,2026
辽宁工业大学,车辆工程,080207,86,B,2026
浙江科技大学,车辆工程,080207,87,B,2026
江苏理工学院,车辆工程,080207,88,B,2026
南华大学,车辆工程,080207,89,B,2026
温州大学,车辆工程,080207,90,B,2026
济南大学,车辆工程,080207,91,B,2026
江西理工大学,车辆工程,080207,92,B,2026
广西科技大学,车辆工程,080207,93,B,2026
河北农业大学,车辆工程,080207,93,B,2026
成都大学,车辆工程,080207,95,B,2026
深圳技术大学,车辆工程,080207,96,B,2026
常州大学,车辆工程,080207,97,B,2026
河北工程大学,车辆工程,080207,98,B,2026
金陵科技学院,车辆工程,080207,99,B,2026
山东交通学院,车辆工程,080207,99,B,2026
佛山大学,车辆工程,080207,101,B,2026
淮安大学,车辆工程,080207,101,B,2026
安徽农业大学,车辆工程,080207,103,B,2026
嘉兴大学,车辆工程,080207,104,B,2026
辽宁工程技术大学,车辆工程,080207,105,B,2026
内蒙古大学,车辆工程,080207,106,B,2026
山东建筑大学,车辆工程,080207,106,B,2026
合肥大学,车辆工程,080207,108,B,2026
湖北文理学院,车辆工程,080207,109,B,2026
常州工学院,车辆工程,080207,110,B,2026
华北水利水电大学,车辆工程,080207,110,B,2026
聊城大学,车辆工程,080207,112,B,2026
中南林业科技大学,车辆工程,080207,113,B,2026
华北理工大学,车辆工程,080207,114,B,2026
陕西理工大学,车辆工程,080207,114,B,2026
郑州轻工业大学,车辆工程,080207,116,B,2026
湖南农业大学,车辆工程,080207,117,B,2026
西南林业大学,车辆工程,080207,117,B,2026
四川轻化工大学,车辆工程,080207,119,B,2026
苏州工学院,车辆工程,080207,120,B,2026
山东农业大学,车辆工程,080207,121,B,2026
长春师范大学,车辆工程,080207,122,B,2026
江苏师范大学,车辆工程,080207,123,B,2026
宁波工程学院,车辆工程,080207,124,B,2026
鲁东大学,车辆工程,080207,125,B,2026
广东技术师范大学,车辆工程,080207,126,B,2026
北华大学,车辆工程,080207,127,B,2026
长春大学,车辆工程,080207,127,B,2026
大连大学,车辆工程,080207,127,B,2026
大连民族大学,车辆工程,080207,130,B,2026
山西农业大学,车辆工程,080207,131,B,2026
安徽科技工程大学,车辆工程,080207,132,B,2026
内蒙古科技大学,车辆工程,080207,133,B,2026
北华航天工业学院,车辆工程,080207,134,B,2026
临沂大学,车辆工程,080207,134,B,2026
安庆师范大学,车辆工程,080207,136,B,2026
盐城工学院,车辆工程,080207,137,B,2026
郑州航空工业管理学院,车辆工程,080207,138,B,2026
长安大学,汽车服务工程,080208,1,A+,2026
武汉理工大学,汽车服务工程,080208,2,A+,2026
上海工程技术大学,汽车服务工程,080208,3,A+,2026
江苏理工学院,汽车服务工程,080208,4,A,2026
宁波工程学院,汽车服务工程,080208,5,A,2026
昆明理工大学,汽车服务工程,080208,6,A,2026
山东交通学院,汽车服务工程,080208,7,A,2026
河南农业大学,汽车服务工程,080208,8,A,2026
南京工程学院,汽车服务工程,080208,9,A,2026
西华大学,汽车服务工程,080208,10,A,2026
安阳工学院,汽车服务工程,080208,11,A,2026
湖北汽车工业学院,汽车服务工程,080208,12,A,2026
常州工学院,汽车服务工程,080208,13,A,2026
深圳技术大学,汽车服务工程,080208,14,A,2026
天津中德应用技术大学,汽车服务工程,080208,15,A,2026
上海师范大学,汽车服务工程,080208,16,B+,2026
成都师范学院,汽车服务工程,080208,17,B+,2026
桂林航天工业学院,汽车服务工程,080208,18,B+,2026
成都工业学院,汽车服务工程,080208,19,B+,2026
西南林业大学,汽车服务工程,080208,20,B+,2026
西安航空学院,汽车服务工程,080208,21,B+,2026
宜宾学院,汽车服务工程,080208,22,B+,2026
广西科技师范学院,汽车服务工程,080208,23,B+,2026
天水师范大学,汽车服务工程,080208,24,B+,2026
塔里木大学,汽车服务工程,080208,25,B+,2026
保定学院,汽车服务工程,080208,26,B+,2026
太原工业学院,汽车服务工程,080208,27,B+,2026
商丘师范学院,汽车服务工程,080208,28,B+,2026
黄河交通学院,汽车服务工程,080208,29,B+,2026
景德镇学院,汽车服务工程,080208,30,B+,2026
四川工商学院,汽车服务工程,080208,31,B+,2026
西昌学院,汽车服务工程,080208,32,B+,2026
滇西应用技术大学,汽车服务工程,080208,33,B+,2026
兰州工业学院,汽车服务工程,080208,34,B+,2026
兴义民族师范学院,汽车服务工程,080208,34,B+,2026
白城师范学院,汽车服务工程,080208,36,B+,2026
太原学院,汽车服务工程,080208,37,B+,2026
鄂尔多斯应用技术学院,汽车服务工程,080208,38,B+,2026
宁夏理工学院,汽车服务工程,080208,38,B+,2026
保山学院,汽车服务工程,080208,40,B+,2026
重庆人文科技学院,汽车服务工程,080208,41,B+,2026
郑州科技学院,汽车服务工程,080208,42,B+,2026
江西科技学院,汽车服务工程,080208,43,B+,2026
成都锦城学院,汽车服务工程,080208,44,B+,2026
山东现代学院,汽车服务工程,080208,45,B+,2026
山西晋中理工学院,汽车服务工程,080208,45,B+,2026
成都理工大学工程技术学院,汽车服务工程,080208,47,B,2026
郑州财经学院,汽车服务工程,080208,48,B,2026
商丘工学院,汽车服务工程,080208,49,B,2026
山西应用科技学院,汽车服务工程,080208,50,B,2026
河北科技学院,汽车服务工程,080208,51,B,2026
南通理工学院,汽车服务工程,080208,52,B,2026
南京工业大学浦江学院,汽车服务工程,080208,53,B,2026
上海建桥学院,汽车服务工程,080208,54,B,2026
武汉生物工程学院,汽车服务工程,080208,55,B,2026
武汉城市学院,汽车服务工程,080208,56,B,2026
上海师范大学天华学院,汽车服务工程,080208,57,B,2026
合肥城市学院,汽车服务工程,080208,58,B,2026
山东协和学院,汽车服务工程,080208,58,B,2026
长春光华学院,汽车服务工程,080208,60,B,2026
武汉华夏理工学院,汽车服务工程,080208,61,B,2026
青岛恒星科技学院,汽车服务工程,080208,62,B,2026
哈尔滨华德学院,汽车服务工程,080208,63,B,2026
哈尔滨剑桥学院,汽车服务工程,080208,64,B,2026
内蒙古大学创业学院,汽车服务工程,080208,64,B,2026
湖南应用技术学院,汽车服务工程,080208,66,B,2026
兰州信息科技学院,汽车服务工程,080208,67,B,2026
南宁学院,汽车服务工程,080208,68,B,2026
昆明理工大学津桥学院,汽车服务工程,080208,69,B,2026
辽宁理工学院,汽车服务工程,080208,70,B,2026
南昌理工学院,汽车服务工程,080208,71,B,2026
山东华宇工学院,汽车服务工程,080208,72,B,2026
阜阳理工学院,汽车服务工程,080208,73,B,2026
广东科技学院,汽车服务工程,080208,74,B,2026
吉利学院,汽车服务工程,080208,74,B,2026
哈尔滨远东理工学院,汽车服务工程,080208,76,B,2026
江苏大学京江学院,汽车服务工程,080208,76,B,2026
湖南师范大学,机械工艺技术,080209T,1,A+,2026
黑龙江科技大学,机械工艺技术,080209T,2,A+,2026
景德镇学院,机械工艺技术,080209T,3,B,2026
营口理工学院,机械工艺技术,080209T,4,B,2026
北京航空航天大学,微机电系统工程,080210T,1,A+,2026
西北工业大学,微机电系统工程,080210T,2,A+,2026
天津职业技术师范大学,机电技术教育,080211T,1,A+,2026
岭南师范学院,机电技术教育,080211T,2,A+,2026
河南科技学院,机电技术教育,080211T,3,B,2026
西安理工大学高科学院,机电技术教育,080211T,4,B,2026
黄河交通学院,汽车维修工程教育,080212T,1,A+,2026
哈尔滨剑桥学院,汽车维修工程教育,080212T,2,A+,2026
西安交通大学,智能制造工程,080213T,1,A+,2026
北京理工大学,智能制造工程,080213T,2,A+,2026
天津大学,智能制造工程,080213T,3,A+,2026
哈尔滨工业大学,智能制造工程,080213T,4,A+,2026
北京航空航天大学,智能制造工程,080213T,5,A+,2026
大连理工大学,智能制造工程,080213T,6,A+,2026
西南交通大学,智能制造工程,080213T,7,A+,2026
重庆大学,智能制造工程,080213T,8,A,2026
吉林大学,智能制造工程,080213T,9,A,2026
湖南大学,智能制造工程,080213T,10,A,2026
上海大学,智能制造工程,080213T,11,A,2026
南京航空航天大学,智能制造工程,080213T,12,A,2026
山东大学,智能制造工程,080213T,13,A,2026
同济大学,智能制造工程,080213T,14,A,2026
南京理工大学,智能制造工程,080213T,15,A,2026
华南理工大学,智能制造工程,080213T,16,A,2026
东北大学,智能制造工程,080213T,17,A,2026
合肥工业大学,智能制造工程,080213T,17,A,2026
哈尔滨工程大学,智能制造工程,080213T,19,A,2026
北京工业大学,智能制造工程,080213T,20,A,2026
河北工业大学,智能制造工程,080213T,21,A,2026
北京科技大学,智能制造工程,080213T,22,A,2026
燕山大学,智能制造工程,080213T,23,A,2026
江苏大学,智能制造工程,080213T,24,A,2026
武汉理工大学,智能制造工程,080213T,25,A,2026
广东工业大学,智能制造工程,080213T,26,A,2026
杭州电子科技大学,智能制造工程,080213T,26,A,2026
中国石油大学（华东）,智能制造工程,080213T,28,A,2026
北京交通大学,智能制造工程,080213T,29,A,2026
中国矿业大学,智能制造工程,080213T,30,A,2026
武汉大学,智能制造工程,080213T,31,A,2026
华东理工大学,智能制造工程,080213T,32,A,2026
河海大学,智能制造工程,080213T,33,A,2026
苏州大学,智能制造工程,080213T,34,A,2026
武汉科技大学,智能制造工程,080213T,35,A,2026
浙江理工大学,智能制造工程,080213T,35,A,2026
长安大学,智能制造工程,080213T,37,A,2026
东华大学,智能制造工程,080213T,38,B+,2026
西安理工大学,智能制造工程,080213T,39,B+,2026
华北电力大学,智能制造工程,080213T,40,B+,2026
华侨大学,智能制造工程,080213T,41,B+,2026
南京林业大学,智能制造工程,080213T,42,B+,2026
昆明理工大学,智能制造工程,080213T,43,B+,2026
北京信息科技大学,智能制造工程,080213T,44,B+,2026
江南大学,智能制造工程,080213T,44,B+,2026
湖南科技大学,智能制造工程,080213T,46,B+,2026
江苏科技大学,智能制造工程,080213T,46,B+,2026
天津工业大学,智能制造工程,080213T,46,B+,2026
青岛理工大学,智能制造工程,080213T,49,B+,2026
南京工业大学,智能制造工程,080213T,50,B+,2026
上海工程技术大学,智能制造工程,080213T,50,B+,2026
西安科技大学,智能制造工程,080213T,50,B+,2026
南昌大学,智能制造工程,080213T,53,B+,2026
西安工业大学,智能制造工程,080213T,54,B+,2026
桂林电子科技大学,智能制造工程,080213T,55,B+,2026
重庆理工大学,智能制造工程,080213T,56,B+,2026
中北大学,智能制造工程,080213T,57,B+,2026
安徽理工大学,智能制造工程,080213T,58,B+,2026
山东科技大学,智能制造工程,080213T,58,B+,2026
中国矿业大学（北京）,智能制造工程,080213T,60,B+,2026
太原科技大学,智能制造工程,080213T,61,B+,2026
汕头大学,智能制造工程,080213T,62,B+,2026
华东交通大学,智能制造工程,080213T,63,B+,2026
武汉纺织大学,智能制造工程,080213T,64,B+,2026
兰州理工大学,智能制造工程,080213T,65,B+,2026
湘潭大学,智能制造工程,080213T,65,B+,2026
北京建筑大学,智能制造工程,080213T,67,B+,2026
青岛科技大学,智能制造工程,080213T,67,B+,2026
长沙理工大学,智能制造工程,080213T,69,B+,2026
南昌航空大学,智能制造工程,080213T,70,B+,2026
哈尔滨理工大学,智能制造工程,080213T,71,B+,2026
西南大学,智能制造工程,080213T,71,B+,2026
天津理工大学,智能制造工程,080213T,73,B+,2026
宁波大学,智能制造工程,080213T,74,B+,2026
沈阳工业大学,智能制造工程,080213T,75,B+,2026
西安建筑科技大学,智能制造工程,080213T,75,B+,2026
陕西科技大学,智能制造工程,080213T,77,B+,2026
沈阳航空航天大学,智能制造工程,080213T,78,B+,2026
湖北工业大学,智能制造工程,080213T,79,B+,2026
新疆大学,智能制造工程,080213T,80,B+,2026
山东理工大学,智能制造工程,080213T,81,B+,2026
北京工商大学,智能制造工程,080213T,82,B+,2026
西南科技大学,智能制造工程,080213T,82,B+,2026
长春工业大学,智能制造工程,080213T,84,B+,2026
天津科技大学,智能制造工程,080213T,85,B+,2026
广州大学,智能制造工程,080213T,86,B+,2026
安徽大学,智能制造工程,080213T,87,B+,2026
扬州大学,智能制造工程,080213T,87,B+,2026
重庆邮电大学,智能制造工程,080213T,89,B+,2026
三峡大学,智能制造工程,080213T,89,B+,2026
天津职业技术师范大学,智能制造工程,080213T,91,B+,2026
江西理工大学,智能制造工程,080213T,92,B+,2026
齐鲁工业大学,智能制造工程,080213T,92,B+,2026
沈阳建筑大学,智能制造工程,080213T,94,B+,2026
浙江师范大学,智能制造工程,080213T,95,B+,2026
青岛大学,智能制造工程,080213T,96,B+,2026
南通大学,智能制造工程,080213T,97,B+,2026
温州大学,智能制造工程,080213T,98,B+,2026
大连交通大学,智能制造工程,080213T,99,B+,2026
重庆交通大学,智能制造工程,080213T,100,B+,2026
上海应用技术大学,智能制造工程,080213T,101,B+,2026
河南工业大学,智能制造工程,080213T,102,B+,2026
石家庄铁道大学,智能制造工程,080213T,103,B+,2026
集美大学,智能制造工程,080213T,104,B+,2026
济南大学,智能制造工程,080213T,105,B+,2026
内蒙古工业大学,智能制造工程,080213T,106,B+,2026
浙大城市学院,智能制造工程,080213T,107,B+,2026
安徽农业大学,智能制造工程,080213T,108,B+,2026
江汉大学,智能制造工程,080213T,108,B+,2026
南京工程学院,智能制造工程,080213T,110,B+,2026
常州大学,智能制造工程,080213T,111,B+,2026
上海第二工业大学,智能制造工程,080213T,111,B+,2026
厦门理工学院,智能制造工程,080213T,113,B+,2026
常州工学院,智能制造工程,080213T,114,B,2026
嘉兴大学,智能制造工程,080213T,115,B,2026
合肥大学,智能制造工程,080213T,116,B,2026
河南理工大学,智能制造工程,080213T,116,B,2026
南华大学,智能制造工程,080213T,116,B,2026
沈阳理工大学,智能制造工程,080213T,119,B,2026
武汉轻工大学,智能制造工程,080213T,119,B,2026
浙江科技大学,智能制造工程,080213T,119,B,2026
中南林业科技大学,智能制造工程,080213T,119,B,2026
安徽工程大学,智能制造工程,080213T,123,B,2026
西安工程大学,智能制造工程,080213T,124,B,2026
东莞理工学院,智能制造工程,080213T,125,B,2026
郑州轻工业大学,智能制造工程,080213T,125,B,2026
北京印刷学院,智能制造工程,080213T,127,B,2026
东华理工大学,智能制造工程,080213T,127,B,2026
华北理工大学,智能制造工程,080213T,127,B,2026
北京石油化工学院,智能制造工程,080213T,130,B,2026
福建理工大学,智能制造工程,080213T,130,B,2026
华北水利水电大学,智能制造工程,080213T,130,B,2026
重庆工商大学,智能制造工程,080213T,133,B,2026
上海电机学院,智能制造工程,080213T,133,B,2026
浙大宁波理工学院,智能制造工程,080213T,135,B,2026
重庆科技大学,智能制造工程,080213T,136,B,2026
山东建筑大学,智能制造工程,080213T,137,B,2026
大连工业大学,智能制造工程,080213T,138,B,2026
西交利物浦大学,智能制造工程,080213T,138,B,2026
天津商业大学,智能制造工程,080213T,140,B,2026
桂林理工大学,智能制造工程,080213T,141,B,2026
湖南工商大学,智能制造工程,080213T,142,B,2026
陕西理工大学,智能制造工程,080213T,143,B,2026
辽宁工业大学,智能制造工程,080213T,144,B,2026
鲁东大学,智能制造工程,080213T,144,B,2026
湖北汽车工业学院,智能制造工程,080213T,146,B,2026
绍兴大学,智能制造工程,080213T,146,B,2026
辽宁科技大学,智能制造工程,080213T,148,B,2026
大连民族大学,智能制造工程,080213T,149,B,2026
天津城建大学,智能制造工程,080213T,149,B,2026
湖州师范大学,智能制造工程,080213T,151,B,2026
金陵科技学院,智能制造工程,080213T,151,B,2026
台州学院,智能制造工程,080213T,151,B,2026
北华大学,智能制造工程,080213T,154,B,2026
重庆文理学院,智能制造工程,080213T,155,B,2026
内蒙古科技大学,智能制造工程,080213T,155,B,2026
广西科技大学,智能制造工程,080213T,157,B,2026
五邑大学,智能制造工程,080213T,158,B,2026
河南科技学院,智能制造工程,080213T,159,B,2026
湖北大学,智能制造工程,080213T,159,B,2026
四川轻化工大学,智能制造工程,080213T,159,B,2026
景德镇陶瓷大学,智能制造工程,080213T,162,B,2026
衢州学院,智能制造工程,080213T,162,B,2026
长春大学,智能制造工程,080213T,164,B,2026
盐城工学院,智能制造工程,080213T,165,B,2026
湖北文理学院,智能制造工程,080213T,166,B,2026
安徽科技工程大学,智能制造工程,080213T,167,B,2026
临沂大学,智能制造工程,080213T,167,B,2026
湖北理工学院,智能制造工程,080213T,169,B,2026
辽宁石油化工大学,智能制造工程,080213T,169,B,2026
山东交通学院,智能制造工程,080213T,171,B,2026
徐州工程学院,智能制造工程,080213T,171,B,2026
哈尔滨商业大学,智能制造工程,080213T,173,B,2026
广西师范大学,智能制造工程,080213T,174,B,2026
贵阳学院,智能制造工程,080213T,174,B,2026
丽水学院,智能制造工程,080213T,176,B,2026
长春师范大学,智能制造工程,080213T,177,B,2026
昆明学院,智能制造工程,080213T,178,B,2026
潍坊学院,智能制造工程,080213T,179,B,2026
北华航天工业学院,智能制造工程,080213T,180,B,2026
苏州工学院,智能制造工程,080213T,180,B,2026
云南经济管理学院,智能制造工程,080213T,180,B,2026
平顶山学院,智能制造工程,080213T,183,B,2026
邵阳学院,智能制造工程,080213T,183,B,2026
宝鸡文理学院,智能制造工程,080213T,185,B,2026
沈阳工程学院,智能制造工程,080213T,185,B,2026
延安大学,智能制造工程,080213T,185,B,2026
长沙学院,智能制造工程,080213T,188,B,2026
成都工业学院,智能制造工程,080213T,188,B,2026
佳木斯大学,智能制造工程,080213T,188,B,2026
哈尔滨工业大学,智能车辆工程,080214T,1,A+,2026
东南大学,智能车辆工程,080214T,2,A+,2026
大连理工大学,智能车辆工程,080214T,3,A,2026
湖南大学,智能车辆工程,080214T,4,A,2026
华南理工大学,智能车辆工程,080214T,5,A,2026
合肥工业大学,智能车辆工程,080214T,6,A,2026
北京交通大学,智能车辆工程,080214T,7,B+,2026
长安大学,智能车辆工程,080214T,8,B+,2026
武汉科技大学,智能车辆工程,080214T,9,B+,2026
南京林业大学,智能车辆工程,080214T,10,B+,2026
重庆理工大学,智能车辆工程,080214T,11,B+,2026
河南科技大学,智能车辆工程,080214T,12,B+,2026
北京信息科技大学,智能车辆工程,080214T,13,B+,2026
上海工程技术大学,智能车辆工程,080214T,14,B+,2026
西南大学,智能车辆工程,080214T,15,B+,2026
重庆邮电大学,智能车辆工程,080214T,16,B+,2026
沈阳理工大学,智能车辆工程,080214T,17,B+,2026
重庆工商大学,智能车辆工程,080214T,18,B+,2026
厦门理工学院,智能车辆工程,080214T,19,B,2026
中原工学院,智能车辆工程,080214T,20,B,2026
江苏理工学院,智能车辆工程,080214T,21,B,2026
重庆文理学院,智能车辆工程,080214T,22,B,2026
湖北汽车工业学院,智能车辆工程,080214T,23,B,2026
重庆科技大学,智能车辆工程,080214T,24,B,2026
安徽工程大学,智能车辆工程,080214T,25,B,2026
湖北文理学院,智能车辆工程,080214T,26,B,2026
苏州工学院,智能车辆工程,080214T,27,B,2026
长春工程学院,智能车辆工程,080214T,28,B,2026
黄河交通学院,智能车辆工程,080214T,28,B,2026
湖南工学院,智能车辆工程,080214T,28,B,2026
成都师范学院,智能车辆工程,080214T,31,B,2026
哈尔滨工业大学,仿生科学与工程,080215T,,,2026
吉林大学,仿生科学与工程,080215T,,,2026
江苏大学,新能源汽车工程,080216T,1,A+,2026
广东工业大学,新能源汽车工程,080216T,2,A+,2026
青岛理工大学,新能源汽车工程,080216T,3,A,2026
中北大学,新能源汽车工程,080216T,4,A,2026
安徽理工大学,新能源汽车工程,080216T,5,A,2026
江苏科技大学,新能源汽车工程,080216T,6,A,2026
山东理工大学,新能源汽车工程,080216T,7,A,2026
华东交通大学,新能源汽车工程,080216T,8,A,2026
天津职业技术师范大学,新能源汽车工程,080216T,9,A,2026
安徽工业大学,新能源汽车工程,080216T,10,B+,2026
安徽大学,新能源汽车工程,080216T,11,B+,2026
江汉大学,新能源汽车工程,080216T,12,B+,2026
西华大学,新能源汽车工程,080216T,13,B+,2026
安徽工程大学,新能源汽车工程,080216T,14,B+,2026
上海电机学院,新能源汽车工程,080216T,14,B+,2026
辽宁工业大学,新能源汽车工程,080216T,16,B+,2026
广东技术师范大学,新能源汽车工程,080216T,17,B+,2026
湖北汽车工业学院,新能源汽车工程,080216T,18,B+,2026
广西科技大学,新能源汽车工程,080216T,19,B+,2026
常州工学院,新能源汽车工程,080216T,20,B+,2026
临沂大学,新能源汽车工程,080216T,21,B+,2026
盐城工学院,新能源汽车工程,080216T,22,B+,2026
河北科技大学,新能源汽车工程,080216T,23,B+,2026
苏州工学院,新能源汽车工程,080216T,24,B+,2026
潍坊学院,新能源汽车工程,080216T,24,B+,2026
广西师范大学,新能源汽车工程,080216T,26,B+,2026
天津中德应用技术大学,新能源汽车工程,080216T,27,B+,2026
温州理工学院,新能源汽车工程,080216T,28,B+,2026
三明学院,新能源汽车工程,080216T,29,B+,2026
淮安大学,新能源汽车工程,080216T,30,B,2026
湖州学院,新能源汽车工程,080216T,31,B,2026
安徽科技工程大学,新能源汽车工程,080216T,32,B,2026
桂林航天工业学院,新能源汽车工程,080216T,32,B,2026
西安航空学院,新能源汽车工程,080216T,34,B,2026
洛阳理工学院,新能源汽车工程,080216T,35,B,2026
黑龙江工程学院,新能源汽车工程,080216T,36,B,2026
吉林工程技术师范学院,新能源汽车工程,080216T,37,B,2026
武汉商学院,新能源汽车工程,080216T,38,B,2026
宿迁学院,新能源汽车工程,080216T,39,B,2026
兰州工业学院,新能源汽车工程,080216T,40,B,2026
辽宁科技学院,新能源汽车工程,080216T,41,B,2026
安阳工学院,新能源汽车工程,080216T,42,B,2026
黄河交通学院,新能源汽车工程,080216T,42,B,2026
河南工学院,新能源汽车工程,080216T,44,B,2026
黄淮学院,新能源汽车工程,080216T,45,B,2026
淮南师范学院,新能源汽车工程,080216T,46,B,2026
景德镇学院,新能源汽车工程,080216T,47,B,2026
贵州商学院,新能源汽车工程,080216T,48,B,2026
湖北工业大学工程技术学院,新能源汽车工程,080216T,49,B,2026
西北工业大学,增材制造工程,080217T,1,A+,2026
哈尔滨工业大学,增材制造工程,080217T,2,A+,2026
南京航空航天大学,增材制造工程,080217T,3,B+,2026
江苏科技大学,增材制造工程,080217T,4,B+,2026
中北大学,增材制造工程,080217T,5,B+,2026
南昌航空大学,增材制造工程,080217T,6,B+,2026
南京工业大学,增材制造工程,080217T,7,B,2026
河北科技大学,增材制造工程,080217T,8,B,2026
山东建筑大学,增材制造工程,080217T,9,B,2026
湖北汽车工业学院,增材制造工程,080217T,10,B,2026
西华大学,增材制造工程,080217T,11,B,2026
西北工业大学,智能交互设计,080218T,1,A+,2026
北京邮电大学,智能交互设计,080218T,2,A+,2026
北京信息科技大学,智能交互设计,080218T,3,B+,2026
哈尔滨理工大学,智能交互设计,080218T,4,B+,2026
江南大学,智能交互设计,080218T,4,B+,2026
江苏师范大学,智能交互设计,080218T,6,B+,2026
浙大宁波理工学院,智能交互设计,080218T,7,B+,2026
宁波工程学院,智能交互设计,080218T,8,B,2026
南京艺术学院,智能交互设计,080218T,9,B,2026
广州美术学院,智能交互设计,080218T,10,B,2026
西京学院,智能交互设计,080218T,11,B,2026
山东工艺美术学院,智能交互设计,080218T,12,B,2026
南京工业大学,应急装备技术与工程,080219T,1,A+,2026
山东科技大学,应急装备技术与工程,080219T,2,A+,2026
石家庄铁道大学,应急装备技术与工程,080219T,3,B,2026
长春大学,农林智能装备工程,080220T,,,2026
东北林业大学,农林智能装备工程,080220T,,,2026
信阳农林学院,农林智能装备工程,080220T,,,2026
北京航空航天大学,测控技术与仪器,080301,1,A+,2026
哈尔滨工业大学,测控技术与仪器,080301,1,A+,2026
清华大学,测控技术与仪器,080301,3,A+,2026
天津大学,测控技术与仪器,080301,4,A+,2026
东南大学,测控技术与仪器,080301,5,A,2026
电子科技大学,测控技术与仪器,080301,6,A,2026
北京理工大学,测控技术与仪器,080301,7,A,2026
吉林大学,测控技术与仪器,080301,8,A,2026
西安交通大学,测控技术与仪器,080301,9,A,2026
重庆大学,测控技术与仪器,080301,10,A,2026
中国科学技术大学,测控技术与仪器,080301,11,A,2026
合肥工业大学,测控技术与仪器,080301,12,A,2026
西安电子科技大学,测控技术与仪器,080301,13,A,2026
大连理工大学,测控技术与仪器,080301,14,A,2026
中国计量大学,测控技术与仪器,080301,15,A,2026
南京航空航天大学,测控技术与仪器,080301,16,A,2026
中北大学,测控技术与仪器,080301,17,A,2026
北京科技大学,测控技术与仪器,080301,18,A,2026
南京理工大学,测控技术与仪器,080301,18,A,2026
哈尔滨工程大学,测控技术与仪器,080301,20,A,2026
北京工业大学,测控技术与仪器,080301,21,A,2026
湖南大学,测控技术与仪器,080301,21,A,2026
北京信息科技大学,测控技术与仪器,080301,23,A,2026
上海大学,测控技术与仪器,080301,24,B+,2026
四川大学,测控技术与仪器,080301,25,B+,2026
厦门大学,测控技术与仪器,080301,26,B+,2026
北京交通大学,测控技术与仪器,080301,27,B+,2026
南京邮电大学,测控技术与仪器,080301,28,B+,2026
武汉理工大学,测控技术与仪器,080301,29,B+,2026
桂林电子科技大学,测控技术与仪器,080301,30,B+,2026
华中科技大学,测控技术与仪器,080301,31,B+,2026
江苏大学,测控技术与仪器,080301,32,B+,2026
重庆邮电大学,测控技术与仪器,080301,33,B+,2026
东北大学,测控技术与仪器,080301,33,B+,2026
杭州电子科技大学,测控技术与仪器,080301,35,B+,2026
河北工业大学,测控技术与仪器,080301,36,B+,2026
长春理工大学,测控技术与仪器,080301,37,B+,2026
西安理工大学,测控技术与仪器,080301,38,B+,2026
上海理工大学,测控技术与仪器,080301,39,B+,2026
南昌航空大学,测控技术与仪器,080301,40,B+,2026
南京信息工程大学,测控技术与仪器,080301,41,B+,2026
河北大学,测控技术与仪器,080301,42,B+,2026
西南交通大学,测控技术与仪器,080301,43,B+,2026
深圳大学,测控技术与仪器,080301,44,B+,2026
中国石油大学（华东）,测控技术与仪器,080301,45,B+,2026
中南大学,测控技术与仪器,080301,46,B+,2026
北京化工大学,测控技术与仪器,080301,47,B+,2026
燕山大学,测控技术与仪器,080301,48,B+,2026
贵州大学,测控技术与仪器,080301,49,B+,2026
华北电力大学,测控技术与仪器,080301,50,B+,2026
哈尔滨理工大学,测控技术与仪器,080301,51,B+,2026
郑州大学,测控技术与仪器,080301,52,B+,2026
南昌大学,测控技术与仪器,080301,53,B+,2026
湖北工业大学,测控技术与仪器,080301,54,B+,2026
广东工业大学,测控技术与仪器,080301,55,B+,2026
上海电力大学,测控技术与仪器,080301,56,B+,2026
中国地质大学（北京）,测控技术与仪器,080301,56,B+,2026
安徽大学,测控技术与仪器,080301,58,B+,2026
西南石油大学,测控技术与仪器,080301,59,B+,2026
中国地质大学（武汉）,测控技术与仪器,080301,60,B+,2026
浙江理工大学,测控技术与仪器,080301,61,B+,2026
南京工业大学,测控技术与仪器,080301,62,B+,2026
大连海事大学,测控技术与仪器,080301,63,B+,2026
沈阳工业大学,测控技术与仪器,080301,64,B+,2026
西安工业大学,测控技术与仪器,080301,65,B+,2026
扬州大学,测控技术与仪器,080301,66,B+,2026
辽宁大学,测控技术与仪器,080301,67,B+,2026
青岛大学,测控技术与仪器,080301,68,B+,2026
成都理工大学,测控技术与仪器,080301,69,B+,2026
西安石油大学,测控技术与仪器,080301,70,B,2026
东北电力大学,测控技术与仪器,080301,71,B,2026
昆明理工大学,测控技术与仪器,080301,71,B,2026
沈阳航空航天大学,测控技术与仪器,080301,71,B,2026
武汉工程大学,测控技术与仪器,080301,74,B,2026
安徽工业大学,测控技术与仪器,080301,75,B,2026
长沙理工大学,测控技术与仪器,080301,76,B,2026
安徽理工大学,测控技术与仪器,080301,77,B,2026
天津理工大学,测控技术与仪器,080301,78,B,2026
重庆理工大学,测控技术与仪器,080301,79,B,2026
湘潭大学,测控技术与仪器,080301,80,B,2026
青岛科技大学,测控技术与仪器,080301,81,B,2026
南通大学,测控技术与仪器,080301,82,B,2026
青岛理工大学,测控技术与仪器,080301,82,B,2026
兰州交通大学,测控技术与仪器,080301,84,B,2026
沈阳理工大学,测控技术与仪器,080301,85,B,2026
天津科技大学,测控技术与仪器,080301,86,B,2026
大连交通大学,测控技术与仪器,080301,87,B,2026
西安科技大学,测控技术与仪器,080301,88,B,2026
湖南科技大学,测控技术与仪器,080301,89,B,2026
武汉科技大学,测控技术与仪器,080301,90,B,2026
南京工程学院,测控技术与仪器,080301,91,B,2026
成都信息工程大学,测控技术与仪器,080301,92,B,2026
山西大学,测控技术与仪器,080301,93,B,2026
河南工业大学,测控技术与仪器,080301,94,B,2026
河南理工大学,测控技术与仪器,080301,95,B,2026
上海海洋大学,测控技术与仪器,080301,96,B,2026
山东理工大学,测控技术与仪器,080301,97,B,2026
湖南工业大学,测控技术与仪器,080301,98,B,2026
辽宁工程技术大学,测控技术与仪器,080301,98,B,2026
华北理工大学,测控技术与仪器,080301,100,B,2026
华东交通大学,测控技术与仪器,080301,101,B,2026
上海海事大学,测控技术与仪器,080301,102,B,2026
河南科技大学,测控技术与仪器,080301,103,B,2026
上海电机学院,测控技术与仪器,080301,103,B,2026
安徽工程大学,测控技术与仪器,080301,105,B,2026
福建师范大学,测控技术与仪器,080301,106,B,2026
华北水利水电大学,测控技术与仪器,080301,107,B,2026
上海第二工业大学,测控技术与仪器,080301,108,B,2026
沈阳化工大学,测控技术与仪器,080301,108,B,2026
苏州工学院,测控技术与仪器,080301,108,B,2026
东华理工大学,测控技术与仪器,080301,111,B,2026
河北工程大学,测控技术与仪器,080301,111,B,2026
常州工学院,测控技术与仪器,080301,113,B,2026
辽宁科技大学,测控技术与仪器,080301,114,B,2026
安徽建筑大学,测控技术与仪器,080301,115,B,2026
湖北汽车工业学院,测控技术与仪器,080301,115,B,2026
齐鲁工业大学,测控技术与仪器,080301,115,B,2026
哈尔滨工业大学,精密仪器,080302T,,,2026
哈尔滨工业大学,智能感知工程,080303T,1,A+,2026
北京航空航天大学,智能感知工程,080303T,2,A+,2026
天津大学,智能感知工程,080303T,3,A,2026
上海交通大学,智能感知工程,080303T,4,A,2026
北京理工大学,智能感知工程,080303T,5,A,2026
东南大学,智能感知工程,080303T,6,B+,2026
重庆大学,智能感知工程,080303T,7,B+,2026
吉林大学,智能感知工程,080303T,8,B+,2026
合肥工业大学,智能感知工程,080303T,9,B+,2026
北京科技大学,智能感知工程,080303T,10,B+,2026
中国计量大学,智能感知工程,080303T,11,B+,2026
北京信息科技大学,智能感知工程,080303T,12,B+,2026
山东大学,智能感知工程,080303T,13,B+,2026
中北大学,智能感知工程,080303T,14,B+,2026
南京邮电大学,智能感知工程,080303T,15,B+,2026
东北大学,智能感知工程,080303T,16,B,2026
深圳大学,智能感知工程,080303T,17,B,2026
华北电力大学,智能感知工程,080303T,18,B,2026
中国石油大学（华东）,智能感知工程,080303T,19,B,2026
桂林电子科技大学,智能感知工程,080303T,20,B,2026
广东工业大学,智能感知工程,080303T,21,B,2026
长春理工大学,智能感知工程,080303T,22,B,2026
燕山大学,智能感知工程,080303T,23,B,2026
湖北大学,智能感知工程,080303T,24,B,2026
西安邮电大学,智能感知工程,080303T,24,B,2026
上海交通大学,材料科学与工程,080401,1,A+,2026
哈尔滨工业大学,材料科学与工程,080401,2,A+,2026
清华大学,材料科学与工程,080401,3,A+,2026
北京航空航天大学,材料科学与工程,080401,4,A+,2026
西北工业大学,材料科学与工程,080401,5,A+,2026
西安交通大学,材料科学与工程,080401,6,A,2026
天津大学,材料科学与工程,080401,7,A,2026
北京科技大学,材料科学与工程,080401,8,A,2026
华中科技大学,材料科学与工程,080401,9,A,2026
浙江大学,材料科学与工程,080401,9,A,2026
武汉理工大学,材料科学与工程,080401,11,A,2026
华南理工大学,材料科学与工程,080401,12,A,2026
中南大学,材料科学与工程,080401,13,A,2026
东南大学,材料科学与工程,080401,14,A,2026
北京理工大学,材料科学与工程,080401,15,A,2026
北京工业大学,材料科学与工程,080401,16,A,2026
四川大学,材料科学与工程,080401,17,A,2026
北京大学,材料科学与工程,080401,18,A,2026
山东大学,材料科学与工程,080401,19,A,2026
重庆大学,材料科学与工程,080401,20,A,2026
南京理工大学,材料科学与工程,080401,21,A,2026
厦门大学,材料科学与工程,080401,21,A,2026
同济大学,材料科学与工程,080401,23,A,2026
福州大学,材料科学与工程,080401,24,A,2026
南方科技大学,材料科学与工程,080401,25,A,2026
南京航空航天大学,材料科学与工程,080401,26,A,2026
东北大学,材料科学与工程,080401,27,A,2026
郑州大学,材料科学与工程,080401,28,B+,2026
湖南大学,材料科学与工程,080401,29,B+,2026
北京化工大学,材料科学与工程,080401,30,B+,2026
吉林大学,材料科学与工程,080401,31,B+,2026
西南交通大学,材料科学与工程,080401,32,B+,2026
南昌大学,材料科学与工程,080401,33,B+,2026
上海科技大学,材料科学与工程,080401,34,B+,2026
中山大学,材料科学与工程,080401,34,B+,2026
哈尔滨工程大学,材料科学与工程,080401,36,B+,2026
深圳大学,材料科学与工程,080401,37,B+,2026
苏州大学,材料科学与工程,080401,38,B+,2026
南京工业大学,材料科学与工程,080401,39,B+,2026
电子科技大学,材料科学与工程,080401,40,B+,2026
天津工业大学,材料科学与工程,080401,41,B+,2026
西安理工大学,材料科学与工程,080401,42,B+,2026
西安电子科技大学,材料科学与工程,080401,43,B+,2026
西安建筑科技大学,材料科学与工程,080401,44,B+,2026
中国石油大学（华东）,材料科学与工程,080401,44,B+,2026
中国地质大学（北京）,材料科学与工程,080401,46,B+,2026
上海理工大学,材料科学与工程,080401,47,B+,2026
太原理工大学,材料科学与工程,080401,48,B+,2026
广西大学,材料科学与工程,080401,49,B+,2026
贵州大学,材料科学与工程,080401,49,B+,2026
湘潭大学,材料科学与工程,080401,51,B+,2026
昆明理工大学,材料科学与工程,080401,52,B+,2026
中国石油大学（北京）,材料科学与工程,080401,53,B+,2026
海南大学,材料科学与工程,080401,54,B+,2026
暨南大学,材料科学与工程,080401,54,B+,2026
长安大学,材料科学与工程,080401,56,B+,2026
西南科技大学,材料科学与工程,080401,56,B+,2026
河海大学,材料科学与工程,080401,58,B+,2026
云南大学,材料科学与工程,080401,58,B+,2026
中国矿业大学,材料科学与工程,080401,60,B+,2026
中国地质大学（武汉）,材料科学与工程,080401,61,B+,2026
合肥工业大学,材料科学与工程,080401,62,B+,2026
浙江工业大学,材料科学与工程,080401,62,B+,2026
中国海洋大学,材料科学与工程,080401,62,B+,2026
上海大学,材料科学与工程,080401,65,B+,2026
济南大学,材料科学与工程,080401,66,B+,2026
桂林电子科技大学,材料科学与工程,080401,67,B+,2026
浙江理工大学,材料科学与工程,080401,68,B+,2026
华北电力大学,材料科学与工程,080401,69,B+,2026
天津理工大学,材料科学与工程,080401,70,B+,2026
西南石油大学,材料科学与工程,080401,71,B+,2026
江苏大学,材料科学与工程,080401,72,B+,2026
南京林业大学,材料科学与工程,080401,73,B+,2026
中国计量大学,材料科学与工程,080401,74,B+,2026
安徽工业大学,材料科学与工程,080401,75,B+,2026
杭州电子科技大学,材料科学与工程,080401,76,B+,2026
大连海事大学,材料科学与工程,080401,77,B+,2026
华侨大学,材料科学与工程,080401,78,B+,2026
湖北大学,材料科学与工程,080401,79,B+,2026
湖北工业大学,材料科学与工程,080401,80,B+,2026
常州大学,材料科学与工程,080401,81,B+,2026
宁波大学,材料科学与工程,080401,82,B,2026
温州大学,材料科学与工程,080401,82,B,2026
陕西科技大学,材料科学与工程,080401,84,B,2026
成都理工大学,材料科学与工程,080401,85,B,2026
上海应用技术大学,材料科学与工程,080401,86,B,2026
香港中文大学（深圳）,材料科学与工程,080401,87,B,2026
江西理工大学,材料科学与工程,080401,88,B,2026
中国矿业大学（北京）,材料科学与工程,080401,89,B,2026
大连交通大学,材料科学与工程,080401,90,B,2026
重庆交通大学,材料科学与工程,080401,91,B,2026
南京师范大学,材料科学与工程,080401,92,B,2026
青岛理工大学,材料科学与工程,080401,92,B,2026
北方工业大学,材料科学与工程,080401,94,B,2026
青海大学,材料科学与工程,080401,94,B,2026
河南理工大学,材料科学与工程,080401,96,B,2026
石河子大学,材料科学与工程,080401,96,B,2026
太原科技大学,材料科学与工程,080401,96,B,2026
长沙理工大学,材料科学与工程,080401,99,B,2026
福建理工大学,材料科学与工程,080401,100,B,2026
浙江师范大学,材料科学与工程,080401,100,B,2026
北方民族大学,材料科学与工程,080401,102,B,2026
山东理工大学,材料科学与工程,080401,103,B,2026
汕头大学,材料科学与工程,080401,104,B,2026
重庆理工大学,材料科学与工程,080401,105,B,2026
南京工程学院,材料科学与工程,080401,105,B,2026
西华大学,材料科学与工程,080401,107,B,2026
华南农业大学,材料科学与工程,080401,108,B,2026
厦门理工学院,材料科学与工程,080401,108,B,2026
宁夏大学,材料科学与工程,080401,110,B,2026
西安科技大学,材料科学与工程,080401,110,B,2026
重庆文理学院,材料科学与工程,080401,112,B,2026
四川轻化工大学,材料科学与工程,080401,113,B,2026
佛山大学,材料科学与工程,080401,114,B,2026
广州大学,材料科学与工程,080401,114,B,2026
新疆大学,材料科学与工程,080401,116,B,2026
上海工程技术大学,材料科学与工程,080401,117,B,2026
盐城工学院,材料科学与工程,080401,118,B,2026
石家庄铁道大学,材料科学与工程,080401,119,B,2026
江苏师范大学,材料科学与工程,080401,120,B,2026
福建农林大学,材料科学与工程,080401,121,B,2026
河南工业大学,材料科学与工程,080401,121,B,2026
烟台大学,材料科学与工程,080401,123,B,2026
西北师范大学,材料科学与工程,080401,124,B,2026
金陵科技学院,材料科学与工程,080401,125,B,2026
东华理工大学,材料科学与工程,080401,126,B,2026
辽宁工业大学,材料科学与工程,080401,127,B,2026
昆山杜克大学,材料科学与工程,080401,128,B,2026
中国民航大学,材料科学与工程,080401,129,B,2026
湖北汽车工业学院,材料科学与工程,080401,130,B,2026
成都大学,材料科学与工程,080401,131,B,2026
上海海事大学,材料科学与工程,080401,132,B,2026
陕西理工大学,材料科学与工程,080401,132,B,2026
广东以色列理工学院,材料科学与工程,080401,134,B,2026
北京石油化工学院,材料科学与工程,080401,135,B,2026
兰州交通大学,材料科学与工程,080401,136,B,2026
复旦大学,材料物理,080402,1,A+,2026
中国科学技术大学,材料物理,080402,1,A+,2026
西安交通大学,材料物理,080402,3,A,2026
南京大学,材料物理,080402,4,A,2026
哈尔滨工业大学,材料物理,080402,5,A,2026
西北工业大学,材料物理,080402,6,A,2026
北京科技大学,材料物理,080402,7,A,2026
吉林大学,材料物理,080402,8,A,2026
中山大学,材料物理,080402,8,A,2026
武汉理工大学,材料物理,080402,10,B+,2026
东北大学,材料物理,080402,11,B+,2026
南开大学,材料物理,080402,12,B+,2026
南京理工大学,材料物理,080402,13,B+,2026
东北师范大学,材料物理,080402,14,B+,2026
中国人民大学,材料物理,080402,15,B+,2026
武汉大学,材料物理,080402,16,B+,2026
安徽大学,材料物理,080402,17,B+,2026
兰州大学,材料物理,080402,18,B+,2026
武汉科技大学,材料物理,080402,19,B+,2026
西北大学,材料物理,080402,20,B+,2026
哈尔滨工程大学,材料物理,080402,21,B+,2026
华南师范大学,材料物理,080402,22,B+,2026
南京邮电大学,材料物理,080402,22,B+,2026
燕山大学,材料物理,080402,22,B+,2026
西安理工大学,材料物理,080402,25,B,2026
湘潭大学,材料物理,080402,26,B,2026
合肥工业大学,材料物理,080402,27,B,2026
西南大学,材料物理,080402,28,B,2026
陕西科技大学,材料物理,080402,29,B,2026
福建师范大学,材料物理,080402,30,B,2026
天津理工大学,材料物理,080402,31,B,2026
中国地质大学（北京）,材料物理,080402,32,B,2026
青岛科技大学,材料物理,080402,33,B,2026
长春理工大学,材料物理,080402,34,B,2026
河北工业大学,材料物理,080402,35,B,2026
济南大学,材料物理,080402,36,B,2026
南京信息工程大学,材料物理,080402,37,B,2026
武汉工程大学,材料物理,080402,37,B,2026
景德镇陶瓷大学,材料物理,080402,39,B,2026
重庆交通大学,材料物理,080402,40,B,2026
哈尔滨工业大学,材料化学,080403,1,A+,2026
中国科学技术大学,材料化学,080403,1,A+,2026
北京理工大学,材料化学,080403,3,A,2026
南开大学,材料化学,080403,4,A,2026
北京大学,材料化学,080403,5,A,2026
吉林大学,材料化学,080403,6,A,2026
武汉理工大学,材料化学,080403,7,A,2026
兰州大学,材料化学,080403,8,A,2026
中山大学,材料化学,080403,9,A,2026
复旦大学,材料化学,080403,10,A,2026
南京大学,材料化学,080403,11,A,2026
北京科技大学,材料化学,080403,12,A,2026
华东理工大学,材料化学,080403,13,A,2026
安徽大学,材料化学,080403,14,A,2026
陕西师范大学,材料化学,080403,15,B+,2026
西北大学,材料化学,080403,16,B+,2026
郑州大学,材料化学,080403,16,B+,2026
南京理工大学,材料化学,080403,18,B+,2026
华南师范大学,材料化学,080403,19,B+,2026
中国地质大学（武汉）,材料化学,080403,20,B+,2026
陕西科技大学,材料化学,080403,21,B+,2026
中国地质大学（北京）,材料化学,080403,21,B+,2026
河北大学,材料化学,080403,23,B+,2026
湖北大学,材料化学,080403,24,B+,2026
武汉科技大学,材料化学,080403,24,B+,2026
西安工业大学,材料化学,080403,24,B+,2026
南京邮电大学,材料化学,080403,27,B+,2026
青岛科技大学,材料化学,080403,28,B+,2026
东北林业大学,材料化学,080403,29,B+,2026
山西大学,材料化学,080403,30,B+,2026
长春理工大学,材料化学,080403,31,B+,2026
内蒙古大学,材料化学,080403,31,B+,2026
河南大学,材料化学,080403,33,B+,2026
南京林业大学,材料化学,080403,34,B+,2026
哈尔滨理工大学,材料化学,080403,35,B+,2026
常州大学,材料化学,080403,36,B+,2026
中南民族大学,材料化学,080403,36,B+,2026
武汉工程大学,材料化学,080403,38,B+,2026
黑龙江大学,材料化学,080403,39,B+,2026
南昌航空大学,材料化学,080403,40,B+,2026
河南科技大学,材料化学,080403,41,B+,2026
景德镇陶瓷大学,材料化学,080403,42,B+,2026
华南农业大学,材料化学,080403,43,B+,2026
佛山大学,材料化学,080403,44,B,2026
天津科技大学,材料化学,080403,45,B,2026
西南石油大学,材料化学,080403,46,B,2026
中国民航大学,材料化学,080403,47,B,2026
沈阳化工大学,材料化学,080403,48,B,2026
重庆师范大学,材料化学,080403,49,B,2026
山东农业大学,材料化学,080403,50,B,2026
上海第二工业大学,材料化学,080403,51,B,2026
山西师范大学,材料化学,080403,52,B,2026
湖南农业大学,材料化学,080403,53,B,2026
辽宁石油化工大学,材料化学,080403,53,B,2026
曲阜师范大学,材料化学,080403,55,B,2026
苏州科技大学,材料化学,080403,56,B,2026
赣南师范大学,材料化学,080403,57,B,2026
长春工业大学,材料化学,080403,58,B,2026
哈尔滨师范大学,材料化学,080403,59,B,2026
井冈山大学,材料化学,080403,59,B,2026
华北理工大学,材料化学,080403,61,B,2026
山东科技大学,材料化学,080403,62,B,2026
湖北工程学院,材料化学,080403,63,B,2026
内蒙古科技大学,材料化学,080403,64,B,2026
武汉轻工大学,材料化学,080403,65,B,2026
甘肃农业大学,材料化学,080403,66,B,2026
青岛农业大学,材料化学,080403,67,B,2026
安阳师范学院,材料化学,080403,68,B,2026
盐城工学院,材料化学,080403,69,B,2026
江西农业大学,材料化学,080403,70,B,2026
河南科技学院,材料化学,080403,71,B,2026
贵州师范大学,材料化学,080403,72,B,2026
北京科技大学,冶金工程,080404,1,A+,2026
中南大学,冶金工程,080404,2,A+,2026
东北大学,冶金工程,080404,3,A,2026
昆明理工大学,冶金工程,080404,4,A,2026
重庆大学,冶金工程,080404,5,B+,2026
上海大学,冶金工程,080404,6,B+,2026
武汉科技大学,冶金工程,080404,7,B+,2026
江西理工大学,冶金工程,080404,8,B+,2026
安徽工业大学,冶金工程,080404,9,B+,2026
郑州大学,冶金工程,080404,10,B+,2026
西安建筑科技大学,冶金工程,080404,11,B+,2026
贵州大学,冶金工程,080404,12,B+,2026
华北理工大学,冶金工程,080404,13,B+,2026
太原理工大学,冶金工程,080404,14,B+,2026
苏州大学,冶金工程,080404,15,B,2026
江苏大学,冶金工程,080404,16,B,2026
重庆科技大学,冶金工程,080404,17,B,2026
青海大学,冶金工程,080404,18,B,2026
内蒙古科技大学,冶金工程,080404,19,B,2026
河南科技大学,冶金工程,080404,20,B,2026
辽宁科技大学,冶金工程,080404,21,B,2026
江苏科技大学,冶金工程,080404,22,B,2026
桂林理工大学,冶金工程,080404,23,B,2026
上海大学,金属材料工程,080405,1,A+,2026
苏州大学,金属材料工程,080405,2,A+,2026
大连理工大学,金属材料工程,080405,3,A,2026
河北工业大学,金属材料工程,080405,4,A,2026
武汉科技大学,金属材料工程,080405,5,A,2026
燕山大学,金属材料工程,080405,6,A,2026
南京工业大学,金属材料工程,080405,7,A,2026
江苏大学,金属材料工程,080405,8,A,2026
太原理工大学,金属材料工程,080405,9,B+,2026
广东工业大学,金属材料工程,080405,10,B+,2026
河海大学,金属材料工程,080405,11,B+,2026
西安工业大学,金属材料工程,080405,12,B+,2026
湘潭大学,金属材料工程,080405,13,B+,2026
中北大学,金属材料工程,080405,14,B+,2026
西南大学,金属材料工程,080405,15,B+,2026
西安建筑科技大学,金属材料工程,080405,16,B+,2026
南昌航空大学,金属材料工程,080405,17,B+,2026
青岛科技大学,金属材料工程,080405,18,B+,2026
河南科技大学,金属材料工程,080405,19,B+,2026
江苏科技大学,金属材料工程,080405,19,B+,2026
哈尔滨理工大学,金属材料工程,080405,21,B+,2026
江西理工大学,金属材料工程,080405,21,B+,2026
安徽工业大学,金属材料工程,080405,23,B+,2026
常州大学,金属材料工程,080405,24,B+,2026
兰州理工大学,金属材料工程,080405,25,B+,2026
沈阳航空航天大学,金属材料工程,080405,26,B+,2026
山东科技大学,金属材料工程,080405,27,B,2026
西安石油大学,金属材料工程,080405,28,B,2026
沈阳工业大学,金属材料工程,080405,29,B,2026
南京工程学院,金属材料工程,080405,30,B,2026
东北石油大学,金属材料工程,080405,31,B,2026
石家庄铁道大学,金属材料工程,080405,31,B,2026
长春工业大学,金属材料工程,080405,33,B,2026
湖南工业大学,金属材料工程,080405,34,B,2026
重庆科技大学,金属材料工程,080405,35,B,2026
华北理工大学,金属材料工程,080405,36,B,2026
河北科技大学,金属材料工程,080405,37,B,2026
沈阳化工大学,金属材料工程,080405,38,B,2026
烟台大学,金属材料工程,080405,39,B,2026
辽宁工程技术大学,金属材料工程,080405,40,B,2026
内蒙古科技大学,金属材料工程,080405,41,B,2026
三峡大学,金属材料工程,080405,42,B,2026
沈阳大学,金属材料工程,080405,42,B,2026
内蒙古工业大学,金属材料工程,080405,44,B,2026
武汉理工大学,无机非金属材料工程,080406,1,A+,2026
北京科技大学,无机非金属材料工程,080406,2,A+,2026
中南大学,无机非金属材料工程,080406,3,A,2026
吉林大学,无机非金属材料工程,080406,4,A,2026
东华大学,无机非金属材料工程,080406,5,A,2026
华东理工大学,无机非金属材料工程,080406,6,A,2026
南京工业大学,无机非金属材料工程,080406,7,A,2026
上海大学,无机非金属材料工程,080406,8,A,2026
武汉科技大学,无机非金属材料工程,080406,9,B+,2026
合肥工业大学,无机非金属材料工程,080406,10,B+,2026
陕西科技大学,无机非金属材料工程,080406,11,B+,2026
燕山大学,无机非金属材料工程,080406,12,B+,2026
河北工业大学,无机非金属材料工程,080406,13,B+,2026
天津工业大学,无机非金属材料工程,080406,14,B+,2026
贵州大学,无机非金属材料工程,080406,15,B+,2026
长春理工大学,无机非金属材料工程,080406,16,B+,2026
青岛科技大学,无机非金属材料工程,080406,16,B+,2026
河南科技大学,无机非金属材料工程,080406,18,B+,2026
武汉工程大学,无机非金属材料工程,080406,19,B+,2026
景德镇陶瓷大学,无机非金属材料工程,080406,20,B+,2026
长沙理工大学,无机非金属材料工程,080406,21,B+,2026
中北大学,无机非金属材料工程,080406,22,B+,2026
兰州理工大学,无机非金属材料工程,080406,23,B+,2026
西安工业大学,无机非金属材料工程,080406,24,B+,2026
安徽理工大学,无机非金属材料工程,080406,25,B+,2026
安徽工业大学,无机非金属材料工程,080406,26,B+,2026
重庆科技大学,无机非金属材料工程,080406,27,B,2026
齐鲁工业大学,无机非金属材料工程,080406,28,B,2026
桂林理工大学,无机非金属材料工程,080406,29,B,2026
辽宁大学,无机非金属材料工程,080406,29,B,2026
沈阳建筑大学,无机非金属材料工程,080406,31,B,2026
沈阳理工大学,无机非金属材料工程,080406,32,B,2026
石家庄铁道大学,无机非金属材料工程,080406,32,B,2026
华北理工大学,无机非金属材料工程,080406,34,B,2026
安徽建筑大学,无机非金属材料工程,080406,35,B,2026
辽宁科技大学,无机非金属材料工程,080406,36,B,2026
沈阳化工大学,无机非金属材料工程,080406,37,B,2026
华北水利水电大学,无机非金属材料工程,080406,38,B,2026
西安科技大学,无机非金属材料工程,080406,39,B,2026
南华大学,无机非金属材料工程,080406,40,B,2026
大连工业大学,无机非金属材料工程,080406,41,B,2026
河南工业大学,无机非金属材料工程,080406,41,B,2026
合肥大学,无机非金属材料工程,080406,43,B,2026
四川大学,高分子材料与工程,080407,1,A+,2026
浙江大学,高分子材料与工程,080407,2,A+,2026
北京理工大学,高分子材料与工程,080407,3,A+,2026
清华大学,高分子材料与工程,080407,4,A+,2026
中国科学技术大学,高分子材料与工程,080407,5,A,2026
西北工业大学,高分子材料与工程,080407,6,A,2026
华南理工大学,高分子材料与工程,080407,7,A,2026
东华大学,高分子材料与工程,080407,8,A,2026
哈尔滨工业大学,高分子材料与工程,080407,9,A,2026
复旦大学,高分子材料与工程,080407,10,A,2026
华东理工大学,高分子材料与工程,080407,11,A,2026
吉林大学,高分子材料与工程,080407,12,A,2026
武汉理工大学,高分子材料与工程,080407,13,A,2026
苏州大学,高分子材料与工程,080407,14,A,2026
北京化工大学,高分子材料与工程,080407,15,A,2026
南京理工大学,高分子材料与工程,080407,16,A,2026
中山大学,高分子材料与工程,080407,17,A,2026
大连理工大学,高分子材料与工程,080407,18,A,2026
郑州大学,高分子材料与工程,080407,19,A,2026
北京科技大学,高分子材料与工程,080407,20,A,2026
上海大学,高分子材料与工程,080407,21,B+,2026
安徽大学,高分子材料与工程,080407,22,B+,2026
深圳大学,高分子材料与工程,080407,23,B+,2026
南昌大学,高分子材料与工程,080407,24,B+,2026
西南交通大学,高分子材料与工程,080407,25,B+,2026
南京工业大学,高分子材料与工程,080407,26,B+,2026
河北工业大学,高分子材料与工程,080407,27,B+,2026
中国海洋大学,高分子材料与工程,080407,28,B+,2026
燕山大学,高分子材料与工程,080407,29,B+,2026
江南大学,高分子材料与工程,080407,30,B+,2026
海南大学,高分子材料与工程,080407,31,B+,2026
福州大学,高分子材料与工程,080407,32,B+,2026
广东工业大学,高分子材料与工程,080407,32,B+,2026
青岛科技大学,高分子材料与工程,080407,34,B+,2026
南京邮电大学,高分子材料与工程,080407,35,B+,2026
江苏大学,高分子材料与工程,080407,36,B+,2026
陕西科技大学,高分子材料与工程,080407,37,B+,2026
浙江工业大学,高分子材料与工程,080407,38,B+,2026
湖北大学,高分子材料与工程,080407,39,B+,2026
济南大学,高分子材料与工程,080407,39,B+,2026
湘潭大学,高分子材料与工程,080407,39,B+,2026
合肥工业大学,高分子材料与工程,080407,42,B+,2026
中北大学,高分子材料与工程,080407,43,B+,2026
南京林业大学,高分子材料与工程,080407,44,B+,2026
长安大学,高分子材料与工程,080407,45,B+,2026
青岛大学,高分子材料与工程,080407,46,B+,2026
西南石油大学,高分子材料与工程,080407,47,B+,2026
常州大学,高分子材料与工程,080407,48,B+,2026
西安工业大学,高分子材料与工程,080407,48,B+,2026
云南大学,高分子材料与工程,080407,48,B+,2026
浙江理工大学,高分子材料与工程,080407,51,B+,2026
天津工业大学,高分子材料与工程,080407,52,B+,2026
武汉工程大学,高分子材料与工程,080407,53,B+,2026
太原理工大学,高分子材料与工程,080407,54,B+,2026
桂林电子科技大学,高分子材料与工程,080407,55,B+,2026
湖北工业大学,高分子材料与工程,080407,56,B+,2026
贵州大学,高分子材料与工程,080407,57,B+,2026
江苏科技大学,高分子材料与工程,080407,58,B+,2026
安徽工业大学,高分子材料与工程,080407,59,B+,2026
兰州理工大学,高分子材料与工程,080407,60,B+,2026
哈尔滨理工大学,高分子材料与工程,080407,61,B+,2026
扬州大学,高分子材料与工程,080407,62,B,2026
天津科技大学,高分子材料与工程,080407,63,B,2026
东北林业大学,高分子材料与工程,080407,64,B,2026
新疆大学,高分子材料与工程,080407,65,B,2026
南昌航空大学,高分子材料与工程,080407,66,B,2026
北京工商大学,高分子材料与工程,080407,67,B,2026
山东科技大学,高分子材料与工程,080407,68,B,2026
福建师范大学,高分子材料与工程,080407,69,B,2026
华侨大学,高分子材料与工程,080407,69,B,2026
上海工程技术大学,高分子材料与工程,080407,71,B,2026
武汉纺织大学,高分子材料与工程,080407,72,B,2026
烟台大学,高分子材料与工程,080407,73,B,2026
华东交通大学,高分子材料与工程,080407,74,B,2026
齐鲁工业大学,高分子材料与工程,080407,75,B,2026
沈阳化工大学,高分子材料与工程,080407,76,B,2026
北京石油化工学院,高分子材料与工程,080407,77,B,2026
杭州师范大学,高分子材料与工程,080407,78,B,2026
大连工业大学,高分子材料与工程,080407,79,B,2026
湖南工业大学,高分子材料与工程,080407,79,B,2026
北京服装学院,高分子材料与工程,080407,81,B,2026
长春工业大学,高分子材料与工程,080407,82,B,2026
郑州轻工业大学,高分子材料与工程,080407,83,B,2026
桂林理工大学,高分子材料与工程,080407,84,B,2026
延边大学,高分子材料与工程,080407,85,B,2026
沈阳建筑大学,高分子材料与工程,080407,86,B,2026
安徽建筑大学,高分子材料与工程,080407,87,B,2026
江汉大学,高分子材料与工程,080407,87,B,2026
南华大学,高分子材料与工程,080407,89,B,2026
黑龙江大学,高分子材料与工程,080407,90,B,2026
南通大学,高分子材料与工程,080407,91,B,2026
重庆理工大学,高分子材料与工程,080407,92,B,2026
安徽理工大学,高分子材料与工程,080407,93,B,2026
辽宁石油化工大学,高分子材料与工程,080407,94,B,2026
浙大宁波理工学院,高分子材料与工程,080407,95,B,2026
陕西理工大学,高分子材料与工程,080407,96,B,2026
西安科技大学,高分子材料与工程,080407,97,B,2026
中南民族大学,高分子材料与工程,080407,98,B,2026
嘉兴大学,高分子材料与工程,080407,99,B,2026
四川轻化工大学,高分子材料与工程,080407,100,B,2026
北京印刷学院,高分子材料与工程,080407,101,B,2026
浙江农林大学,高分子材料与工程,080407,102,B,2026
哈尔滨工业大学,复合材料与工程,080408,1,A+,2026
西北工业大学,复合材料与工程,080408,2,A+,2026
东华大学,复合材料与工程,080408,3,A,2026
武汉理工大学,复合材料与工程,080408,4,A,2026
华东理工大学,复合材料与工程,080408,5,A,2026
南京工业大学,复合材料与工程,080408,6,B+,2026
江苏大学,复合材料与工程,080408,7,B+,2026
天津工业大学,复合材料与工程,080408,8,B+,2026
济南大学,复合材料与工程,080408,9,B+,2026
青岛大学,复合材料与工程,080408,10,B+,2026
中北大学,复合材料与工程,080408,11,B+,2026
南昌航空大学,复合材料与工程,080408,12,B+,2026
青岛科技大学,复合材料与工程,080408,13,B+,2026
上海应用技术大学,复合材料与工程,080408,14,B+,2026
武汉纺织大学,复合材料与工程,080408,15,B+,2026
沈阳航空航天大学,复合材料与工程,080408,16,B,2026
南京工程学院,复合材料与工程,080408,17,B,2026
金陵科技学院,复合材料与工程,080408,18,B,2026
华北理工大学,复合材料与工程,080408,19,B,2026
东华理工大学,复合材料与工程,080408,20,B,2026
重庆科技大学,复合材料与工程,080408,21,B,2026
太原科技大学,复合材料与工程,080408,22,B,2026
河南工业大学,复合材料与工程,080408,23,B,2026
河北工程大学,复合材料与工程,080408,24,B,2026
内蒙古科技大学,复合材料与工程,080408,25,B,2026
中南大学,粉体材料科学与工程,080409T,1,A+,2026
沈阳理工大学,粉体材料科学与工程,080409T,2,A+,2026
景德镇陶瓷大学,粉体材料科学与工程,080409T,3,B,2026
湖南工业大学,粉体材料科学与工程,080409T,4,B,2026
中国地质大学（武汉）,宝石及材料工艺学,080410T,1,A+,2026
中国地质大学（北京）,宝石及材料工艺学,080410T,2,A+,2026
昆明理工大学,宝石及材料工艺学,080410T,3,B+,2026
桂林理工大学,宝石及材料工艺学,080410T,4,B+,2026
河北地质大学,宝石及材料工艺学,080410T,5,B+,2026
金陵科技学院,宝石及材料工艺学,080410T,6,B+,2026
长春工程学院,宝石及材料工艺学,080410T,7,B+,2026
天津商业大学,宝石及材料工艺学,080410T,8,B,2026
郑州工商学院,宝石及材料工艺学,080410T,9,B,2026
哈尔滨商业大学,宝石及材料工艺学,080410T,10,B,2026
上海建桥学院,宝石及材料工艺学,080410T,11,B,2026
广州城市理工学院,宝石及材料工艺学,080410T,12,B,2026
哈尔滨工业大学,焊接技术与工程,080411T,1,A+,2026
北京工业大学,焊接技术与工程,080411T,2,A+,2026
江苏科技大学,焊接技术与工程,080411T,3,A,2026
南昌航空大学,焊接技术与工程,080411T,4,A,2026
西安石油大学,焊接技术与工程,080411T,5,B+,2026
兰州理工大学,焊接技术与工程,080411T,6,B+,2026
大连交通大学,焊接技术与工程,080411T,7,B+,2026
西南石油大学,焊接技术与工程,080411T,8,B+,2026
昆明理工大学,焊接技术与工程,080411T,9,B+,2026
安徽工业大学,焊接技术与工程,080411T,10,B+,2026
沈阳工业大学,焊接技术与工程,080411T,11,B+,2026
重庆理工大学,焊接技术与工程,080411T,12,B+,2026
太原科技大学,焊接技术与工程,080411T,13,B+,2026
沈阳大学,焊接技术与工程,080411T,14,B+,2026
上海电机学院,焊接技术与工程,080411T,15,B,2026
上海工程技术大学,焊接技术与工程,080411T,16,B,2026
重庆科技大学,焊接技术与工程,080411T,17,B,2026
南京工程学院,焊接技术与工程,080411T,18,B,2026
石家庄铁道大学,焊接技术与工程,080411T,19,B,2026
黑龙江科技大学,焊接技术与工程,080411T,20,B,2026
山东建筑大学,焊接技术与工程,080411T,21,B,2026
佳木斯大学,焊接技术与工程,080411T,22,B,2026
辽宁工业大学,焊接技术与工程,080411T,23,B,2026
兰州城市学院,焊接技术与工程,080411T,24,B,2026
天津大学,功能材料,080412T,1,A+,2026
华南理工大学,功能材料,080412T,2,A+,2026
东华大学,功能材料,080412T,3,A,2026
大连理工大学,功能材料,080412T,4,A,2026
北京化工大学,功能材料,080412T,5,A,2026
兰州大学,功能材料,080412T,6,A,2026
安徽大学,功能材料,080412T,7,B+,2026
西安建筑科技大学,功能材料,080412T,8,B+,2026
昆明理工大学,功能材料,080412T,9,B+,2026
中国计量大学,功能材料,080412T,10,B+,2026
长春理工大学,功能材料,080412T,11,B+,2026
北京工商大学,功能材料,080412T,12,B+,2026
兰州理工大学,功能材料,080412T,13,B+,2026
青岛科技大学,功能材料,080412T,14,B+,2026
苏州科技大学,功能材料,080412T,15,B+,2026
北京林业大学,功能材料,080412T,16,B+,2026
河南科技大学,功能材料,080412T,17,B+,2026
沈阳工业大学,功能材料,080412T,18,B+,2026
石家庄铁道大学,功能材料,080412T,19,B+,2026
河南师范大学,功能材料,080412T,20,B+,2026
重庆科技大学,功能材料,080412T,21,B,2026
南京工程学院,功能材料,080412T,22,B,2026
沈阳建筑大学,功能材料,080412T,23,B,2026
太原科技大学,功能材料,080412T,24,B,2026
武汉轻工大学,功能材料,080412T,24,B,2026
齐鲁工业大学,功能材料,080412T,26,B,2026
金陵科技学院,功能材料,080412T,27,B,2026
内蒙古工业大学,功能材料,080412T,28,B,2026
江苏理工学院,功能材料,080412T,29,B,2026
湖北汽车工业学院,功能材料,080412T,30,B,2026
长沙学院,功能材料,080412T,31,B,2026
青岛农业大学,功能材料,080412T,32,B,2026
北华航天工业学院,功能材料,080412T,33,B,2026
北京航空航天大学,纳米材料与技术,080413T,1,A+,2026
北京科技大学,纳米材料与技术,080413T,2,A+,2026
苏州大学,纳米材料与技术,080413T,3,B+,2026
南京理工大学,纳米材料与技术,080413T,4,B+,2026
北京工业大学,纳米材料与技术,080413T,5,B,2026
西安电子科技大学,纳米材料与技术,080413T,6,B,2026
北京交通大学,纳米材料与技术,080413T,7,B,2026
河南大学,纳米材料与技术,080413T,8,B,2026
四川大学,新能源材料与器件,080414T,1,A+,2026
中南大学,新能源材料与器件,080414T,2,A+,2026
北京理工大学,新能源材料与器件,080414T,3,A+,2026
哈尔滨工业大学,新能源材料与器件,080414T,4,A,2026
武汉理工大学,新能源材料与器件,080414T,5,A,2026
电子科技大学,新能源材料与器件,080414T,6,A,2026
华东理工大学,新能源材料与器件,080414T,7,A,2026
苏州大学,新能源材料与器件,080414T,8,A,2026
南京航空航天大学,新能源材料与器件,080414T,9,A,2026
东北大学,新能源材料与器件,080414T,10,A,2026
同济大学,新能源材料与器件,080414T,11,A,2026
安徽大学,新能源材料与器件,080414T,12,A,2026
合肥工业大学,新能源材料与器件,080414T,12,A,2026
北京工业大学,新能源材料与器件,080414T,14,A,2026
上海大学,新能源材料与器件,080414T,14,A,2026
南京工业大学,新能源材料与器件,080414T,16,A,2026
华北电力大学,新能源材料与器件,080414T,17,A,2026
北京化工大学,新能源材料与器件,080414T,18,A,2026
哈尔滨工程大学,新能源材料与器件,080414T,19,B+,2026
西南石油大学,新能源材料与器件,080414T,20,B+,2026
河北工业大学,新能源材料与器件,080414T,21,B+,2026
陕西师范大学,新能源材料与器件,080414T,21,B+,2026
昆明理工大学,新能源材料与器件,080414T,23,B+,2026
兰州大学,新能源材料与器件,080414T,24,B+,2026
湘潭大学,新能源材料与器件,080414T,25,B+,2026
南京邮电大学,新能源材料与器件,080414T,26,B+,2026
天津理工大学,新能源材料与器件,080414T,27,B+,2026
中国海洋大学,新能源材料与器件,080414T,28,B+,2026
湖北大学,新能源材料与器件,080414T,29,B+,2026
中国地质大学（北京）,新能源材料与器件,080414T,29,B+,2026
中国石油大学（华东）,新能源材料与器件,080414T,31,B+,2026
广东工业大学,新能源材料与器件,080414T,32,B+,2026
西安理工大学,新能源材料与器件,080414T,33,B+,2026
中国矿业大学,新能源材料与器件,080414T,34,B+,2026
华南师范大学,新能源材料与器件,080414T,35,B+,2026
西南大学,新能源材料与器件,080414T,36,B+,2026
长安大学,新能源材料与器件,080414T,37,B+,2026
中北大学,新能源材料与器件,080414T,38,B+,2026
西安建筑科技大学,新能源材料与器件,080414T,39,B+,2026
青岛科技大学,新能源材料与器件,080414T,40,B+,2026
桂林电子科技大学,新能源材料与器件,080414T,41,B+,2026
浙江理工大学,新能源材料与器件,080414T,41,B+,2026
江苏科技大学,新能源材料与器件,080414T,43,B+,2026
三峡大学,新能源材料与器件,080414T,44,B+,2026
武汉工程大学,新能源材料与器件,080414T,45,B+,2026
成都理工大学,新能源材料与器件,080414T,46,B+,2026
长沙理工大学,新能源材料与器件,080414T,47,B+,2026
济南大学,新能源材料与器件,080414T,48,B+,2026
河南科技大学,新能源材料与器件,080414T,49,B+,2026
安徽工业大学,新能源材料与器件,080414T,50,B+,2026
长春理工大学,新能源材料与器件,080414T,51,B+,2026
上海电力大学,新能源材料与器件,080414T,52,B+,2026
河北大学,新能源材料与器件,080414T,53,B+,2026
常州大学,新能源材料与器件,080414T,54,B+,2026
哈尔滨理工大学,新能源材料与器件,080414T,54,B+,2026
南京信息工程大学,新能源材料与器件,080414T,56,B,2026
宁夏大学,新能源材料与器件,080414T,57,B,2026
河南师范大学,新能源材料与器件,080414T,58,B,2026
景德镇陶瓷大学,新能源材料与器件,080414T,59,B,2026
佛山大学,新能源材料与器件,080414T,60,B,2026
东北电力大学,新能源材料与器件,080414T,61,B,2026
青海大学,新能源材料与器件,080414T,61,B,2026
南通大学,新能源材料与器件,080414T,63,B,2026
苏州科技大学,新能源材料与器件,080414T,63,B,2026
西安科技大学,新能源材料与器件,080414T,65,B,2026
河南理工大学,新能源材料与器件,080414T,66,B,2026
江汉大学,新能源材料与器件,080414T,66,B,2026
山东科技大学,新能源材料与器件,080414T,66,B,2026
北方民族大学,新能源材料与器件,080414T,69,B,2026
山东理工大学,新能源材料与器件,080414T,70,B,2026
西安石油大学,新能源材料与器件,080414T,70,B,2026
渤海大学,新能源材料与器件,080414T,72,B,2026
内蒙古工业大学,新能源材料与器件,080414T,72,B,2026
安徽师范大学,新能源材料与器件,080414T,74,B,2026
盐城工学院,新能源材料与器件,080414T,74,B,2026
河北科技大学,新能源材料与器件,080414T,76,B,2026
安徽工程大学,新能源材料与器件,080414T,77,B,2026
沈阳建筑大学,新能源材料与器件,080414T,78,B,2026
厦门理工学院,新能源材料与器件,080414T,78,B,2026
合肥大学,新能源材料与器件,080414T,80,B,2026
重庆科技大学,新能源材料与器件,080414T,81,B,2026
贵州师范大学,新能源材料与器件,080414T,82,B,2026
湖南工业大学,新能源材料与器件,080414T,82,B,2026
沈阳化工大学,新能源材料与器件,080414T,84,B,2026
辽宁工程技术大学,新能源材料与器件,080414T,85,B,2026
安徽建筑大学,新能源材料与器件,080414T,86,B,2026
西安邮电大学,新能源材料与器件,080414T,86,B,2026
曲阜师范大学,新能源材料与器件,080414T,88,B,2026
临沂大学,新能源材料与器件,080414T,89,B,2026
宁波工程学院,新能源材料与器件,080414T,90,B,2026
鲁东大学,新能源材料与器件,080414T,91,B,2026
郑州轻工业大学,新能源材料与器件,080414T,91,B,2026
上海大学,材料设计科学与工程,080415T,,,2026
赣南师范大学,复合材料成型工程,080416T,,,2026
上海第二工业大学,复合材料成型工程,080416T,,,2026
哈尔滨工业大学,智能材料与结构,080417T,1,A+,2026
西安电子科技大学,智能材料与结构,080417T,2,A+,2026
西安理工大学,智能材料与结构,080417T,3,B+,2026
青岛大学,智能材料与结构,080417T,4,B+,2026
湖南科技大学,智能材料与结构,080417T,5,B+,2026
华东交通大学,智能材料与结构,080417T,6,B,2026
重庆交通大学,智能材料与结构,080417T,7,B,2026
烟台大学,智能材料与结构,080417T,8,B,2026
安徽理工大学,智能材料与结构,080417T,9,B,2026
哈尔滨工业大学,光电信息材料与器件,080418T,1,A+,2026
南方科技大学,光电信息材料与器件,080418T,2,A+,2026
南京航空航天大学,光电信息材料与器件,080418T,3,B+,2026
陕西科技大学,光电信息材料与器件,080418T,4,B+,2026
桂林电子科技大学,光电信息材料与器件,080418T,5,B+,2026
天津理工大学,光电信息材料与器件,080418T,6,B+,2026
西安工业大学,光电信息材料与器件,080418T,7,B+,2026
重庆理工大学,光电信息材料与器件,080418T,8,B,2026
哈尔滨理工大学,光电信息材料与器件,080418T,8,B,2026
齐鲁工业大学,光电信息材料与器件,080418T,10,B,2026
安徽建筑大学,光电信息材料与器件,080418T,11,B,2026
江苏理工学院,光电信息材料与器件,080418T,12,B,2026
华南理工大学,生物材料,080419T,1,A+,2026
井冈山大学,生物材料,080419T,2,A+,2026
北京科技大学,材料智能技术,080420T,,,2026
西安工业大学,材料智能技术,080420T,,,2026
华东理工大学,电子信息材料,080421T,1,A+,2026
湖南大学,电子信息材料,080421T,2,A+,2026
大连理工大学,电子信息材料,080421T,3,B,2026
合肥工业大学,电子信息材料,080421T,4,B,2026
华南理工大学,软物质科学与工程,080422T,,,2026
内蒙古科技大学,稀土材料科学与工程,080423T,,,2026
西安交通大学,能源与动力工程,080501,1,A+,2026
清华大学,能源与动力工程,080501,2,A+,2026
上海交通大学,能源与动力工程,080501,3,A+,2026
华中科技大学,能源与动力工程,080501,4,A+,2026
哈尔滨工业大学,能源与动力工程,080501,5,A,2026
天津大学,能源与动力工程,080501,6,A,2026
北京理工大学,能源与动力工程,080501,7,A,2026
大连理工大学,能源与动力工程,080501,8,A,2026
东南大学,能源与动力工程,080501,9,A,2026
华北电力大学,能源与动力工程,080501,9,A,2026
重庆大学,能源与动力工程,080501,11,A,2026
北京航空航天大学,能源与动力工程,080501,12,A,2026
中国科学技术大学,能源与动力工程,080501,13,A,2026
西北工业大学,能源与动力工程,080501,14,A,2026
哈尔滨工程大学,能源与动力工程,080501,15,A,2026
同济大学,能源与动力工程,080501,16,A,2026
武汉大学,能源与动力工程,080501,17,A,2026
山东大学,能源与动力工程,080501,18,A,2026
南京理工大学,能源与动力工程,080501,19,A,2026
上海理工大学,能源与动力工程,080501,20,A,2026
江苏大学,能源与动力工程,080501,21,A,2026
北京科技大学,能源与动力工程,080501,22,B+,2026
中南大学,能源与动力工程,080501,22,B+,2026
华南理工大学,能源与动力工程,080501,24,B+,2026
东北大学,能源与动力工程,080501,25,B+,2026
南京航空航天大学,能源与动力工程,080501,26,B+,2026
华东理工大学,能源与动力工程,080501,27,B+,2026
吉林大学,能源与动力工程,080501,28,B+,2026
中国矿业大学,能源与动力工程,080501,29,B+,2026
东北电力大学,能源与动力工程,080501,30,B+,2026
中国石油大学（华东）,能源与动力工程,080501,31,B+,2026
武汉理工大学,能源与动力工程,080501,32,B+,2026
四川大学,能源与动力工程,080501,33,B+,2026
上海电力大学,能源与动力工程,080501,34,B+,2026
北京工业大学,能源与动力工程,080501,35,B+,2026
北京交通大学,能源与动力工程,080501,36,B+,2026
南京工业大学,能源与动力工程,080501,37,B+,2026
中国农业大学,能源与动力工程,080501,38,B+,2026
河北工业大学,能源与动力工程,080501,39,B+,2026
北京大学,能源与动力工程,080501,40,B+,2026
西南交通大学,能源与动力工程,080501,41,B+,2026
中国石油大学（北京）,能源与动力工程,080501,42,B+,2026
湖南大学,能源与动力工程,080501,43,B+,2026
郑州大学,能源与动力工程,080501,44,B+,2026
太原理工大学,能源与动力工程,080501,45,B+,2026
河海大学,能源与动力工程,080501,46,B+,2026
昆明理工大学,能源与动力工程,080501,47,B+,2026
长沙理工大学,能源与动力工程,080501,48,B+,2026
广东工业大学,能源与动力工程,080501,49,B+,2026
长安大学,能源与动力工程,080501,50,B+,2026
西华大学,能源与动力工程,080501,51,B+,2026
扬州大学,能源与动力工程,080501,51,B+,2026
合肥工业大学,能源与动力工程,080501,53,B+,2026
天津商业大学,能源与动力工程,080501,54,B+,2026
西安理工大学,能源与动力工程,080501,55,B+,2026
广西大学,能源与动力工程,080501,56,B+,2026
青岛科技大学,能源与动力工程,080501,57,B+,2026
中北大学,能源与动力工程,080501,58,B+,2026
南昌大学,能源与动力工程,080501,59,B+,2026
沈阳航空航天大学,能源与动力工程,080501,60,B+,2026
兰州理工大学,能源与动力工程,080501,61,B+,2026
苏州大学,能源与动力工程,080501,62,B+,2026
常州大学,能源与动力工程,080501,63,B+,2026
大连海事大学,能源与动力工程,080501,64,B,2026
南京工程学院,能源与动力工程,080501,64,B,2026
贵州大学,能源与动力工程,080501,66,B,2026
山西大学,能源与动力工程,080501,66,B,2026
中国计量大学,能源与动力工程,080501,68,B,2026
新疆大学,能源与动力工程,080501,69,B,2026
安徽工业大学,能源与动力工程,080501,70,B,2026
华中农业大学,能源与动力工程,080501,70,B,2026
上海海事大学,能源与动力工程,080501,72,B,2026
河南理工大学,能源与动力工程,080501,73,B,2026
河南科技大学,能源与动力工程,080501,74,B,2026
南京师范大学,能源与动力工程,080501,74,B,2026
东北石油大学,能源与动力工程,080501,76,B,2026
燕山大学,能源与动力工程,080501,76,B,2026
山东建筑大学,能源与动力工程,080501,78,B,2026
内蒙古工业大学,能源与动力工程,080501,79,B,2026
郑州轻工业大学,能源与动力工程,080501,80,B,2026
江苏科技大学,能源与动力工程,080501,81,B,2026
上海海洋大学,能源与动力工程,080501,81,B,2026
天津理工大学,能源与动力工程,080501,83,B,2026
北京建筑大学,能源与动力工程,080501,84,B,2026
三峡大学,能源与动力工程,080501,84,B,2026
武汉工程大学,能源与动力工程,080501,86,B,2026
西北农林科技大学,能源与动力工程,080501,87,B,2026
山东科技大学,能源与动力工程,080501,88,B,2026
青岛大学,能源与动力工程,080501,89,B,2026
山东理工大学,能源与动力工程,080501,89,B,2026
北京石油化工学院,能源与动力工程,080501,91,B,2026
兰州交通大学,能源与动力工程,080501,92,B,2026
南京林业大学,能源与动力工程,080501,92,B,2026
浙江理工大学,能源与动力工程,080501,94,B,2026
华北水利水电大学,能源与动力工程,080501,95,B,2026
南华大学,能源与动力工程,080501,96,B,2026
集美大学,能源与动力工程,080501,97,B,2026
武汉科技大学,能源与动力工程,080501,97,B,2026
上海工程技术大学,能源与动力工程,080501,99,B,2026
湘潭大学,能源与动力工程,080501,100,B,2026
哈尔滨理工大学,能源与动力工程,080501,101,B,2026
东莞理工学院,能源与动力工程,080501,102,B,2026
辽宁科技大学,能源与动力工程,080501,103,B,2026
烟台大学,能源与动力工程,080501,104,B,2026
河北科技大学,能源与动力工程,080501,105,B,2026
陕西科技大学,能源与动力工程,080501,106,B,2026
浙江大学,能源与环境系统工程,080502T,1,A+,2026
山东大学,能源与环境系统工程,080502T,2,A+,2026
北京大学,能源与环境系统工程,080502T,3,B+,2026
东华大学,能源与环境系统工程,080502T,4,B+,2026
南京师范大学,能源与环境系统工程,080502T,5,B+,2026
浙江工业大学,能源与环境系统工程,080502T,6,B+,2026
沈阳航空航天大学,能源与环境系统工程,080502T,7,B,2026
西南石油大学,能源与环境系统工程,080502T,8,B,2026
浙江科技大学,能源与环境系统工程,080502T,9,B,2026
华南农业大学,能源与环境系统工程,080502T,10,B,2026
西安交通大学,新能源科学与工程,080503T,1,A+,2026
华中科技大学,新能源科学与工程,080503T,2,A+,2026
华北电力大学,新能源科学与工程,080503T,3,A+,2026
哈尔滨工业大学,新能源科学与工程,080503T,4,A,2026
重庆大学,新能源科学与工程,080503T,5,A,2026
东南大学,新能源科学与工程,080503T,6,A,2026
山东大学,新能源科学与工程,080503T,7,A,2026
中南大学,新能源科学与工程,080503T,8,A,2026
江苏大学,新能源科学与工程,080503T,9,A,2026
东北大学,新能源科学与工程,080503T,10,A,2026
北京工业大学,新能源科学与工程,080503T,11,A,2026
南京理工大学,新能源科学与工程,080503T,11,A,2026
上海理工大学,新能源科学与工程,080503T,13,A,2026
南京工业大学,新能源科学与工程,080503T,14,A,2026
北京科技大学,新能源科学与工程,080503T,15,A,2026
吉林大学,新能源科学与工程,080503T,16,A,2026
厦门大学,新能源科学与工程,080503T,17,A,2026
河北工业大学,新能源科学与工程,080503T,18,A,2026
中国石油大学（华东）,新能源科学与工程,080503T,19,B+,2026
河海大学,新能源科学与工程,080503T,20,B+,2026
东北电力大学,新能源科学与工程,080503T,21,B+,2026
西南交通大学,新能源科学与工程,080503T,22,B+,2026
中国石油大学（北京）,新能源科学与工程,080503T,22,B+,2026
中山大学,新能源科学与工程,080503T,24,B+,2026
合肥工业大学,新能源科学与工程,080503T,25,B+,2026
中国矿业大学,新能源科学与工程,080503T,26,B+,2026
深圳大学,新能源科学与工程,080503T,27,B+,2026
南开大学,新能源科学与工程,080503T,28,B+,2026
长沙理工大学,新能源科学与工程,080503T,29,B+,2026
昆明理工大学,新能源科学与工程,080503T,30,B+,2026
南京大学,新能源科学与工程,080503T,31,B+,2026
青岛科技大学,新能源科学与工程,080503T,32,B+,2026
上海电力大学,新能源科学与工程,080503T,33,B+,2026
沈阳航空航天大学,新能源科学与工程,080503T,34,B+,2026
扬州大学,新能源科学与工程,080503T,35,B+,2026
中国矿业大学（北京）,新能源科学与工程,080503T,36,B+,2026
贵州大学,新能源科学与工程,080503T,37,B+,2026
南方科技大学,新能源科学与工程,080503T,37,B+,2026
广东工业大学,新能源科学与工程,080503T,39,B+,2026
西南石油大学,新能源科学与工程,080503T,40,B+,2026
长安大学,新能源科学与工程,080503T,41,B+,2026
北方工业大学,新能源科学与工程,080503T,42,B+,2026
青岛大学,新能源科学与工程,080503T,43,B+,2026
香港中文大学（深圳）,新能源科学与工程,080503T,43,B+,2026
沈阳工业大学,新能源科学与工程,080503T,45,B+,2026
西安理工大学,新能源科学与工程,080503T,46,B+,2026
兰州理工大学,新能源科学与工程,080503T,47,B+,2026
浙江工业大学,新能源科学与工程,080503T,47,B+,2026
成都理工大学,新能源科学与工程,080503T,49,B+,2026
天津商业大学,新能源科学与工程,080503T,49,B+,2026
福建师范大学,新能源科学与工程,080503T,51,B+,2026
中国地质大学（武汉）,新能源科学与工程,080503T,52,B+,2026
东北农业大学,新能源科学与工程,080503T,53,B+,2026
天津理工大学,新能源科学与工程,080503T,54,B+,2026
中北大学,新能源科学与工程,080503T,54,B+,2026
内蒙古工业大学,新能源科学与工程,080503T,56,B+,2026
山西大学,新能源科学与工程,080503T,56,B+,2026
新疆大学,新能源科学与工程,080503T,58,B,2026
南京农业大学,新能源科学与工程,080503T,59,B,2026
中国地质大学（北京）,新能源科学与工程,080503T,59,B,2026
陕西科技大学,新能源科学与工程,080503T,61,B,2026
江苏科技大学,新能源科学与工程,080503T,62,B,2026
西安科技大学,新能源科学与工程,080503T,63,B,2026
上海电机学院,新能源科学与工程,080503T,64,B,2026
山东建筑大学,新能源科学与工程,080503T,65,B,2026
云南大学,新能源科学与工程,080503T,66,B,2026
山东科技大学,新能源科学与工程,080503T,67,B,2026
太原科技大学,新能源科学与工程,080503T,68,B,2026
江苏海洋大学,新能源科学与工程,080503T,69,B,2026
西安石油大学,新能源科学与工程,080503T,70,B,2026
石河子大学,新能源科学与工程,080503T,71,B,2026
沈阳工程学院,新能源科学与工程,080503T,72,B,2026
长江大学,新能源科学与工程,080503T,73,B,2026
南京工程学院,新能源科学与工程,080503T,74,B,2026
云南师范大学,新能源科学与工程,080503T,74,B,2026
上海第二工业大学,新能源科学与工程,080503T,76,B,2026
常州工学院,新能源科学与工程,080503T,77,B,2026
安徽理工大学,新能源科学与工程,080503T,78,B,2026
重庆理工大学,新能源科学与工程,080503T,78,B,2026
深圳技术大学,新能源科学与工程,080503T,78,B,2026
盐城工学院,新能源科学与工程,080503T,81,B,2026
兰州交通大学,新能源科学与工程,080503T,82,B,2026
苏州工学院,新能源科学与工程,080503T,83,B,2026
安徽工业大学,新能源科学与工程,080503T,84,B,2026
南昌航空大学,新能源科学与工程,080503T,85,B,2026
北京石油化工学院,新能源科学与工程,080503T,86,B,2026
北京信息科技大学,新能源科学与工程,080503T,87,B,2026
湖南工程学院,新能源科学与工程,080503T,87,B,2026
华北理工大学,新能源科学与工程,080503T,89,B,2026
江西理工大学,新能源科学与工程,080503T,89,B,2026
西安工业大学,新能源科学与工程,080503T,91,B,2026
中国民航大学,新能源科学与工程,080503T,91,B,2026
河南理工大学,新能源科学与工程,080503T,93,B,2026
辽宁工程技术大学,新能源科学与工程,080503T,93,B,2026
天津大学,储能科学与工程,080504T,1,A+,2026
西安交通大学,储能科学与工程,080504T,2,A+,2026
华中科技大学,储能科学与工程,080504T,3,A,2026
上海交通大学,储能科学与工程,080504T,3,A,2026
哈尔滨工业大学,储能科学与工程,080504T,5,A,2026
重庆大学,储能科学与工程,080504T,6,A,2026
大连理工大学,储能科学与工程,080504T,7,A,2026
华北电力大学,储能科学与工程,080504T,8,A,2026
山东大学,储能科学与工程,080504T,9,A,2026
武汉大学,储能科学与工程,080504T,10,A,2026
北京科技大学,储能科学与工程,080504T,11,B+,2026
南京理工大学,储能科学与工程,080504T,12,B+,2026
华东理工大学,储能科学与工程,080504T,13,B+,2026
南京航空航天大学,储能科学与工程,080504T,13,B+,2026
上海理工大学,储能科学与工程,080504T,15,B+,2026
中国石油大学（北京）,储能科学与工程,080504T,15,B+,2026
厦门大学,储能科学与工程,080504T,17,B+,2026
江苏大学,储能科学与工程,080504T,18,B+,2026
中国石油大学（华东）,储能科学与工程,080504T,19,B+,2026
南京工业大学,储能科学与工程,080504T,20,B+,2026
武汉理工大学,储能科学与工程,080504T,21,B+,2026
中国矿业大学,储能科学与工程,080504T,21,B+,2026
河北工业大学,储能科学与工程,080504T,23,B+,2026
湖南大学,储能科学与工程,080504T,24,B+,2026
东北电力大学,储能科学与工程,080504T,25,B+,2026
上海电力大学,储能科学与工程,080504T,26,B+,2026
青岛科技大学,储能科学与工程,080504T,27,B+,2026
西安理工大学,储能科学与工程,080504T,28,B+,2026
长沙理工大学,储能科学与工程,080504T,29,B+,2026
福州大学,储能科学与工程,080504T,30,B+,2026
三峡大学,储能科学与工程,080504T,31,B,2026
武汉科技大学,储能科学与工程,080504T,32,B,2026
常州大学,储能科学与工程,080504T,33,B,2026
昆明理工大学,储能科学与工程,080504T,34,B,2026
西南石油大学,储能科学与工程,080504T,35,B,2026
北方工业大学,储能科学与工程,080504T,36,B,2026
陕西科技大学,储能科学与工程,080504T,37,B,2026
山东科技大学,储能科学与工程,080504T,38,B,2026
中国地质大学（北京）,储能科学与工程,080504T,39,B,2026
福建师范大学,储能科学与工程,080504T,40,B,2026
青海大学,储能科学与工程,080504T,41,B,2026
西安科技大学,储能科学与工程,080504T,41,B,2026
南京工程学院,储能科学与工程,080504T,43,B,2026
西安建筑科技大学,储能科学与工程,080504T,43,B,2026
长江大学,储能科学与工程,080504T,45,B,2026
石河子大学,储能科学与工程,080504T,45,B,2026
重庆理工大学,储能科学与工程,080504T,47,B,2026
西南科技大学,储能科学与工程,080504T,47,B,2026
西安石油大学,储能科学与工程,080504T,49,B,2026
哈尔滨理工大学,储能科学与工程,080504T,50,B,2026
安徽理工大学,储能科学与工程,080504T,51,B,2026
南京师范大学,能源服务工程,080505T,1,A+,2026
上海电力大学,能源服务工程,080505T,2,A+,2026
西安交通大学,电气工程及其自动化,080601,1,A+,2026
清华大学,电气工程及其自动化,080601,2,A+,2026
华中科技大学,电气工程及其自动化,080601,3,A+,2026
哈尔滨工业大学,电气工程及其自动化,080601,4,A+,2026
浙江大学,电气工程及其自动化,080601,5,A+,2026
华北电力大学,电气工程及其自动化,080601,6,A+,2026
重庆大学,电气工程及其自动化,080601,7,A+,2026
天津大学,电气工程及其自动化,080601,8,A+,2026
西南交通大学,电气工程及其自动化,080601,9,A+,2026
东南大学,电气工程及其自动化,080601,10,A+,2026
上海交通大学,电气工程及其自动化,080601,11,A+,2026
湖南大学,电气工程及其自动化,080601,12,A+,2026
武汉大学,电气工程及其自动化,080601,13,A,2026
山东大学,电气工程及其自动化,080601,14,A,2026
华南理工大学,电气工程及其自动化,080601,15,A,2026
西北工业大学,电气工程及其自动化,080601,16,A,2026
四川大学,电气工程及其自动化,080601,17,A,2026
南京航空航天大学,电气工程及其自动化,080601,18,A,2026
北京交通大学,电气工程及其自动化,080601,19,A,2026
河北工业大学,电气工程及其自动化,080601,20,A,2026
大连理工大学,电气工程及其自动化,080601,21,A,2026
上海电力大学,电气工程及其自动化,080601,22,A,2026
东北电力大学,电气工程及其自动化,080601,23,A,2026
长沙理工大学,电气工程及其自动化,080601,24,A,2026
南京理工大学,电气工程及其自动化,080601,25,A,2026
三峡大学,电气工程及其自动化,080601,26,A,2026
合肥工业大学,电气工程及其自动化,080601,27,A,2026
同济大学,电气工程及其自动化,080601,28,A,2026
哈尔滨理工大学,电气工程及其自动化,080601,29,A,2026
中南大学,电气工程及其自动化,080601,30,A,2026
吉林大学,电气工程及其自动化,080601,31,A,2026
中国矿业大学,电气工程及其自动化,080601,32,A,2026
东北大学,电气工程及其自动化,080601,33,A,2026
广西大学,电气工程及其自动化,080601,34,A,2026
河海大学,电气工程及其自动化,080601,35,A,2026
福州大学,电气工程及其自动化,080601,36,A,2026
武汉理工大学,电气工程及其自动化,080601,37,A,2026
北京理工大学,电气工程及其自动化,080601,38,A,2026
南京师范大学,电气工程及其自动化,080601,39,A,2026
太原理工大学,电气工程及其自动化,080601,40,A,2026
沈阳工业大学,电气工程及其自动化,080601,41,A,2026
青岛大学,电气工程及其自动化,080601,42,A,2026
昆明理工大学,电气工程及其自动化,080601,43,A,2026
北京航空航天大学,电气工程及其自动化,080601,44,A,2026
电子科技大学,电气工程及其自动化,080601,45,A,2026
南京工业大学,电气工程及其自动化,080601,46,A,2026
燕山大学,电气工程及其自动化,080601,47,A,2026
中国石油大学（华东）,电气工程及其自动化,080601,48,A,2026
江苏大学,电气工程及其自动化,080601,49,A,2026
安徽大学,电气工程及其自动化,080601,50,A,2026
南昌大学,电气工程及其自动化,080601,50,A,2026
西安电子科技大学,电气工程及其自动化,080601,50,A,2026
西安理工大学,电气工程及其自动化,080601,50,A,2026
哈尔滨工程大学,电气工程及其自动化,080601,54,A,2026
兰州交通大学,电气工程及其自动化,080601,55,A,2026
上海大学,电气工程及其自动化,080601,55,A,2026
南京邮电大学,电气工程及其自动化,080601,57,A,2026
中国农业大学,电气工程及其自动化,080601,58,A,2026
广东工业大学,电气工程及其自动化,080601,59,A,2026
新疆大学,电气工程及其自动化,080601,60,A,2026
苏州大学,电气工程及其自动化,080601,61,B+,2026
郑州轻工业大学,电气工程及其自动化,080601,62,B+,2026
贵州大学,电气工程及其自动化,080601,63,B+,2026
浙江工业大学,电气工程及其自动化,080601,64,B+,2026
郑州大学,电气工程及其自动化,080601,64,B+,2026
温州大学,电气工程及其自动化,080601,66,B+,2026
大连海事大学,电气工程及其自动化,080601,67,B+,2026
湖北工业大学,电气工程及其自动化,080601,68,B+,2026
南通大学,电气工程及其自动化,080601,69,B+,2026
杭州电子科技大学,电气工程及其自动化,080601,70,B+,2026
天津理工大学,电气工程及其自动化,080601,71,B+,2026
中国矿业大学（北京）,电气工程及其自动化,080601,71,B+,2026
华东理工大学,电气工程及其自动化,080601,73,B+,2026
厦门大学,电气工程及其自动化,080601,73,B+,2026
江南大学,电气工程及其自动化,080601,75,B+,2026
山东科技大学,电气工程及其自动化,080601,76,B+,2026
天津工业大学,电气工程及其自动化,080601,77,B+,2026
南京工程学院,电气工程及其自动化,080601,78,B+,2026
青海大学,电气工程及其自动化,080601,79,B+,2026
山东理工大学,电气工程及其自动化,080601,80,B+,2026
西南大学,电气工程及其自动化,080601,80,B+,2026
长安大学,电气工程及其自动化,080601,82,B+,2026
石家庄铁道大学,电气工程及其自动化,080601,82,B+,2026
西南石油大学,电气工程及其自动化,080601,82,B+,2026
中国计量大学,电气工程及其自动化,080601,85,B+,2026
北方工业大学,电气工程及其自动化,080601,86,B+,2026
上海理工大学,电气工程及其自动化,080601,87,B+,2026
暨南大学,电气工程及其自动化,080601,88,B+,2026
扬州大学,电气工程及其自动化,080601,89,B+,2026
重庆邮电大学,电气工程及其自动化,080601,90,B+,2026
宁夏大学,电气工程及其自动化,080601,90,B+,2026
安徽理工大学,电气工程及其自动化,080601,92,B+,2026
武汉科技大学,电气工程及其自动化,080601,92,B+,2026
华东交通大学,电气工程及其自动化,080601,94,B+,2026
山西大学,电气工程及其自动化,080601,95,B+,2026
湖南科技大学,电气工程及其自动化,080601,96,B+,2026
上海海事大学,电气工程及其自动化,080601,96,B+,2026
东华大学,电气工程及其自动化,080601,98,B+,2026
浙江科技大学,电气工程及其自动化,080601,98,B+,2026
东北石油大学,电气工程及其自动化,080601,100,B+,2026
华侨大学,电气工程及其自动化,080601,100,B+,2026
南京信息工程大学,电气工程及其自动化,080601,102,B+,2026
陕西科技大学,电气工程及其自动化,080601,102,B+,2026
成都理工大学,电气工程及其自动化,080601,104,B+,2026
武汉工程大学,电气工程及其自动化,080601,104,B+,2026
兰州理工大学,电气工程及其自动化,080601,106,B+,2026
西安科技大学,电气工程及其自动化,080601,106,B+,2026
安徽工业大学,电气工程及其自动化,080601,108,B+,2026
北京林业大学,电气工程及其自动化,080601,108,B+,2026
辽宁工程技术大学,电气工程及其自动化,080601,108,B+,2026
上海海洋大学,电气工程及其自动化,080601,108,B+,2026
石河子大学,电气工程及其自动化,080601,108,B+,2026
厦门理工学院,电气工程及其自动化,080601,113,B+,2026
西华大学,电气工程及其自动化,080601,113,B+,2026
广州大学,电气工程及其自动化,080601,115,B+,2026
上海电机学院,电气工程及其自动化,080601,116,B+,2026
桂林电子科技大学,电气工程及其自动化,080601,117,B+,2026
江苏科技大学,电气工程及其自动化,080601,118,B+,2026
西安工程大学,电气工程及其自动化,080601,119,B+,2026
东北农业大学,电气工程及其自动化,080601,120,B+,2026
内蒙古工业大学,电气工程及其自动化,080601,120,B+,2026
南华大学,电气工程及其自动化,080601,122,B+,2026
沈阳工程学院,电气工程及其自动化,080601,122,B+,2026
北京信息科技大学,电气工程及其自动化,080601,124,B+,2026
东北林业大学,电气工程及其自动化,080601,125,B+,2026
宁波大学,电气工程及其自动化,080601,125,B+,2026
福建理工大学,电气工程及其自动化,080601,127,B+,2026
青岛理工大学,电气工程及其自动化,080601,127,B+,2026
中国地质大学（北京）,电气工程及其自动化,080601,127,B+,2026
河南理工大学,电气工程及其自动化,080601,130,B+,2026
青岛科技大学,电气工程及其自动化,080601,130,B+,2026
山东建筑大学,电气工程及其自动化,080601,130,B+,2026
湖南工业大学,电气工程及其自动化,080601,133,B+,2026
南京林业大学,电气工程及其自动化,080601,133,B+,2026
重庆科技大学,电气工程及其自动化,080601,135,B+,2026
西安石油大学,电气工程及其自动化,080601,136,B+,2026
长春工程学院,电气工程及其自动化,080601,137,B+,2026
湖南工程学院,电气工程及其自动化,080601,137,B+,2026
武汉纺织大学,电气工程及其自动化,080601,137,B+,2026
西安工业大学,电气工程及其自动化,080601,140,B+,2026
佛山大学,电气工程及其自动化,080601,141,B+,2026
华南农业大学,电气工程及其自动化,080601,142,B+,2026
常州大学,电气工程及其自动化,080601,143,B+,2026
河北大学,电气工程及其自动化,080601,144,B+,2026
河南科技大学,电气工程及其自动化,080601,144,B+,2026
沈阳农业大学,电气工程及其自动化,080601,144,B+,2026
宁波诺丁汉大学,电气工程及其自动化,080601,147,B+,2026
常州工学院,电气工程及其自动化,080601,148,B+,2026
大连交通大学,电气工程及其自动化,080601,148,B+,2026
安徽农业大学,电气工程及其自动化,080601,150,B+,2026
沈阳化工大学,电气工程及其自动化,080601,150,B+,2026
黑龙江科技大学,电气工程及其自动化,080601,152,B+,2026
上海工程技术大学,电气工程及其自动化,080601,152,B+,2026
长春工业大学,电气工程及其自动化,080601,154,B+,2026
太原科技大学,电气工程及其自动化,080601,154,B+,2026
广东石油化工学院,电气工程及其自动化,080601,156,B+,2026
中北大学,电气工程及其自动化,080601,156,B+,2026
江西理工大学,电气工程及其自动化,080601,158,B+,2026
北华大学,电气工程及其自动化,080601,159,B+,2026
北京建筑大学,电气工程及其自动化,080601,160,B+,2026
重庆交通大学,电气工程及其自动化,080601,160,B+,2026
西安建筑科技大学,电气工程及其自动化,080601,160,B+,2026
华北水利水电大学,电气工程及其自动化,080601,163,B+,2026
辽宁工业大学,电气工程及其自动化,080601,163,B+,2026
西北农林科技大学,电气工程及其自动化,080601,165,B+,2026
辽宁石油化工大学,电气工程及其自动化,080601,166,B+,2026
沈阳建筑大学,电气工程及其自动化,080601,166,B+,2026
北京石油化工学院,电气工程及其自动化,080601,168,B+,2026
西安邮电大学,电气工程及其自动化,080601,168,B+,2026
集美大学,电气工程及其自动化,080601,170,B+,2026
江苏海洋大学,电气工程及其自动化,080601,171,B+,2026
上海应用技术大学,电气工程及其自动化,080601,172,B+,2026
河北科技大学,电气工程及其自动化,080601,173,B+,2026
长江大学,电气工程及其自动化,080601,174,B+,2026
重庆理工大学,电气工程及其自动化,080601,174,B+,2026
苏州科技大学,电气工程及其自动化,080601,176,B+,2026
天津科技大学,电气工程及其自动化,080601,177,B+,2026
盐城工学院,电气工程及其自动化,080601,177,B+,2026
曲阜师范大学,电气工程及其自动化,080601,179,B+,2026
成都大学,电气工程及其自动化,080601,180,B+,2026
辽宁科技大学,电气工程及其自动化,080601,180,B+,2026
西南民族大学,电气工程及其自动化,080601,180,B+,2026
成都信息工程大学,电气工程及其自动化,080601,183,B,2026
江苏师范大学,电气工程及其自动化,080601,184,B,2026
南昌航空大学,电气工程及其自动化,080601,185,B,2026
四川轻化工大学,电气工程及其自动化,080601,185,B,2026
西交利物浦大学,电气工程及其自动化,080601,187,B,2026
齐鲁工业大学,电气工程及其自动化,080601,188,B,2026
辽宁大学,电气工程及其自动化,080601,189,B,2026
陕西理工大学,电气工程及其自动化,080601,189,B,2026
天津城建大学,电气工程及其自动化,080601,189,B,2026
西南科技大学,电气工程及其自动化,080601,192,B,2026
中国民用航空飞行学院,电气工程及其自动化,080601,193,B,2026
济南大学,电气工程及其自动化,080601,194,B,2026
贵州师范大学,电气工程及其自动化,080601,195,B,2026
四川农业大学,电气工程及其自动化,080601,195,B,2026
广东技术师范大学,电气工程及其自动化,080601,197,B,2026
湖北民族大学,电气工程及其自动化,080601,197,B,2026
中国民航大学,电气工程及其自动化,080601,197,B,2026
北京工商大学,电气工程及其自动化,080601,200,B,2026
四川师范大学,电气工程及其自动化,080601,201,B,2026
安徽工程大学,电气工程及其自动化,080601,202,B,2026
长春理工大学,电气工程及其自动化,080601,203,B,2026
郑州航空工业管理学院,电气工程及其自动化,080601,203,B,2026
东莞理工学院,电气工程及其自动化,080601,205,B,2026
无锡学院,电气工程及其自动化,080601,205,B,2026
渤海大学,电气工程及其自动化,080601,207,B,2026
河北农业大学,电气工程及其自动化,080601,208,B,2026
湖北汽车工业学院,电气工程及其自动化,080601,208,B,2026
云南民族大学,电气工程及其自动化,080601,208,B,2026
黑龙江工程学院,电气工程及其自动化,080601,211,B,2026
江西水利电力大学,电气工程及其自动化,080601,211,B,2026
嘉兴大学,电气工程及其自动化,080601,211,B,2026
武汉轻工大学,电气工程及其自动化,080601,211,B,2026
浙江水利水电学院,电气工程及其自动化,080601,215,B,2026
华北理工大学,电气工程及其自动化,080601,216,B,2026
苏州工学院,电气工程及其自动化,080601,216,B,2026
河南工业大学,电气工程及其自动化,080601,218,B,2026
河南科技学院,电气工程及其自动化,080601,218,B,2026
湖南理工大学,电气工程及其自动化,080601,220,B,2026
洛阳理工学院,电气工程及其自动化,080601,221,B,2026
山东农业大学,电气工程及其自动化,080601,221,B,2026
淮安大学,电气工程及其自动化,080601,223,B,2026
湖北理工学院,电气工程及其自动化,080601,223,B,2026
安徽建筑大学,电气工程及其自动化,080601,225,B,2026
湖北师范大学,电气工程及其自动化,080601,226,B,2026
湖州师范大学,电气工程及其自动化,080601,227,B,2026
合肥师范学院,电气工程及其自动化,080601,228,B,2026
吉林建筑大学,电气工程及其自动化,080601,228,B,2026
西藏农牧大学,电气工程及其自动化,080601,228,B,2026
福建农林大学,电气工程及其自动化,080601,231,B,2026
临沂大学,电气工程及其自动化,080601,231,B,2026
台州学院,电气工程及其自动化,080601,231,B,2026
河南师范大学,电气工程及其自动化,080601,234,B,2026
佳木斯大学,电气工程及其自动化,080601,234,B,2026
山西大同大学,电气工程及其自动化,080601,234,B,2026
广西科技大学,电气工程及其自动化,080601,237,B,2026
沈阳理工大学,电气工程及其自动化,080601,237,B,2026
许昌学院,电气工程及其自动化,080601,239,B,2026
河北师范大学,电气工程及其自动化,080601,240,B,2026
北京联合大学,电气工程及其自动化,080601,241,B,2026
湖州学院,电气工程及其自动化,080601,241,B,2026
黑龙江大学,电气工程及其自动化,080601,243,B,2026
闽江大学,电气工程及其自动化,080601,243,B,2026
青岛农业大学,电气工程及其自动化,080601,243,B,2026
衢州学院,电气工程及其自动化,080601,243,B,2026
北方民族大学,电气工程及其自动化,080601,247,B,2026
鲁东大学,电气工程及其自动化,080601,247,B,2026
长沙学院,电气工程及其自动化,080601,249,B,2026
嘉兴南湖学院,电气工程及其自动化,080601,249,B,2026
五邑大学,电气工程及其自动化,080601,249,B,2026
浙大宁波理工学院,电气工程及其自动化,080601,249,B,2026
成都工业学院,电气工程及其自动化,080601,253,B,2026
重庆文理学院,电气工程及其自动化,080601,253,B,2026
大理大学,电气工程及其自动化,080601,253,B,2026
邵阳学院,电气工程及其自动化,080601,256,B,2026
安徽科技工程大学,电气工程及其自动化,080601,257,B,2026
广东海洋大学,电气工程及其自动化,080601,257,B,2026
河北建筑工程学院,电气工程及其自动化,080601,257,B,2026
内蒙古农业大学,电气工程及其自动化,080601,257,B,2026
云南农业大学,电气工程及其自动化,080601,261,B,2026
塔里木大学,电气工程及其自动化,080601,262,B,2026
榆林大学,电气工程及其自动化,080601,262,B,2026
河西学院,电气工程及其自动化,080601,264,B,2026
山东交通学院,电气工程及其自动化,080601,264,B,2026
徐州工程学院,电气工程及其自动化,080601,264,B,2026
浙江海洋大学,电气工程及其自动化,080601,264,B,2026
湖北科技学院,电气工程及其自动化,080601,268,B,2026
黑龙江八一农垦大学,电气工程及其自动化,080601,269,B,2026
湖北大学,电气工程及其自动化,080601,269,B,2026
山东石油化工学院,电气工程及其自动化,080601,269,B,2026
西北师范大学,电气工程及其自动化,080601,269,B,2026
惠州学院,电气工程及其自动化,080601,273,B,2026
内蒙古科技大学,电气工程及其自动化,080601,273,B,2026
攀枝花学院,电气工程及其自动化,080601,273,B,2026
长春大学,电气工程及其自动化,080601,276,B,2026
河南工程学院,电气工程及其自动化,080601,276,B,2026
河北工程大学,电气工程及其自动化,080601,278,B,2026
金陵科技学院,电气工程及其自动化,080601,278,B,2026
宁波工程学院,电气工程及其自动化,080601,280,B,2026
江苏理工学院,电气工程及其自动化,080601,281,B,2026
苏州城市学院,电气工程及其自动化,080601,281,B,2026
河北水利电力学院,电气工程及其自动化,080601,283,B,2026
龙岩学院,电气工程及其自动化,080601,283,B,2026
湖南城市学院,电气工程及其自动化,080601,285,B,2026
天津职业技术师范大学,电气工程及其自动化,080601,285,B,2026
石家庄学院,电气工程及其自动化,080601,287,B,2026
山西农业大学,电气工程及其自动化,080601,288,B,2026
浙江万里学院,电气工程及其自动化,080601,288,B,2026
荆楚理工学院,电气工程及其自动化,080601,290,B,2026
六盘水师范学院,电气工程及其自动化,080601,291,B,2026
山西能源学院,电气工程及其自动化,080601,291,B,2026
湘南学院,电气工程及其自动化,080601,291,B,2026
铜陵学院,电气工程及其自动化,080601,294,B,2026
吉林化工大学,电气工程及其自动化,080601,295,B,2026
仲恺农业工程学院,电气工程及其自动化,080601,295,B,2026
巢湖学院,电气工程及其自动化,080601,297,B,2026
重庆三峡科技大学,电气工程及其自动化,080601,297,B,2026
洛阳师范学院,电气工程及其自动化,080601,297,B,2026
宁夏师范大学,电气工程及其自动化,080601,297,B,2026
盐城师范学院,电气工程及其自动化,080601,301,B,2026
淮南师范学院,电气工程及其自动化,080601,302,B,2026
唐山学院,电气工程及其自动化,080601,302,B,2026
温州理工学院,电气工程及其自动化,080601,302,B,2026
华北电力大学,智能电网信息工程,080602T,1,A+,2026
天津大学,智能电网信息工程,080602T,2,A+,2026
南京理工大学,智能电网信息工程,080602T,3,A,2026
电子科技大学,智能电网信息工程,080602T,4,A,2026
东北电力大学,智能电网信息工程,080602T,5,A,2026
南京邮电大学,智能电网信息工程,080602T,6,B+,2026
三峡大学,智能电网信息工程,080602T,7,B+,2026
长沙理工大学,智能电网信息工程,080602T,8,B+,2026
福州大学,智能电网信息工程,080602T,9,B+,2026
西安理工大学,智能电网信息工程,080602T,10,B+,2026
南京工程学院,智能电网信息工程,080602T,11,B+,2026
辽宁工程技术大学,智能电网信息工程,080602T,12,B+,2026
厦门理工学院,智能电网信息工程,080602T,13,B+,2026
山东理工大学,智能电网信息工程,080602T,14,B+,2026
郑州轻工业大学,智能电网信息工程,080602T,15,B+,2026
重庆科技大学,智能电网信息工程,080602T,16,B+,2026
沈阳工程学院,智能电网信息工程,080602T,17,B+,2026
湖南工业大学,智能电网信息工程,080602T,18,B,2026
内蒙古工业大学,智能电网信息工程,080602T,18,B,2026
长春工程学院,智能电网信息工程,080602T,20,B,2026
广东技术师范大学,智能电网信息工程,080602T,20,B,2026
辽宁工业大学,智能电网信息工程,080602T,20,B,2026
江西水利电力大学,智能电网信息工程,080602T,23,B,2026
湖北汽车工业学院,智能电网信息工程,080602T,24,B,2026
浙江水利水电学院,智能电网信息工程,080602T,25,B,2026
重庆文理学院,智能电网信息工程,080602T,26,B,2026
许昌学院,智能电网信息工程,080602T,27,B,2026
岭南师范学院,智能电网信息工程,080602T,28,B,2026
大连工业大学,光源与照明,080603T,1,A+,2026
佛山大学,光源与照明,080603T,2,A+,2026
深圳技术大学,光源与照明,080603T,3,B,2026
合肥工业大学,电气工程与智能控制,080604T,1,A+,2026
哈尔滨理工大学,电气工程与智能控制,080604T,2,A+,2026
沈阳工业大学,电气工程与智能控制,080604T,3,A,2026
西安理工大学,电气工程与智能控制,080604T,4,A,2026
南京工程学院,电气工程与智能控制,080604T,5,A,2026
苏州大学,电气工程与智能控制,080604T,6,A,2026
沈阳工程学院,电气工程与智能控制,080604T,7,B+,2026
中北大学,电气工程与智能控制,080604T,8,B+,2026
辽宁工程技术大学,电气工程与智能控制,080604T,9,B+,2026
西南石油大学,电气工程与智能控制,080604T,10,B+,2026
山东科技大学,电气工程与智能控制,080604T,11,B+,2026
上海电机学院,电气工程与智能控制,080604T,12,B+,2026
福建理工大学,电气工程与智能控制,080604T,13,B+,2026
青岛理工大学,电气工程与智能控制,080604T,14,B+,2026
黑龙江科技大学,电气工程与智能控制,080604T,15,B+,2026
北华航天工业学院,电气工程与智能控制,080604T,16,B+,2026
苏州城市学院,电气工程与智能控制,080604T,17,B+,2026
天津中德应用技术大学,电气工程与智能控制,080604T,18,B+,2026
攀枝花学院,电气工程与智能控制,080604T,19,B,2026
泉州师范学院,电气工程与智能控制,080604T,20,B,2026
郑州工程技术学院,电气工程与智能控制,080604T,20,B,2026
昌吉学院,电气工程与智能控制,080604T,22,B,2026
太原工业学院,电气工程与智能控制,080604T,22,B,2026
湖南工学院,电气工程与智能控制,080604T,24,B,2026
山西能源学院,电气工程与智能控制,080604T,25,B,2026
太原学院,电气工程与智能控制,080604T,26,B,2026
周口师范学院,电气工程与智能控制,080604T,27,B,2026
河北水利电力学院,电气工程与智能控制,080604T,28,B,2026
渭南师范学院,电气工程与智能控制,080604T,29,B,2026
亳州学院,电气工程与智能控制,080604T,30,B,2026
兰州文理学院,电气工程与智能控制,080604T,31,B,2026
新疆工程学院,电气工程与智能控制,080604T,31,B,2026
上海电机学院,电机电器智能化,080605T,1,A+,2026
临沂大学,电机电器智能化,080605T,2,A+,2026
河南工学院,电缆工程,080606T,,,2026
西安交通大学,能源互联网工程,080607T,1,A+,2026
哈尔滨工业大学,能源互联网工程,080607T,2,A+,2026
上海电力大学,能源互联网工程,080607T,3,B,2026
太原理工大学,能源互联网工程,080607T,4,B,2026
东南大学,电动载运工程,080609T,,,2026
西安电子科技大学,电子信息工程,080701,1,A+,2026
北京理工大学,电子信息工程,080701,2,A+,2026
北京航空航天大学,电子信息工程,080701,3,A+,2026
电子科技大学,电子信息工程,080701,4,A+,2026
哈尔滨工业大学,电子信息工程,080701,5,A+,2026
浙江大学,电子信息工程,080701,6,A+,2026
中国科学技术大学,电子信息工程,080701,7,A+,2026
清华大学,电子信息工程,080701,8,A+,2026
华中科技大学,电子信息工程,080701,9,A+,2026
北京邮电大学,电子信息工程,080701,10,A+,2026
大连理工大学,电子信息工程,080701,11,A+,2026
重庆大学,电子信息工程,080701,12,A+,2026
杭州电子科技大学,电子信息工程,080701,13,A+,2026
西北工业大学,电子信息工程,080701,14,A,2026
武汉大学,电子信息工程,080701,15,A,2026
南京邮电大学,电子信息工程,080701,16,A,2026
北京大学,电子信息工程,080701,17,A,2026
哈尔滨工程大学,电子信息工程,080701,18,A,2026
南京理工大学,电子信息工程,080701,19,A,2026
天津大学,电子信息工程,080701,20,A,2026
西南交通大学,电子信息工程,080701,20,A,2026
深圳大学,电子信息工程,080701,22,A,2026
上海大学,电子信息工程,080701,23,A,2026
厦门大学,电子信息工程,080701,23,A,2026
四川大学,电子信息工程,080701,25,A,2026
南京信息工程大学,电子信息工程,080701,26,A,2026
中山大学,电子信息工程,080701,27,A,2026
武汉理工大学,电子信息工程,080701,28,A,2026
湖南大学,电子信息工程,080701,29,A,2026
合肥工业大学,电子信息工程,080701,30,A,2026
重庆邮电大学,电子信息工程,080701,31,A,2026
北京工业大学,电子信息工程,080701,32,A,2026
东北大学,电子信息工程,080701,32,A,2026
苏州大学,电子信息工程,080701,34,A,2026
安徽大学,电子信息工程,080701,35,A,2026
上海科技大学,电子信息工程,080701,36,A,2026
中国传媒大学,电子信息工程,080701,37,A,2026
河海大学,电子信息工程,080701,38,A,2026
中国矿业大学,电子信息工程,080701,39,A,2026
桂林电子科技大学,电子信息工程,080701,40,A,2026
中国石油大学（华东）,电子信息工程,080701,41,A,2026
大连海事大学,电子信息工程,080701,42,A,2026
河北工业大学,电子信息工程,080701,43,A,2026
西安邮电大学,电子信息工程,080701,44,A,2026
暨南大学,电子信息工程,080701,45,A,2026
广东工业大学,电子信息工程,080701,46,A,2026
中南大学,电子信息工程,080701,47,A,2026
中国地质大学（武汉）,电子信息工程,080701,48,A,2026
西北大学,电子信息工程,080701,49,A,2026
长春理工大学,电子信息工程,080701,50,A,2026
成都信息工程大学,电子信息工程,080701,51,A,2026
北京信息科技大学,电子信息工程,080701,52,A,2026
郑州大学,电子信息工程,080701,53,A,2026
南通大学,电子信息工程,080701,54,A,2026
沈阳航空航天大学,电子信息工程,080701,55,A,2026
南昌大学,电子信息工程,080701,56,A,2026
汕头大学,电子信息工程,080701,57,A,2026
中北大学,电子信息工程,080701,58,A,2026
中国农业大学,电子信息工程,080701,58,A,2026
太原理工大学,电子信息工程,080701,60,A,2026
中国海洋大学,电子信息工程,080701,61,A,2026
长安大学,电子信息工程,080701,62,A,2026
海南大学,电子信息工程,080701,63,A,2026
燕山大学,电子信息工程,080701,64,A,2026
青岛大学,电子信息工程,080701,65,A,2026
湖南师范大学,电子信息工程,080701,66,A,2026
北京电子科技学院,电子信息工程,080701,67,A,2026
山东科技大学,电子信息工程,080701,67,A,2026
南京师范大学,电子信息工程,080701,69,B+,2026
云南大学,电子信息工程,080701,70,B+,2026
东华大学,电子信息工程,080701,71,B+,2026
华北电力大学,电子信息工程,080701,71,B+,2026
华南师范大学,电子信息工程,080701,71,B+,2026
天津工业大学,电子信息工程,080701,71,B+,2026
广州大学,电子信息工程,080701,75,B+,2026
首都师范大学,电子信息工程,080701,76,B+,2026
福州大学,电子信息工程,080701,77,B+,2026
天津理工大学,电子信息工程,080701,78,B+,2026
西南大学,电子信息工程,080701,79,B+,2026
北京化工大学,电子信息工程,080701,80,B+,2026
上海理工大学,电子信息工程,080701,81,B+,2026
长江大学,电子信息工程,080701,82,B+,2026
中国民航大学,电子信息工程,080701,83,B+,2026
南京林业大学,电子信息工程,080701,84,B+,2026
上海电力大学,电子信息工程,080701,84,B+,2026
西安工业大学,电子信息工程,080701,86,B+,2026
东莞理工学院,电子信息工程,080701,87,B+,2026
新疆大学,电子信息工程,080701,88,B+,2026
东北电力大学,电子信息工程,080701,89,B+,2026
宁夏大学,电子信息工程,080701,89,B+,2026
浙江理工大学,电子信息工程,080701,89,B+,2026
贵州大学,电子信息工程,080701,92,B+,2026
西安科技大学,电子信息工程,080701,92,B+,2026
北方工业大学,电子信息工程,080701,94,B+,2026
扬州大学,电子信息工程,080701,94,B+,2026
中国地质大学（北京）,电子信息工程,080701,94,B+,2026
内蒙古工业大学,电子信息工程,080701,97,B+,2026
长沙理工大学,电子信息工程,080701,98,B+,2026
湘潭大学,电子信息工程,080701,98,B+,2026
中国石油大学（北京）,电子信息工程,080701,98,B+,2026
华南农业大学,电子信息工程,080701,101,B+,2026
南京工业大学,电子信息工程,080701,101,B+,2026
上海师范大学,电子信息工程,080701,101,B+,2026
湖南理工大学,电子信息工程,080701,104,B+,2026
广西大学,电子信息工程,080701,105,B+,2026
西北农林科技大学,电子信息工程,080701,105,B+,2026
江苏大学,电子信息工程,080701,107,B+,2026
陕西科技大学,电子信息工程,080701,107,B+,2026
武汉科技大学,电子信息工程,080701,109,B+,2026
东北石油大学,电子信息工程,080701,110,B+,2026
青岛理工大学,电子信息工程,080701,111,B+,2026
华北理工大学,电子信息工程,080701,112,B+,2026
江苏科技大学,电子信息工程,080701,112,B+,2026
中央民族大学,电子信息工程,080701,112,B+,2026
昆明理工大学,电子信息工程,080701,115,B+,2026
南华大学,电子信息工程,080701,115,B+,2026
湖北工业大学,电子信息工程,080701,117,B+,2026
西南科技大学,电子信息工程,080701,118,B+,2026
山东师范大学,电子信息工程,080701,119,B+,2026
东北林业大学,电子信息工程,080701,120,B+,2026
浙江工商大学,电子信息工程,080701,120,B+,2026
浙江师范大学,电子信息工程,080701,122,B+,2026
安徽师范大学,电子信息工程,080701,123,B+,2026
西安理工大学,电子信息工程,080701,123,B+,2026
集美大学,电子信息工程,080701,125,B+,2026
苏州科技大学,电子信息工程,080701,125,B+,2026
西安工程大学,电子信息工程,080701,125,B+,2026
安徽理工大学,电子信息工程,080701,128,B+,2026
成都理工大学,电子信息工程,080701,128,B+,2026
重庆理工大学,电子信息工程,080701,130,B+,2026
河南工业大学,电子信息工程,080701,130,B+,2026
四川师范大学,电子信息工程,080701,130,B+,2026
山西大学,电子信息工程,080701,133,B+,2026
常州大学,电子信息工程,080701,134,B+,2026
中南民族大学,电子信息工程,080701,134,B+,2026
浙江农林大学,电子信息工程,080701,136,B+,2026
哈尔滨理工大学,电子信息工程,080701,137,B+,2026
厦门理工学院,电子信息工程,080701,137,B+,2026
南京工程学院,电子信息工程,080701,139,B+,2026
武汉纺织大学,电子信息工程,080701,139,B+,2026
山东理工大学,电子信息工程,080701,141,B+,2026
东华理工大学,电子信息工程,080701,142,B+,2026
沈阳工业大学,电子信息工程,080701,142,B+,2026
安徽建筑大学,电子信息工程,080701,144,B+,2026
黑龙江大学,电子信息工程,080701,144,B+,2026
西南民族大学,电子信息工程,080701,144,B+,2026
南昌航空大学,电子信息工程,080701,147,B+,2026
安徽工程大学,电子信息工程,080701,148,B+,2026
合肥大学,电子信息工程,080701,148,B+,2026
石家庄铁道大学,电子信息工程,080701,148,B+,2026
杭州师范大学,电子信息工程,080701,151,B+,2026
华东交通大学,电子信息工程,080701,151,B+,2026
成都大学,电子信息工程,080701,153,B+,2026
齐鲁工业大学,电子信息工程,080701,154,B+,2026
大连民族大学,电子信息工程,080701,155,B+,2026
嘉兴大学,电子信息工程,080701,155,B+,2026
河北师范大学,电子信息工程,080701,157,B+,2026
河南科技大学,电子信息工程,080701,157,B+,2026
延边大学,电子信息工程,080701,159,B+,2026
常州工学院,电子信息工程,080701,160,B+,2026
江西师范大学,电子信息工程,080701,160,B+,2026
重庆交通大学,电子信息工程,080701,162,B+,2026
江苏理工学院,电子信息工程,080701,163,B+,2026
中国计量大学,电子信息工程,080701,163,B+,2026
中原工学院,电子信息工程,080701,165,B+,2026
湖南科技大学,电子信息工程,080701,166,B+,2026
曲阜师范大学,电子信息工程,080701,167,B+,2026
上海工程技术大学,电子信息工程,080701,167,B+,2026
安徽工业大学,电子信息工程,080701,169,B+,2026
河南农业大学,电子信息工程,080701,170,B+,2026
郑州轻工业大学,电子信息工程,080701,171,B+,2026
石河子大学,电子信息工程,080701,172,B+,2026
河北工程大学,电子信息工程,080701,173,B+,2026
长春工业大学,电子信息工程,080701,174,B+,2026
福建师范大学,电子信息工程,080701,175,B+,2026
苏州工学院,电子信息工程,080701,175,B+,2026
江西理工大学,电子信息工程,080701,177,B+,2026
五邑大学,电子信息工程,080701,177,B+,2026
贵州师范大学,电子信息工程,080701,179,B+,2026
江汉大学,电子信息工程,080701,179,B+,2026
安徽财经大学,电子信息工程,080701,181,B+,2026
淮北师范大学,电子信息工程,080701,181,B+,2026
沈阳农业大学,电子信息工程,080701,181,B+,2026
河北农业大学,电子信息工程,080701,184,B+,2026
湖北大学,电子信息工程,080701,184,B+,2026
兰州交通大学,电子信息工程,080701,186,B+,2026
湖北汽车工业学院,电子信息工程,080701,187,B+,2026
太原科技大学,电子信息工程,080701,187,B+,2026
上海海事大学,电子信息工程,080701,189,B+,2026
广东海洋大学,电子信息工程,080701,190,B+,2026
西北师范大学,电子信息工程,080701,190,B+,2026
河南师范大学,电子信息工程,080701,192,B+,2026
沈阳化工大学,电子信息工程,080701,192,B+,2026
武汉工程大学,电子信息工程,080701,192,B+,2026
湖南工商大学,电子信息工程,080701,195,B+,2026
湖南工业大学,电子信息工程,080701,196,B+,2026
辽宁工业大学,电子信息工程,080701,196,B+,2026
中国民用航空飞行学院,电子信息工程,080701,196,B+,2026
广东技术师范大学,电子信息工程,080701,199,B+,2026
江西科技师范大学,电子信息工程,080701,199,B+,2026
广西师范大学,电子信息工程,080701,201,B+,2026
上海纽约大学,电子信息工程,080701,201,B+,2026
佛山大学,电子信息工程,080701,203,B+,2026
福建农林大学,电子信息工程,080701,203,B+,2026
河北科技大学,电子信息工程,080701,203,B+,2026
华北水利水电大学,电子信息工程,080701,203,B+,2026
北华航天工业学院,电子信息工程,080701,207,B,2026
淮安大学,电子信息工程,080701,207,B,2026
江苏海洋大学,电子信息工程,080701,207,B,2026
西南石油大学,电子信息工程,080701,207,B,2026
延安大学,电子信息工程,080701,207,B,2026
渤海大学,电子信息工程,080701,212,B,2026
金陵科技学院,电子信息工程,080701,213,B,2026
盐城工学院,电子信息工程,080701,213,B,2026
闽南师范大学,电子信息工程,080701,215,B,2026
大连交通大学,电子信息工程,080701,216,B,2026
上海应用技术大学,电子信息工程,080701,216,B,2026
无锡学院,电子信息工程,080701,218,B,2026
重庆三峡科技大学,电子信息工程,080701,219,B,2026
大连大学,电子信息工程,080701,220,B,2026
合肥师范学院,电子信息工程,080701,220,B,2026
沈阳理工大学,电子信息工程,080701,222,B,2026
赣南师范大学,电子信息工程,080701,223,B,2026
河南理工大学,电子信息工程,080701,224,B,2026
上海第二工业大学,电子信息工程,080701,224,B,2026
南宁师范大学,电子信息工程,080701,226,B,2026
淮阴师范学院,电子信息工程,080701,227,B,2026
山东工商学院,电子信息工程,080701,228,B,2026
北方民族大学,电子信息工程,080701,229,B,2026
大连海洋大学,电子信息工程,080701,229,B,2026
沈阳师范大学,电子信息工程,080701,229,B,2026
安徽农业大学,电子信息工程,080701,232,B,2026
广东石油化工学院,电子信息工程,080701,232,B,2026
浙大城市学院,电子信息工程,080701,232,B,2026
临沂大学,电子信息工程,080701,235,B,2026
北华大学,电子信息工程,080701,236,B,2026
广西民族大学,电子信息工程,080701,236,B,2026
天津城建大学,电子信息工程,080701,236,B,2026
浙江科技大学,电子信息工程,080701,236,B,2026
西安石油大学,电子信息工程,080701,240,B,2026
重庆工商大学,电子信息工程,080701,241,B,2026
宁波工程学院,电子信息工程,080701,241,B,2026
云南农业大学,电子信息工程,080701,241,B,2026
北京联合大学,电子信息工程,080701,244,B,2026
宁夏师范大学,电子信息工程,080701,245,B,2026
中南林业科技大学,电子信息工程,080701,245,B,2026
云南民族大学,电子信息工程,080701,247,B,2026
吉首大学,电子信息工程,080701,248,B,2026
惠州学院,电子信息工程,080701,249,B,2026
闽江大学,电子信息工程,080701,249,B,2026
沈阳工程学院,电子信息工程,080701,249,B,2026
台州学院,电子信息工程,080701,249,B,2026
福建理工大学,电子信息工程,080701,253,B,2026
辽宁工程技术大学,电子信息工程,080701,254,B,2026
沈阳大学,电子信息工程,080701,254,B,2026
大连工业大学,电子信息工程,080701,256,B,2026
浙江海洋大学,电子信息工程,080701,256,B,2026
郑州航空工业管理学院,电子信息工程,080701,258,B,2026
桂林理工大学,电子信息工程,080701,259,B,2026
湖南农业大学,电子信息工程,080701,259,B,2026
天津职业技术师范大学,电子信息工程,080701,259,B,2026
中国人民警察大学,电子信息工程,080701,259,B,2026
湖北理工学院,电子信息工程,080701,263,B,2026
湖南城市学院,电子信息工程,080701,264,B,2026
浙大宁波理工学院,电子信息工程,080701,264,B,2026
湖南科技学院,电子信息工程,080701,266,B,2026
辽宁科技大学,电子信息工程,080701,266,B,2026
江苏师范大学,电子信息工程,080701,268,B,2026
辽宁师范大学,电子信息工程,080701,268,B,2026
上海电机学院,电子信息工程,080701,268,B,2026
绍兴大学,电子信息工程,080701,268,B,2026
信阳师范大学,电子信息工程,080701,268,B,2026
贵阳学院,电子信息工程,080701,273,B,2026
吉林师范大学,电子信息工程,080701,273,B,2026
宜宾学院,电子信息工程,080701,273,B,2026
内蒙古科技大学,电子信息工程,080701,276,B,2026
湖州师范大学,电子信息工程,080701,277,B,2026
浙江万里学院,电子信息工程,080701,277,B,2026
仲恺农业工程学院,电子信息工程,080701,277,B,2026
哈尔滨商业大学,电子信息工程,080701,280,B,2026
长沙学院,电子信息工程,080701,281,B,2026
广西科技大学,电子信息工程,080701,281,B,2026
湖北经济学院,电子信息工程,080701,283,B,2026
山东建筑大学,电子信息工程,080701,283,B,2026
四川轻化工大学,电子信息工程,080701,283,B,2026
湖北师范大学,电子信息工程,080701,286,B,2026
江西水利电力大学,电子信息工程,080701,286,B,2026
山西师范大学,电子信息工程,080701,286,B,2026
黑龙江工程学院,电子信息工程,080701,289,B,2026
安徽科技工程大学,电子信息工程,080701,290,B,2026
西华师范大学,电子信息工程,080701,290,B,2026
西南林业大学,电子信息工程,080701,290,B,2026
莆田学院,电子信息工程,080701,293,B,2026
大理大学,电子信息工程,080701,294,B,2026
湖南第一师范学院,电子信息工程,080701,294,B,2026
吉林工程技术师范学院,电子信息工程,080701,296,B,2026
成都工业学院,电子信息工程,080701,297,B,2026
黑龙江科技大学,电子信息工程,080701,297,B,2026
湖州学院,电子信息工程,080701,299,B,2026
湖北民族大学,电子信息工程,080701,300,B,2026
长春工程学院,电子信息工程,080701,301,B,2026
黄冈师范学院,电子信息工程,080701,302,B,2026
湖北文理学院,电子信息工程,080701,302,B,2026
青岛农业大学,电子信息工程,080701,304,B,2026
吉林建筑大学,电子信息工程,080701,305,B,2026
德州学院,电子信息工程,080701,306,B,2026
聊城大学,电子信息工程,080701,306,B,2026
西北民族大学,电子信息工程,080701,306,B,2026
广东第二师范学院,电子信息工程,080701,309,B,2026
黑龙江八一农垦大学,电子信息工程,080701,309,B,2026
山东航空学院,电子信息工程,080701,309,B,2026
西安航空学院,电子信息工程,080701,312,B,2026
西京学院,电子信息工程,080701,312,B,2026
盐城师范学院,电子信息工程,080701,312,B,2026
滁州学院,电子信息工程,080701,315,B,2026
青海师范大学,电子信息工程,080701,315,B,2026
佳木斯大学,电子信息工程,080701,317,B,2026
甘肃农业大学,电子信息工程,080701,318,B,2026
梧州学院,电子信息工程,080701,318,B,2026
南阳理工学院,电子信息工程,080701,320,B,2026
齐齐哈尔大学,电子信息工程,080701,320,B,2026
宝鸡文理学院,电子信息工程,080701,322,B,2026
蚌埠学院,电子信息工程,080701,322,B,2026
长春大学,电子信息工程,080701,322,B,2026
攀枝花学院,电子信息工程,080701,322,B,2026
兰州财经大学,电子信息工程,080701,326,B,2026
内蒙古师范大学,电子信息工程,080701,326,B,2026
湖南工程学院,电子信息工程,080701,328,B,2026
衡阳师范学院,电子信息工程,080701,329,B,2026
邵阳学院,电子信息工程,080701,330,B,2026
长沙师范学院,电子信息工程,080701,331,B,2026
许昌学院,电子信息工程,080701,331,B,2026
湖南财政经济学院,电子信息工程,080701,333,B,2026
巢湖学院,电子信息工程,080701,334,B,2026
黄淮学院,电子信息工程,080701,334,B,2026
广东药科大学,电子信息工程,080701,336,B,2026
河北建筑工程学院,电子信息工程,080701,336,B,2026
宿迁学院,电子信息工程,080701,336,B,2026
郑州工程技术学院,电子信息工程,080701,336,B,2026
东南大学,电子科学与技术,080702,1,A+,2026
电子科技大学,电子科学与技术,080702,2,A+,2026
西安交通大学,电子科学与技术,080702,3,A+,2026
浙江大学,电子科学与技术,080702,4,A,2026
上海交通大学,电子科学与技术,080702,5,A,2026
西安电子科技大学,电子科学与技术,080702,6,A,2026
北京理工大学,电子科学与技术,080702,7,A,2026
哈尔滨工业大学,电子科学与技术,080702,8,A,2026
北京航空航天大学,电子科学与技术,080702,9,A,2026
华中科技大学,电子科学与技术,080702,10,A,2026
北京邮电大学,电子科学与技术,080702,11,A,2026
南京邮电大学,电子科学与技术,080702,12,A,2026
中国科学技术大学,电子科学与技术,080702,12,A,2026
西北工业大学,电子科学与技术,080702,14,A,2026
天津大学,电子科学与技术,080702,15,A,2026
南京理工大学,电子科学与技术,080702,16,A,2026
复旦大学,电子科学与技术,080702,17,A,2026
吉林大学,电子科学与技术,080702,18,A,2026
北京交通大学,电子科学与技术,080702,19,B+,2026
东北大学,电子科学与技术,080702,20,B+,2026
杭州电子科技大学,电子科学与技术,080702,21,B+,2026
湖南大学,电子科学与技术,080702,22,B+,2026
南开大学,电子科学与技术,080702,22,B+,2026
大连理工大学,电子科学与技术,080702,24,B+,2026
北京工业大学,电子科学与技术,080702,25,B+,2026
山东大学,电子科学与技术,080702,26,B+,2026
华南理工大学,电子科学与技术,080702,27,B+,2026
河北工业大学,电子科学与技术,080702,28,B+,2026
西南交通大学,电子科学与技术,080702,29,B+,2026
安徽大学,电子科学与技术,080702,30,B+,2026
福州大学,电子科学与技术,080702,30,B+,2026
合肥工业大学,电子科学与技术,080702,32,B+,2026
上海大学,电子科学与技术,080702,33,B+,2026
武汉理工大学,电子科学与技术,080702,34,B+,2026
广东工业大学,电子科学与技术,080702,35,B+,2026
深圳大学,电子科学与技术,080702,36,B+,2026
南京信息工程大学,电子科学与技术,080702,37,B+,2026
苏州大学,电子科学与技术,080702,37,B+,2026
重庆邮电大学,电子科学与技术,080702,39,B+,2026
太原理工大学,电子科学与技术,080702,40,B+,2026
郑州大学,电子科学与技术,080702,41,B+,2026
西北大学,电子科学与技术,080702,42,B+,2026
贵州大学,电子科学与技术,080702,43,B+,2026
华北电力大学,电子科学与技术,080702,43,B+,2026
桂林电子科技大学,电子科学与技术,080702,45,B+,2026
天津工业大学,电子科学与技术,080702,45,B+,2026
中北大学,电子科学与技术,080702,47,B+,2026
长春理工大学,电子科学与技术,080702,48,B+,2026
西安理工大学,电子科学与技术,080702,49,B+,2026
中国计量大学,电子科学与技术,080702,50,B+,2026
上海电力大学,电子科学与技术,080702,51,B+,2026
北京科技大学,电子科学与技术,080702,52,B+,2026
北京化工大学,电子科学与技术,080702,53,B+,2026
成都信息工程大学,电子科学与技术,080702,53,B+,2026
湖北大学,电子科学与技术,080702,55,B+,2026
暨南大学,电子科学与技术,080702,55,B+,2026
西安邮电大学,电子科学与技术,080702,57,B,2026
燕山大学,电子科学与技术,080702,58,B,2026
广西大学,电子科学与技术,080702,59,B,2026
黑龙江大学,电子科学与技术,080702,59,B,2026
内蒙古大学,电子科学与技术,080702,61,B,2026
长沙理工大学,电子科学与技术,080702,62,B,2026
常州大学,电子科学与技术,080702,63,B,2026
南通大学,电子科学与技术,080702,64,B,2026
河北大学,电子科学与技术,080702,65,B,2026
华侨大学,电子科学与技术,080702,66,B,2026
海南大学,电子科学与技术,080702,67,B,2026
河海大学,电子科学与技术,080702,68,B,2026
大连交通大学,电子科学与技术,080702,69,B,2026
陕西科技大学,电子科学与技术,080702,69,B,2026
山东师范大学,电子科学与技术,080702,71,B,2026
南昌航空大学,电子科学与技术,080702,72,B,2026
天津理工大学,电子科学与技术,080702,73,B,2026
兰州交通大学,电子科学与技术,080702,74,B,2026
上海理工大学,电子科学与技术,080702,75,B,2026
哈尔滨理工大学,电子科学与技术,080702,76,B,2026
西安工业大学,电子科学与技术,080702,77,B,2026
东北石油大学,电子科学与技术,080702,78,B,2026
华北水利水电大学,电子科学与技术,080702,78,B,2026
四川农业大学,电子科学与技术,080702,80,B,2026
武汉科技大学,电子科学与技术,080702,81,B,2026
郑州轻工业大学,电子科学与技术,080702,82,B,2026
沈阳工业大学,电子科学与技术,080702,83,B,2026
苏州工学院,电子科学与技术,080702,84,B,2026
西安科技大学,电子科学与技术,080702,85,B,2026
湖北工业大学,电子科学与技术,080702,86,B,2026
辽宁师范大学,电子科学与技术,080702,86,B,2026
河南科技大学,电子科学与技术,080702,88,B,2026
湖南工业大学,电子科学与技术,080702,89,B,2026
沈阳化工大学,电子科学与技术,080702,90,B,2026
景德镇陶瓷大学,电子科学与技术,080702,91,B,2026
浙大城市学院,电子科学与技术,080702,92,B,2026
沈阳理工大学,电子科学与技术,080702,93,B,2026
深圳技术大学,电子科学与技术,080702,94,B,2026
西安电子科技大学,通信工程,080703,1,A+,2026
北京邮电大学,通信工程,080703,2,A+,2026
哈尔滨工业大学,通信工程,080703,3,A+,2026
电子科技大学,通信工程,080703,4,A+,2026
北京理工大学,通信工程,080703,5,A+,2026
南京邮电大学,通信工程,080703,6,A+,2026
北京航空航天大学,通信工程,080703,7,A+,2026
哈尔滨工程大学,通信工程,080703,8,A+,2026
华中科技大学,通信工程,080703,9,A+,2026
西北工业大学,通信工程,080703,10,A+,2026
北京交通大学,通信工程,080703,11,A+,2026
重庆邮电大学,通信工程,080703,12,A,2026
武汉理工大学,通信工程,080703,13,A,2026
上海大学,通信工程,080703,14,A,2026
南京理工大学,通信工程,080703,15,A,2026
复旦大学,通信工程,080703,16,A,2026
天津大学,通信工程,080703,17,A,2026
武汉大学,通信工程,080703,18,A,2026
西南交通大学,通信工程,080703,19,A,2026
重庆大学,通信工程,080703,20,A,2026
吉林大学,通信工程,080703,21,A,2026
南京大学,通信工程,080703,21,A,2026
西安邮电大学,通信工程,080703,23,A,2026
山东大学,通信工程,080703,24,A,2026
杭州电子科技大学,通信工程,080703,25,A,2026
中山大学,通信工程,080703,26,A,2026
深圳大学,通信工程,080703,27,A,2026
中国传媒大学,通信工程,080703,28,A,2026
湖南大学,通信工程,080703,29,A,2026
北京科技大学,通信工程,080703,30,A,2026
桂林电子科技大学,通信工程,080703,30,A,2026
河海大学,通信工程,080703,32,A,2026
苏州大学,通信工程,080703,32,A,2026
南京信息工程大学,通信工程,080703,34,A,2026
北京信息科技大学,通信工程,080703,35,A,2026
南开大学,通信工程,080703,35,A,2026
华东师范大学,通信工程,080703,37,A,2026
同济大学,通信工程,080703,38,A,2026
宁波大学,通信工程,080703,39,A,2026
郑州大学,通信工程,080703,40,A,2026
四川大学,通信工程,080703,41,A,2026
大连海事大学,通信工程,080703,42,A,2026
广东工业大学,通信工程,080703,43,A,2026
北京工业大学,通信工程,080703,44,A,2026
南昌大学,通信工程,080703,45,A,2026
合肥工业大学,通信工程,080703,46,A,2026
厦门大学,通信工程,080703,47,A,2026
安徽大学,通信工程,080703,48,A,2026
东北大学,通信工程,080703,49,A,2026
河北工业大学,通信工程,080703,50,A,2026
中国石油大学（华东）,通信工程,080703,51,A,2026
中南大学,通信工程,080703,51,A,2026
福州大学,通信工程,080703,53,A,2026
浙江工业大学,通信工程,080703,54,A,2026
中北大学,通信工程,080703,55,A,2026
兰州大学,通信工程,080703,56,B+,2026
南方科技大学,通信工程,080703,57,B+,2026
南通大学,通信工程,080703,58,B+,2026
海南大学,通信工程,080703,59,B+,2026
中国地质大学（武汉）,通信工程,080703,60,B+,2026
成都信息工程大学,通信工程,080703,61,B+,2026
西南大学,通信工程,080703,61,B+,2026
华北电力大学,通信工程,080703,63,B+,2026
西北大学,通信工程,080703,64,B+,2026
长春理工大学,通信工程,080703,65,B+,2026
太原理工大学,通信工程,080703,66,B+,2026
沈阳航空航天大学,通信工程,080703,67,B+,2026
北京电子科技学院,通信工程,080703,68,B+,2026
云南大学,通信工程,080703,69,B+,2026
华中师范大学,通信工程,080703,70,B+,2026
中国海洋大学,通信工程,080703,71,B+,2026
长安大学,通信工程,080703,72,B+,2026
天津工业大学,通信工程,080703,73,B+,2026
内蒙古大学,通信工程,080703,74,B+,2026
山东科技大学,通信工程,080703,75,B+,2026
西安理工大学,通信工程,080703,75,B+,2026
汕头大学,通信工程,080703,77,B+,2026
贵州大学,通信工程,080703,78,B+,2026
昆明理工大学,通信工程,080703,79,B+,2026
湖北大学,通信工程,080703,80,B+,2026
天津理工大学,通信工程,080703,80,B+,2026
中国农业大学,通信工程,080703,80,B+,2026
广州大学,通信工程,080703,83,B+,2026
三峡大学,通信工程,080703,84,B+,2026
青岛大学,通信工程,080703,85,B+,2026
上海师范大学,通信工程,080703,86,B+,2026
北方工业大学,通信工程,080703,87,B+,2026
南京工业大学,通信工程,080703,88,B+,2026
中国民航大学,通信工程,080703,88,B+,2026
广西大学,通信工程,080703,90,B+,2026
华东交通大学,通信工程,080703,90,B+,2026
西安科技大学,通信工程,080703,90,B+,2026
东北林业大学,通信工程,080703,93,B+,2026
兰州交通大学,通信工程,080703,94,B+,2026
西安工业大学,通信工程,080703,94,B+,2026
中央民族大学,通信工程,080703,96,B+,2026
长沙理工大学,通信工程,080703,97,B+,2026
湘潭大学,通信工程,080703,97,B+,2026
大连交通大学,通信工程,080703,99,B+,2026
河北大学,通信工程,080703,100,B+,2026
湖南师范大学,通信工程,080703,101,B+,2026
中国计量大学,通信工程,080703,101,B+,2026
湖北工业大学,通信工程,080703,103,B+,2026
南京工程学院,通信工程,080703,103,B+,2026
华侨大学,通信工程,080703,105,B+,2026
新疆大学,通信工程,080703,105,B+,2026
东北电力大学,通信工程,080703,107,B+,2026
上海理工大学,通信工程,080703,107,B+,2026
集美大学,通信工程,080703,109,B+,2026
西藏大学,通信工程,080703,109,B+,2026
黑龙江大学,通信工程,080703,111,B+,2026
东华大学,通信工程,080703,112,B+,2026
福建理工大学,通信工程,080703,113,B+,2026
武汉科技大学,通信工程,080703,114,B+,2026
山东师范大学,通信工程,080703,115,B+,2026
中南民族大学,通信工程,080703,116,B+,2026
浙江理工大学,通信工程,080703,117,B+,2026
东华理工大学,通信工程,080703,118,B+,2026
湖南理工大学,通信工程,080703,119,B+,2026
江苏科技大学,通信工程,080703,119,B+,2026
兰州理工大学,通信工程,080703,119,B+,2026
青岛科技大学,通信工程,080703,119,B+,2026
武汉工程大学,通信工程,080703,123,B+,2026
济南大学,通信工程,080703,124,B+,2026
北京联合大学,通信工程,080703,125,B+,2026
浙江工商大学,通信工程,080703,125,B+,2026
浙江师范大学,通信工程,080703,125,B+,2026
上海海事大学,通信工程,080703,128,B+,2026
太原科技大学,通信工程,080703,128,B+,2026
江苏大学,通信工程,080703,130,B+,2026
重庆交通大学,通信工程,080703,131,B+,2026
贵州师范大学,通信工程,080703,131,B+,2026
重庆理工大学,通信工程,080703,133,B+,2026
上海电力大学,通信工程,080703,133,B+,2026
沈阳建筑大学,通信工程,080703,133,B+,2026
辽宁大学,通信工程,080703,136,B+,2026
青岛理工大学,通信工程,080703,137,B+,2026
成都理工大学,通信工程,080703,138,B+,2026
天津科技大学,通信工程,080703,138,B+,2026
天津师范大学,通信工程,080703,138,B+,2026
安徽理工大学,通信工程,080703,141,B+,2026
河南大学,通信工程,080703,141,B+,2026
西南科技大学,通信工程,080703,141,B+,2026
大连工业大学,通信工程,080703,144,B+,2026
宁夏大学,通信工程,080703,145,B+,2026
天津商业大学,通信工程,080703,145,B+,2026
西南石油大学,通信工程,080703,145,B+,2026
南华大学,通信工程,080703,148,B+,2026
东北石油大学,通信工程,080703,149,B+,2026
东莞理工学院,通信工程,080703,149,B+,2026
哈尔滨理工大学,通信工程,080703,149,B+,2026
福建师范大学,通信工程,080703,152,B+,2026
安徽师范大学,通信工程,080703,153,B+,2026
河南理工大学,通信工程,080703,153,B+,2026
沈阳理工大学,通信工程,080703,153,B+,2026
四川师范大学,通信工程,080703,156,B+,2026
广东技术师范大学,通信工程,080703,157,B+,2026
桂林理工大学,通信工程,080703,158,B+,2026
石家庄铁道大学,通信工程,080703,159,B+,2026
厦门理工学院,通信工程,080703,159,B+,2026
郑州轻工业大学,通信工程,080703,159,B+,2026
内蒙古工业大学,通信工程,080703,162,B+,2026
四川轻化工大学,通信工程,080703,163,B+,2026
安徽农业大学,通信工程,080703,164,B+,2026
浙江科技大学,通信工程,080703,164,B+,2026
江苏理工学院,通信工程,080703,166,B,2026
中原工学院,通信工程,080703,166,B,2026
大连民族大学,通信工程,080703,168,B,2026
淮安大学,通信工程,080703,168,B,2026
齐鲁工业大学,通信工程,080703,168,B,2026
合肥大学,通信工程,080703,171,B,2026
上海第二工业大学,通信工程,080703,171,B,2026
延边大学,通信工程,080703,171,B,2026
江西师范大学,通信工程,080703,174,B,2026
青海民族大学,通信工程,080703,174,B,2026
沈阳工业大学,通信工程,080703,176,B,2026
五邑大学,通信工程,080703,176,B,2026
西安建筑科技大学,通信工程,080703,178,B,2026
西南民族大学,通信工程,080703,178,B,2026
聊城大学,通信工程,080703,180,B,2026
常州工学院,通信工程,080703,181,B,2026
华北水利水电大学,通信工程,080703,181,B,2026
辽宁工程技术大学,通信工程,080703,181,B,2026
沈阳大学,通信工程,080703,181,B,2026
成都大学,通信工程,080703,185,B,2026
广西师范大学,通信工程,080703,186,B,2026
苏州科技大学,通信工程,080703,186,B,2026
安徽建筑大学,通信工程,080703,188,B,2026
天津职业技术师范大学,通信工程,080703,188,B,2026
上海电机学院,通信工程,080703,190,B,2026
武汉纺织大学,通信工程,080703,190,B,2026
山东建筑大学,通信工程,080703,192,B,2026
南昌航空大学,通信工程,080703,193,B,2026
西华大学,通信工程,080703,193,B,2026
河北工程大学,通信工程,080703,195,B,2026
吉首大学,通信工程,080703,195,B,2026
辽宁工业大学,通信工程,080703,195,B,2026
河南师范大学,通信工程,080703,198,B,2026
嘉兴大学,通信工程,080703,198,B,2026
辽宁科技大学,通信工程,080703,198,B,2026
辽宁石油化工大学,通信工程,080703,198,B,2026
大理大学,通信工程,080703,202,B,2026
鲁东大学,通信工程,080703,202,B,2026
烟台大学,通信工程,080703,202,B,2026
长春大学,通信工程,080703,205,B,2026
长沙学院,通信工程,080703,205,B,2026
广西科技大学,通信工程,080703,205,B,2026
安徽工业大学,通信工程,080703,208,B,2026
西安石油大学,通信工程,080703,208,B,2026
湖南第一师范学院,通信工程,080703,210,B,2026
安徽工程大学,通信工程,080703,211,B,2026
湖南工业大学,通信工程,080703,211,B,2026
河南科技大学,通信工程,080703,213,B,2026
江西水利电力大学,通信工程,080703,214,B,2026
武汉轻工大学,通信工程,080703,214,B,2026
郑州航空工业管理学院,通信工程,080703,214,B,2026
黑龙江科技大学,通信工程,080703,217,B,2026
中南林业科技大学,通信工程,080703,217,B,2026
河北科技大学,通信工程,080703,219,B,2026
河南工业大学,通信工程,080703,219,B,2026
山东农业大学,通信工程,080703,221,B,2026
湖北师范大学,通信工程,080703,222,B,2026
金陵科技学院,通信工程,080703,222,B,2026
内蒙古科技大学,通信工程,080703,222,B,2026
吉林师范大学,通信工程,080703,225,B,2026
曲阜师范大学,通信工程,080703,225,B,2026
中国消防救援学院,通信工程,080703,227,B,2026
成都工业学院,通信工程,080703,228,B,2026
山东理工大学,通信工程,080703,228,B,2026
湖南工商大学,通信工程,080703,230,B,2026
广东海洋大学,通信工程,080703,231,B,2026
渤海大学,通信工程,080703,232,B,2026
江苏海洋大学,通信工程,080703,232,B,2026
南京晓庄学院,通信工程,080703,232,B,2026
西交利物浦大学,通信工程,080703,232,B,2026
淮北师范大学,通信工程,080703,236,B,2026
沈阳工程学院,通信工程,080703,236,B,2026
齐齐哈尔大学,通信工程,080703,238,B,2026
西藏民族大学,通信工程,080703,239,B,2026
延安大学,通信工程,080703,239,B,2026
河北地质大学,通信工程,080703,241,B,2026
陕西理工大学,通信工程,080703,242,B,2026
安庆师范大学,通信工程,080703,243,B,2026
临沂大学,通信工程,080703,244,B,2026
湖南城市学院,通信工程,080703,245,B,2026
南宁师范大学,通信工程,080703,245,B,2026
长江师范学院,通信工程,080703,247,B,2026
阜阳师范大学,通信工程,080703,247,B,2026
湖北文理学院,通信工程,080703,249,B,2026
湖南工程学院,通信工程,080703,249,B,2026
北方民族大学,通信工程,080703,251,B,2026
西南林业大学,通信工程,080703,251,B,2026
北华航天工业学院,通信工程,080703,253,B,2026
合肥师范学院,通信工程,080703,254,B,2026
莆田学院,通信工程,080703,255,B,2026
山东工商学院,通信工程,080703,255,B,2026
山东航空学院,通信工程,080703,255,B,2026
淮阴师范学院,通信工程,080703,258,B,2026
塔里木大学,通信工程,080703,258,B,2026
西北民族大学,通信工程,080703,258,B,2026
泉州师范学院,通信工程,080703,261,B,2026
无锡学院,通信工程,080703,261,B,2026
天津中德应用技术大学,通信工程,080703,263,B,2026
黑龙江八一农垦大学,通信工程,080703,264,B,2026
北华大学,通信工程,080703,265,B,2026
宝鸡文理学院,通信工程,080703,266,B,2026
泰山学院,通信工程,080703,266,B,2026
潍坊学院,通信工程,080703,266,B,2026
韶关学院,通信工程,080703,269,B,2026
皖西学院,通信工程,080703,269,B,2026
贺州学院,通信工程,080703,271,B,2026
云南民族大学,通信工程,080703,272,B,2026
云南师范大学,通信工程,080703,272,B,2026
桂林航天工业学院,通信工程,080703,274,B,2026
商丘学院,通信工程,080703,274,B,2026
肇庆学院,通信工程,080703,274,B,2026
清华大学,微电子科学与工程,080704,1,A+,2026
上海交通大学,微电子科学与工程,080704,2,A+,2026
西安交通大学,微电子科学与工程,080704,3,A,2026
复旦大学,微电子科学与工程,080704,4,A,2026
北京大学,微电子科学与工程,080704,5,A,2026
电子科技大学,微电子科学与工程,080704,6,A,2026
西安电子科技大学,微电子科学与工程,080704,7,A,2026
北京航空航天大学,微电子科学与工程,080704,8,A,2026
浙江大学,微电子科学与工程,080704,9,A,2026
南京大学,微电子科学与工程,080704,10,A,2026
华中科技大学,微电子科学与工程,080704,11,A,2026
西北工业大学,微电子科学与工程,080704,12,A,2026
中山大学,微电子科学与工程,080704,13,A,2026
哈尔滨工业大学,微电子科学与工程,080704,14,B+,2026
武汉大学,微电子科学与工程,080704,15,B+,2026
北京理工大学,微电子科学与工程,080704,16,B+,2026
吉林大学,微电子科学与工程,080704,17,B+,2026
南开大学,微电子科学与工程,080704,18,B+,2026
厦门大学,微电子科学与工程,080704,19,B+,2026
南方科技大学,微电子科学与工程,080704,20,B+,2026
南京邮电大学,微电子科学与工程,080704,21,B+,2026
华南理工大学,微电子科学与工程,080704,22,B+,2026
华东师范大学,微电子科学与工程,080704,23,B+,2026
南京理工大学,微电子科学与工程,080704,24,B+,2026
山东大学,微电子科学与工程,080704,25,B+,2026
南京航空航天大学,微电子科学与工程,080704,26,B+,2026
福州大学,微电子科学与工程,080704,27,B+,2026
上海大学,微电子科学与工程,080704,28,B+,2026
四川大学,微电子科学与工程,080704,29,B+,2026
深圳大学,微电子科学与工程,080704,30,B+,2026
中南大学,微电子科学与工程,080704,31,B+,2026
西南交通大学,微电子科学与工程,080704,32,B+,2026
湖南大学,微电子科学与工程,080704,33,B+,2026
安徽大学,微电子科学与工程,080704,34,B+,2026
同济大学,微电子科学与工程,080704,35,B+,2026
合肥工业大学,微电子科学与工程,080704,36,B+,2026
宁波大学,微电子科学与工程,080704,37,B+,2026
重庆邮电大学,微电子科学与工程,080704,38,B+,2026
兰州大学,微电子科学与工程,080704,39,B+,2026
长春理工大学,微电子科学与工程,080704,40,B+,2026
广东工业大学,微电子科学与工程,080704,41,B,2026
中北大学,微电子科学与工程,080704,42,B,2026
北京工业大学,微电子科学与工程,080704,43,B,2026
武汉理工大学,微电子科学与工程,080704,43,B,2026
西安邮电大学,微电子科学与工程,080704,45,B,2026
青岛大学,微电子科学与工程,080704,46,B,2026
桂林电子科技大学,微电子科学与工程,080704,47,B,2026
江南大学,微电子科学与工程,080704,48,B,2026
南京信息工程大学,微电子科学与工程,080704,49,B,2026
西安理工大学,微电子科学与工程,080704,50,B,2026
中国海洋大学,微电子科学与工程,080704,51,B,2026
湖北工业大学,微电子科学与工程,080704,52,B,2026
西北大学,微电子科学与工程,080704,53,B,2026
成都信息工程大学,微电子科学与工程,080704,54,B,2026
湘潭大学,微电子科学与工程,080704,55,B,2026
湖北大学,微电子科学与工程,080704,56,B,2026
北方工业大学,微电子科学与工程,080704,57,B,2026
江苏大学,微电子科学与工程,080704,58,B,2026
辽宁大学,微电子科学与工程,080704,59,B,2026
扬州大学,微电子科学与工程,080704,60,B,2026
中国计量大学,微电子科学与工程,080704,61,B,2026
天津理工大学,微电子科学与工程,080704,62,B,2026
西安工程大学,微电子科学与工程,080704,62,B,2026
绍兴大学,微电子科学与工程,080704,64,B,2026
集美大学,微电子科学与工程,080704,65,B,2026
天津科技大学,微电子科学与工程,080704,66,B,2026
西安科技大学,微电子科学与工程,080704,67,B,2026
浙江大学,光电信息科学与工程,080705,1,A+,2026
华中科技大学,光电信息科学与工程,080705,2,A+,2026
北京理工大学,光电信息科学与工程,080705,3,A+,2026
电子科技大学,光电信息科学与工程,080705,3,A+,2026
哈尔滨工业大学,光电信息科学与工程,080705,5,A+,2026
南开大学,光电信息科学与工程,080705,6,A,2026
北京邮电大学,光电信息科学与工程,080705,7,A,2026
西安电子科技大学,光电信息科学与工程,080705,8,A,2026
中国科学技术大学,光电信息科学与工程,080705,9,A,2026
天津大学,光电信息科学与工程,080705,10,A,2026
南京大学,光电信息科学与工程,080705,11,A,2026
北京航空航天大学,光电信息科学与工程,080705,12,A,2026
西安交通大学,光电信息科学与工程,080705,13,A,2026
南京理工大学,光电信息科学与工程,080705,14,A,2026
复旦大学,光电信息科学与工程,080705,15,A,2026
西北工业大学,光电信息科学与工程,080705,16,A,2026
北京交通大学,光电信息科学与工程,080705,17,A,2026
华南理工大学,光电信息科学与工程,080705,17,A,2026
长春理工大学,光电信息科学与工程,080705,19,A,2026
南京航空航天大学,光电信息科学与工程,080705,20,A,2026
南京邮电大学,光电信息科学与工程,080705,21,A,2026
重庆大学,光电信息科学与工程,080705,22,A,2026
大连理工大学,光电信息科学与工程,080705,22,A,2026
哈尔滨工程大学,光电信息科学与工程,080705,24,A,2026
中山大学,光电信息科学与工程,080705,25,A,2026
四川大学,光电信息科学与工程,080705,26,A,2026
深圳大学,光电信息科学与工程,080705,27,B+,2026
武汉理工大学,光电信息科学与工程,080705,28,B+,2026
上海理工大学,光电信息科学与工程,080705,29,B+,2026
山东大学,光电信息科学与工程,080705,30,B+,2026
暨南大学,光电信息科学与工程,080705,31,B+,2026
重庆邮电大学,光电信息科学与工程,080705,32,B+,2026
苏州大学,光电信息科学与工程,080705,33,B+,2026
同济大学,光电信息科学与工程,080705,34,B+,2026
南京信息工程大学,光电信息科学与工程,080705,35,B+,2026
合肥工业大学,光电信息科学与工程,080705,36,B+,2026
宁波大学,光电信息科学与工程,080705,37,B+,2026
上海大学,光电信息科学与工程,080705,38,B+,2026
西北大学,光电信息科学与工程,080705,39,B+,2026
安徽大学,光电信息科学与工程,080705,40,B+,2026
南方科技大学,光电信息科学与工程,080705,41,B+,2026
杭州电子科技大学,光电信息科学与工程,080705,42,B+,2026
山西大学,光电信息科学与工程,080705,43,B+,2026
大连海事大学,光电信息科学与工程,080705,44,B+,2026
西安工业大学,光电信息科学与工程,080705,45,B+,2026
桂林电子科技大学,光电信息科学与工程,080705,46,B+,2026
中南大学,光电信息科学与工程,080705,46,B+,2026
中国计量大学,光电信息科学与工程,080705,48,B+,2026
华南师范大学,光电信息科学与工程,080705,49,B+,2026
中国矿业大学,光电信息科学与工程,080705,50,B+,2026
中国石油大学（华东）,光电信息科学与工程,080705,51,B+,2026
东北大学,光电信息科学与工程,080705,52,B+,2026
中国海洋大学,光电信息科学与工程,080705,52,B+,2026
太原理工大学,光电信息科学与工程,080705,54,B+,2026
浙江工业大学,光电信息科学与工程,080705,55,B+,2026
中央民族大学,光电信息科学与工程,080705,55,B+,2026
北京工业大学,光电信息科学与工程,080705,57,B+,2026
江南大学,光电信息科学与工程,080705,58,B+,2026
河北大学,光电信息科学与工程,080705,59,B+,2026
西安邮电大学,光电信息科学与工程,080705,60,B+,2026
广东工业大学,光电信息科学与工程,080705,61,B+,2026
福州大学,光电信息科学与工程,080705,62,B+,2026
中北大学,光电信息科学与工程,080705,63,B+,2026
南昌航空大学,光电信息科学与工程,080705,64,B+,2026
北京信息科技大学,光电信息科学与工程,080705,65,B+,2026
首都师范大学,光电信息科学与工程,080705,65,B+,2026
云南大学,光电信息科学与工程,080705,67,B+,2026
南京工业大学,光电信息科学与工程,080705,68,B+,2026
成都信息工程大学,光电信息科学与工程,080705,69,B+,2026
华东理工大学,光电信息科学与工程,080705,70,B+,2026
天津工业大学,光电信息科学与工程,080705,71,B+,2026
西安理工大学,光电信息科学与工程,080705,72,B+,2026
江苏大学,光电信息科学与工程,080705,73,B+,2026
福建师范大学,光电信息科学与工程,080705,74,B+,2026
汕头大学,光电信息科学与工程,080705,74,B+,2026
西南科技大学,光电信息科学与工程,080705,74,B+,2026
广州大学,光电信息科学与工程,080705,77,B+,2026
南通大学,光电信息科学与工程,080705,78,B+,2026
佛山大学,光电信息科学与工程,080705,79,B,2026
昆明理工大学,光电信息科学与工程,080705,80,B,2026
河北工业大学,光电信息科学与工程,080705,81,B,2026
华中农业大学,光电信息科学与工程,080705,82,B,2026
武汉工程大学,光电信息科学与工程,080705,83,B,2026
南京师范大学,光电信息科学与工程,080705,84,B,2026
东华大学,光电信息科学与工程,080705,85,B,2026
西北农林科技大学,光电信息科学与工程,080705,86,B,2026
湘潭大学,光电信息科学与工程,080705,87,B,2026
青岛大学,光电信息科学与工程,080705,88,B,2026
浙江师范大学,光电信息科学与工程,080705,89,B,2026
天津理工大学,光电信息科学与工程,080705,90,B,2026
三峡大学,光电信息科学与工程,080705,91,B,2026
华侨大学,光电信息科学与工程,080705,92,B,2026
重庆理工大学,光电信息科学与工程,080705,93,B,2026
上海电力大学,光电信息科学与工程,080705,94,B,2026
华东交通大学,光电信息科学与工程,080705,95,B,2026
湖北大学,光电信息科学与工程,080705,96,B,2026
江苏师范大学,光电信息科学与工程,080705,97,B,2026
厦门理工学院,光电信息科学与工程,080705,98,B,2026
山东师范大学,光电信息科学与工程,080705,99,B,2026
扬州大学,光电信息科学与工程,080705,99,B,2026
中南民族大学,光电信息科学与工程,080705,101,B,2026
武汉科技大学,光电信息科学与工程,080705,102,B,2026
华南农业大学,光电信息科学与工程,080705,103,B,2026
长江大学,光电信息科学与工程,080705,104,B,2026
长沙理工大学,光电信息科学与工程,080705,104,B,2026
北京工商大学,光电信息科学与工程,080705,106,B,2026
河南师范大学,光电信息科学与工程,080705,107,B,2026
安徽师范大学,光电信息科学与工程,080705,108,B,2026
齐鲁工业大学,光电信息科学与工程,080705,108,B,2026
苏州科技大学,光电信息科学与工程,080705,110,B,2026
安徽理工大学,光电信息科学与工程,080705,111,B,2026
河北师范大学,光电信息科学与工程,080705,112,B,2026
安徽工业大学,光电信息科学与工程,080705,113,B,2026
西安石油大学,光电信息科学与工程,080705,114,B,2026
济南大学,光电信息科学与工程,080705,115,B,2026
河南科技大学,光电信息科学与工程,080705,116,B,2026
湖南理工大学,光电信息科学与工程,080705,117,B,2026
江苏科技大学,光电信息科学与工程,080705,117,B,2026
武汉纺织大学,光电信息科学与工程,080705,119,B,2026
江西师范大学,光电信息科学与工程,080705,120,B,2026
东莞理工学院,光电信息科学与工程,080705,121,B,2026
江苏海洋大学,光电信息科学与工程,080705,121,B,2026
山东理工大学,光电信息科学与工程,080705,123,B,2026
陕西科技大学,光电信息科学与工程,080705,124,B,2026
西南石油大学,光电信息科学与工程,080705,125,B,2026
湖北师范大学,光电信息科学与工程,080705,126,B,2026
集美大学,光电信息科学与工程,080705,126,B,2026
上海应用技术大学,光电信息科学与工程,080705,128,B,2026
黑龙江大学,光电信息科学与工程,080705,129,B,2026
云南师范大学,光电信息科学与工程,080705,129,B,2026
东南大学,信息工程,080706,1,A+,2026
上海交通大学,信息工程,080706,2,A+,2026
浙江大学,信息工程,080706,3,A,2026
西安交通大学,信息工程,080706,4,A,2026
西安电子科技大学,信息工程,080706,5,A,2026
北京邮电大学,信息工程,080706,6,A,2026
电子科技大学,信息工程,080706,6,A,2026
南京航空航天大学,信息工程,080706,8,B+,2026
华南理工大学,信息工程,080706,9,B+,2026
西北工业大学,信息工程,080706,10,B+,2026
北京交通大学,信息工程,080706,11,B+,2026
中山大学,信息工程,080706,12,B+,2026
吉林大学,信息工程,080706,13,B+,2026
广东工业大学,信息工程,080706,14,B+,2026
南京信息工程大学,信息工程,080706,15,B+,2026
上海大学,信息工程,080706,16,B+,2026
西安邮电大学,信息工程,080706,17,B+,2026
华东理工大学,信息工程,080706,18,B+,2026
南方科技大学,信息工程,080706,19,B+,2026
成都理工大学,信息工程,080706,20,B+,2026
北京工商大学,信息工程,080706,21,B+,2026
南京工程学院,信息工程,080706,22,B,2026
青岛科技大学,信息工程,080706,23,B,2026
山东科技大学,信息工程,080706,24,B,2026
西华大学,信息工程,080706,25,B,2026
湖南工业大学,信息工程,080706,26,B,2026
石家庄铁道大学,信息工程,080706,26,B,2026
武汉工程大学,信息工程,080706,28,B,2026
重庆文理学院,信息工程,080706,29,B,2026
苏州城市学院,信息工程,080706,29,B,2026
金陵科技学院,信息工程,080706,31,B,2026
河南科技学院,信息工程,080706,32,B,2026
南京邮电大学通达学院,信息工程,080706,33,B,2026
天津财经大学,信息工程,080706,34,B,2026
铜仁学院,信息工程,080706,35,B,2026
沧州师范学院,信息工程,080706,36,B,2026
南京邮电大学,广播电视工程,080707T,1,A+,2026
中国传媒大学,广播电视工程,080707T,2,A+,2026
浙江传媒学院,广播电视工程,080707T,3,B+,2026
山西传媒学院,广播电视工程,080707T,4,B,2026
南京传媒学院,广播电视工程,080707T,5,B,2026
西北工业大学,水声工程,080708T,1,A+,2026
哈尔滨工程大学,水声工程,080708T,2,A+,2026
江苏科技大学,水声工程,080708T,3,B,2026
西安电子科技大学,电子封装技术,080709T,1,A+,2026
北京理工大学,电子封装技术,080709T,2,A+,2026
哈尔滨工业大学,电子封装技术,080709T,3,B+,2026
华中科技大学,电子封装技术,080709T,4,B+,2026
安徽大学,电子封装技术,080709T,5,B+,2026
桂林电子科技大学,电子封装技术,080709T,6,B,2026
江南大学,电子封装技术,080709T,7,B,2026
厦门理工学院,电子封装技术,080709T,8,B,2026
西安电子科技大学,集成电路设计与集成系统,080710T,1,A+,2026
电子科技大学,集成电路设计与集成系统,080710T,2,A+,2026
东南大学,集成电路设计与集成系统,080710T,3,A,2026
华中科技大学,集成电路设计与集成系统,080710T,4,A,2026
北京航空航天大学,集成电路设计与集成系统,080710T,5,A,2026
北京大学,集成电路设计与集成系统,080710T,6,A,2026
南京大学,集成电路设计与集成系统,080710T,7,A,2026
天津大学,集成电路设计与集成系统,080710T,8,A,2026
华南理工大学,集成电路设计与集成系统,080710T,9,A,2026
山东大学,集成电路设计与集成系统,080710T,10,A,2026
哈尔滨工业大学,集成电路设计与集成系统,080710T,11,A,2026
中国科学技术大学,集成电路设计与集成系统,080710T,12,A,2026
北京邮电大学,集成电路设计与集成系统,080710T,13,A,2026
大连理工大学,集成电路设计与集成系统,080710T,14,A,2026
厦门大学,集成电路设计与集成系统,080710T,15,B+,2026
杭州电子科技大学,集成电路设计与集成系统,080710T,16,B+,2026
西北工业大学,集成电路设计与集成系统,080710T,16,B+,2026
吉林大学,集成电路设计与集成系统,080710T,18,B+,2026
南京邮电大学,集成电路设计与集成系统,080710T,19,B+,2026
合肥工业大学,集成电路设计与集成系统,080710T,20,B+,2026
重庆大学,集成电路设计与集成系统,080710T,21,B+,2026
西安邮电大学,集成电路设计与集成系统,080710T,22,B+,2026
福州大学,集成电路设计与集成系统,080710T,23,B+,2026
广东工业大学,集成电路设计与集成系统,080710T,24,B+,2026
湖南大学,集成电路设计与集成系统,080710T,25,B+,2026
安徽大学,集成电路设计与集成系统,080710T,26,B+,2026
苏州大学,集成电路设计与集成系统,080710T,27,B+,2026
武汉理工大学,集成电路设计与集成系统,080710T,28,B+,2026
西安理工大学,集成电路设计与集成系统,080710T,29,B+,2026
郑州大学,集成电路设计与集成系统,080710T,30,B+,2026
南京信息工程大学,集成电路设计与集成系统,080710T,31,B+,2026
华北电力大学,集成电路设计与集成系统,080710T,32,B+,2026
华南师范大学,集成电路设计与集成系统,080710T,33,B+,2026
华中师范大学,集成电路设计与集成系统,080710T,33,B+,2026
中北大学,集成电路设计与集成系统,080710T,35,B+,2026
重庆邮电大学,集成电路设计与集成系统,080710T,36,B+,2026
天津理工大学,集成电路设计与集成系统,080710T,37,B+,2026
太原理工大学,集成电路设计与集成系统,080710T,38,B+,2026
中国海洋大学,集成电路设计与集成系统,080710T,39,B+,2026
湖北工业大学,集成电路设计与集成系统,080710T,40,B+,2026
中国矿业大学,集成电路设计与集成系统,080710T,41,B+,2026
华侨大学,集成电路设计与集成系统,080710T,42,B+,2026
哈尔滨理工大学,集成电路设计与集成系统,080710T,43,B+,2026
湖北大学,集成电路设计与集成系统,080710T,44,B,2026
上海电力大学,集成电路设计与集成系统,080710T,45,B,2026
广州大学,集成电路设计与集成系统,080710T,46,B,2026
青岛大学,集成电路设计与集成系统,080710T,46,B,2026
南通大学,集成电路设计与集成系统,080710T,48,B,2026
广西大学,集成电路设计与集成系统,080710T,49,B,2026
成都信息工程大学,集成电路设计与集成系统,080710T,50,B,2026
济南大学,集成电路设计与集成系统,080710T,50,B,2026
青岛科技大学,集成电路设计与集成系统,080710T,52,B,2026
山东科技大学,集成电路设计与集成系统,080710T,53,B,2026
黑龙江大学,集成电路设计与集成系统,080710T,54,B,2026
南京工程学院,集成电路设计与集成系统,080710T,55,B,2026
常州大学,集成电路设计与集成系统,080710T,56,B,2026
佛山大学,集成电路设计与集成系统,080710T,56,B,2026
上海应用技术大学,集成电路设计与集成系统,080710T,58,B,2026
中南民族大学,集成电路设计与集成系统,080710T,58,B,2026
安徽理工大学,集成电路设计与集成系统,080710T,60,B,2026
温州大学,集成电路设计与集成系统,080710T,60,B,2026
安徽工程大学,集成电路设计与集成系统,080710T,62,B,2026
湖南科技大学,集成电路设计与集成系统,080710T,62,B,2026
华南农业大学,集成电路设计与集成系统,080710T,64,B,2026
安徽工业大学,集成电路设计与集成系统,080710T,65,B,2026
厦门理工学院,集成电路设计与集成系统,080710T,65,B,2026
中原工学院,集成电路设计与集成系统,080710T,67,B,2026
深圳技术大学,集成电路设计与集成系统,080710T,68,B,2026
合肥大学,集成电路设计与集成系统,080710T,69,B,2026
华北理工大学,集成电路设计与集成系统,080710T,70,B,2026
长江大学,集成电路设计与集成系统,080710T,71,B,2026
青岛理工大学,集成电路设计与集成系统,080710T,72,B,2026
苏州工学院,集成电路设计与集成系统,080710T,73,B,2026
四川大学,医学信息工程,080711T,1,A+,2026
广州中医药大学,医学信息工程,080711T,2,A+,2026
南京中医药大学,医学信息工程,080711T,3,A,2026
成都中医药大学,医学信息工程,080711T,4,A,2026
重庆医科大学,医学信息工程,080711T,5,A,2026
重庆邮电大学,医学信息工程,080711T,6,A,2026
浙江中医药大学,医学信息工程,080711T,6,A,2026
南京信息工程大学,医学信息工程,080711T,8,B+,2026
天津中医药大学,医学信息工程,080711T,9,B+,2026
上海理工大学,医学信息工程,080711T,10,B+,2026
湖南中医药大学,医学信息工程,080711T,11,B+,2026
徐州医科大学,医学信息工程,080711T,12,B+,2026
山东第一医科大学,医学信息工程,080711T,13,B+,2026
哈尔滨医科大学,医学信息工程,080711T,14,B+,2026
湖北中医药大学,医学信息工程,080711T,15,B+,2026
河南中医药大学,医学信息工程,080711T,16,B+,2026
河南医药大学,医学信息工程,080711T,17,B+,2026
宁夏医科大学,医学信息工程,080711T,18,B+,2026
安徽中医药大学,医学信息工程,080711T,19,B,2026
海南医科大学,医学信息工程,080711T,20,B,2026
中南民族大学,医学信息工程,080711T,21,B,2026
广西医科大学,医学信息工程,080711T,22,B,2026
云南中医药大学,医学信息工程,080711T,23,B,2026
江西中医药大学,医学信息工程,080711T,24,B,2026
黑龙江中医药大学,医学信息工程,080711T,25,B,2026
遵义医科大学,医学信息工程,080711T,26,B,2026
长春中医药大学,医学信息工程,080711T,27,B,2026
贵州医科大学,医学信息工程,080711T,28,B,2026
甘肃中医药大学,医学信息工程,080711T,29,B,2026
辽宁中医药大学,医学信息工程,080711T,29,B,2026
广西中医药大学,医学信息工程,080711T,31,B,2026
北京航空航天大学,电磁场与无线技术,080712T,1,A+,2026
电子科技大学,电磁场与无线技术,080712T,2,A+,2026
西安电子科技大学,电磁场与无线技术,080712T,3,B+,2026
哈尔滨工业大学,电磁场与无线技术,080712T,4,B,2026
华中科技大学,电磁场与无线技术,080712T,5,B,2026
南京邮电大学,电磁场与无线技术,080712T,6,B,2026
电子科技大学,电波传播与天线,080713T,,,2026
武汉大学,电波传播与天线,080713T,,,2026
西安电子科技大学,电波传播与天线,080713T,,,2026
清华大学,电子信息科学与技术,080714T,1,A+,2026
西安电子科技大学,电子信息科学与技术,080714T,2,A+,2026
北京大学,电子信息科学与技术,080714T,3,A+,2026
复旦大学,电子信息科学与技术,080714T,4,A+,2026
南京大学,电子信息科学与技术,080714T,5,A,2026
电子科技大学,电子信息科学与技术,080714T,6,A,2026
中山大学,电子信息科学与技术,080714T,7,A,2026
北京邮电大学,电子信息科学与技术,080714T,8,A,2026
南京航空航天大学,电子信息科学与技术,080714T,8,A,2026
厦门大学,电子信息科学与技术,080714T,10,A,2026
吉林大学,电子信息科学与技术,080714T,11,A,2026
南开大学,电子信息科学与技术,080714T,12,A,2026
西南交通大学,电子信息科学与技术,080714T,13,A,2026
中南大学,电子信息科学与技术,080714T,13,A,2026
上海大学,电子信息科学与技术,080714T,15,A,2026
华东师范大学,电子信息科学与技术,080714T,16,A,2026
宁波大学,电子信息科学与技术,080714T,17,A,2026
兰州大学,电子信息科学与技术,080714T,18,A,2026
华南师范大学,电子信息科学与技术,080714T,19,A,2026
武汉理工大学,电子信息科学与技术,080714T,19,A,2026
陕西师范大学,电子信息科学与技术,080714T,21,B+,2026
湖南师范大学,电子信息科学与技术,080714T,22,B+,2026
中国海洋大学,电子信息科学与技术,080714T,23,B+,2026
大连海事大学,电子信息科学与技术,080714T,24,B+,2026
华北电力大学,电子信息科学与技术,080714T,25,B+,2026
贵州大学,电子信息科学与技术,080714T,26,B+,2026
重庆大学,电子信息科学与技术,080714T,27,B+,2026
北京林业大学,电子信息科学与技术,080714T,28,B+,2026
长沙理工大学,电子信息科学与技术,080714T,29,B+,2026
东北师范大学,电子信息科学与技术,080714T,30,B+,2026
华中师范大学,电子信息科学与技术,080714T,31,B+,2026
北京信息科技大学,电子信息科学与技术,080714T,32,B+,2026
山西大学,电子信息科学与技术,080714T,33,B+,2026
成都信息工程大学,电子信息科学与技术,080714T,34,B+,2026
西北大学,电子信息科学与技术,080714T,34,B+,2026
河南大学,电子信息科学与技术,080714T,36,B+,2026
内蒙古大学,电子信息科学与技术,080714T,37,B+,2026
上海理工大学,电子信息科学与技术,080714T,38,B+,2026
兰州理工大学,电子信息科学与技术,080714T,39,B+,2026
河南农业大学,电子信息科学与技术,080714T,40,B+,2026
辽宁大学,电子信息科学与技术,080714T,40,B+,2026
湖南科技大学,电子信息科学与技术,080714T,42,B+,2026
武汉轻工大学,电子信息科学与技术,080714T,42,B+,2026
温州大学,电子信息科学与技术,080714T,44,B+,2026
南京农业大学,电子信息科学与技术,080714T,45,B+,2026
重庆文理学院,电子信息科学与技术,080714T,46,B+,2026
江苏科技大学,电子信息科学与技术,080714T,46,B+,2026
烟台大学,电子信息科学与技术,080714T,48,B+,2026
江西理工大学,电子信息科学与技术,080714T,49,B+,2026
青岛科技大学,电子信息科学与技术,080714T,50,B+,2026
华南农业大学,电子信息科学与技术,080714T,51,B+,2026
桂林电子科技大学,电子信息科学与技术,080714T,52,B+,2026
天津师范大学,电子信息科学与技术,080714T,52,B+,2026
南京晓庄学院,电子信息科学与技术,080714T,54,B+,2026
山东农业大学,电子信息科学与技术,080714T,55,B+,2026
重庆师范大学,电子信息科学与技术,080714T,56,B+,2026
西南石油大学,电子信息科学与技术,080714T,56,B+,2026
宜宾学院,电子信息科学与技术,080714T,58,B+,2026
安徽工程大学,电子信息科学与技术,080714T,59,B+,2026
皖西学院,电子信息科学与技术,080714T,59,B+,2026
长江师范学院,电子信息科学与技术,080714T,61,B,2026
阜阳师范大学,电子信息科学与技术,080714T,61,B,2026
河北农业大学,电子信息科学与技术,080714T,61,B,2026
泰山学院,电子信息科学与技术,080714T,64,B,2026
哈尔滨师范大学,电子信息科学与技术,080714T,65,B,2026
哈尔滨理工大学,电子信息科学与技术,080714T,66,B,2026
海南师范大学,电子信息科学与技术,080714T,66,B,2026
陕西理工大学,电子信息科学与技术,080714T,68,B,2026
青海民族大学,电子信息科学与技术,080714T,69,B,2026
山西大同大学,电子信息科学与技术,080714T,69,B,2026
山西农业大学,电子信息科学与技术,080714T,69,B,2026
衡阳师范学院,电子信息科学与技术,080714T,72,B,2026
海南热带海洋学院,电子信息科学与技术,080714T,73,B,2026
天津城建大学,电子信息科学与技术,080714T,74,B,2026
湖北汽车工业学院,电子信息科学与技术,080714T,75,B,2026
苏州城市学院,电子信息科学与技术,080714T,75,B,2026
吉林农业大学,电子信息科学与技术,080714T,77,B,2026
云南师范大学,电子信息科学与技术,080714T,78,B,2026
安庆师范大学,电子信息科学与技术,080714T,79,B,2026
湖北科技学院,电子信息科学与技术,080714T,80,B,2026
内蒙古工业大学,电子信息科学与技术,080714T,80,B,2026
西华师范大学,电子信息科学与技术,080714T,80,B,2026
齐鲁工业大学,电子信息科学与技术,080714T,83,B,2026
湖北工程学院,电子信息科学与技术,080714T,84,B,2026
遵义师范学院,电子信息科学与技术,080714T,85,B,2026
湖北第二师范学院,电子信息科学与技术,080714T,86,B,2026
泉州师范学院,电子信息科学与技术,080714T,87,B,2026
淮阴师范学院,电子信息科学与技术,080714T,88,B,2026
井冈山大学,电子信息科学与技术,080714T,89,B,2026
内蒙古师范大学,电子信息科学与技术,080714T,90,B,2026
湘南学院,电子信息科学与技术,080714T,91,B,2026
贵州民族大学,电子信息科学与技术,080714T,92,B,2026
新疆师范大学,电子信息科学与技术,080714T,92,B,2026
肇庆学院,电子信息科学与技术,080714T,94,B,2026
贵州师范学院,电子信息科学与技术,080714T,95,B,2026
湖南文理学院,电子信息科学与技术,080714T,95,B,2026
内蒙古民族大学,电子信息科学与技术,080714T,97,B,2026
新疆农业大学,电子信息科学与技术,080714T,97,B,2026
内蒙古科技大学包头师范学院,电子信息科学与技术,080714T,99,B,2026
商洛学院,电子信息科学与技术,080714T,100,B,2026
池州学院,电子信息科学与技术,080714T,101,B,2026
珠海科技学院,电子信息科学与技术,080714T,101,B,2026
北京邮电大学,电信工程及管理,080715T,1,A+,2026
西安邮电大学,电信工程及管理,080715T,2,A+,2026
桂林电子科技大学,电信工程及管理,080715T,3,B+,2026
保定学院,电信工程及管理,080715T,4,B,2026
重庆移通学院,电信工程及管理,080715T,5,B,2026
湖南师范大学,应用电子技术教育,080716T,1,A+,2026
西华师范大学,应用电子技术教育,080716T,2,A+,2026
安庆师范大学,应用电子技术教育,080716T,3,B+,2026
太原师范学院,应用电子技术教育,080716T,4,B,2026
河南科技学院,应用电子技术教育,080716T,5,B,2026
清华大学,人工智能,080717T,1,A+,2026
上海交通大学,人工智能,080717T,2,A+,2026
西安电子科技大学,人工智能,080717T,3,A+,2026
东南大学,人工智能,080717T,4,A+,2026
浙江大学,人工智能,080717T,5,A+,2026
中国科学技术大学,人工智能,080717T,6,A+,2026
华中科技大学,人工智能,080717T,7,A+,2026
南京大学,人工智能,080717T,8,A+,2026
电子科技大学,人工智能,080717T,9,A+,2026
哈尔滨工业大学,人工智能,080717T,10,A+,2026
北京航空航天大学,人工智能,080717T,11,A+,2026
西北工业大学,人工智能,080717T,12,A+,2026
西安交通大学,人工智能,080717T,13,A,2026
北京大学,人工智能,080717T,14,A,2026
北京理工大学,人工智能,080717T,15,A,2026
北京邮电大学,人工智能,080717T,15,A,2026
复旦大学,人工智能,080717T,17,A,2026
中山大学,人工智能,080717T,18,A,2026
武汉大学,人工智能,080717T,19,A,2026
山东大学,人工智能,080717T,20,A,2026
中南大学,人工智能,080717T,21,A,2026
湖南大学,人工智能,080717T,22,A,2026
南京航空航天大学,人工智能,080717T,22,A,2026
天津大学,人工智能,080717T,22,A,2026
吉林大学,人工智能,080717T,25,A,2026
四川大学,人工智能,080717T,25,A,2026
中国人民大学,人工智能,080717T,27,A,2026
同济大学,人工智能,080717T,28,A,2026
华南理工大学,人工智能,080717T,29,A,2026
重庆大学,人工智能,080717T,30,A,2026
北京交通大学,人工智能,080717T,31,A,2026
北京师范大学,人工智能,080717T,32,A,2026
大连理工大学,人工智能,080717T,33,A,2026
深圳大学,人工智能,080717T,33,A,2026
东北大学,人工智能,080717T,35,A,2026
北京科技大学,人工智能,080717T,36,A,2026
西南交通大学,人工智能,080717T,37,A,2026
南方科技大学,人工智能,080717T,38,A,2026
厦门大学,人工智能,080717T,39,A,2026
苏州大学,人工智能,080717T,40,A,2026
南京邮电大学,人工智能,080717T,41,A,2026
杭州电子科技大学,人工智能,080717T,42,A,2026
中国矿业大学,人工智能,080717T,42,A,2026
上海大学,人工智能,080717T,44,A,2026
江南大学,人工智能,080717T,45,A,2026
重庆邮电大学,人工智能,080717T,46,A,2026
北京工业大学,人工智能,080717T,47,A,2026
安徽大学,人工智能,080717T,48,A,2026
中国农业大学,人工智能,080717T,49,A,2026
哈尔滨工程大学,人工智能,080717T,50,A,2026
河北工业大学,人工智能,080717T,51,A,2026
河海大学,人工智能,080717T,51,A,2026
南昌大学,人工智能,080717T,53,A,2026
武汉理工大学,人工智能,080717T,53,A,2026
陕西师范大学,人工智能,080717T,55,A,2026
南京信息工程大学,人工智能,080717T,56,A,2026
华中师范大学,人工智能,080717T,57,A,2026
西南大学,人工智能,080717T,58,A,2026
福州大学,人工智能,080717T,59,A,2026
兰州大学,人工智能,080717T,59,A,2026
海南大学,人工智能,080717T,61,A,2026
广东工业大学,人工智能,080717T,62,A,2026
广州大学,人工智能,080717T,63,B+,2026
华东理工大学,人工智能,080717T,64,B+,2026
昆明理工大学,人工智能,080717T,65,B+,2026
大连海事大学,人工智能,080717T,66,B+,2026
南京师范大学,人工智能,080717T,67,B+,2026
郑州大学,人工智能,080717T,68,B+,2026
桂林电子科技大学,人工智能,080717T,69,B+,2026
暨南大学,人工智能,080717T,70,B+,2026
云南大学,人工智能,080717T,71,B+,2026
齐鲁工业大学,人工智能,080717T,72,B+,2026
贵州大学,人工智能,080717T,73,B+,2026
浙江工商大学,人工智能,080717T,73,B+,2026
中北大学,人工智能,080717T,73,B+,2026
山西大学,人工智能,080717T,76,B+,2026
温州大学,人工智能,080717T,76,B+,2026
华南农业大学,人工智能,080717T,78,B+,2026
湖南师范大学,人工智能,080717T,79,B+,2026
西安邮电大学,人工智能,080717T,80,B+,2026
中国矿业大学（北京）,人工智能,080717T,80,B+,2026
东华大学,人工智能,080717T,82,B+,2026
山东师范大学,人工智能,080717T,82,B+,2026
中国石油大学（华东）,人工智能,080717T,82,B+,2026
华南师范大学,人工智能,080717T,85,B+,2026
太原理工大学,人工智能,080717T,85,B+,2026
湘潭大学,人工智能,080717T,87,B+,2026
首都师范大学,人工智能,080717T,88,B+,2026
武汉科技大学,人工智能,080717T,88,B+,2026
中国传媒大学,人工智能,080717T,88,B+,2026
中央民族大学,人工智能,080717T,91,B+,2026
华北电力大学,人工智能,080717T,92,B+,2026
沈阳航空航天大学,人工智能,080717T,92,B+,2026
天津理工大学,人工智能,080717T,92,B+,2026
西安理工大学,人工智能,080717T,95,B+,2026
北京林业大学,人工智能,080717T,96,B+,2026
上海理工大学,人工智能,080717T,96,B+,2026
天津工业大学,人工智能,080717T,98,B+,2026
长安大学,人工智能,080717T,99,B+,2026
北方工业大学,人工智能,080717T,100,B+,2026
广西大学,人工智能,080717T,101,B+,2026
浙江师范大学,人工智能,080717T,102,B+,2026
华东交通大学,人工智能,080717T,103,B+,2026
中国石油大学（北京）,人工智能,080717T,104,B+,2026
华中农业大学,人工智能,080717T,105,B+,2026
上海海事大学,人工智能,080717T,105,B+,2026
河南大学,人工智能,080717T,107,B+,2026
北京信息科技大学,人工智能,080717T,108,B+,2026
上海师范大学,人工智能,080717T,108,B+,2026
北京化工大学,人工智能,080717T,110,B+,2026
福建师范大学,人工智能,080717T,110,B+,2026
南京农业大学,人工智能,080717T,112,B+,2026
中国地质大学（北京）,人工智能,080717T,112,B+,2026
西南财经大学,人工智能,080717T,114,B+,2026
香港中文大学（深圳）,人工智能,080717T,115,B+,2026
成都大学,人工智能,080717T,116,B+,2026
南京工业大学,人工智能,080717T,117,B+,2026
南京林业大学,人工智能,080717T,117,B+,2026
江西师范大学,人工智能,080717T,119,B+,2026
武汉工程大学,人工智能,080717T,120,B+,2026
北京语言大学,人工智能,080717T,121,B+,2026
湖北大学,人工智能,080717T,121,B+,2026
中南财经政法大学,人工智能,080717T,121,B+,2026
常州大学,人工智能,080717T,124,B+,2026
长沙理工大学,人工智能,080717T,125,B+,2026
国际关系学院,人工智能,080717T,125,B+,2026
湖南科技大学,人工智能,080717T,127,B+,2026
广西师范大学,人工智能,080717T,128,B+,2026
河南工业大学,人工智能,080717T,128,B+,2026
上海财经大学,人工智能,080717T,128,B+,2026
扬州大学,人工智能,080717T,128,B+,2026
成都信息工程大学,人工智能,080717T,132,B+,2026
东北林业大学,人工智能,080717T,132,B+,2026
江西财经大学,人工智能,080717T,132,B+,2026
中国计量大学,人工智能,080717T,132,B+,2026
福建农林大学,人工智能,080717T,136,B+,2026
辽宁师范大学,人工智能,080717T,136,B+,2026
成都理工大学,人工智能,080717T,138,B+,2026
西南石油大学,人工智能,080717T,139,B+,2026
上海海洋大学,人工智能,080717T,140,B+,2026
北京联合大学,人工智能,080717T,141,B+,2026
北京工商大学,人工智能,080717T,142,B+,2026
北京建筑大学,人工智能,080717T,142,B+,2026
东北农业大学,人工智能,080717T,142,B+,2026
天津科技大学,人工智能,080717T,142,B+,2026
华侨大学,人工智能,080717T,146,B+,2026
长江大学,人工智能,080717T,147,B+,2026
南京审计大学,人工智能,080717T,147,B+,2026
哈尔滨理工大学,人工智能,080717T,149,B+,2026
南通大学,人工智能,080717T,150,B+,2026
烟台大学,人工智能,080717T,151,B+,2026
浙江财经大学,人工智能,080717T,151,B+,2026
济南大学,人工智能,080717T,153,B+,2026
湖州师范大学,人工智能,080717T,154,B+,2026
中国民航大学,人工智能,080717T,154,B+,2026
延边大学,人工智能,080717T,156,B+,2026
江汉大学,人工智能,080717T,157,B+,2026
苏州科技大学,人工智能,080717T,157,B+,2026
河北大学,人工智能,080717T,159,B+,2026
陕西科技大学,人工智能,080717T,159,B+,2026
首都经济贸易大学,人工智能,080717T,159,B+,2026
西安工业大学,人工智能,080717T,159,B+,2026
西安建筑科技大学,人工智能,080717T,159,B+,2026
上海应用技术大学,人工智能,080717T,164,B+,2026
安徽理工大学,人工智能,080717T,165,B+,2026
集美大学,人工智能,080717T,165,B+,2026
重庆交通大学,人工智能,080717T,167,B+,2026
江苏科技大学,人工智能,080717T,167,B+,2026
辽宁大学,人工智能,080717T,167,B+,2026
西南科技大学,人工智能,080717T,170,B+,2026
山东财经大学,人工智能,080717T,171,B+,2026
汕头大学,人工智能,080717T,171,B+,2026
南华大学,人工智能,080717T,173,B+,2026
对外经济贸易大学,人工智能,080717T,174,B+,2026
南京工程学院,人工智能,080717T,174,B+,2026
重庆理工大学,人工智能,080717T,176,B+,2026
中南民族大学,人工智能,080717T,176,B+,2026
天津师范大学,人工智能,080717T,178,B+,2026
东北财经大学,人工智能,080717T,179,B+,2026
广东外语外贸大学,人工智能,080717T,179,B+,2026
上海工程技术大学,人工智能,080717T,179,B+,2026
武汉纺织大学,人工智能,080717T,179,B+,2026
武汉轻工大学,人工智能,080717T,179,B+,2026
安徽工业大学,人工智能,080717T,184,B+,2026
安徽师范大学,人工智能,080717T,184,B+,2026
湖南工业大学,人工智能,080717T,184,B+,2026
厦门理工学院,人工智能,080717T,184,B+,2026
安徽财经大学,人工智能,080717T,188,B+,2026
河南农业大学,人工智能,080717T,188,B+,2026
西安工程大学,人工智能,080717T,188,B+,2026
西安石油大学,人工智能,080717T,188,B+,2026
大连交通大学,人工智能,080717T,192,B,2026
青岛科技大学,人工智能,080717T,192,B,2026
浙大城市学院,人工智能,080717T,192,B,2026
北京石油化工学院,人工智能,080717T,195,B,2026
山东工商学院,人工智能,080717T,195,B,2026
河南师范大学,人工智能,080717T,197,B,2026
西南民族大学,人工智能,080717T,197,B,2026
北京物资学院,人工智能,080717T,199,B,2026
江苏师范大学,人工智能,080717T,199,B,2026
石家庄铁道大学,人工智能,080717T,199,B,2026
大连民族大学,人工智能,080717T,202,B,2026
东北石油大学,人工智能,080717T,202,B,2026
南昌航空大学,人工智能,080717T,202,B,2026
上海电机学院,人工智能,080717T,202,B,2026
上海对外经贸大学,人工智能,080717T,202,B,2026
沈阳建筑大学,人工智能,080717T,202,B,2026
广东财经大学,人工智能,080717T,208,B,2026
河北师范大学,人工智能,080717T,208,B,2026
辽宁工程技术大学,人工智能,080717T,208,B,2026
深圳技术大学,人工智能,080717T,208,B,2026
安徽工程大学,人工智能,080717T,212,B,2026
浙江科技大学,人工智能,080717T,213,B,2026
中南林业科技大学,人工智能,080717T,213,B,2026
中原工学院,人工智能,080717T,213,B,2026
河南财经政法大学,人工智能,080717T,216,B,2026
重庆工商大学,人工智能,080717T,217,B,2026
河北科技大学,人工智能,080717T,217,B,2026
辽宁工业大学,人工智能,080717T,217,B,2026
内蒙古工业大学,人工智能,080717T,217,B,2026
福建理工大学,人工智能,080717T,221,B,2026
南京中医药大学,人工智能,080717T,221,B,2026
曲阜师范大学,人工智能,080717T,223,B,2026
海南师范大学,人工智能,080717T,224,B,2026
江西理工大学,人工智能,080717T,224,B,2026
浙江传媒学院,人工智能,080717T,226,B,2026
河北经贸大学,人工智能,080717T,227,B,2026
华北理工大学,人工智能,080717T,227,B,2026
郑州轻工业大学,人工智能,080717T,227,B,2026
山东农业大学,人工智能,080717T,230,B,2026
沈阳大学,人工智能,080717T,230,B,2026
天津职业技术师范大学,人工智能,080717T,230,B,2026
长春工业大学,人工智能,080717T,233,B,2026
河南科技学院,人工智能,080717T,233,B,2026
东华理工大学,人工智能,080717T,235,B,2026
华北水利水电大学,人工智能,080717T,235,B,2026
山东理工大学,人工智能,080717T,235,B,2026
陕西理工大学,人工智能,080717T,238,B,2026
河南理工大学,人工智能,080717T,239,B,2026
桂林理工大学,人工智能,080717T,240,B,2026
湖南工商大学,人工智能,080717T,241,B,2026
辽宁石油化工大学,人工智能,080717T,241,B,2026
山东建筑大学,人工智能,080717T,241,B,2026
云南师范大学,人工智能,080717T,241,B,2026
沈阳化工大学,人工智能,080717T,245,B,2026
天津城建大学,人工智能,080717T,245,B,2026
沈阳工程学院,人工智能,080717T,247,B,2026
贵州师范大学,人工智能,080717T,248,B,2026
湖南理工大学,人工智能,080717T,248,B,2026
闽江大学,人工智能,080717T,248,B,2026
鲁东大学,人工智能,080717T,251,B,2026
西华师范大学,人工智能,080717T,251,B,2026
中国民用航空飞行学院,人工智能,080717T,251,B,2026
河北农业大学,人工智能,080717T,254,B,2026
广东技术师范大学,人工智能,080717T,255,B,2026
重庆文理学院,人工智能,080717T,256,B,2026
淮安大学,人工智能,080717T,256,B,2026
甘肃政法大学,人工智能,080717T,258,B,2026
常州工学院,人工智能,080717T,259,B,2026
湖南第一师范学院,人工智能,080717T,259,B,2026
长沙学院,人工智能,080717T,261,B,2026
临沂大学,人工智能,080717T,261,B,2026
安徽科技工程大学,人工智能,080717T,263,B,2026
聊城大学,人工智能,080717T,263,B,2026
长春大学,人工智能,080717T,265,B,2026
湖北科技学院,人工智能,080717T,266,B,2026
湖南中医药大学,人工智能,080717T,266,B,2026
四川轻化工大学,人工智能,080717T,266,B,2026
吉首大学,人工智能,080717T,269,B,2026
湖北汽车工业学院,人工智能,080717T,270,B,2026
景德镇陶瓷大学,人工智能,080717T,270,B,2026
南京晓庄学院,人工智能,080717T,270,B,2026
青海民族大学,人工智能,080717T,270,B,2026
盐城工学院,人工智能,080717T,270,B,2026
黑龙江科技大学,人工智能,080717T,275,B,2026
闽南师范大学,人工智能,080717T,275,B,2026
榆林大学,人工智能,080717T,275,B,2026
云南农业大学,人工智能,080717T,275,B,2026
合肥师范学院,人工智能,080717T,279,B,2026
郑州航空工业管理学院,人工智能,080717T,279,B,2026
西北民族大学,人工智能,080717T,281,B,2026
北师香港浸会大学,人工智能,080717T,282,B,2026
北华航天工业学院,人工智能,080717T,283,B,2026
贵阳学院,人工智能,080717T,283,B,2026
江西科技师范大学,人工智能,080717T,283,B,2026
广东石油化工学院,人工智能,080717T,286,B,2026
湖北文理学院,人工智能,080717T,286,B,2026
云南民族大学,人工智能,080717T,286,B,2026
浙江万里学院,人工智能,080717T,286,B,2026
安徽建筑大学,人工智能,080717T,290,B,2026
广西民族大学,人工智能,080717T,290,B,2026
江苏理工学院,人工智能,080717T,292,B,2026
兰州财经大学,人工智能,080717T,292,B,2026
皖西学院,人工智能,080717T,292,B,2026
无锡学院,人工智能,080717T,292,B,2026
齐齐哈尔大学,人工智能,080717T,296,B,2026
湖北师范大学,人工智能,080717T,297,B,2026
黑龙江工程学院,人工智能,080717T,298,B,2026
信阳师范大学,人工智能,080717T,298,B,2026
湖北经济学院,人工智能,080717T,300,B,2026
山东航空学院,人工智能,080717T,300,B,2026
宁夏师范大学,人工智能,080717T,302,B,2026
宜宾学院,人工智能,080717T,302,B,2026
贵州民族大学,人工智能,080717T,304,B,2026
新疆农业大学,人工智能,080717T,305,B,2026
安徽中医药大学,人工智能,080717T,306,B,2026
肇庆学院,人工智能,080717T,306,B,2026
湖南科技学院,人工智能,080717T,308,B,2026
西安外国语大学,人工智能,080717T,309,B,2026
宁波工程学院,人工智能,080717T,310,B,2026
内蒙古师范大学,人工智能,080717T,311,B,2026
黔南民族师范学院,人工智能,080717T,311,B,2026
湖南城市学院,人工智能,080717T,313,B,2026
太原师范学院,人工智能,080717T,313,B,2026
新疆财经大学,人工智能,080717T,313,B,2026
东南大学,海洋信息工程,080718T,1,A+,2026
哈尔滨工业大学,海洋信息工程,080718T,2,A+,2026
哈尔滨工程大学,海洋信息工程,080718T,3,B+,2026
山东科技大学,海洋信息工程,080718T,4,B,2026
江苏科技大学,海洋信息工程,080718T,5,B,2026
中山大学,柔性电子学,080719T,1,A+,2026
西北工业大学,柔性电子学,080719T,2,A+,2026
南京邮电大学,柔性电子学,080719T,3,B+,2026
南京工业大学,柔性电子学,080719T,4,B,2026
河南大学,柔性电子学,080719T,5,B,2026
哈尔滨工业大学,智能测控工程,080720T,1,A+,2026
苏州大学,智能测控工程,080720T,2,A+,2026
中北大学,智能测控工程,080720T,3,B+,2026
太原理工大学,智能测控工程,080720T,4,B+,2026
南京工程学院,智能测控工程,080720T,5,B+,2026
湖北汽车工业学院,智能测控工程,080720T,6,B,2026
苏州城市学院,智能测控工程,080720T,7,B,2026
山东管理学院,智能测控工程,080720T,8,B,2026
太原学院,智能测控工程,080720T,9,B,2026
哈尔滨工业大学,智能视觉工程,080721T,1,A+,2026
桂林电子科技大学,智能视觉工程,080721T,2,A+,2026
河南科技学院,智能视觉工程,080721T,3,B,2026
西安邮电大学,智能视听工程,080722T,1,A+,2026
中国传媒大学,智能视听工程,080722T,2,A+,2026
清华大学,自动化,080801,1,A+,2026
北京理工大学,自动化,080801,2,A+,2026
浙江大学,自动化,080801,3,A+,2026
上海交通大学,自动化,080801,4,A+,2026
北京航空航天大学,自动化,080801,5,A+,2026
哈尔滨工程大学,自动化,080801,6,A+,2026
哈尔滨工业大学,自动化,080801,7,A+,2026
西安交通大学,自动化,080801,8,A+,2026
东北大学,自动化,080801,9,A+,2026
华中科技大学,自动化,080801,10,A,2026
东南大学,自动化,080801,11,A,2026
山东大学,自动化,080801,12,A,2026
西北工业大学,自动化,080801,13,A,2026
南开大学,自动化,080801,14,A,2026
中南大学,自动化,080801,15,A,2026
大连理工大学,自动化,080801,16,A,2026
南京航空航天大学,自动化,080801,17,A,2026
北京科技大学,自动化,080801,18,A,2026
同济大学,自动化,080801,18,A,2026
中国科学技术大学,自动化,080801,20,A,2026
南京理工大学,自动化,080801,21,A,2026
重庆大学,自动化,080801,22,A,2026
电子科技大学,自动化,080801,22,A,2026
华东理工大学,自动化,080801,24,A,2026
湖南大学,自动化,080801,25,A,2026
江南大学,自动化,080801,26,A,2026
华南理工大学,自动化,080801,27,A,2026
天津大学,自动化,080801,28,A,2026
杭州电子科技大学,自动化,080801,29,A,2026
广东工业大学,自动化,080801,30,A,2026
北京工业大学,自动化,080801,31,A,2026
西安理工大学,自动化,080801,32,A,2026
上海大学,自动化,080801,33,A,2026
北京交通大学,自动化,080801,34,A,2026
北京邮电大学,自动化,080801,35,A,2026
华北电力大学,自动化,080801,36,A,2026
北京化工大学,自动化,080801,37,A,2026
南京邮电大学,自动化,080801,37,A,2026
合肥工业大学,自动化,080801,39,A,2026
西安电子科技大学,自动化,080801,40,A,2026
四川大学,自动化,080801,41,A,2026
青岛大学,自动化,080801,42,A,2026
吉林大学,自动化,080801,43,A,2026
中国地质大学（武汉）,自动化,080801,43,A,2026
山东科技大学,自动化,080801,45,A,2026
武汉大学,自动化,080801,46,A,2026
浙江工业大学,自动化,080801,47,A,2026
郑州大学,自动化,080801,48,A,2026
河海大学,自动化,080801,49,B+,2026
安徽大学,自动化,080801,50,B+,2026
长安大学,自动化,080801,50,B+,2026
中国矿业大学,自动化,080801,52,B+,2026
东华大学,自动化,080801,53,B+,2026
南方科技大学,自动化,080801,54,B+,2026
中国石油大学（华东）,自动化,080801,54,B+,2026
武汉理工大学,自动化,080801,56,B+,2026
西南交通大学,自动化,080801,57,B+,2026
南京信息工程大学,自动化,080801,58,B+,2026
厦门大学,自动化,080801,58,B+,2026
河北工业大学,自动化,080801,60,B+,2026
北京信息科技大学,自动化,080801,61,B+,2026
重庆邮电大学,自动化,080801,62,B+,2026
深圳大学,自动化,080801,63,B+,2026
燕山大学,自动化,080801,64,B+,2026
中国计量大学,自动化,080801,65,B+,2026
大连海事大学,自动化,080801,66,B+,2026
南京大学,自动化,080801,67,B+,2026
上海电力大学,自动化,080801,68,B+,2026
武汉科技大学,自动化,080801,68,B+,2026
天津工业大学,自动化,080801,70,B+,2026
中国海洋大学,自动化,080801,71,B+,2026
北方工业大学,自动化,080801,72,B+,2026
贵州大学,自动化,080801,72,B+,2026
江苏大学,自动化,080801,74,B+,2026
兰州理工大学,自动化,080801,74,B+,2026
南京工业大学,自动化,080801,74,B+,2026
哈尔滨理工大学,自动化,080801,77,B+,2026
昆明理工大学,自动化,080801,78,B+,2026
南昌大学,自动化,080801,78,B+,2026
天津理工大学,自动化,080801,80,B+,2026
华东交通大学,自动化,080801,81,B+,2026
东北石油大学,自动化,080801,82,B+,2026
中国石油大学（北京）,自动化,080801,82,B+,2026
东北电力大学,自动化,080801,84,B+,2026
上海理工大学,自动化,080801,85,B+,2026
西安工业大学,自动化,080801,85,B+,2026
湖南科技大学,自动化,080801,87,B+,2026
西安建筑科技大学,自动化,080801,88,B+,2026
南京师范大学,自动化,080801,89,B+,2026
中北大学,自动化,080801,90,B+,2026
辽宁石油化工大学,自动化,080801,91,B+,2026
太原理工大学,自动化,080801,91,B+,2026
湘潭大学,自动化,080801,93,B+,2026
北京林业大学,自动化,080801,94,B+,2026
西南科技大学,自动化,080801,94,B+,2026
东北林业大学,自动化,080801,96,B+,2026
海南大学,自动化,080801,96,B+,2026
青岛科技大学,自动化,080801,98,B+,2026
南京林业大学,自动化,080801,99,B+,2026
长春理工大学,自动化,080801,100,B+,2026
广西大学,自动化,080801,100,B+,2026
暨南大学,自动化,080801,100,B+,2026
青岛理工大学,自动化,080801,100,B+,2026
陕西科技大学,自动化,080801,104,B+,2026
华中农业大学,自动化,080801,105,B+,2026
河南工业大学,自动化,080801,106,B+,2026
河南科技大学,自动化,080801,106,B+,2026
武汉工程大学,自动化,080801,106,B+,2026
湖北工业大学,自动化,080801,109,B+,2026
福州大学,自动化,080801,110,B+,2026
齐鲁工业大学,自动化,080801,110,B+,2026
桂林电子科技大学,自动化,080801,112,B+,2026
辽宁工业大学,自动化,080801,113,B+,2026
河北大学,自动化,080801,114,B+,2026
沈阳工业大学,自动化,080801,115,B+,2026
南京工程学院,自动化,080801,116,B+,2026
曲阜师范大学,自动化,080801,117,B+,2026
三峡大学,自动化,080801,117,B+,2026
西安邮电大学,自动化,080801,119,B+,2026
西南石油大学,自动化,080801,119,B+,2026
南通大学,自动化,080801,121,B+,2026
山西大学,自动化,080801,122,B+,2026
中国民航大学,自动化,080801,122,B+,2026
长春工业大学,自动化,080801,124,B+,2026
新疆大学,自动化,080801,124,B+,2026
江西理工大学,自动化,080801,126,B+,2026
北京建筑大学,自动化,080801,127,B+,2026
兰州交通大学,自动化,080801,127,B+,2026
长沙理工大学,自动化,080801,129,B+,2026
江苏科技大学,自动化,080801,129,B+,2026
浙江理工大学,自动化,080801,131,B+,2026
山东理工大学,自动化,080801,132,B+,2026
北京工商大学,自动化,080801,133,B+,2026
南昌航空大学,自动化,080801,133,B+,2026
苏州工学院,自动化,080801,133,B+,2026
内蒙古大学,自动化,080801,136,B+,2026
成都信息工程大学,自动化,080801,137,B+,2026
西安科技大学,自动化,080801,138,B+,2026
长江大学,自动化,080801,139,B+,2026
安徽理工大学,自动化,080801,140,B+,2026
北京石油化工学院,自动化,080801,141,B+,2026
浙大城市学院,自动化,080801,141,B+,2026
安徽工程大学,自动化,080801,143,B+,2026
沈阳航空航天大学,自动化,080801,143,B+,2026
合肥大学,自动化,080801,145,B+,2026
湖南工业大学,自动化,080801,145,B+,2026
太原科技大学,自动化,080801,145,B+,2026
大连交通大学,自动化,080801,148,B,2026
华北理工大学,自动化,080801,149,B,2026
南京农业大学,自动化,080801,149,B,2026
西安工程大学,自动化,080801,151,B,2026
渤海大学,自动化,080801,152,B,2026
西安石油大学,自动化,080801,152,B,2026
中南民族大学,自动化,080801,154,B,2026
郑州轻工业大学,自动化,080801,155,B,2026
安徽工业大学,自动化,080801,156,B,2026
辽宁科技大学,自动化,080801,156,B,2026
上海工程技术大学,自动化,080801,156,B,2026
四川轻化工大学,自动化,080801,156,B,2026
天津科技大学,自动化,080801,160,B,2026
上海第二工业大学,自动化,080801,161,B,2026
中原工学院,自动化,080801,162,B,2026
西南大学,自动化,080801,163,B,2026
成都大学,自动化,080801,164,B,2026
河南理工大学,自动化,080801,164,B,2026
河北科技大学,自动化,080801,166,B,2026
江汉大学,自动化,080801,166,B,2026
扬州大学,自动化,080801,168,B,2026
辽宁工程技术大学,自动化,080801,169,B,2026
南华大学,自动化,080801,170,B,2026
武汉纺织大学,自动化,080801,171,B,2026
西华大学,自动化,080801,171,B,2026
济南大学,自动化,080801,173,B,2026
厦门理工学院,自动化,080801,173,B,2026
北京印刷学院,自动化,080801,175,B,2026
江苏师范大学,自动化,080801,175,B,2026
上海电机学院,自动化,080801,175,B,2026
绍兴大学,自动化,080801,175,B,2026
沈阳建筑大学,自动化,080801,175,B,2026
内蒙古科技大学,自动化,080801,180,B,2026
沈阳化工大学,自动化,080801,180,B,2026
东莞理工学院,自动化,080801,182,B,2026
河南大学,自动化,080801,182,B,2026
广西科技大学,自动化,080801,184,B,2026
沈阳理工大学,自动化,080801,184,B,2026
大连民族大学,自动化,080801,186,B,2026
浙江科技大学,自动化,080801,186,B,2026
上海海事大学,自动化,080801,188,B,2026
淮安大学,自动化,080801,189,B,2026
内蒙古工业大学,自动化,080801,189,B,2026
青海大学,自动化,080801,189,B,2026
沈阳工程学院,自动化,080801,192,B,2026
华北水利水电大学,自动化,080801,193,B,2026
沈阳大学,自动化,080801,194,B,2026
常州工学院,自动化,080801,195,B,2026
常州大学,自动化,080801,196,B,2026
桂林理工大学,自动化,080801,196,B,2026
天津职业技术师范大学,自动化,080801,196,B,2026
烟台大学,自动化,080801,196,B,2026
大连大学,自动化,080801,200,B,2026
湖北汽车工业学院,自动化,080801,200,B,2026
金陵科技学院,自动化,080801,202,B,2026
山东农业大学,自动化,080801,202,B,2026
深圳技术大学,自动化,080801,202,B,2026
广东石油化工学院,自动化,080801,205,B,2026
黑龙江大学,自动化,080801,205,B,2026
广东技术师范大学,自动化,080801,207,B,2026
盐城工学院,自动化,080801,207,B,2026
安庆师范大学,自动化,080801,209,B,2026
安徽师范大学,自动化,080801,210,B,2026
佛山大学,自动化,080801,210,B,2026
石家庄铁道大学,自动化,080801,210,B,2026
重庆理工大学,自动化,080801,213,B,2026
河北工程大学,自动化,080801,213,B,2026
重庆科技大学,自动化,080801,215,B,2026
湖北师范大学,自动化,080801,216,B,2026
五邑大学,自动化,080801,216,B,2026
湖南工程学院,自动化,080801,218,B,2026
陕西理工大学,自动化,080801,218,B,2026
江西水利电力大学,自动化,080801,220,B,2026
临沂大学,自动化,080801,220,B,2026
武汉轻工大学,自动化,080801,222,B,2026
西南民族大学,自动化,080801,223,B,2026
黑龙江科技大学,自动化,080801,224,B,2026
浙大宁波理工学院,自动化,080801,224,B,2026
中南林业科技大学,自动化,080801,224,B,2026
北华航天工业学院,自动化,080801,227,B,2026
北京联合大学,自动化,080801,227,B,2026
天津中德应用技术大学,自动化,080801,229,B,2026
无锡学院,自动化,080801,229,B,2026
北华大学,自动化,080801,231,B,2026
仲恺农业工程学院,自动化,080801,231,B,2026
重庆工商大学,自动化,080801,233,B,2026
滁州学院,自动化,080801,233,B,2026
东华理工大学,自动化,080801,233,B,2026
大连工业大学,自动化,080801,236,B,2026
湖北文理学院,自动化,080801,236,B,2026
延安大学,自动化,080801,236,B,2026
北方民族大学,自动化,080801,239,B,2026
攀枝花学院,自动化,080801,240,B,2026
广东海洋大学,自动化,080801,241,B,2026
天津商业大学,自动化,080801,241,B,2026
北京交通大学,轨道交通信号与控制,080802T,1,A+,2026
西南交通大学,轨道交通信号与控制,080802T,2,A+,2026
南京理工大学,轨道交通信号与控制,080802T,3,A,2026
中南大学,轨道交通信号与控制,080802T,4,A,2026
华东交通大学,轨道交通信号与控制,080802T,5,A,2026
长沙理工大学,轨道交通信号与控制,080802T,6,A,2026
石家庄铁道大学,轨道交通信号与控制,080802T,7,B+,2026
兰州交通大学,轨道交通信号与控制,080802T,8,B+,2026
中北大学,轨道交通信号与控制,080802T,9,B+,2026
大连交通大学,轨道交通信号与控制,080802T,10,B+,2026
苏州大学,轨道交通信号与控制,080802T,10,B+,2026
上海工程技术大学,轨道交通信号与控制,080802T,12,B+,2026
河南理工大学,轨道交通信号与控制,080802T,13,B+,2026
常州大学,轨道交通信号与控制,080802T,14,B+,2026
郑州轻工业大学,轨道交通信号与控制,080802T,15,B+,2026
湖北师范大学,轨道交通信号与控制,080802T,16,B+,2026
江苏师范大学,轨道交通信号与控制,080802T,17,B+,2026
北京联合大学,轨道交通信号与控制,080802T,18,B+,2026
山东交通学院,轨道交通信号与控制,080802T,19,B+,2026
无锡学院,轨道交通信号与控制,080802T,20,B,2026
黄河交通学院,轨道交通信号与控制,080802T,21,B,2026
成都工业学院,轨道交通信号与控制,080802T,22,B,2026
唐山学院,轨道交通信号与控制,080802T,23,B,2026
西安交通工程学院,轨道交通信号与控制,080802T,24,B,2026
石家庄铁道大学四方学院,轨道交通信号与控制,080802T,25,B,2026
淮南师范学院,轨道交通信号与控制,080802T,26,B,2026
兰州工业学院,轨道交通信号与控制,080802T,26,B,2026
大连科技学院,轨道交通信号与控制,080802T,28,B,2026
晋中学院,轨道交通信号与控制,080802T,29,B,2026
滇西科技师范学院,轨道交通信号与控制,080802T,30,B,2026
西南交通大学希望学院,轨道交通信号与控制,080802T,31,B,2026
重庆移通学院,轨道交通信号与控制,080802T,32,B,2026
新疆工程学院,轨道交通信号与控制,080802T,32,B,2026
哈尔滨工业大学,机器人工程,080803T,1,A+,2026
北京航空航天大学,机器人工程,080803T,2,A+,2026
东南大学,机器人工程,080803T,3,A+,2026
山东大学,机器人工程,080803T,4,A+,2026
浙江大学,机器人工程,080803T,5,A+,2026
西北工业大学,机器人工程,080803T,6,A+,2026
北京理工大学,机器人工程,080803T,7,A+,2026
哈尔滨工程大学,机器人工程,080803T,8,A,2026
东北大学,机器人工程,080803T,9,A,2026
湖南大学,机器人工程,080803T,10,A,2026
南京航空航天大学,机器人工程,080803T,11,A,2026
华中科技大学,机器人工程,080803T,12,A,2026
北京科技大学,机器人工程,080803T,13,A,2026
中国科学技术大学,机器人工程,080803T,13,A,2026
南方科技大学,机器人工程,080803T,15,A,2026
天津大学,机器人工程,080803T,16,A,2026
南京理工大学,机器人工程,080803T,17,A,2026
华东理工大学,机器人工程,080803T,18,A,2026
北京工业大学,机器人工程,080803T,19,A,2026
电子科技大学,机器人工程,080803T,20,A,2026
山东科技大学,机器人工程,080803T,21,A,2026
重庆大学,机器人工程,080803T,22,A,2026
华南理工大学,机器人工程,080803T,22,A,2026
西安电子科技大学,机器人工程,080803T,22,A,2026
广东工业大学,机器人工程,080803T,25,A,2026
北京化工大学,机器人工程,080803T,26,A,2026
上海大学,机器人工程,080803T,26,A,2026
江南大学,机器人工程,080803T,28,A,2026
北京邮电大学,机器人工程,080803T,29,A,2026
中国矿业大学,机器人工程,080803T,30,A,2026
北京大学,机器人工程,080803T,31,A,2026
燕山大学,机器人工程,080803T,32,A,2026
合肥工业大学,机器人工程,080803T,33,A,2026
吉林大学,机器人工程,080803T,33,A,2026
武汉大学,机器人工程,080803T,35,A,2026
南京邮电大学,机器人工程,080803T,36,A,2026
深圳大学,机器人工程,080803T,36,A,2026
北京信息科技大学,机器人工程,080803T,38,A,2026
华北电力大学,机器人工程,080803T,39,A,2026
安徽大学,机器人工程,080803T,40,B+,2026
浙江工业大学,机器人工程,080803T,41,B+,2026
北京交通大学,机器人工程,080803T,42,B+,2026
河北工业大学,机器人工程,080803T,43,B+,2026
河海大学,机器人工程,080803T,43,B+,2026
武汉理工大学,机器人工程,080803T,45,B+,2026
南京信息工程大学,机器人工程,080803T,46,B+,2026
上海理工大学,机器人工程,080803T,47,B+,2026
长安大学,机器人工程,080803T,48,B+,2026
西安理工大学,机器人工程,080803T,48,B+,2026
江苏大学,机器人工程,080803T,50,B+,2026
中国石油大学（北京）,机器人工程,080803T,51,B+,2026
武汉科技大学,机器人工程,080803T,52,B+,2026
中国矿业大学（北京）,机器人工程,080803T,52,B+,2026
青岛大学,机器人工程,080803T,54,B+,2026
重庆邮电大学,机器人工程,080803T,55,B+,2026
南京工业大学,机器人工程,080803T,55,B+,2026
天津理工大学,机器人工程,080803T,57,B+,2026
广州大学,机器人工程,080803T,58,B+,2026
福州大学,机器人工程,080803T,59,B+,2026
苏州大学,机器人工程,080803T,60,B+,2026
西安工业大学,机器人工程,080803T,61,B+,2026
哈尔滨理工大学,机器人工程,080803T,62,B+,2026
华中农业大学,机器人工程,080803T,63,B+,2026
昆明理工大学,机器人工程,080803T,64,B+,2026
中北大学,机器人工程,080803T,65,B+,2026
东莞理工学院,机器人工程,080803T,66,B+,2026
青岛理工大学,机器人工程,080803T,66,B+,2026
东北石油大学,机器人工程,080803T,68,B+,2026
兰州理工大学,机器人工程,080803T,68,B+,2026
武汉工程大学,机器人工程,080803T,68,B+,2026
安徽工程大学,机器人工程,080803T,71,B+,2026
长春理工大学,机器人工程,080803T,71,B+,2026
太原理工大学,机器人工程,080803T,71,B+,2026
西安建筑科技大学,机器人工程,080803T,74,B+,2026
河南工业大学,机器人工程,080803T,75,B+,2026
辽宁工业大学,机器人工程,080803T,76,B+,2026
齐鲁工业大学,机器人工程,080803T,77,B+,2026
沈阳工业大学,机器人工程,080803T,77,B+,2026
东北电力大学,机器人工程,080803T,79,B+,2026
青岛科技大学,机器人工程,080803T,79,B+,2026
西南石油大学,机器人工程,080803T,81,B+,2026
东北林业大学,机器人工程,080803T,82,B+,2026
浙江师范大学,机器人工程,080803T,82,B+,2026
华南农业大学,机器人工程,080803T,84,B+,2026
南京林业大学,机器人工程,080803T,84,B+,2026
桂林电子科技大学,机器人工程,080803T,86,B+,2026
新疆大学,机器人工程,080803T,86,B+,2026
上海海洋大学,机器人工程,080803T,88,B+,2026
浙江理工大学,机器人工程,080803T,88,B+,2026
长沙理工大学,机器人工程,080803T,90,B+,2026
辽宁石油化工大学,机器人工程,080803T,90,B+,2026
上海师范大学,机器人工程,080803T,92,B+,2026
西南科技大学,机器人工程,080803T,92,B+,2026
湖北工业大学,机器人工程,080803T,94,B+,2026
河南科技大学,机器人工程,080803T,95,B+,2026
北京建筑大学,机器人工程,080803T,96,B+,2026
北京石油化工学院,机器人工程,080803T,96,B+,2026
西安邮电大学,机器人工程,080803T,96,B+,2026
成都信息工程大学,机器人工程,080803T,99,B+,2026
天津科技大学,机器人工程,080803T,99,B+,2026
南通大学,机器人工程,080803T,101,B+,2026
沈阳航空航天大学,机器人工程,080803T,102,B+,2026
南京工程学院,机器人工程,080803T,103,B+,2026
陕西科技大学,机器人工程,080803T,103,B+,2026
成都大学,机器人工程,080803T,105,B+,2026
江苏科技大学,机器人工程,080803T,106,B+,2026
上海工程技术大学,机器人工程,080803T,107,B+,2026
武汉纺织大学,机器人工程,080803T,107,B+,2026
长江大学,机器人工程,080803T,109,B+,2026
西安工程大学,机器人工程,080803T,109,B+,2026
安徽理工大学,机器人工程,080803T,111,B+,2026
上海应用技术大学,机器人工程,080803T,111,B+,2026
太原科技大学,机器人工程,080803T,111,B+,2026
大连交通大学,机器人工程,080803T,114,B+,2026
南华大学,机器人工程,080803T,115,B+,2026
安徽工业大学,机器人工程,080803T,116,B+,2026
嘉兴大学,机器人工程,080803T,116,B+,2026
沈阳理工大学,机器人工程,080803T,116,B+,2026
长春工业大学,机器人工程,080803T,119,B,2026
浙江科技大学,机器人工程,080803T,119,B,2026
湖北大学,机器人工程,080803T,121,B,2026
湖南工商大学,机器人工程,080803T,122,B,2026
辽宁科技大学,机器人工程,080803T,122,B,2026
济南大学,机器人工程,080803T,124,B,2026
湖南工业大学,机器人工程,080803T,125,B,2026
中原工学院,机器人工程,080803T,126,B,2026
北京联合大学,机器人工程,080803T,127,B,2026
江西理工大学,机器人工程,080803T,127,B,2026
苏州工学院,机器人工程,080803T,129,B,2026
辽宁工程技术大学,机器人工程,080803T,130,B,2026
金陵科技学院,机器人工程,080803T,131,B,2026
上海电机学院,机器人工程,080803T,131,B,2026
桂林理工大学,机器人工程,080803T,133,B,2026
深圳技术大学,机器人工程,080803T,133,B,2026
浙江海洋大学,机器人工程,080803T,133,B,2026
河南理工大学,机器人工程,080803T,136,B,2026
江苏海洋大学,机器人工程,080803T,136,B,2026
绍兴大学,机器人工程,080803T,136,B,2026
郑州轻工业大学,机器人工程,080803T,136,B,2026
南京晓庄学院,机器人工程,080803T,140,B,2026
广东海洋大学,机器人工程,080803T,141,B,2026
河北工程大学,机器人工程,080803T,141,B,2026
沈阳工程学院,机器人工程,080803T,141,B,2026
西交利物浦大学,机器人工程,080803T,144,B,2026
烟台大学,机器人工程,080803T,145,B,2026
临沂大学,机器人工程,080803T,146,B,2026
广东技术师范大学,机器人工程,080803T,147,B,2026
江苏理工学院,机器人工程,080803T,147,B,2026
大连民族大学,机器人工程,080803T,149,B,2026
内蒙古工业大学,机器人工程,080803T,149,B,2026
山西农业大学,机器人工程,080803T,149,B,2026
重庆文理学院,机器人工程,080803T,152,B,2026
广西科技大学,机器人工程,080803T,152,B,2026
闽江大学,机器人工程,080803T,154,B,2026
北华大学,机器人工程,080803T,155,B,2026
河南科技学院,机器人工程,080803T,155,B,2026
淮安大学,机器人工程,080803T,155,B,2026
湖南第一师范学院,机器人工程,080803T,155,B,2026
湖南理工大学,机器人工程,080803T,155,B,2026
天津职业技术师范大学,机器人工程,080803T,155,B,2026
长江师范学院,机器人工程,080803T,161,B,2026
江西水利电力大学,机器人工程,080803T,161,B,2026
湖北文理学院,机器人工程,080803T,163,B,2026
仲恺农业工程学院,机器人工程,080803T,164,B,2026
长沙学院,机器人工程,080803T,165,B,2026
长春大学,机器人工程,080803T,166,B,2026
天津农学院,机器人工程,080803T,167,B,2026
湖北汽车工业学院,机器人工程,080803T,168,B,2026
攀枝花学院,机器人工程,080803T,168,B,2026
阜阳师范大学,机器人工程,080803T,170,B,2026
潍坊学院,机器人工程,080803T,170,B,2026
安徽科技工程大学,机器人工程,080803T,172,B,2026
安庆师范大学,机器人工程,080803T,173,B,2026
天津中德应用技术大学,机器人工程,080803T,173,B,2026
皖西学院,机器人工程,080803T,175,B,2026
黑龙江工程学院,机器人工程,080803T,176,B,2026
莆田学院,机器人工程,080803T,176,B,2026
湖南农业大学,机器人工程,080803T,178,B,2026
无锡学院,机器人工程,080803T,178,B,2026
宁波工程学院,机器人工程,080803T,180,B,2026
哈尔滨商业大学,机器人工程,080803T,181,B,2026
滁州学院,机器人工程,080803T,182,B,2026
山东航空学院,机器人工程,080803T,182,B,2026
四川工业科技学院,机器人工程,080803T,184,B,2026
黄河交通学院,机器人工程,080803T,185,B,2026
佳木斯大学,机器人工程,080803T,185,B,2026
浙江水利水电学院,机器人工程,080803T,185,B,2026
泰山学院,机器人工程,080803T,188,B,2026
辽宁科技学院,机器人工程,080803T,189,B,2026
温州理工学院,机器人工程,080803T,190,B,2026
成都工业学院,机器人工程,080803T,191,B,2026
山东交通学院,机器人工程,080803T,192,B,2026
西安航空学院,机器人工程,080803T,192,B,2026
湖北理工学院,机器人工程,080803T,194,B,2026
吉林工程技术师范学院,机器人工程,080803T,194,B,2026
武汉商学院,机器人工程,080803T,196,B,2026
西京学院,机器人工程,080803T,196,B,2026
重庆邮电大学,邮政工程,080804T,,,2026
南京邮电大学,邮政工程,080804T,,,2026
西安邮电大学,邮政工程,080804T,,,2026
上海电力大学,核电技术与控制工程,080805T,,,2026
哈尔滨工业大学,智能装备与系统,080806T,1,A+,2026
北京交通大学,智能装备与系统,080806T,2,A+,2026
中国传媒大学,智能装备与系统,080806T,3,B+,2026
南京师范大学,智能装备与系统,080806T,4,B+,2026
桂林电子科技大学,智能装备与系统,080806T,5,B+,2026
江苏科技大学,智能装备与系统,080806T,6,B+,2026
渤海大学,智能装备与系统,080806T,7,B+,2026
浙江农林大学,智能装备与系统,080806T,7,B+,2026
太原科技大学,智能装备与系统,080806T,9,B,2026
盐城工学院,智能装备与系统,080806T,10,B,2026
吉林化工大学,智能装备与系统,080806T,11,B,2026
山东石油化工学院,智能装备与系统,080806T,12,B,2026
黄山学院,智能装备与系统,080806T,13,B,2026
枣庄学院,智能装备与系统,080806T,14,B,2026
东北大学,工业智能,080807T,1,A+,2026
沈阳工业大学,工业智能,080807T,2,A+,2026
湖南工商大学,工业智能,080807T,3,B+,2026
湖南第一师范学院,工业智能,080807T,4,B,2026
宁波工程学院,工业智能,080807T,5,B,2026
山东管理学院,工业智能,080807T,6,B,2026
清华大学,智能工程与创意设计,080808T,1,A+,2026
中国传媒大学,智能工程与创意设计,080808T,2,A+,2026
广州美术学院,智能工程与创意设计,080808T,3,B+,2026
北京服装学院,智能工程与创意设计,080808T,4,B,2026
郑州财经学院,智能工程与创意设计,080808T,5,B,2026
山东工艺美术学院,智能工程与创意设计,080808T,6,B,2026
清华大学,计算机科学与技术,080901,1,A+,2026
浙江大学,计算机科学与技术,080901,2,A+,2026
哈尔滨工业大学,计算机科学与技术,080901,3,A+,2026
北京航空航天大学,计算机科学与技术,080901,4,A+,2026
上海交通大学,计算机科学与技术,080901,5,A+,2026
北京大学,计算机科学与技术,080901,6,A+,2026
华中科技大学,计算机科学与技术,080901,7,A+,2026
南京大学,计算机科学与技术,080901,8,A+,2026
中国科学技术大学,计算机科学与技术,080901,8,A+,2026
北京理工大学,计算机科学与技术,080901,10,A+,2026
西安电子科技大学,计算机科学与技术,080901,10,A+,2026
西北工业大学,计算机科学与技术,080901,12,A+,2026
东南大学,计算机科学与技术,080901,13,A+,2026
同济大学,计算机科学与技术,080901,14,A+,2026
电子科技大学,计算机科学与技术,080901,15,A+,2026
西安交通大学,计算机科学与技术,080901,16,A+,2026
华南理工大学,计算机科学与技术,080901,17,A+,2026
湖南大学,计算机科学与技术,080901,18,A+,2026
中国人民大学,计算机科学与技术,080901,19,A+,2026
复旦大学,计算机科学与技术,080901,20,A,2026
武汉大学,计算机科学与技术,080901,20,A,2026
吉林大学,计算机科学与技术,080901,22,A,2026
北京邮电大学,计算机科学与技术,080901,23,A,2026
中山大学,计算机科学与技术,080901,24,A,2026
东北大学,计算机科学与技术,080901,25,A,2026
深圳大学,计算机科学与技术,080901,26,A,2026
南开大学,计算机科学与技术,080901,27,A,2026
中南大学,计算机科学与技术,080901,28,A,2026
北京交通大学,计算机科学与技术,080901,29,A,2026
山东大学,计算机科学与技术,080901,30,A,2026
天津大学,计算机科学与技术,080901,31,A,2026
南京理工大学,计算机科学与技术,080901,32,A,2026
南京航空航天大学,计算机科学与技术,080901,33,A,2026
大连理工大学,计算机科学与技术,080901,34,A,2026
重庆大学,计算机科学与技术,080901,35,A,2026
厦门大学,计算机科学与技术,080901,35,A,2026
杭州电子科技大学,计算机科学与技术,080901,37,A,2026
华东师范大学,计算机科学与技术,080901,37,A,2026
合肥工业大学,计算机科学与技术,080901,39,A,2026
哈尔滨工程大学,计算机科学与技术,080901,40,A,2026
四川大学,计算机科学与技术,080901,41,A,2026
桂林电子科技大学,计算机科学与技术,080901,42,A,2026
河海大学,计算机科学与技术,080901,43,A,2026
西北大学,计算机科学与技术,080901,44,A,2026
重庆邮电大学,计算机科学与技术,080901,45,A,2026
南京邮电大学,计算机科学与技术,080901,45,A,2026
北京工业大学,计算机科学与技术,080901,47,A,2026
北京师范大学,计算机科学与技术,080901,47,A,2026
新疆大学,计算机科学与技术,080901,49,A,2026
安徽大学,计算机科学与技术,080901,50,A,2026
南方科技大学,计算机科学与技术,080901,50,A,2026
北京科技大学,计算机科学与技术,080901,52,A,2026
浙江工业大学,计算机科学与技术,080901,52,A,2026
中国农业大学,计算机科学与技术,080901,54,A,2026
武汉理工大学,计算机科学与技术,080901,55,A,2026
苏州大学,计算机科学与技术,080901,56,A,2026
上海大学,计算机科学与技术,080901,57,A,2026
中国海洋大学,计算机科学与技术,080901,58,A,2026
福州大学,计算机科学与技术,080901,59,A,2026
上海科技大学,计算机科学与技术,080901,60,A,2026
兰州大学,计算机科学与技术,080901,61,A,2026
南京信息工程大学,计算机科学与技术,080901,61,A,2026
陕西师范大学,计算机科学与技术,080901,61,A,2026
西南交通大学,计算机科学与技术,080901,64,A,2026
江南大学,计算机科学与技术,080901,65,A,2026
青岛大学,计算机科学与技术,080901,66,A,2026
中国矿业大学,计算机科学与技术,080901,67,A,2026
武汉科技大学,计算机科学与技术,080901,68,A,2026
中国地质大学（武汉）,计算机科学与技术,080901,68,A,2026
华中师范大学,计算机科学与技术,080901,70,A,2026
昆明理工大学,计算机科学与技术,080901,71,A,2026
西南大学,计算机科学与技术,080901,72,A,2026
云南大学,计算机科学与技术,080901,73,A,2026
华东理工大学,计算机科学与技术,080901,74,A,2026
广西大学,计算机科学与技术,080901,75,A,2026
太原理工大学,计算机科学与技术,080901,76,A,2026
山西大学,计算机科学与技术,080901,77,A,2026
贵州大学,计算机科学与技术,080901,78,A,2026
东北师范大学,计算机科学与技术,080901,79,A,2026
郑州大学,计算机科学与技术,080901,80,A,2026
南京师范大学,计算机科学与技术,080901,81,A,2026
南昌大学,计算机科学与技术,080901,82,A,2026
中国石油大学（华东）,计算机科学与技术,080901,82,A,2026
广州大学,计算机科学与技术,080901,84,A,2026
大连海事大学,计算机科学与技术,080901,85,A,2026
广东工业大学,计算机科学与技术,080901,85,A,2026
暨南大学,计算机科学与技术,080901,85,A,2026
山东科技大学,计算机科学与技术,080901,88,A,2026
西安邮电大学,计算机科学与技术,080901,89,A,2026
天津理工大学,计算机科学与技术,080901,90,A,2026
华南师范大学,计算机科学与技术,080901,91,A,2026
浙江工商大学,计算机科学与技术,080901,91,A,2026
长春理工大学,计算机科学与技术,080901,93,A,2026
内蒙古大学,计算机科学与技术,080901,93,A,2026
齐鲁工业大学,计算机科学与技术,080901,93,A,2026
西安理工大学,计算机科学与技术,080901,93,A,2026
中央民族大学,计算机科学与技术,080901,97,A,2026
江苏大学,计算机科学与技术,080901,98,B+,2026
长安大学,计算机科学与技术,080901,99,B+,2026
东华大学,计算机科学与技术,080901,99,B+,2026
杭州师范大学,计算机科学与技术,080901,99,B+,2026
湘潭大学,计算机科学与技术,080901,99,B+,2026
北京林业大学,计算机科学与技术,080901,103,B+,2026
海南大学,计算机科学与技术,080901,104,B+,2026
山东师范大学,计算机科学与技术,080901,105,B+,2026
北方工业大学,计算机科学与技术,080901,106,B+,2026
湖南师范大学,计算机科学与技术,080901,107,B+,2026
中北大学,计算机科学与技术,080901,108,B+,2026
湖北工业大学,计算机科学与技术,080901,109,B+,2026
北京化工大学,计算机科学与技术,080901,110,B+,2026
济南大学,计算机科学与技术,080901,110,B+,2026
西藏大学,计算机科学与技术,080901,112,B+,2026
南京财经大学,计算机科学与技术,080901,113,B+,2026
上海理工大学,计算机科学与技术,080901,113,B+,2026
东北电力大学,计算机科学与技术,080901,115,B+,2026
江西师范大学,计算机科学与技术,080901,115,B+,2026
浙江师范大学,计算机科学与技术,080901,117,B+,2026
成都信息工程大学,计算机科学与技术,080901,118,B+,2026
上海海事大学,计算机科学与技术,080901,118,B+,2026
西南石油大学,计算机科学与技术,080901,118,B+,2026
华北电力大学,计算机科学与技术,080901,121,B+,2026
三峡大学,计算机科学与技术,080901,122,B+,2026
河南工业大学,计算机科学与技术,080901,123,B+,2026
首都师范大学,计算机科学与技术,080901,123,B+,2026
青海师范大学,计算机科学与技术,080901,125,B+,2026
沈阳航空航天大学,计算机科学与技术,080901,125,B+,2026
天津工业大学,计算机科学与技术,080901,125,B+,2026
西安科技大学,计算机科学与技术,080901,125,B+,2026
华东交通大学,计算机科学与技术,080901,129,B+,2026
扬州大学,计算机科学与技术,080901,129,B+,2026
北京信息科技大学,计算机科学与技术,080901,131,B+,2026
宁波大学,计算机科学与技术,080901,131,B+,2026
上海电力大学,计算机科学与技术,080901,131,B+,2026
燕山大学,计算机科学与技术,080901,134,B+,2026
北京电子科技学院,计算机科学与技术,080901,135,B+,2026
中央财经大学,计算机科学与技术,080901,135,B+,2026
成都大学,计算机科学与技术,080901,137,B+,2026
华南农业大学,计算机科学与技术,080901,137,B+,2026
中国矿业大学（北京）,计算机科学与技术,080901,139,B+,2026
长沙理工大学,计算机科学与技术,080901,140,B+,2026
中国地质大学（北京）,计算机科学与技术,080901,140,B+,2026
中国传媒大学,计算机科学与技术,080901,142,B+,2026
常州大学,计算机科学与技术,080901,143,B+,2026
河北工业大学,计算机科学与技术,080901,144,B+,2026
江西财经大学,计算机科学与技术,080901,144,B+,2026
湖南科技大学,计算机科学与技术,080901,146,B+,2026
南京农业大学,计算机科学与技术,080901,146,B+,2026
兰州交通大学,计算机科学与技术,080901,148,B+,2026
西北师范大学,计算机科学与技术,080901,149,B+,2026
西南财经大学,计算机科学与技术,080901,150,B+,2026
浙江理工大学,计算机科学与技术,080901,150,B+,2026
中国石油大学（北京）,计算机科学与技术,080901,150,B+,2026
汕头大学,计算机科学与技术,080901,153,B+,2026
西安工业大学,计算机科学与技术,080901,153,B+,2026
南京工业大学,计算机科学与技术,080901,155,B+,2026
温州大学,计算机科学与技术,080901,156,B+,2026
辽宁大学,计算机科学与技术,080901,157,B+,2026
河南大学,计算机科学与技术,080901,158,B+,2026
湖北大学,计算机科学与技术,080901,159,B+,2026
华中农业大学,计算机科学与技术,080901,160,B+,2026
辽宁师范大学,计算机科学与技术,080901,161,B+,2026
香港中文大学（深圳）,计算机科学与技术,080901,161,B+,2026
哈尔滨理工大学,计算机科学与技术,080901,163,B+,2026
烟台大学,计算机科学与技术,080901,163,B+,2026
福建师范大学,计算机科学与技术,080901,165,B+,2026
南京林业大学,计算机科学与技术,080901,165,B+,2026
吉林农业大学,计算机科学与技术,080901,167,B+,2026
上海财经大学,计算机科学与技术,080901,167,B+,2026
安徽农业大学,计算机科学与技术,080901,169,B+,2026
中南财经政法大学,计算机科学与技术,080901,169,B+,2026
青岛理工大学,计算机科学与技术,080901,171,B+,2026
北京工商大学,计算机科学与技术,080901,172,B+,2026
广东外语外贸大学,计算机科学与技术,080901,172,B+,2026
河北大学,计算机科学与技术,080901,174,B+,2026
北京石油化工学院,计算机科学与技术,080901,175,B+,2026
合肥大学,计算机科学与技术,080901,175,B+,2026
华侨大学,计算机科学与技术,080901,175,B+,2026
北京语言大学,计算机科学与技术,080901,178,B+,2026
安徽工业大学,计算机科学与技术,080901,179,B+,2026
北京建筑大学,计算机科学与技术,080901,179,B+,2026
重庆交通大学,计算机科学与技术,080901,181,B+,2026
重庆理工大学,计算机科学与技术,080901,181,B+,2026
东莞理工学院,计算机科学与技术,080901,181,B+,2026
上海师范大学,计算机科学与技术,080901,181,B+,2026
四川农业大学,计算机科学与技术,080901,181,B+,2026
北京联合大学,计算机科学与技术,080901,186,B+,2026
浙大城市学院,计算机科学与技术,080901,187,B+,2026
石河子大学,计算机科学与技术,080901,188,B+,2026
广西师范大学,计算机科学与技术,080901,189,B+,2026
湖州师范大学,计算机科学与技术,080901,189,B+,2026
南通大学,计算机科学与技术,080901,189,B+,2026
山东工商学院,计算机科学与技术,080901,189,B+,2026
中南民族大学,计算机科学与技术,080901,189,B+,2026
北京外国语大学,计算机科学与技术,080901,194,B+,2026
青海大学,计算机科学与技术,080901,194,B+,2026
安徽理工大学,计算机科学与技术,080901,196,B+,2026
上海海洋大学,计算机科学与技术,080901,196,B+,2026
武汉纺织大学,计算机科学与技术,080901,196,B+,2026
安徽师范大学,计算机科学与技术,080901,199,B+,2026
东北农业大学,计算机科学与技术,080901,199,B+,2026
南京审计大学,计算机科学与技术,080901,199,B+,2026
宁夏大学,计算机科学与技术,080901,199,B+,2026
山东理工大学,计算机科学与技术,080901,199,B+,2026
沈阳工业大学,计算机科学与技术,080901,199,B+,2026
厦门理工学院,计算机科学与技术,080901,199,B+,2026
东北石油大学,计算机科学与技术,080901,206,B+,2026
集美大学,计算机科学与技术,080901,207,B+,2026
东北林业大学,计算机科学与技术,080901,208,B+,2026
西安工程大学,计算机科学与技术,080901,208,B+,2026
浙江科技大学,计算机科学与技术,080901,208,B+,2026
郑州轻工业大学,计算机科学与技术,080901,208,B+,2026
黑龙江大学,计算机科学与技术,080901,212,B+,2026
江苏科技大学,计算机科学与技术,080901,212,B+,2026
浙江农林大学,计算机科学与技术,080901,214,B+,2026
中国计量大学,计算机科学与技术,080901,214,B+,2026
大连大学,计算机科学与技术,080901,216,B+,2026
河南科技大学,计算机科学与技术,080901,217,B+,2026
西北农林科技大学,计算机科学与技术,080901,217,B+,2026
山东财经大学,计算机科学与技术,080901,219,B+,2026
上海第二工业大学,计算机科学与技术,080901,219,B+,2026
武汉工程大学,计算机科学与技术,080901,219,B+,2026
苏州科技大学,计算机科学与技术,080901,222,B+,2026
中国民航大学,计算机科学与技术,080901,222,B+,2026
安徽工程大学,计算机科学与技术,080901,224,B+,2026
青岛科技大学,计算机科学与技术,080901,224,B+,2026
四川师范大学,计算机科学与技术,080901,224,B+,2026
安徽建筑大学,计算机科学与技术,080901,227,B+,2026
东华理工大学,计算机科学与技术,080901,227,B+,2026
西南科技大学,计算机科学与技术,080901,227,B+,2026
上海工程技术大学,计算机科学与技术,080901,230,B+,2026
天津师范大学,计算机科学与技术,080901,230,B+,2026
中原工学院,计算机科学与技术,080901,230,B+,2026
福建理工大学,计算机科学与技术,080901,233,B+,2026
太原科技大学,计算机科学与技术,080901,234,B+,2026
北方民族大学,计算机科学与技术,080901,235,B+,2026
南昌航空大学,计算机科学与技术,080901,235,B+,2026
长江大学,计算机科学与技术,080901,237,B+,2026
西安石油大学,计算机科学与技术,080901,237,B+,2026
河北工程大学,计算机科学与技术,080901,239,B+,2026
石家庄铁道大学,计算机科学与技术,080901,239,B+,2026
苏州工学院,计算机科学与技术,080901,239,B+,2026
延边大学,计算机科学与技术,080901,242,B+,2026
佛山大学,计算机科学与技术,080901,243,B+,2026
华北理工大学,计算机科学与技术,080901,243,B+,2026
陕西科技大学,计算机科学与技术,080901,243,B+,2026
西华大学,计算机科学与技术,080901,243,B+,2026
江苏海洋大学,计算机科学与技术,080901,247,B+,2026
河南理工大学,计算机科学与技术,080901,248,B+,2026
兰州理工大学,计算机科学与技术,080901,248,B+,2026
鲁东大学,计算机科学与技术,080901,250,B+,2026
沈阳化工大学,计算机科学与技术,080901,250,B+,2026
成都理工大学,计算机科学与技术,080901,252,B+,2026
云南师范大学,计算机科学与技术,080901,252,B+,2026
中南林业科技大学,计算机科学与技术,080901,252,B+,2026
安徽财经大学,计算机科学与技术,080901,255,B+,2026
延安大学,计算机科学与技术,080901,255,B+,2026
大连工业大学,计算机科学与技术,080901,257,B+,2026
河北师范大学,计算机科学与技术,080901,257,B+,2026
湖南工商大学,计算机科学与技术,080901,257,B+,2026
湖南工业大学,计算机科学与技术,080901,257,B+,2026
沈阳理工大学,计算机科学与技术,080901,257,B+,2026
江西理工大学,计算机科学与技术,080901,262,B+,2026
曲阜师范大学,计算机科学与技术,080901,262,B+,2026
湖南农业大学,计算机科学与技术,080901,264,B+,2026
南京中医药大学,计算机科学与技术,080901,264,B+,2026
山西财经大学,计算机科学与技术,080901,264,B+,2026
西安建筑科技大学,计算机科学与技术,080901,267,B+,2026
上海应用技术大学,计算机科学与技术,080901,268,B+,2026
信阳师范大学,计算机科学与技术,080901,268,B+,2026
海南师范大学,计算机科学与技术,080901,270,B+,2026
华北水利水电大学,计算机科学与技术,080901,270,B+,2026
首都经济贸易大学,计算机科学与技术,080901,270,B+,2026
长春工业大学,计算机科学与技术,080901,273,B+,2026
大连民族大学,计算机科学与技术,080901,273,B+,2026
桂林理工大学,计算机科学与技术,080901,273,B+,2026
河南农业大学,计算机科学与技术,080901,273,B+,2026
河南师范大学,计算机科学与技术,080901,273,B+,2026
淮北师范大学,计算机科学与技术,080901,273,B+,2026
西南民族大学,计算机科学与技术,080901,273,B+,2026
常州工学院,计算机科学与技术,080901,280,B+,2026
重庆师范大学,计算机科学与技术,080901,280,B+,2026
福建农林大学,计算机科学与技术,080901,280,B+,2026
河南科技学院,计算机科学与技术,080901,283,B+,2026
金陵科技学院,计算机科学与技术,080901,283,B+,2026
内蒙古工业大学,计算机科学与技术,080901,283,B+,2026
湖南中医药大学,计算机科学与技术,080901,286,B+,2026
江汉大学,计算机科学与技术,080901,286,B+,2026
天津财经大学,计算机科学与技术,080901,286,B+,2026
重庆科技大学,计算机科学与技术,080901,289,B+,2026
嘉兴大学,计算机科学与技术,080901,289,B+,2026
辽宁工程技术大学,计算机科学与技术,080901,289,B+,2026
南京晓庄学院,计算机科学与技术,080901,289,B+,2026
西华师范大学,计算机科学与技术,080901,289,B+,2026
渤海大学,计算机科学与技术,080901,294,B,2026
重庆工商大学,计算机科学与技术,080901,294,B,2026
淮安大学,计算机科学与技术,080901,294,B,2026
山东建筑大学,计算机科学与技术,080901,297,B,2026
临沂大学,计算机科学与技术,080901,298,B,2026
南京工程学院,计算机科学与技术,080901,298,B,2026
北京物资学院,计算机科学与技术,080901,300,B,2026
大连海洋大学,计算机科学与技术,080901,300,B,2026
沈阳建筑大学,计算机科学与技术,080901,300,B,2026
武汉轻工大学,计算机科学与技术,080901,303,B,2026
中国民用航空飞行学院,计算机科学与技术,080901,303,B,2026
广东海洋大学,计算机科学与技术,080901,305,B,2026
山东农业大学,计算机科学与技术,080901,305,B,2026
河北农业大学,计算机科学与技术,080901,307,B,2026
吉首大学,计算机科学与技术,080901,307,B,2026
北华航天工业学院,计算机科学与技术,080901,309,B,2026
吉林师范大学,计算机科学与技术,080901,309,B,2026
西安财经大学,计算机科学与技术,080901,309,B,2026
湖南理工大学,计算机科学与技术,080901,312,B,2026
内蒙古民族大学,计算机科学与技术,080901,312,B,2026
内蒙古农业大学,计算机科学与技术,080901,312,B,2026
安阳师范学院,计算机科学与技术,080901,315,B,2026
陕西理工大学,计算机科学与技术,080901,315,B,2026
聊城大学,计算机科学与技术,080901,317,B,2026
辽宁石油化工大学,计算机科学与技术,080901,317,B,2026
仲恺农业工程学院,计算机科学与技术,080901,317,B,2026
黑龙江工程学院,计算机科学与技术,080901,320,B,2026
河南财经政法大学,计算机科学与技术,080901,320,B,2026
辽宁工业大学,计算机科学与技术,080901,320,B,2026
闽江大学,计算机科学与技术,080901,320,B,2026
浙江财经大学,计算机科学与技术,080901,320,B,2026
北京印刷学院,计算机科学与技术,080901,325,B,2026
河北科技大学,计算机科学与技术,080901,325,B,2026
江苏理工学院,计算机科学与技术,080901,325,B,2026
上海电机学院,计算机科学与技术,080901,325,B,2026
沈阳工程学院,计算机科学与技术,080901,325,B,2026
内蒙古师范大学,计算机科学与技术,080901,330,B,2026
湖北民族大学,计算机科学与技术,080901,331,B,2026
宁波诺丁汉大学,计算机科学与技术,080901,331,B,2026
赣南师范大学,计算机科学与技术,080901,333,B,2026
宁波工程学院,计算机科学与技术,080901,333,B,2026
河北地质大学,计算机科学与技术,080901,335,B,2026
五邑大学,计算机科学与技术,080901,335,B,2026
上海纽约大学,计算机科学与技术,080901,337,B,2026
北师香港浸会大学,计算机科学与技术,080901,338,B,2026
大连交通大学,计算机科学与技术,080901,338,B,2026
齐齐哈尔大学,计算机科学与技术,080901,338,B,2026
郑州航空工业管理学院,计算机科学与技术,080901,338,B,2026
贵州财经大学,计算机科学与技术,080901,342,B,2026
哈尔滨师范大学,计算机科学与技术,080901,342,B,2026
江西水利电力大学,计算机科学与技术,080901,342,B,2026
山东航空学院,计算机科学与技术,080901,345,B,2026
沈阳师范大学,计算机科学与技术,080901,346,B,2026
山西农业大学,计算机科学与技术,080901,347,B,2026
湖北师范大学,计算机科学与技术,080901,348,B,2026
闽南师范大学,计算机科学与技术,080901,348,B,2026
山东中医药大学,计算机科学与技术,080901,348,B,2026
西藏民族大学,计算机科学与技术,080901,348,B,2026
内蒙古财经大学,计算机科学与技术,080901,352,B,2026
徐州工程学院,计算机科学与技术,080901,353,B,2026
南宁师范大学,计算机科学与技术,080901,354,B,2026
安庆师范大学,计算机科学与技术,080901,355,B,2026
北华大学,计算机科学与技术,080901,355,B,2026
贵州民族大学,计算机科学与技术,080901,355,B,2026
江苏师范大学,计算机科学与技术,080901,355,B,2026
天津科技大学,计算机科学与技术,080901,355,B,2026
天津职业技术师范大学,计算机科学与技术,080901,355,B,2026
盐城工学院,计算机科学与技术,080901,361,B,2026
惠州学院,计算机科学与技术,080901,362,B,2026
黄淮学院,计算机科学与技术,080901,363,B,2026
潍坊学院,计算机科学与技术,080901,364,B,2026
安徽科技工程大学,计算机科学与技术,080901,365,B,2026
阜阳师范大学,计算机科学与技术,080901,365,B,2026
深圳技术大学,计算机科学与技术,080901,365,B,2026
广东财经大学,计算机科学与技术,080901,368,B,2026
衡阳师范学院,计算机科学与技术,080901,368,B,2026
天津城建大学,计算机科学与技术,080901,368,B,2026
西南林业大学,计算机科学与技术,080901,368,B,2026
浙江海洋大学,计算机科学与技术,080901,368,B,2026
广东技术师范大学,计算机科学与技术,080901,373,B,2026
湖南第一师范学院,计算机科学与技术,080901,373,B,2026
天津农学院,计算机科学与技术,080901,373,B,2026
徐州医科大学,计算机科学与技术,080901,373,B,2026
昆山杜克大学,计算机科学与技术,080901,377,B,2026
太原师范学院,计算机科学与技术,080901,377,B,2026
温州肯恩大学,计算机科学与技术,080901,377,B,2026
黑龙江科技大学,计算机科学与技术,080901,380,B,2026
华东政法大学,计算机科学与技术,080901,380,B,2026
皖西学院,计算机科学与技术,080901,380,B,2026
浙大宁波理工学院,计算机科学与技术,080901,380,B,2026
长沙学院,计算机科学与技术,080901,384,B,2026
江西中医药大学,计算机科学与技术,080901,384,B,2026
沈阳农业大学,计算机科学与技术,080901,384,B,2026
大理大学,计算机科学与技术,080901,387,B,2026
合肥师范学院,计算机科学与技术,080901,387,B,2026
景德镇陶瓷大学,计算机科学与技术,080901,389,B,2026
莆田学院,计算机科学与技术,080901,389,B,2026
广西民族大学,计算机科学与技术,080901,391,B,2026
山西大同大学,计算机科学与技术,080901,391,B,2026
云南财经大学,计算机科学与技术,080901,391,B,2026
长春大学,计算机科学与技术,080901,394,B,2026
湖北经济学院,计算机科学与技术,080901,394,B,2026
湖北汽车工业学院,计算机科学与技术,080901,394,B,2026
湖北文理学院,计算机科学与技术,080901,394,B,2026
湖北科技学院,计算机科学与技术,080901,398,B,2026
青岛农业大学,计算机科学与技术,080901,399,B,2026
肇庆学院,计算机科学与技术,080901,399,B,2026
四川轻化工大学,计算机科学与技术,080901,401,B,2026
重庆文理学院,计算机科学与技术,080901,402,B,2026
广西科技大学,计算机科学与技术,080901,402,B,2026
上海立信会计金融学院,计算机科学与技术,080901,402,B,2026
内蒙古科技大学,计算机科学与技术,080901,405,B,2026
山东第一医科大学,计算机科学与技术,080901,405,B,2026
内蒙古科技大学包头师范学院,计算机科学与技术,080901,407,B,2026
青海民族大学,计算机科学与技术,080901,407,B,2026
无锡学院,计算机科学与技术,080901,407,B,2026
云南民族大学,计算机科学与技术,080901,407,B,2026
云南农业大学,计算机科学与技术,080901,407,B,2026
河北经贸大学,计算机科学与技术,080901,412,B,2026
江西科技师范大学,计算机科学与技术,080901,412,B,2026
西北民族大学,计算机科学与技术,080901,412,B,2026
成都师范学院,计算机科学与技术,080901,415,B,2026
辽宁科技大学,计算机科学与技术,080901,415,B,2026
浙江中医药大学,计算机科学与技术,080901,417,B,2026
贵州师范大学,计算机科学与技术,080901,418,B,2026
广东石油化工学院,计算机科学与技术,080901,419,B,2026
成都工业学院,计算机科学与技术,080901,420,B,2026
哈尔滨商业大学,计算机科学与技术,080901,420,B,2026
绵阳师范学院,计算机科学与技术,080901,420,B,2026
绍兴大学,计算机科学与技术,080901,423,B,2026
新疆师范大学,计算机科学与技术,080901,423,B,2026
宜宾学院,计算机科学与技术,080901,423,B,2026
湖南科技学院,计算机科学与技术,080901,426,B,2026
南阳师范学院,计算机科学与技术,080901,427,B,2026
吉林财经大学,计算机科学与技术,080901,428,B,2026
南阳理工学院,计算机科学与技术,080901,428,B,2026
苏州城市学院,计算机科学与技术,080901,428,B,2026
台州学院,计算机科学与技术,080901,428,B,2026
西交利物浦大学,计算机科学与技术,080901,428,B,2026
榆林大学,计算机科学与技术,080901,428,B,2026
安徽中医药大学,计算机科学与技术,080901,434,B,2026
河北建筑工程学院,计算机科学与技术,080901,434,B,2026
湖北理工学院,计算机科学与技术,080901,434,B,2026
浙江树人学院,计算机科学与技术,080901,434,B,2026
湖北工程学院,计算机科学与技术,080901,438,B,2026
南昌师范学院,计算机科学与技术,080901,438,B,2026
温州理工学院,计算机科学与技术,080901,438,B,2026
甘肃政法大学,计算机科学与技术,080901,441,B,2026
泉州师范学院,计算机科学与技术,080901,441,B,2026
大连外国语大学,计算机科学与技术,080901,443,B,2026
湖北第二师范学院,计算机科学与技术,080901,443,B,2026
吉林工程技术师范学院,计算机科学与技术,080901,443,B,2026
长江师范学院,计算机科学与技术,080901,446,B,2026
江西农业大学,计算机科学与技术,080901,446,B,2026
丽水学院,计算机科学与技术,080901,446,B,2026
山西师范大学,计算机科学与技术,080901,446,B,2026
重庆第二师范学院,计算机科学与技术,080901,450,B,2026
湘南学院,计算机科学与技术,080901,450,B,2026
广东金融学院,计算机科学与技术,080901,452,B,2026
黄冈师范学院,计算机科学与技术,080901,452,B,2026
宁夏师范大学,计算机科学与技术,080901,452,B,2026
湖南财政经济学院,计算机科学与技术,080901,455,B,2026
江苏第二师范学院,计算机科学与技术,080901,455,B,2026
重庆三峡科技大学,计算机科学与技术,080901,457,B,2026
贵阳学院,计算机科学与技术,080901,457,B,2026
滁州学院,计算机科学与技术,080901,459,B,2026
湖南城市学院,计算机科学与技术,080901,459,B,2026
佳木斯大学,计算机科学与技术,080901,459,B,2026
山东交通学院,计算机科学与技术,080901,459,B,2026
云南警官学院,计算机科学与技术,080901,463,B,2026
珠海科技学院,计算机科学与技术,080901,463,B,2026
兰州财经大学,计算机科学与技术,080901,465,B,2026
上海商学院,计算机科学与技术,080901,465,B,2026
湖南工程学院,计算机科学与技术,080901,467,B,2026
新疆农业大学,计算机科学与技术,080901,467,B,2026
长春师范大学,计算机科学与技术,080901,469,B,2026
洛阳师范学院,计算机科学与技术,080901,469,B,2026
邵阳学院,计算机科学与技术,080901,469,B,2026
广东第二师范学院,计算机科学与技术,080901,472,B,2026
淮阴师范学院,计算机科学与技术,080901,472,B,2026
西安航空学院,计算机科学与技术,080901,472,B,2026
甘肃农业大学,计算机科学与技术,080901,475,B,2026
塔里木大学,计算机科学与技术,080901,475,B,2026
太原工业学院,计算机科学与技术,080901,477,B,2026
天津商业大学,计算机科学与技术,080901,477,B,2026
铜陵学院,计算机科学与技术,080901,477,B,2026
铜仁学院,计算机科学与技术,080901,480,B,2026
宝鸡文理学院,计算机科学与技术,080901,481,B,2026
太原学院,计算机科学与技术,080901,482,B,2026
浙江外国语学院,计算机科学与技术,080901,482,B,2026
郑州师范学院,计算机科学与技术,080901,482,B,2026
北部湾大学,计算机科学与技术,080901,485,B,2026
河南中医药大学,计算机科学与技术,080901,485,B,2026
井冈山大学,计算机科学与技术,080901,485,B,2026
洛阳理工学院,计算机科学与技术,080901,485,B,2026
清华大学,软件工程,080902,1,A+,2026
哈尔滨工业大学,软件工程,080902,2,A+,2026
西北工业大学,软件工程,080902,3,A+,2026
上海交通大学,软件工程,080902,4,A+,2026
北京航空航天大学,软件工程,080902,5,A+,2026
电子科技大学,软件工程,080902,6,A+,2026
华中科技大学,软件工程,080902,7,A+,2026
南京大学,软件工程,080902,7,A+,2026
北京大学,软件工程,080902,9,A+,2026
华东师范大学,软件工程,080902,10,A+,2026
浙江大学,软件工程,080902,11,A+,2026
大连理工大学,软件工程,080902,12,A+,2026
北京理工大学,软件工程,080902,13,A+,2026
西安电子科技大学,软件工程,080902,14,A,2026
复旦大学,软件工程,080902,15,A,2026
东南大学,软件工程,080902,16,A,2026
山东大学,软件工程,080902,16,A,2026
同济大学,软件工程,080902,18,A,2026
中南大学,软件工程,080902,19,A,2026
天津大学,软件工程,080902,20,A,2026
东北大学,软件工程,080902,21,A,2026
湖南大学,软件工程,080902,22,A,2026
武汉大学,软件工程,080902,22,A,2026
华南理工大学,软件工程,080902,24,A,2026
重庆大学,软件工程,080902,25,A,2026
北京交通大学,软件工程,080902,26,A,2026
北京邮电大学,软件工程,080902,27,A,2026
深圳大学,软件工程,080902,27,A,2026
中山大学,软件工程,080902,29,A,2026
四川大学,软件工程,080902,30,A,2026
吉林大学,软件工程,080902,31,A,2026
西安交通大学,软件工程,080902,32,A,2026
北京工业大学,软件工程,080902,33,A,2026
杭州电子科技大学,软件工程,080902,34,A,2026
苏州大学,软件工程,080902,35,A,2026
南京理工大学,软件工程,080902,36,A,2026
厦门大学,软件工程,080902,37,A,2026
中国人民大学,软件工程,080902,38,A,2026
南京航空航天大学,软件工程,080902,39,A,2026
南开大学,软件工程,080902,39,A,2026
西南交通大学,软件工程,080902,39,A,2026
重庆邮电大学,软件工程,080902,42,A,2026
中国地质大学（武汉）,软件工程,080902,42,A,2026
郑州大学,软件工程,080902,44,A,2026
哈尔滨工程大学,软件工程,080902,45,A,2026
云南大学,软件工程,080902,45,A,2026
合肥工业大学,软件工程,080902,47,A,2026
浙江工业大学,软件工程,080902,48,A,2026
西北大学,软件工程,080902,49,A,2026
贵州大学,软件工程,080902,50,A,2026
安徽大学,软件工程,080902,51,A,2026
新疆大学,软件工程,080902,51,A,2026
南京邮电大学,软件工程,080902,53,A,2026
广东工业大学,软件工程,080902,54,A,2026
东华大学,软件工程,080902,55,A,2026
华南师范大学,软件工程,080902,55,A,2026
华中师范大学,软件工程,080902,57,A,2026
南京信息工程大学,软件工程,080902,58,A,2026
中国石油大学（华东）,软件工程,080902,58,A,2026
陕西师范大学,软件工程,080902,60,A,2026
中北大学,软件工程,080902,61,A,2026
武汉理工大学,软件工程,080902,62,A,2026
长沙理工大学,软件工程,080902,63,A,2026
华东理工大学,软件工程,080902,64,A,2026
福州大学,软件工程,080902,65,A,2026
桂林电子科技大学,软件工程,080902,66,B+,2026
南昌大学,软件工程,080902,66,B+,2026
青岛大学,软件工程,080902,68,B+,2026
南昌航空大学,软件工程,080902,69,B+,2026
西南大学,软件工程,080902,70,B+,2026
河南大学,软件工程,080902,71,B+,2026
武汉科技大学,软件工程,080902,72,B+,2026
广州大学,软件工程,080902,73,B+,2026
天津工业大学,软件工程,080902,73,B+,2026
浙江工商大学,软件工程,080902,73,B+,2026
华侨大学,软件工程,080902,76,B+,2026
湖南师范大学,软件工程,080902,76,B+,2026
江苏大学,软件工程,080902,76,B+,2026
北京联合大学,软件工程,080902,79,B+,2026
中国海洋大学,软件工程,080902,79,B+,2026
长春理工大学,软件工程,080902,81,B+,2026
广西师范大学,软件工程,080902,81,B+,2026
杭州师范大学,软件工程,080902,81,B+,2026
暨南大学,软件工程,080902,81,B+,2026
齐鲁工业大学,软件工程,080902,81,B+,2026
华南农业大学,软件工程,080902,86,B+,2026
西安理工大学,软件工程,080902,86,B+,2026
西安邮电大学,软件工程,080902,86,B+,2026
山东科技大学,软件工程,080902,89,B+,2026
湘潭大学,软件工程,080902,89,B+,2026
河海大学,软件工程,080902,91,B+,2026
扬州大学,软件工程,080902,91,B+,2026
中央民族大学,软件工程,080902,93,B+,2026
内蒙古大学,软件工程,080902,94,B+,2026
安徽工程大学,软件工程,080902,95,B+,2026
大连海事大学,软件工程,080902,95,B+,2026
山西大学,软件工程,080902,97,B+,2026
华北电力大学,软件工程,080902,98,B+,2026
南京财经大学,软件工程,080902,98,B+,2026
郑州轻工业大学,软件工程,080902,100,B+,2026
湖北工业大学,软件工程,080902,101,B+,2026
湖北大学,软件工程,080902,102,B+,2026
海南大学,软件工程,080902,103,B+,2026
青岛科技大学,软件工程,080902,103,B+,2026
浙江师范大学,软件工程,080902,105,B+,2026
北京信息科技大学,软件工程,080902,106,B+,2026
华东交通大学,软件工程,080902,106,B+,2026
太原理工大学,软件工程,080902,108,B+,2026
沈阳航空航天大学,软件工程,080902,109,B+,2026
首都师范大学,软件工程,080902,109,B+,2026
浙江理工大学,软件工程,080902,109,B+,2026
成都大学,软件工程,080902,112,B+,2026
成都信息工程大学,软件工程,080902,113,B+,2026
江西财经大学,软件工程,080902,113,B+,2026
山东建筑大学,软件工程,080902,115,B+,2026
燕山大学,软件工程,080902,116,B+,2026
江西师范大学,软件工程,080902,117,B+,2026
中国地质大学（北京）,软件工程,080902,118,B+,2026
兰州交通大学,软件工程,080902,119,B+,2026
西北农林科技大学,软件工程,080902,120,B+,2026
西安科技大学,软件工程,080902,121,B+,2026
常州大学,软件工程,080902,122,B+,2026
集美大学,软件工程,080902,122,B+,2026
武汉工程大学,软件工程,080902,122,B+,2026
南华大学,软件工程,080902,125,B+,2026
河南工业大学,软件工程,080902,126,B+,2026
大连大学,软件工程,080902,127,B+,2026
东北林业大学,软件工程,080902,127,B+,2026
湖南科技大学,软件工程,080902,129,B+,2026
湖南工商大学,软件工程,080902,130,B+,2026
天津理工大学,软件工程,080902,131,B+,2026
西安工业大学,软件工程,080902,131,B+,2026
东北电力大学,软件工程,080902,133,B+,2026
西南科技大学,软件工程,080902,133,B+,2026
福建师范大学,软件工程,080902,135,B+,2026
烟台大学,软件工程,080902,135,B+,2026
北京工商大学,软件工程,080902,137,B+,2026
东莞理工学院,软件工程,080902,138,B+,2026
江苏科技大学,软件工程,080902,139,B+,2026
中南林业科技大学,软件工程,080902,139,B+,2026
上海应用技术大学,软件工程,080902,141,B+,2026
福建农林大学,软件工程,080902,142,B+,2026
河南科技大学,软件工程,080902,142,B+,2026
西南石油大学,软件工程,080902,142,B+,2026
西北师范大学,软件工程,080902,145,B+,2026
上海电力大学,软件工程,080902,146,B+,2026
天津科技大学,软件工程,080902,146,B+,2026
合肥大学,软件工程,080902,148,B+,2026
青海师范大学,软件工程,080902,148,B+,2026
西华大学,软件工程,080902,148,B+,2026
辽宁工程技术大学,软件工程,080902,151,B+,2026
中国石油大学（北京）,软件工程,080902,151,B+,2026
成都理工大学,软件工程,080902,153,B+,2026
南京审计大学,软件工程,080902,153,B+,2026
哈尔滨理工大学,软件工程,080902,155,B+,2026
南通大学,软件工程,080902,156,B+,2026
安徽工业大学,软件工程,080902,157,B+,2026
青岛理工大学,软件工程,080902,158,B+,2026
四川师范大学,软件工程,080902,158,B+,2026
金陵科技学院,软件工程,080902,160,B+,2026
长春工业大学,软件工程,080902,161,B+,2026
上海第二工业大学,软件工程,080902,161,B+,2026
河南理工大学,软件工程,080902,163,B+,2026
宁夏大学,软件工程,080902,164,B+,2026
广东外语外贸大学,软件工程,080902,165,B+,2026
西安石油大学,软件工程,080902,166,B+,2026
大连交通大学,软件工程,080902,167,B+,2026
辽宁工业大学,软件工程,080902,167,B+,2026
浙江财经大学,软件工程,080902,167,B+,2026
重庆师范大学,软件工程,080902,170,B+,2026
河北大学,软件工程,080902,171,B+,2026
江苏理工学院,软件工程,080902,172,B+,2026
长江大学,软件工程,080902,173,B+,2026
曲阜师范大学,软件工程,080902,173,B+,2026
福建理工大学,软件工程,080902,175,B+,2026
武汉纺织大学,软件工程,080902,175,B+,2026
上海电机学院,软件工程,080902,177,B+,2026
天津师范大学,软件工程,080902,177,B+,2026
山东理工大学,软件工程,080902,179,B+,2026
中南民族大学,软件工程,080902,179,B+,2026
安徽师范大学,软件工程,080902,181,B+,2026
重庆理工大学,软件工程,080902,181,B+,2026
东华理工大学,软件工程,080902,181,B+,2026
厦门理工学院,软件工程,080902,181,B+,2026
辽宁石油化工大学,软件工程,080902,185,B+,2026
南京工程学院,软件工程,080902,185,B+,2026
东北石油大学,软件工程,080902,187,B+,2026
桂林理工大学,软件工程,080902,187,B+,2026
浙大城市学院,软件工程,080902,187,B+,2026
江苏师范大学,软件工程,080902,190,B+,2026
内蒙古工业大学,软件工程,080902,190,B+,2026
常州工学院,软件工程,080902,192,B+,2026
西南民族大学,软件工程,080902,192,B+,2026
石河子大学,软件工程,080902,194,B+,2026
石家庄铁道大学,软件工程,080902,194,B+,2026
武汉轻工大学,软件工程,080902,194,B+,2026
西安工程大学,软件工程,080902,194,B+,2026
华北水利水电大学,软件工程,080902,198,B,2026
江苏海洋大学,软件工程,080902,199,B,2026
山东工商学院,软件工程,080902,199,B,2026
太原科技大学,软件工程,080902,199,B,2026
吉首大学,软件工程,080902,202,B,2026
沈阳师范大学,软件工程,080902,202,B,2026
安徽理工大学,软件工程,080902,204,B,2026
北华大学,软件工程,080902,204,B,2026
淮安大学,软件工程,080902,204,B,2026
鲁东大学,软件工程,080902,204,B,2026
浙江科技大学,软件工程,080902,204,B,2026
河北地质大学,软件工程,080902,209,B,2026
临沂大学,软件工程,080902,209,B,2026
北方民族大学,软件工程,080902,211,B,2026
长沙学院,软件工程,080902,211,B,2026
江西理工大学,软件工程,080902,213,B,2026
广东海洋大学,软件工程,080902,214,B,2026
西安财经大学,软件工程,080902,215,B,2026
贵州财经大学,软件工程,080902,216,B,2026
黑龙江大学,软件工程,080902,216,B,2026
延安大学,软件工程,080902,216,B,2026
宜宾学院,软件工程,080902,219,B,2026
沈阳工业大学,软件工程,080902,220,B,2026
河北经贸大学,软件工程,080902,221,B,2026
渤海大学,软件工程,080902,222,B,2026
辽宁科技大学,软件工程,080902,222,B,2026
海南师范大学,软件工程,080902,224,B,2026
河南财经政法大学,软件工程,080902,224,B,2026
沈阳化工大学,软件工程,080902,224,B,2026
广东财经大学,软件工程,080902,227,B,2026
湖北经济学院,软件工程,080902,227,B,2026
闽南师范大学,软件工程,080902,227,B,2026
天津财经大学,软件工程,080902,227,B,2026
湖南理工大学,软件工程,080902,231,B,2026
大连民族大学,软件工程,080902,232,B,2026
重庆文理学院,软件工程,080902,233,B,2026
聊城大学,软件工程,080902,234,B,2026
内蒙古农业大学,软件工程,080902,234,B,2026
长春大学,软件工程,080902,236,B,2026
广东技术师范大学,软件工程,080902,236,B,2026
河北师范大学,软件工程,080902,238,B,2026
惠州学院,软件工程,080902,238,B,2026
五邑大学,软件工程,080902,238,B,2026
哈尔滨师范大学,软件工程,080902,241,B,2026
浙江万里学院,软件工程,080902,241,B,2026
湖南工业大学,软件工程,080902,243,B,2026
四川轻化工大学,软件工程,080902,244,B,2026
浙江传媒学院,软件工程,080902,244,B,2026
攀枝花学院,软件工程,080902,246,B,2026
泰山学院,软件工程,080902,246,B,2026
安阳师范学院,软件工程,080902,248,B,2026
重庆科技大学,软件工程,080902,249,B,2026
合肥师范学院,软件工程,080902,250,B,2026
天津中德应用技术大学,软件工程,080902,251,B,2026
苏州工学院,软件工程,080902,252,B,2026
河北科技大学,软件工程,080902,253,B,2026
山西农业大学,软件工程,080902,253,B,2026
河南农业大学,软件工程,080902,255,B,2026
兰州理工大学,软件工程,080902,255,B,2026
中原工学院,软件工程,080902,255,B,2026
河北工程大学,软件工程,080902,258,B,2026
内蒙古师范大学,软件工程,080902,258,B,2026
湖北师范大学,软件工程,080902,260,B,2026
河南师范大学,软件工程,080902,261,B,2026
吉林师范大学,软件工程,080902,262,B,2026
内蒙古财经大学,软件工程,080902,262,B,2026
信阳师范大学,软件工程,080902,262,B,2026
浙江水利水电学院,软件工程,080902,262,B,2026
阜阳师范大学,软件工程,080902,266,B,2026
南京晓庄学院,软件工程,080902,266,B,2026
哈尔滨学院,软件工程,080902,268,B,2026
肇庆学院,软件工程,080902,268,B,2026
广西科技大学,软件工程,080902,270,B,2026
江西农业大学,软件工程,080902,271,B,2026
盐城师范学院,软件工程,080902,271,B,2026
河南科技学院,软件工程,080902,273,B,2026
贵阳学院,软件工程,080902,274,B,2026
黄冈师范学院,软件工程,080902,274,B,2026
闽江大学,软件工程,080902,274,B,2026
南宁师范大学,软件工程,080902,274,B,2026
湖南科技学院,软件工程,080902,278,B,2026
西华师范大学,软件工程,080902,278,B,2026
湖南第一师范学院,软件工程,080902,280,B,2026
内蒙古民族大学,软件工程,080902,280,B,2026
成都工业学院,软件工程,080902,282,B,2026
徐州工程学院,软件工程,080902,282,B,2026
天津职业技术师范大学,软件工程,080902,284,B,2026
湖北汽车工业学院,软件工程,080902,285,B,2026
沈阳工程学院,软件工程,080902,285,B,2026
郑州航空工业管理学院,软件工程,080902,285,B,2026
湖北文理学院,软件工程,080902,288,B,2026
盐城工学院,软件工程,080902,288,B,2026
淮阴师范学院,软件工程,080902,290,B,2026
黑龙江科技大学,软件工程,080902,291,B,2026
井冈山大学,软件工程,080902,291,B,2026
天津城建大学,软件工程,080902,291,B,2026
西安文理学院,软件工程,080902,294,B,2026
天津农学院,软件工程,080902,295,B,2026
重庆三峡科技大学,软件工程,080902,296,B,2026
昆明学院,软件工程,080902,296,B,2026
无锡学院,软件工程,080902,296,B,2026
广东金融学院,软件工程,080902,299,B,2026
黔南民族师范学院,软件工程,080902,299,B,2026
宝鸡文理学院,软件工程,080902,301,B,2026
齐齐哈尔大学,软件工程,080902,302,B,2026
西北民族大学,软件工程,080902,302,B,2026
武汉商学院,软件工程,080902,304,B,2026
滁州学院,软件工程,080902,305,B,2026
大连外国语大学,软件工程,080902,305,B,2026
河南工学院,软件工程,080902,305,B,2026
怀化学院,软件工程,080902,305,B,2026
湖北第二师范学院,软件工程,080902,309,B,2026
莆田学院,软件工程,080902,309,B,2026
黑龙江工程学院,软件工程,080902,311,B,2026
韩山师范学院,软件工程,080902,312,B,2026
海南热带海洋学院,软件工程,080902,313,B,2026
石家庄学院,软件工程,080902,313,B,2026
新疆师范大学,软件工程,080902,315,B,2026
北京城市学院,软件工程,080902,316,B,2026
衡阳师范学院,软件工程,080902,317,B,2026
天津商业大学,软件工程,080902,317,B,2026
巢湖学院,软件工程,080902,319,B,2026
内江师范学院,软件工程,080902,320,B,2026
成都东软学院,软件工程,080902,321,B,2026
哈尔滨商业大学,软件工程,080902,321,B,2026
湖南工学院,软件工程,080902,321,B,2026
嘉应学院,软件工程,080902,324,B,2026
龙岩学院,软件工程,080902,325,B,2026
宿迁学院,软件工程,080902,325,B,2026
温州理工学院,软件工程,080902,327,B,2026
河南工程学院,软件工程,080902,328,B,2026
洛阳师范学院,软件工程,080902,328,B,2026
北京邮电大学,网络工程,080903,1,A+,2026
电子科技大学,网络工程,080903,2,A+,2026
华南理工大学,网络工程,080903,3,A+,2026
杭州电子科技大学,网络工程,080903,4,A+,2026
温州大学,网络工程,080903,5,A+,2026
南京邮电大学,网络工程,080903,6,A+,2026
浙江工业大学,网络工程,080903,6,A+,2026
广东工业大学,网络工程,080903,8,A,2026
安徽大学,网络工程,080903,9,A,2026
华南师范大学,网络工程,080903,10,A,2026
广州大学,网络工程,080903,11,A,2026
西安邮电大学,网络工程,080903,12,A,2026
大连海事大学,网络工程,080903,13,A,2026
武汉科技大学,网络工程,080903,14,A,2026
南京信息工程大学,网络工程,080903,15,A,2026
沈阳航空航天大学,网络工程,080903,15,A,2026
山东科技大学,网络工程,080903,17,A,2026
济南大学,网络工程,080903,18,A,2026
北京林业大学,网络工程,080903,19,A,2026
桂林电子科技大学,网络工程,080903,20,A,2026
北京信息科技大学,网络工程,080903,21,A,2026
成都信息工程大学,网络工程,080903,22,A,2026
哈尔滨理工大学,网络工程,080903,23,A,2026
长沙理工大学,网络工程,080903,24,A,2026
长江大学,网络工程,080903,25,A,2026
上海海事大学,网络工程,080903,26,A,2026
河南大学,网络工程,080903,27,A,2026
西安科技大学,网络工程,080903,28,A,2026
西安石油大学,网络工程,080903,29,A,2026
东莞理工学院,网络工程,080903,30,A,2026
四川师范大学,网络工程,080903,31,A,2026
福建师范大学,网络工程,080903,32,A,2026
四川轻化工大学,网络工程,080903,33,A,2026
浙江传媒学院,网络工程,080903,34,A,2026
宁夏大学,网络工程,080903,35,A,2026
沈阳理工大学,网络工程,080903,35,A,2026
黑龙江大学,网络工程,080903,37,B+,2026
石家庄铁道大学,网络工程,080903,38,B+,2026
上海第二工业大学,网络工程,080903,39,B+,2026
陕西科技大学,网络工程,080903,40,B+,2026
福建农林大学,网络工程,080903,41,B+,2026
河北经贸大学,网络工程,080903,41,B+,2026
辽宁科技大学,网络工程,080903,41,B+,2026
大连民族大学,网络工程,080903,44,B+,2026
湖南工业大学,网络工程,080903,44,B+,2026
南昌航空大学,网络工程,080903,44,B+,2026
曲阜师范大学,网络工程,080903,44,B+,2026
西南石油大学,网络工程,080903,48,B+,2026
中原工学院,网络工程,080903,48,B+,2026
合肥大学,网络工程,080903,50,B+,2026
中南民族大学,网络工程,080903,51,B+,2026
佛山大学,网络工程,080903,52,B+,2026
广东技术师范大学,网络工程,080903,52,B+,2026
南京工程学院,网络工程,080903,54,B+,2026
长春大学,网络工程,080903,55,B+,2026
嘉兴大学,网络工程,080903,56,B+,2026
沈阳化工大学,网络工程,080903,57,B+,2026
青海民族大学,网络工程,080903,58,B+,2026
西南民族大学,网络工程,080903,59,B+,2026
桂林理工大学,网络工程,080903,60,B+,2026
西安财经大学,网络工程,080903,60,B+,2026
北方民族大学,网络工程,080903,62,B+,2026
沈阳师范大学,网络工程,080903,63,B+,2026
天津职业技术师范大学,网络工程,080903,63,B+,2026
华北水利水电大学,网络工程,080903,65,B+,2026
郑州航空工业管理学院,网络工程,080903,65,B+,2026
北华航天工业学院,网络工程,080903,67,B+,2026
江苏海洋大学,网络工程,080903,68,B+,2026
金陵科技学院,网络工程,080903,69,B+,2026
安徽建筑大学,网络工程,080903,70,B+,2026
皖西学院,网络工程,080903,70,B+,2026
滁州学院,网络工程,080903,72,B+,2026
河南师范大学,网络工程,080903,73,B+,2026
天津城建大学,网络工程,080903,74,B+,2026
东华理工大学,网络工程,080903,75,B+,2026
山西大同大学,网络工程,080903,75,B+,2026
淮北师范大学,网络工程,080903,77,B+,2026
郑州轻工业大学,网络工程,080903,77,B+,2026
山西农业大学,网络工程,080903,79,B+,2026
聊城大学,网络工程,080903,80,B+,2026
重庆文理学院,网络工程,080903,81,B+,2026
海南热带海洋学院,网络工程,080903,82,B+,2026
湖北理工学院,网络工程,080903,83,B+,2026
合肥师范学院,网络工程,080903,84,B+,2026
闽南师范大学,网络工程,080903,85,B+,2026
盐城工学院,网络工程,080903,86,B+,2026
绍兴大学,网络工程,080903,87,B+,2026
西藏民族大学,网络工程,080903,87,B+,2026
湖南城市学院,网络工程,080903,89,B+,2026
无锡学院,网络工程,080903,89,B+,2026
巢湖学院,网络工程,080903,91,B+,2026
吉林建筑大学,网络工程,080903,91,B+,2026
广东石油化工学院,网络工程,080903,93,B+,2026
湖南人文科技学院,网络工程,080903,93,B+,2026
内蒙古农业大学,网络工程,080903,95,B+,2026
天水师范大学,网络工程,080903,95,B+,2026
江苏理工学院,网络工程,080903,97,B+,2026
陕西理工大学,网络工程,080903,98,B+,2026
宁波工程学院,网络工程,080903,99,B+,2026
安徽科技工程大学,网络工程,080903,100,B+,2026
宁夏师范大学,网络工程,080903,100,B+,2026
攀枝花学院,网络工程,080903,100,B+,2026
潍坊学院,网络工程,080903,103,B+,2026
成都工业学院,网络工程,080903,104,B+,2026
河北建筑工程学院,网络工程,080903,105,B+,2026
南阳师范学院,网络工程,080903,106,B+,2026
广东第二师范学院,网络工程,080903,107,B,2026
新疆师范大学,网络工程,080903,108,B,2026
内蒙古民族大学,网络工程,080903,109,B,2026
内蒙古师范大学,网络工程,080903,110,B,2026
长治学院,网络工程,080903,111,B,2026
郑州财经学院,网络工程,080903,112,B,2026
黄冈师范学院,网络工程,080903,113,B,2026
运城学院,网络工程,080903,114,B,2026
贵州理工学院,网络工程,080903,115,B,2026
湖南工程学院,网络工程,080903,115,B,2026
塔里木大学,网络工程,080903,115,B,2026
呼和浩特民族学院,网络工程,080903,118,B,2026
嘉兴南湖学院,网络工程,080903,118,B,2026
兰州工业学院,网络工程,080903,120,B,2026
周口师范学院,网络工程,080903,120,B,2026
大连外国语大学,网络工程,080903,122,B,2026
枣庄学院,网络工程,080903,123,B,2026
喀什大学,网络工程,080903,124,B,2026
宁夏理工学院,网络工程,080903,125,B,2026
伊犁师范大学,网络工程,080903,126,B,2026
乐山师范学院,网络工程,080903,127,B,2026
河西学院,网络工程,080903,128,B,2026
汉江师范学院,网络工程,080903,129,B,2026
商洛学院,网络工程,080903,129,B,2026
唐山师范学院,网络工程,080903,129,B,2026
珠海科技学院,网络工程,080903,132,B,2026
成都东软学院,网络工程,080903,133,B,2026
邯郸学院,网络工程,080903,133,B,2026
淮南师范学院,网络工程,080903,133,B,2026
景德镇学院,网络工程,080903,136,B,2026
晋中学院,网络工程,080903,136,B,2026
太原学院,网络工程,080903,136,B,2026
辽东学院,网络工程,080903,139,B,2026
池州学院,网络工程,080903,140,B,2026
安阳工学院,网络工程,080903,141,B,2026
九江学院,网络工程,080903,142,B,2026
杭州电子科技大学信息工程学院,网络工程,080903,143,B,2026
贵州商学院,网络工程,080903,144,B,2026
衡水学院,网络工程,080903,144,B,2026
嘉应学院,网络工程,080903,144,B,2026
河北师范大学汇华学院,网络工程,080903,147,B,2026
赣东学院,网络工程,080903,148,B,2026
长沙工业学院,网络工程,080903,149,B,2026
大庆师范学院,网络工程,080903,149,B,2026
菏泽学院,网络工程,080903,149,B,2026
信阳农林学院,网络工程,080903,149,B,2026
广西民族师范学院,网络工程,080903,153,B,2026
邢台学院,网络工程,080903,154,B,2026
成都锦城学院,网络工程,080903,155,B,2026
张家口学院,网络工程,080903,155,B,2026
广州软件学院,网络工程,080903,157,B,2026
上海建桥学院,网络工程,080903,157,B,2026
西安交通大学城市学院,网络工程,080903,159,B,2026
大连东软信息学院,网络工程,080903,160,B,2026
昌吉学院,网络工程,080903,161,B,2026
广东科技学院,网络工程,080903,161,B,2026
山西电子科技学院,网络工程,080903,161,B,2026
百色学院,网络工程,080903,164,B,2026
福建师范大学协和学院,网络工程,080903,165,B,2026
河北传媒学院,网络工程,080903,165,B,2026
重庆工程学院,网络工程,080903,167,B,2026
闽南科技学院,网络工程,080903,167,B,2026
常德学院,网络工程,080903,169,B,2026
电子科技大学成都学院,网络工程,080903,169,B,2026
黑河学院,网络工程,080903,171,B,2026
长春大学旅游学院,网络工程,080903,172,B,2026
河北经贸大学经济管理学院,网络工程,080903,172,B,2026
武汉学院,网络工程,080903,174,B,2026
广东东软学院,网络工程,080903,175,B,2026
青岛恒星科技学院,网络工程,080903,175,B,2026
绍兴理工学院,网络工程,080903,177,B,2026
郑州经贸学院,网络工程,080903,177,B,2026
上海交通大学,信息安全,080904K,1,A+,2026
中国科学技术大学,信息安全,080904K,2,A+,2026
哈尔滨工业大学,信息安全,080904K,3,A+,2026
浙江大学,信息安全,080904K,4,A,2026
复旦大学,信息安全,080904K,5,A,2026
华中科技大学,信息安全,080904K,5,A,2026
北京航空航天大学,信息安全,080904K,7,A,2026
西北工业大学,信息安全,080904K,8,A,2026
北京邮电大学,信息安全,080904K,9,A,2026
西安电子科技大学,信息安全,080904K,10,A,2026
南开大学,信息安全,080904K,11,A,2026
武汉大学,信息安全,080904K,12,A,2026
中国人民大学,信息安全,080904K,13,A,2026
中南大学,信息安全,080904K,14,A,2026
湖南大学,信息安全,080904K,15,A,2026
同济大学,信息安全,080904K,16,B+,2026
华南理工大学,信息安全,080904K,17,B+,2026
重庆大学,信息安全,080904K,18,B+,2026
杭州电子科技大学,信息安全,080904K,19,B+,2026
南京航空航天大学,信息安全,080904K,20,B+,2026
北京交通大学,信息安全,080904K,21,B+,2026
东北大学,信息安全,080904K,22,B+,2026
北京工业大学,信息安全,080904K,23,B+,2026
哈尔滨工程大学,信息安全,080904K,24,B+,2026
重庆邮电大学,信息安全,080904K,25,B+,2026
南京邮电大学,信息安全,080904K,26,B+,2026
安徽大学,信息安全,080904K,27,B+,2026
兰州大学,信息安全,080904K,27,B+,2026
中国矿业大学,信息安全,080904K,29,B+,2026
中国地质大学（武汉）,信息安全,080904K,30,B+,2026
北京科技大学,信息安全,080904K,31,B+,2026
合肥工业大学,信息安全,080904K,31,B+,2026
新疆大学,信息安全,080904K,33,B+,2026
南京信息工程大学,信息安全,080904K,34,B+,2026
桂林电子科技大学,信息安全,080904K,35,B+,2026
天津理工大学,信息安全,080904K,36,B+,2026
北京电子科技学院,信息安全,080904K,37,B+,2026
福州大学,信息安全,080904K,37,B+,2026
贵州大学,信息安全,080904K,39,B+,2026
郑州大学,信息安全,080904K,39,B+,2026
海南大学,信息安全,080904K,41,B+,2026
西南交通大学,信息安全,080904K,42,B+,2026
广州大学,信息安全,080904K,43,B+,2026
华中师范大学,信息安全,080904K,44,B+,2026
江苏大学,信息安全,080904K,45,B+,2026
中央财经大学,信息安全,080904K,46,B,2026
西南大学,信息安全,080904K,47,B,2026
浙江工商大学,信息安全,080904K,48,B,2026
广东工业大学,信息安全,080904K,49,B,2026
西安邮电大学,信息安全,080904K,50,B,2026
北京信息科技大学,信息安全,080904K,51,B,2026
青岛大学,信息安全,080904K,51,B,2026
东华大学,信息安全,080904K,53,B,2026
广西大学,信息安全,080904K,54,B,2026
北方工业大学,信息安全,080904K,55,B,2026
山东科技大学,信息安全,080904K,56,B,2026
长春理工大学,信息安全,080904K,57,B,2026
成都信息工程大学,信息安全,080904K,58,B,2026
湖北大学,信息安全,080904K,59,B,2026
上海电力大学,信息安全,080904K,60,B,2026
湖北工业大学,信息安全,080904K,61,B,2026
河北大学,信息安全,080904K,62,B,2026
湖南科技大学,信息安全,080904K,62,B,2026
中南财经政法大学,信息安全,080904K,64,B,2026
河南大学,信息安全,080904K,65,B,2026
华侨大学,信息安全,080904K,66,B,2026
安徽理工大学,信息安全,080904K,67,B,2026
广西师范大学,信息安全,080904K,68,B,2026
西南科技大学,信息安全,080904K,69,B,2026
西华大学,信息安全,080904K,70,B,2026
河北师范大学,信息安全,080904K,71,B,2026
甘肃政法大学,信息安全,080904K,72,B,2026
江苏科技大学,信息安全,080904K,73,B,2026
金陵科技学院,信息安全,080904K,73,B,2026
东北电力大学,信息安全,080904K,75,B,2026
北京联合大学,信息安全,080904K,76,B,2026
电子科技大学,物联网工程,080905,1,A+,2026
西安交通大学,物联网工程,080905,2,A+,2026
哈尔滨工业大学,物联网工程,080905,3,A+,2026
西北工业大学,物联网工程,080905,4,A+,2026
南京航空航天大学,物联网工程,080905,5,A+,2026
北京邮电大学,物联网工程,080905,6,A+,2026
吉林大学,物联网工程,080905,7,A+,2026
北京交通大学,物联网工程,080905,8,A+,2026
天津大学,物联网工程,080905,9,A+,2026
东北大学,物联网工程,080905,10,A+,2026
南京邮电大学,物联网工程,080905,11,A,2026
重庆大学,物联网工程,080905,12,A,2026
南开大学,物联网工程,080905,13,A,2026
北京工业大学,物联网工程,080905,14,A,2026
大连理工大学,物联网工程,080905,15,A,2026
湖南大学,物联网工程,080905,16,A,2026
北京科技大学,物联网工程,080905,17,A,2026
江南大学,物联网工程,080905,18,A,2026
河海大学,物联网工程,080905,19,A,2026
西北大学,物联网工程,080905,20,A,2026
南京信息工程大学,物联网工程,080905,21,A,2026
重庆邮电大学,物联网工程,080905,22,A,2026
安徽大学,物联网工程,080905,23,A,2026
贵州大学,物联网工程,080905,24,A,2026
中国传媒大学,物联网工程,080905,25,A,2026
郑州大学,物联网工程,080905,26,A,2026
桂林电子科技大学,物联网工程,080905,27,A,2026
齐鲁工业大学,物联网工程,080905,28,A,2026
西安邮电大学,物联网工程,080905,29,A,2026
云南大学,物联网工程,080905,30,A,2026
广东工业大学,物联网工程,080905,31,A,2026
河北工业大学,物联网工程,080905,32,A,2026
江苏大学,物联网工程,080905,33,A,2026
暨南大学,物联网工程,080905,34,A,2026
中北大学,物联网工程,080905,35,A,2026
太原理工大学,物联网工程,080905,36,A,2026
山东科技大学,物联网工程,080905,37,A,2026
山东师范大学,物联网工程,080905,38,A,2026
广州大学,物联网工程,080905,39,A,2026
北京信息科技大学,物联网工程,080905,40,A,2026
大连海事大学,物联网工程,080905,41,A,2026
华侨大学,物联网工程,080905,42,A,2026
昆明理工大学,物联网工程,080905,42,A,2026
西安理工大学,物联网工程,080905,44,A,2026
南通大学,物联网工程,080905,45,A,2026
南昌航空大学,物联网工程,080905,46,A,2026
海南大学,物联网工程,080905,47,A,2026
湖南科技大学,物联网工程,080905,48,A,2026
安徽工程大学,物联网工程,080905,49,A,2026
江西财经大学,物联网工程,080905,50,A,2026
南京林业大学,物联网工程,080905,51,A,2026
天津理工大学,物联网工程,080905,52,A,2026
华东交通大学,物联网工程,080905,53,A,2026
郑州轻工业大学,物联网工程,080905,54,A,2026
河南工业大学,物联网工程,080905,55,B+,2026
天津工业大学,物联网工程,080905,56,B+,2026
北京联合大学,物联网工程,080905,57,B+,2026
山东建筑大学,物联网工程,080905,58,B+,2026
重庆理工大学,物联网工程,080905,59,B+,2026
西北师范大学,物联网工程,080905,60,B+,2026
烟台大学,物联网工程,080905,61,B+,2026
四川农业大学,物联网工程,080905,62,B+,2026
北京物资学院,物联网工程,080905,63,B+,2026
成都大学,物联网工程,080905,64,B+,2026
常州大学,物联网工程,080905,65,B+,2026
西南石油大学,物联网工程,080905,66,B+,2026
西安工业大学,物联网工程,080905,67,B+,2026
西安科技大学,物联网工程,080905,67,B+,2026
浙江农林大学,物联网工程,080905,69,B+,2026
天津科技大学,物联网工程,080905,70,B+,2026
山东农业大学,物联网工程,080905,71,B+,2026
安徽理工大学,物联网工程,080905,72,B+,2026
上海电机学院,物联网工程,080905,73,B+,2026
南华大学,物联网工程,080905,74,B+,2026
西华大学,物联网工程,080905,74,B+,2026
安徽师范大学,物联网工程,080905,76,B+,2026
成都理工大学,物联网工程,080905,77,B+,2026
安徽工业大学,物联网工程,080905,78,B+,2026
河南师范大学,物联网工程,080905,79,B+,2026
武汉工程大学,物联网工程,080905,79,B+,2026
湖南工商大学,物联网工程,080905,81,B+,2026
吉林农业大学,物联网工程,080905,81,B+,2026
苏州工学院,物联网工程,080905,81,B+,2026
河南科技大学,物联网工程,080905,84,B+,2026
北京石油化工学院,物联网工程,080905,85,B+,2026
兰州理工大学,物联网工程,080905,85,B+,2026
东北农业大学,物联网工程,080905,87,B+,2026
重庆科技大学,物联网工程,080905,88,B+,2026
河北农业大学,物联网工程,080905,89,B+,2026
安庆师范大学,物联网工程,080905,90,B+,2026
武汉纺织大学,物联网工程,080905,91,B+,2026
滁州学院,物联网工程,080905,92,B+,2026
淮安大学,物联网工程,080905,92,B+,2026
太原科技大学,物联网工程,080905,94,B+,2026
黑龙江大学,物联网工程,080905,95,B+,2026
中国民航大学,物联网工程,080905,95,B+,2026
河南理工大学,物联网工程,080905,97,B+,2026
贵州师范大学,物联网工程,080905,98,B+,2026
无锡学院,物联网工程,080905,98,B+,2026
天津师范大学,物联网工程,080905,100,B+,2026
河南农业大学,物联网工程,080905,101,B+,2026
厦门理工学院,物联网工程,080905,101,B+,2026
佛山大学,物联网工程,080905,103,B+,2026
广东技术师范大学,物联网工程,080905,104,B+,2026
内蒙古工业大学,物联网工程,080905,104,B+,2026
大连民族大学,物联网工程,080905,106,B+,2026
西南民族大学,物联网工程,080905,106,B+,2026
中原工学院,物联网工程,080905,108,B+,2026
河南科技学院,物联网工程,080905,109,B+,2026
河南财经政法大学,物联网工程,080905,110,B+,2026
常州工学院,物联网工程,080905,111,B+,2026
浙江万里学院,物联网工程,080905,112,B+,2026
宝鸡文理学院,物联网工程,080905,113,B+,2026
湖北中医药大学,物联网工程,080905,113,B+,2026
深圳技术大学,物联网工程,080905,113,B+,2026
天津农学院,物联网工程,080905,113,B+,2026
渤海大学,物联网工程,080905,117,B+,2026
江西农业大学,物联网工程,080905,117,B+,2026
安徽建筑大学,物联网工程,080905,119,B+,2026
江苏理工学院,物联网工程,080905,119,B+,2026
金陵科技学院,物联网工程,080905,119,B+,2026
齐齐哈尔大学,物联网工程,080905,119,B+,2026
西交利物浦大学,物联网工程,080905,123,B+,2026
东北石油大学,物联网工程,080905,124,B+,2026
桂林理工大学,物联网工程,080905,124,B+,2026
湖南农业大学,物联网工程,080905,124,B+,2026
福建理工大学,物联网工程,080905,127,B+,2026
广东海洋大学,物联网工程,080905,128,B+,2026
广西科技大学,物联网工程,080905,129,B+,2026
沈阳大学,物联网工程,080905,129,B+,2026
昆明学院,物联网工程,080905,131,B+,2026
新疆农业大学,物联网工程,080905,131,B+,2026
山西农业大学,物联网工程,080905,133,B+,2026
中国民用航空飞行学院,物联网工程,080905,134,B+,2026
天津城建大学,物联网工程,080905,135,B+,2026
长江师范学院,物联网工程,080905,136,B+,2026
衡阳师范学院,物联网工程,080905,136,B+,2026
淮阴师范学院,物联网工程,080905,138,B+,2026
辽宁科技大学,物联网工程,080905,138,B+,2026
沈阳工业大学,物联网工程,080905,138,B+,2026
延安大学,物联网工程,080905,138,B+,2026
德州学院,物联网工程,080905,142,B+,2026
沈阳工程学院,物联网工程,080905,142,B+,2026
湖北科技学院,物联网工程,080905,144,B+,2026
西北民族大学,物联网工程,080905,145,B+,2026
安徽财经大学,物联网工程,080905,146,B+,2026
湖北汽车工业学院,物联网工程,080905,147,B+,2026
塔里木大学,物联网工程,080905,147,B+,2026
重庆三峡科技大学,物联网工程,080905,149,B+,2026
阜阳师范大学,物联网工程,080905,149,B+,2026
黑龙江科技大学,物联网工程,080905,149,B+,2026
天津中德应用技术大学,物联网工程,080905,149,B+,2026
仲恺农业工程学院,物联网工程,080905,153,B+,2026
肇庆学院,物联网工程,080905,154,B+,2026
哈尔滨师范大学,物联网工程,080905,155,B+,2026
广东石油化工学院,物联网工程,080905,156,B+,2026
北京农学院,物联网工程,080905,157,B+,2026
湖北文理学院,物联网工程,080905,158,B+,2026
信阳师范大学,物联网工程,080905,158,B+,2026
太原师范学院,物联网工程,080905,160,B+,2026
云南民族大学,物联网工程,080905,161,B+,2026
桂林航天工业学院,物联网工程,080905,162,B+,2026
西安文理学院,物联网工程,080905,162,B+,2026
西京学院,物联网工程,080905,162,B+,2026
云南财经大学,物联网工程,080905,162,B+,2026
韶关学院,物联网工程,080905,166,B,2026
湖北经济学院,物联网工程,080905,167,B,2026
莆田学院,物联网工程,080905,167,B,2026
山东航空学院,物联网工程,080905,167,B,2026
榆林大学,物联网工程,080905,170,B,2026
洛阳理工学院,物联网工程,080905,171,B,2026
黔南民族师范学院,物联网工程,080905,171,B,2026
温州理工学院,物联网工程,080905,171,B,2026
哈尔滨商业大学,物联网工程,080905,174,B,2026
河北建筑工程学院,物联网工程,080905,174,B,2026
上海商学院,物联网工程,080905,174,B,2026
浙江水利水电学院,物联网工程,080905,177,B,2026
三明学院,物联网工程,080905,178,B,2026
西安航空学院,物联网工程,080905,178,B,2026
郑州工业应用技术学院,物联网工程,080905,178,B,2026
成都工业学院,物联网工程,080905,181,B,2026
唐山学院,物联网工程,080905,181,B,2026
武汉商学院,物联网工程,080905,181,B,2026
武夷学院,物联网工程,080905,181,B,2026
荆楚理工学院,物联网工程,080905,185,B,2026
内蒙古科技大学包头师范学院,物联网工程,080905,186,B,2026
苏州城市学院,物联网工程,080905,187,B,2026
贵州师范学院,物联网工程,080905,188,B,2026
宁夏理工学院,物联网工程,080905,188,B,2026
安阳师范学院,物联网工程,080905,190,B,2026
江苏第二师范学院,物联网工程,080905,190,B,2026
邵阳学院,物联网工程,080905,190,B,2026
湘南学院,物联网工程,080905,190,B,2026
凯里学院,物联网工程,080905,194,B,2026
重庆第二师范学院,物联网工程,080905,195,B,2026
河北环境工程学院,物联网工程,080905,196,B,2026
赣南医科大学,物联网工程,080905,197,B,2026
盐城师范学院,物联网工程,080905,197,B,2026
贵州商学院,物联网工程,080905,199,B,2026
绵阳师范学院,物联网工程,080905,200,B,2026
滇西科技师范学院,物联网工程,080905,201,B,2026
福建江夏学院,物联网工程,080905,202,B,2026
广州航海学院,物联网工程,080905,202,B,2026
湖南工学院,物联网工程,080905,202,B,2026
广西科技师范学院,物联网工程,080905,205,B,2026
赤峰大学,物联网工程,080905,206,B,2026
南阳理工学院,物联网工程,080905,207,B,2026
保定学院,物联网工程,080905,208,B,2026
岭南师范学院,物联网工程,080905,208,B,2026
山东农业工程学院,物联网工程,080905,208,B,2026
伊犁师范大学,物联网工程,080905,208,B,2026
浙江树人学院,物联网工程,080905,212,B,2026
河南工学院,物联网工程,080905,213,B,2026
邢台学院,物联网工程,080905,213,B,2026
河南牧业经济学院,物联网工程,080905,215,B,2026
山东石油化工学院,物联网工程,080905,215,B,2026
宿迁学院,物联网工程,080905,215,B,2026
蚌埠学院,物联网工程,080905,218,B,2026
兴义民族师范学院,物联网工程,080905,218,B,2026
河北金融学院,物联网工程,080905,220,B,2026
龙岩学院,物联网工程,080905,220,B,2026
北京城市学院,物联网工程,080905,222,B,2026
平顶山学院,物联网工程,080905,222,B,2026
太原学院,物联网工程,080905,222,B,2026
唐山师范学院,物联网工程,080905,225,B,2026
黄淮学院,物联网工程,080905,226,B,2026
太原工业学院,物联网工程,080905,226,B,2026
韩山师范学院,物联网工程,080905,228,B,2026
贺州学院,物联网工程,080905,228,B,2026
南京邮电大学通达学院,物联网工程,080905,228,B,2026
商丘学院,物联网工程,080905,228,B,2026
安康学院,物联网工程,080905,232,B,2026
福建师范大学协和学院,物联网工程,080905,233,B,2026
郑州工程技术学院,物联网工程,080905,233,B,2026
兰州工业学院,物联网工程,080905,235,B,2026
长沙师范学院,物联网工程,080905,236,B,2026
福建商学院,物联网工程,080905,236,B,2026
河南工程学院,物联网工程,080905,236,B,2026
巢湖学院,物联网工程,080905,239,B,2026
商丘师范学院,物联网工程,080905,239,B,2026
新乡学院,物联网工程,080905,241,B,2026
沧州师范学院,物联网工程,080905,242,B,2026
陕西学前师范学院,物联网工程,080905,242,B,2026
新余学院,物联网工程,080905,242,B,2026
成都东软学院,物联网工程,080905,245,B,2026
河北科技师范学院,物联网工程,080905,245,B,2026
许昌学院,物联网工程,080905,245,B,2026
重庆工程学院,物联网工程,080905,248,B,2026
山东协和学院,物联网工程,080905,248,B,2026
广州软件学院,物联网工程,080905,250,B,2026
辽宁科技学院,物联网工程,080905,250,B,2026
泰州学院,物联网工程,080905,250,B,2026
大连东软信息学院,物联网工程,080905,253,B,2026
赣南科技学院,物联网工程,080905,253,B,2026
杭州电子科技大学信息工程学院,物联网工程,080905,253,B,2026
九江学院,物联网工程,080905,253,B,2026
六盘水师范学院,物联网工程,080905,253,B,2026
梧州学院,物联网工程,080905,253,B,2026
玉林师范学院,物联网工程,080905,253,B,2026
四川文理学院,物联网工程,080905,260,B,2026
燕京理工学院,物联网工程,080905,260,B,2026
山西工学院,物联网工程,080905,262,B,2026
张家口学院,物联网工程,080905,262,B,2026
周口师范学院,物联网工程,080905,262,B,2026
武汉工商学院,物联网工程,080905,265,B,2026
河南城建学院,物联网工程,080905,266,B,2026
无锡太湖学院,物联网工程,080905,266,B,2026
嘉应学院,物联网工程,080905,268,B,2026
陇东学院,物联网工程,080905,268,B,2026
洛阳师范学院,物联网工程,080905,268,B,2026
枣庄学院,物联网工程,080905,268,B,2026
黑河学院,物联网工程,080905,272,B,2026
黄河交通学院,物联网工程,080905,272,B,2026
泉州信息工程学院,物联网工程,080905,272,B,2026
山西工程技术学院,物联网工程,080905,272,B,2026
哈尔滨工业大学,数字媒体技术,080906,1,A+,2026
北京邮电大学,数字媒体技术,080906,2,A+,2026
湖南大学,数字媒体技术,080906,3,A+,2026
山东大学,数字媒体技术,080906,4,A+,2026
大连理工大学,数字媒体技术,080906,5,A+,2026
厦门大学,数字媒体技术,080906,6,A,2026
上海大学,数字媒体技术,080906,7,A,2026
杭州电子科技大学,数字媒体技术,080906,8,A,2026
华中师范大学,数字媒体技术,080906,9,A,2026
浙江工业大学,数字媒体技术,080906,10,A,2026
南京邮电大学,数字媒体技术,080906,11,A,2026
东北大学,数字媒体技术,080906,12,A,2026
北京工业大学,数字媒体技术,080906,13,A,2026
广东工业大学,数字媒体技术,080906,14,A,2026
云南大学,数字媒体技术,080906,15,A,2026
东北师范大学,数字媒体技术,080906,16,A,2026
北方工业大学,数字媒体技术,080906,17,A,2026
福州大学,数字媒体技术,080906,17,A,2026
桂林电子科技大学,数字媒体技术,080906,19,A,2026
北京林业大学,数字媒体技术,080906,20,A,2026
兰州大学,数字媒体技术,080906,21,A,2026
安徽大学,数字媒体技术,080906,22,A,2026
中国传媒大学,数字媒体技术,080906,23,A,2026
辽宁师范大学,数字媒体技术,080906,24,A,2026
湖北工业大学,数字媒体技术,080906,25,A,2026
西安理工大学,数字媒体技术,080906,26,A,2026
西安邮电大学,数字媒体技术,080906,27,A,2026
山东财经大学,数字媒体技术,080906,28,B+,2026
浙江传媒学院,数字媒体技术,080906,29,B+,2026
西安石油大学,数字媒体技术,080906,30,B+,2026
成都信息工程大学,数字媒体技术,080906,31,B+,2026
福建师范大学,数字媒体技术,080906,32,B+,2026
南京工程学院,数字媒体技术,080906,32,B+,2026
安庆师范大学,数字媒体技术,080906,34,B+,2026
成都大学,数字媒体技术,080906,35,B+,2026
成都理工大学,数字媒体技术,080906,35,B+,2026
北京语言大学,数字媒体技术,080906,37,B+,2026
哈尔滨师范大学,数字媒体技术,080906,38,B+,2026
武汉工程大学,数字媒体技术,080906,39,B+,2026
西南石油大学,数字媒体技术,080906,39,B+,2026
山东工商学院,数字媒体技术,080906,41,B+,2026
江汉大学,数字媒体技术,080906,42,B+,2026
上海纽约大学,数字媒体技术,080906,43,B+,2026
北京印刷学院,数字媒体技术,080906,44,B+,2026
安徽理工大学,数字媒体技术,080906,45,B+,2026
天津科技大学,数字媒体技术,080906,45,B+,2026
贵州师范大学,数字媒体技术,080906,47,B+,2026
天津外国语大学,数字媒体技术,080906,48,B+,2026
西藏民族大学,数字媒体技术,080906,48,B+,2026
北京电影学院,数字媒体技术,080906,50,B+,2026
石家庄铁道大学,数字媒体技术,080906,51,B+,2026
大连工业大学,数字媒体技术,080906,52,B+,2026
金陵科技学院,数字媒体技术,080906,52,B+,2026
湖北师范大学,数字媒体技术,080906,54,B+,2026
山西大同大学,数字媒体技术,080906,55,B+,2026
苏州工学院,数字媒体技术,080906,56,B+,2026
湖南工商大学,数字媒体技术,080906,57,B+,2026
浙江科技大学,数字媒体技术,080906,57,B+,2026
辽宁工程技术大学,数字媒体技术,080906,59,B+,2026
郑州轻工业大学,数字媒体技术,080906,59,B+,2026
中原工学院,数字媒体技术,080906,59,B+,2026
长春工业大学,数字媒体技术,080906,62,B+,2026
北华大学,数字媒体技术,080906,63,B+,2026
广东药科大学,数字媒体技术,080906,63,B+,2026
长沙学院,数字媒体技术,080906,65,B+,2026
景德镇陶瓷大学,数字媒体技术,080906,65,B+,2026
沈阳工程学院,数字媒体技术,080906,67,B+,2026
西交利物浦大学,数字媒体技术,080906,68,B+,2026
宜宾学院,数字媒体技术,080906,69,B+,2026
兰州文理学院,数字媒体技术,080906,70,B+,2026
江苏理工学院,数字媒体技术,080906,71,B+,2026
南宁师范大学,数字媒体技术,080906,72,B+,2026
佛山大学,数字媒体技术,080906,73,B+,2026
贵州财经大学,数字媒体技术,080906,73,B+,2026
天津职业技术师范大学,数字媒体技术,080906,75,B+,2026
西北民族大学,数字媒体技术,080906,76,B+,2026
聊城大学,数字媒体技术,080906,77,B+,2026
湖南科技学院,数字媒体技术,080906,78,B+,2026
内蒙古民族大学,数字媒体技术,080906,78,B+,2026
海南热带海洋学院,数字媒体技术,080906,80,B+,2026
河南牧业经济学院,数字媒体技术,080906,80,B+,2026
浙江水利水电学院,数字媒体技术,080906,80,B+,2026
潍坊学院,数字媒体技术,080906,83,B,2026
信阳农林学院,数字媒体技术,080906,84,B,2026
中华女子学院,数字媒体技术,080906,85,B,2026
运城学院,数字媒体技术,080906,86,B,2026
成都工业学院,数字媒体技术,080906,87,B,2026
丽水学院,数字媒体技术,080906,88,B,2026
乐山师范学院,数字媒体技术,080906,89,B,2026
桂林航天工业学院,数字媒体技术,080906,90,B,2026
泉州师范学院,数字媒体技术,080906,90,B,2026
喀什大学,数字媒体技术,080906,92,B,2026
梧州学院,数字媒体技术,080906,92,B,2026
山东女子学院,数字媒体技术,080906,94,B,2026
成都师范学院,数字媒体技术,080906,95,B,2026
吉林工程技术师范学院,数字媒体技术,080906,96,B,2026
河北水利电力学院,数字媒体技术,080906,97,B,2026
南京传媒学院,数字媒体技术,080906,97,B,2026
四川旅游学院,数字媒体技术,080906,99,B,2026
河南城建学院,数字媒体技术,080906,100,B,2026
绵阳师范学院,数字媒体技术,080906,101,B,2026
红河学院,数字媒体技术,080906,102,B,2026
三明学院,数字媒体技术,080906,102,B,2026
南阳理工学院,数字媒体技术,080906,104,B,2026
山西传媒学院,数字媒体技术,080906,104,B,2026
石家庄学院,数字媒体技术,080906,104,B,2026
成都东软学院,数字媒体技术,080906,107,B,2026
许昌学院,数字媒体技术,080906,107,B,2026
湖南女子学院,数字媒体技术,080906,109,B,2026
河南工学院,数字媒体技术,080906,110,B,2026
陕西学前师范学院,数字媒体技术,080906,111,B,2026
浙江树人学院,数字媒体技术,080906,111,B,2026
凯里学院,数字媒体技术,080906,113,B,2026
铜陵学院,数字媒体技术,080906,114,B,2026
渭南师范学院,数字媒体技术,080906,114,B,2026
保定学院,数字媒体技术,080906,116,B,2026
滇西科技师范学院,数字媒体技术,080906,117,B,2026
福建技术师范学院,数字媒体技术,080906,117,B,2026
河北科技师范学院,数字媒体技术,080906,117,B,2026
韶关学院,数字媒体技术,080906,117,B,2026
太原工业学院,数字媒体技术,080906,117,B,2026
大连东软信息学院,数字媒体技术,080906,122,B,2026
郑州师范学院,数字媒体技术,080906,123,B,2026
四川文理学院,数字媒体技术,080906,124,B,2026
芜湖学院,数字媒体技术,080906,125,B,2026
山东工艺美术学院,数字媒体技术,080906,126,B,2026
山东协和学院,数字媒体技术,080906,127,B,2026
衡水学院,数字媒体技术,080906,128,B,2026
忻州师范学院,数字媒体技术,080906,128,B,2026
广西财经学院,数字媒体技术,080906,130,B,2026
兰州工业学院,数字媒体技术,080906,130,B,2026
张家口学院,数字媒体技术,080906,130,B,2026
唐山师范学院,数字媒体技术,080906,133,B,2026
大庆师范学院,数字媒体技术,080906,134,B,2026
南京理工大学紫金学院,数字媒体技术,080906,135,B,2026
北京大学,智能科学与技术,080907T,1,A+,2026
西安电子科技大学,智能科学与技术,080907T,2,A+,2026
南京大学,智能科学与技术,080907T,3,A+,2026
中山大学,智能科学与技术,080907T,3,A+,2026
湖南大学,智能科学与技术,080907T,5,A,2026
南开大学,智能科学与技术,080907T,6,A,2026
华南理工大学,智能科学与技术,080907T,7,A,2026
哈尔滨工业大学,智能科学与技术,080907T,8,A,2026
华中科技大学,智能科学与技术,080907T,8,A,2026
复旦大学,智能科学与技术,080907T,10,A,2026
北京邮电大学,智能科学与技术,080907T,11,A,2026
南京理工大学,智能科学与技术,080907T,12,A,2026
重庆邮电大学,智能科学与技术,080907T,13,A,2026
南方科技大学,智能科学与技术,080907T,14,A,2026
杭州电子科技大学,智能科学与技术,080907T,15,A,2026
上海大学,智能科学与技术,080907T,16,A,2026
合肥工业大学,智能科学与技术,080907T,17,A,2026
桂林电子科技大学,智能科学与技术,080907T,18,A,2026
浙江工业大学,智能科学与技术,080907T,19,A,2026
河海大学,智能科学与技术,080907T,20,A,2026
中国地质大学（武汉）,智能科学与技术,080907T,21,A,2026
中国海洋大学,智能科学与技术,080907T,21,A,2026
西北大学,智能科学与技术,080907T,23,A,2026
安徽大学,智能科学与技术,080907T,24,B+,2026
武汉理工大学,智能科学与技术,080907T,25,B+,2026
云南大学,智能科学与技术,080907T,26,B+,2026
新疆大学,智能科学与技术,080907T,27,B+,2026
西南大学,智能科学与技术,080907T,28,B+,2026
西安邮电大学,智能科学与技术,080907T,29,B+,2026
武汉科技大学,智能科学与技术,080907T,30,B+,2026
大连海事大学,智能科学与技术,080907T,31,B+,2026
东华大学,智能科学与技术,080907T,32,B+,2026
青岛大学,智能科学与技术,080907T,33,B+,2026
齐鲁工业大学,智能科学与技术,080907T,34,B+,2026
中国石油大学（华东）,智能科学与技术,080907T,34,B+,2026
江苏大学,智能科学与技术,080907T,36,B+,2026
东北师范大学,智能科学与技术,080907T,37,B+,2026
山东科技大学,智能科学与技术,080907T,38,B+,2026
燕山大学,智能科学与技术,080907T,39,B+,2026
北京信息科技大学,智能科学与技术,080907T,40,B+,2026
长春理工大学,智能科学与技术,080907T,41,B+,2026
内蒙古大学,智能科学与技术,080907T,42,B+,2026
海南大学,智能科学与技术,080907T,43,B+,2026
上海理工大学,智能科学与技术,080907T,44,B+,2026
华北电力大学,智能科学与技术,080907T,45,B+,2026
武汉工程大学,智能科学与技术,080907T,46,B+,2026
对外经济贸易大学,智能科学与技术,080907T,47,B+,2026
湖北工业大学,智能科学与技术,080907T,48,B+,2026
浙江师范大学,智能科学与技术,080907T,49,B+,2026
西安科技大学,智能科学与技术,080907T,50,B+,2026
浙江理工大学,智能科学与技术,080907T,51,B+,2026
上海电力大学,智能科学与技术,080907T,52,B+,2026
安徽农业大学,智能科学与技术,080907T,53,B+,2026
重庆理工大学,智能科学与技术,080907T,53,B+,2026
中国传媒大学,智能科学与技术,080907T,55,B+,2026
成都理工大学,智能科学与技术,080907T,56,B+,2026
成都信息工程大学,智能科学与技术,080907T,57,B+,2026
长江大学,智能科学与技术,080907T,58,B+,2026
西安工业大学,智能科学与技术,080907T,58,B+,2026
安徽理工大学,智能科学与技术,080907T,60,B+,2026
佛山大学,智能科学与技术,080907T,61,B+,2026
集美大学,智能科学与技术,080907T,61,B+,2026
湖南工业大学,智能科学与技术,080907T,63,B+,2026
浙江农林大学,智能科学与技术,080907T,64,B+,2026
宁夏大学,智能科学与技术,080907T,65,B+,2026
沈阳理工大学,智能科学与技术,080907T,66,B+,2026
重庆师范大学,智能科学与技术,080907T,67,B+,2026
沈阳工业大学,智能科学与技术,080907T,67,B+,2026
河北师范大学,智能科学与技术,080907T,69,B+,2026
上海第二工业大学,智能科学与技术,080907T,69,B+,2026
西安工程大学,智能科学与技术,080907T,69,B+,2026
湖南农业大学,智能科学与技术,080907T,72,B,2026
陕西科技大学,智能科学与技术,080907T,73,B,2026
重庆科技大学,智能科学与技术,080907T,74,B,2026
北方民族大学,智能科学与技术,080907T,75,B,2026
西华大学,智能科学与技术,080907T,76,B,2026
重庆工商大学,智能科学与技术,080907T,77,B,2026
北京印刷学院,智能科学与技术,080907T,78,B,2026
江苏师范大学,智能科学与技术,080907T,78,B,2026
安徽工程大学,智能科学与技术,080907T,80,B,2026
江西理工大学,智能科学与技术,080907T,80,B,2026
天津科技大学,智能科学与技术,080907T,82,B,2026
湖南工商大学,智能科学与技术,080907T,83,B,2026
安徽财经大学,智能科学与技术,080907T,84,B,2026
华北理工大学,智能科学与技术,080907T,84,B,2026
北京石油化工学院,智能科学与技术,080907T,86,B,2026
湖北汽车工业学院,智能科学与技术,080907T,87,B,2026
山西农业大学,智能科学与技术,080907T,88,B,2026
金陵科技学院,智能科学与技术,080907T,89,B,2026
合肥大学,智能科学与技术,080907T,90,B,2026
淮北师范大学,智能科学与技术,080907T,90,B,2026
太原科技大学,智能科学与技术,080907T,90,B,2026
浙江科技大学,智能科学与技术,080907T,93,B,2026
广东技术师范大学,智能科学与技术,080907T,94,B,2026
渤海大学,智能科学与技术,080907T,95,B,2026
四川轻化工大学,智能科学与技术,080907T,95,B,2026
北华大学,智能科学与技术,080907T,97,B,2026
青岛农业大学,智能科学与技术,080907T,97,B,2026
郑州轻工业大学,智能科学与技术,080907T,97,B,2026
广东医科大学,智能科学与技术,080907T,100,B,2026
安庆师范大学,智能科学与技术,080907T,101,B,2026
重庆三峡科技大学,智能科学与技术,080907T,102,B,2026
阜阳师范大学,智能科学与技术,080907T,103,B,2026
兰州财经大学,智能科学与技术,080907T,103,B,2026
云南财经大学,智能科学与技术,080907T,105,B,2026
山西大同大学,智能科学与技术,080907T,106,B,2026
广东石油化工学院,智能科学与技术,080907T,107,B,2026
上海立信会计金融学院,智能科学与技术,080907T,107,B,2026
莆田学院,智能科学与技术,080907T,109,B,2026
西南财经大学天府学院,智能科学与技术,080907T,109,B,2026
黄河交通学院,智能科学与技术,080907T,111,B,2026
郑州工程技术学院,智能科学与技术,080907T,111,B,2026
黑龙江工程学院,智能科学与技术,080907T,113,B,2026
南阳师范学院,智能科学与技术,080907T,113,B,2026
天津商业大学,智能科学与技术,080907T,115,B,2026
滁州学院,智能科学与技术,080907T,116,B,2026
黔南民族师范学院,智能科学与技术,080907T,117,B,2026
武汉大学,空间信息与数字技术,080908T,1,A+,2026
西安电子科技大学,空间信息与数字技术,080908T,2,A+,2026
北京邮电大学,空间信息与数字技术,080908T,3,B+,2026
吉林大学,空间信息与数字技术,080908T,4,B+,2026
中国地质大学（武汉）,空间信息与数字技术,080908T,5,B+,2026
浙江工业大学,空间信息与数字技术,080908T,6,B+,2026
上海海洋大学,空间信息与数字技术,080908T,7,B,2026
福建农林大学,空间信息与数字技术,080908T,8,B,2026
河南工业大学,空间信息与数字技术,080908T,9,B,2026
成都信息工程大学,空间信息与数字技术,080908T,10,B,2026
厦门理工学院,空间信息与数字技术,080908T,11,B,2026
上海交通大学,电子与计算机工程,080909T,1,A+,2026
浙江大学,电子与计算机工程,080909T,2,A+,2026
沈阳工业大学,电子与计算机工程,080909T,3,B+,2026
汕头大学,电子与计算机工程,080909T,4,B+,2026
香港中文大学（深圳）,电子与计算机工程,080909T,5,B+,2026
深圳北理莫斯科大学,电子与计算机工程,080909T,6,B+,2026
西南石油大学,电子与计算机工程,080909T,7,B,2026
重庆第二师范学院,电子与计算机工程,080909T,8,B,2026
陕西学前师范学院,电子与计算机工程,080909T,9,B,2026
电子科技大学成都学院,电子与计算机工程,080909T,10,B,2026
哈尔滨工业大学,数据科学与大数据技术,080910T,1,A+,2026
中国科学技术大学,数据科学与大数据技术,080910T,2,A+,2026
复旦大学,数据科学与大数据技术,080910T,3,A+,2026
华东师范大学,数据科学与大数据技术,080910T,4,A+,2026
中国人民大学,数据科学与大数据技术,080910T,5,A+,2026
北京大学,数据科学与大数据技术,080910T,6,A+,2026
西北工业大学,数据科学与大数据技术,080910T,7,A+,2026
同济大学,数据科学与大数据技术,080910T,8,A+,2026
北京理工大学,数据科学与大数据技术,080910T,9,A+,2026
北京邮电大学,数据科学与大数据技术,080910T,9,A+,2026
电子科技大学,数据科学与大数据技术,080910T,11,A+,2026
华中科技大学,数据科学与大数据技术,080910T,12,A+,2026
中南大学,数据科学与大数据技术,080910T,12,A+,2026
西安电子科技大学,数据科学与大数据技术,080910T,14,A+,2026
山东大学,数据科学与大数据技术,080910T,15,A+,2026
吉林大学,数据科学与大数据技术,080910T,16,A,2026
重庆大学,数据科学与大数据技术,080910T,17,A,2026
天津大学,数据科学与大数据技术,080910T,18,A,2026
湖南大学,数据科学与大数据技术,080910T,19,A,2026
西南交通大学,数据科学与大数据技术,080910T,20,A,2026
华南理工大学,数据科学与大数据技术,080910T,21,A,2026
武汉大学,数据科学与大数据技术,080910T,21,A,2026
东北大学,数据科学与大数据技术,080910T,23,A,2026
南方科技大学,数据科学与大数据技术,080910T,24,A,2026
南京理工大学,数据科学与大数据技术,080910T,25,A,2026
浙江工业大学,数据科学与大数据技术,080910T,26,A,2026
北京师范大学,数据科学与大数据技术,080910T,27,A,2026
中国农业大学,数据科学与大数据技术,080910T,28,A,2026
中国矿业大学,数据科学与大数据技术,080910T,29,A,2026
苏州大学,数据科学与大数据技术,080910T,30,A,2026
南京邮电大学,数据科学与大数据技术,080910T,31,A,2026
上海大学,数据科学与大数据技术,080910T,31,A,2026
厦门大学,数据科学与大数据技术,080910T,31,A,2026
北京交通大学,数据科学与大数据技术,080910T,34,A,2026
重庆邮电大学,数据科学与大数据技术,080910T,35,A,2026
中国海洋大学,数据科学与大数据技术,080910T,35,A,2026
中国地质大学（武汉）,数据科学与大数据技术,080910T,37,A,2026
武汉理工大学,数据科学与大数据技术,080910T,38,A,2026
云南大学,数据科学与大数据技术,080910T,38,A,2026
安徽大学,数据科学与大数据技术,080910T,40,A,2026
兰州大学,数据科学与大数据技术,080910T,40,A,2026
南京信息工程大学,数据科学与大数据技术,080910T,42,A,2026
福州大学,数据科学与大数据技术,080910T,43,A,2026
新疆大学,数据科学与大数据技术,080910T,43,A,2026
河北工业大学,数据科学与大数据技术,080910T,45,A,2026
华中师范大学,数据科学与大数据技术,080910T,46,A,2026
南昌大学,数据科学与大数据技术,080910T,47,A,2026
广东工业大学,数据科学与大数据技术,080910T,48,A,2026
湖北工业大学,数据科学与大数据技术,080910T,49,A,2026
山西大学,数据科学与大数据技术,080910T,50,A,2026
昆明理工大学,数据科学与大数据技术,080910T,51,A,2026
温州大学,数据科学与大数据技术,080910T,52,A,2026
桂林电子科技大学,数据科学与大数据技术,080910T,53,A,2026
中央财经大学,数据科学与大数据技术,080910T,54,A,2026
广州大学,数据科学与大数据技术,080910T,55,A,2026
西安邮电大学,数据科学与大数据技术,080910T,56,A,2026
浙江工商大学,数据科学与大数据技术,080910T,57,A,2026
大连海事大学,数据科学与大数据技术,080910T,58,A,2026
华南农业大学,数据科学与大数据技术,080910T,59,A,2026
山东师范大学,数据科学与大数据技术,080910T,60,A,2026
贵州大学,数据科学与大数据技术,080910T,61,A,2026
东华大学,数据科学与大数据技术,080910T,62,A,2026
海南大学,数据科学与大数据技术,080910T,62,A,2026
太原理工大学,数据科学与大数据技术,080910T,62,A,2026
湖南师范大学,数据科学与大数据技术,080910T,65,A,2026
中国石油大学（华东）,数据科学与大数据技术,080910T,65,A,2026
杭州师范大学,数据科学与大数据技术,080910T,67,A,2026
北京林业大学,数据科学与大数据技术,080910T,68,A,2026
北京信息科技大学,数据科学与大数据技术,080910T,69,A,2026
天津理工大学,数据科学与大数据技术,080910T,70,A,2026
湘潭大学,数据科学与大数据技术,080910T,71,A,2026
西安理工大学,数据科学与大数据技术,080910T,71,A,2026
华南师范大学,数据科学与大数据技术,080910T,73,A,2026
山东科技大学,数据科学与大数据技术,080910T,73,A,2026
中国传媒大学,数据科学与大数据技术,080910T,73,A,2026
长春理工大学,数据科学与大数据技术,080910T,76,A,2026
上海理工大学,数据科学与大数据技术,080910T,77,B+,2026
中北大学,数据科学与大数据技术,080910T,77,B+,2026
内蒙古大学,数据科学与大数据技术,080910T,79,B+,2026
北方工业大学,数据科学与大数据技术,080910T,80,B+,2026
天津工业大学,数据科学与大数据技术,080910T,80,B+,2026
国际关系学院,数据科学与大数据技术,080910T,82,B+,2026
中央民族大学,数据科学与大数据技术,080910T,82,B+,2026
华中农业大学,数据科学与大数据技术,080910T,84,B+,2026
香港中文大学（深圳）,数据科学与大数据技术,080910T,85,B+,2026
华北电力大学,数据科学与大数据技术,080910T,86,B+,2026
西北农林科技大学,数据科学与大数据技术,080910T,87,B+,2026
东北师范大学,数据科学与大数据技术,080910T,88,B+,2026
上海财经大学,数据科学与大数据技术,080910T,89,B+,2026
首都经济贸易大学,数据科学与大数据技术,080910T,90,B+,2026
沈阳航空航天大学,数据科学与大数据技术,080910T,91,B+,2026
中国地质大学（北京）,数据科学与大数据技术,080910T,92,B+,2026
华东交通大学,数据科学与大数据技术,080910T,93,B+,2026
西南财经大学,数据科学与大数据技术,080910T,94,B+,2026
河南大学,数据科学与大数据技术,080910T,95,B+,2026
江西师范大学,数据科学与大数据技术,080910T,95,B+,2026
北京工商大学,数据科学与大数据技术,080910T,97,B+,2026
大连大学,数据科学与大数据技术,080910T,97,B+,2026
北京体育大学,数据科学与大数据技术,080910T,99,B+,2026
兰州交通大学,数据科学与大数据技术,080910T,100,B+,2026
南京农业大学,数据科学与大数据技术,080910T,101,B+,2026
汕头大学,数据科学与大数据技术,080910T,102,B+,2026
西北师范大学,数据科学与大数据技术,080910T,102,B+,2026
常州大学,数据科学与大数据技术,080910T,104,B+,2026
西安科技大学,数据科学与大数据技术,080910T,105,B+,2026
江西财经大学,数据科学与大数据技术,080910T,106,B+,2026
中南财经政法大学,数据科学与大数据技术,080910T,107,B+,2026
辽宁大学,数据科学与大数据技术,080910T,108,B+,2026
福建农林大学,数据科学与大数据技术,080910T,109,B+,2026
广西师范大学,数据科学与大数据技术,080910T,109,B+,2026
湖北大学,数据科学与大数据技术,080910T,109,B+,2026
河南工业大学,数据科学与大数据技术,080910T,112,B+,2026
四川农业大学,数据科学与大数据技术,080910T,112,B+,2026
东北林业大学,数据科学与大数据技术,080910T,114,B+,2026
东莞理工学院,数据科学与大数据技术,080910T,114,B+,2026
南京工业大学,数据科学与大数据技术,080910T,114,B+,2026
上海电力大学,数据科学与大数据技术,080910T,114,B+,2026
东北农业大学,数据科学与大数据技术,080910T,118,B+,2026
安徽农业大学,数据科学与大数据技术,080910T,119,B+,2026
北京语言大学,数据科学与大数据技术,080910T,119,B+,2026
中国石油大学（北京）,数据科学与大数据技术,080910T,119,B+,2026
上海外国语大学,数据科学与大数据技术,080910T,122,B+,2026
对外经济贸易大学,数据科学与大数据技术,080910T,123,B+,2026
山东财经大学,数据科学与大数据技术,080910T,123,B+,2026
南京审计大学,数据科学与大数据技术,080910T,125,B+,2026
中国计量大学,数据科学与大数据技术,080910T,125,B+,2026
昆山杜克大学,数据科学与大数据技术,080910T,127,B+,2026
上海海洋大学,数据科学与大数据技术,080910T,127,B+,2026
成都大学,数据科学与大数据技术,080910T,129,B+,2026
济南大学,数据科学与大数据技术,080910T,130,B+,2026
三峡大学,数据科学与大数据技术,080910T,130,B+,2026
西南石油大学,数据科学与大数据技术,080910T,130,B+,2026
成都信息工程大学,数据科学与大数据技术,080910T,133,B+,2026
吉林农业大学,数据科学与大数据技术,080910T,133,B+,2026
浙江财经大学,数据科学与大数据技术,080910T,133,B+,2026
华侨大学,数据科学与大数据技术,080910T,136,B+,2026
安徽工程大学,数据科学与大数据技术,080910T,137,B+,2026
北京石油化工学院,数据科学与大数据技术,080910T,137,B+,2026
辽宁工业大学,数据科学与大数据技术,080910T,139,B+,2026
长沙理工大学,数据科学与大数据技术,080910T,140,B+,2026
天津科技大学,数据科学与大数据技术,080910T,140,B+,2026
武汉工程大学,数据科学与大数据技术,080910T,140,B+,2026
重庆交通大学,数据科学与大数据技术,080910T,143,B+,2026
哈尔滨理工大学,数据科学与大数据技术,080910T,144,B+,2026
湖州师范大学,数据科学与大数据技术,080910T,144,B+,2026
河北大学,数据科学与大数据技术,080910T,146,B+,2026
南通大学,数据科学与大数据技术,080910T,146,B+,2026
西安工业大学,数据科学与大数据技术,080910T,146,B+,2026
浙江农林大学,数据科学与大数据技术,080910T,146,B+,2026
长江大学,数据科学与大数据技术,080910T,150,B+,2026
集美大学,数据科学与大数据技术,080910T,150,B+,2026
河北工程大学,数据科学与大数据技术,080910T,152,B+,2026
河北农业大学,数据科学与大数据技术,080910T,152,B+,2026
南华大学,数据科学与大数据技术,080910T,152,B+,2026
陕西科技大学,数据科学与大数据技术,080910T,152,B+,2026
上海纽约大学,数据科学与大数据技术,080910T,156,B+,2026
西安建筑科技大学,数据科学与大数据技术,080910T,156,B+,2026
河北经贸大学,数据科学与大数据技术,080910T,158,B+,2026
天津财经大学,数据科学与大数据技术,080910T,159,B+,2026
武汉纺织大学,数据科学与大数据技术,080910T,160,B+,2026
嘉兴大学,数据科学与大数据技术,080910T,161,B+,2026
石河子大学,数据科学与大数据技术,080910T,161,B+,2026
天津师范大学,数据科学与大数据技术,080910T,163,B+,2026
安徽理工大学,数据科学与大数据技术,080910T,164,B+,2026
北京物资学院,数据科学与大数据技术,080910T,164,B+,2026
江汉大学,数据科学与大数据技术,080910T,164,B+,2026
重庆师范大学,数据科学与大数据技术,080910T,167,B+,2026
南京工程学院,数据科学与大数据技术,080910T,167,B+,2026
上海第二工业大学,数据科学与大数据技术,080910T,167,B+,2026
河南财经政法大学,数据科学与大数据技术,080910T,170,B+,2026
安徽财经大学,数据科学与大数据技术,080910T,171,B+,2026
安徽工业大学,数据科学与大数据技术,080910T,172,B+,2026
安徽师范大学,数据科学与大数据技术,080910T,172,B+,2026
北京联合大学,数据科学与大数据技术,080910T,172,B+,2026
重庆理工大学,数据科学与大数据技术,080910T,172,B+,2026
上海工程技术大学,数据科学与大数据技术,080910T,172,B+,2026
厦门理工学院,数据科学与大数据技术,080910T,172,B+,2026
西南科技大学,数据科学与大数据技术,080910T,178,B+,2026
上海对外经贸大学,数据科学与大数据技术,080910T,179,B+,2026
重庆工商大学,数据科学与大数据技术,080910T,180,B+,2026
广东财经大学,数据科学与大数据技术,080910T,181,B+,2026
湖南农业大学,数据科学与大数据技术,080910T,181,B+,2026
山西财经大学,数据科学与大数据技术,080910T,181,B+,2026
中南民族大学,数据科学与大数据技术,080910T,181,B+,2026
南昌航空大学,数据科学与大数据技术,080910T,185,B+,2026
青岛科技大学,数据科学与大数据技术,080910T,185,B+,2026
西安工程大学,数据科学与大数据技术,080910T,185,B+,2026
江苏师范大学,数据科学与大数据技术,080910T,188,B+,2026
大连交通大学,数据科学与大数据技术,080910T,189,B+,2026
东北石油大学,数据科学与大数据技术,080910T,189,B+,2026
河南科技大学,数据科学与大数据技术,080910T,189,B+,2026
北方民族大学,数据科学与大数据技术,080910T,192,B+,2026
东华理工大学,数据科学与大数据技术,080910T,192,B+,2026
华北理工大学,数据科学与大数据技术,080910T,192,B+,2026
华北水利水电大学,数据科学与大数据技术,080910T,195,B+,2026
深圳技术大学,数据科学与大数据技术,080910T,196,B+,2026
东北财经大学,数据科学与大数据技术,080910T,197,B+,2026
佛山大学,数据科学与大数据技术,080910T,197,B+,2026
河南科技学院,数据科学与大数据技术,080910T,199,B+,2026
山东工商学院,数据科学与大数据技术,080910T,199,B+,2026
浙江科技大学,数据科学与大数据技术,080910T,199,B+,2026
重庆科技大学,数据科学与大数据技术,080910T,202,B+,2026
福建理工大学,数据科学与大数据技术,080910T,202,B+,2026
山东农业大学,数据科学与大数据技术,080910T,202,B+,2026
浙江海洋大学,数据科学与大数据技术,080910T,202,B+,2026
海南师范大学,数据科学与大数据技术,080910T,206,B+,2026
上海电机学院,数据科学与大数据技术,080910T,206,B+,2026
上海体育大学,数据科学与大数据技术,080910T,206,B+,2026
湖南工商大学,数据科学与大数据技术,080910T,209,B+,2026
兰州理工大学,数据科学与大数据技术,080910T,209,B+,2026
西安财经大学,数据科学与大数据技术,080910T,209,B+,2026
河南理工大学,数据科学与大数据技术,080910T,212,B+,2026
吉林财经大学,数据科学与大数据技术,080910T,212,B+,2026
长春工业大学,数据科学与大数据技术,080910T,214,B+,2026
山东建筑大学,数据科学与大数据技术,080910T,214,B+,2026
沈阳大学,数据科学与大数据技术,080910T,214,B+,2026
苏州工学院,数据科学与大数据技术,080910T,214,B+,2026
浙江万里学院,数据科学与大数据技术,080910T,214,B+,2026
广东技术师范大学,数据科学与大数据技术,080910T,219,B+,2026
云南师范大学,数据科学与大数据技术,080910T,219,B+,2026
延安大学,数据科学与大数据技术,080910T,221,B+,2026
内蒙古工业大学,数据科学与大数据技术,080910T,222,B+,2026
山东中医药大学,数据科学与大数据技术,080910T,222,B+,2026
西藏民族大学,数据科学与大数据技术,080910T,222,B+,2026
贵州财经大学,数据科学与大数据技术,080910T,225,B+,2026
绍兴大学,数据科学与大数据技术,080910T,226,B+,2026
沈阳工业大学,数据科学与大数据技术,080910T,226,B+,2026
云南农业大学,数据科学与大数据技术,080910T,226,B+,2026
郑州轻工业大学,数据科学与大数据技术,080910T,226,B+,2026
合肥大学,数据科学与大数据技术,080910T,230,B+,2026
曲阜师范大学,数据科学与大数据技术,080910T,230,B+,2026
沈阳师范大学,数据科学与大数据技术,080910T,230,B+,2026
辽宁工程技术大学,数据科学与大数据技术,080910T,233,B,2026
金陵科技学院,数据科学与大数据技术,080910T,234,B,2026
山东理工大学,数据科学与大数据技术,080910T,234,B,2026
渤海大学,数据科学与大数据技术,080910T,236,B,2026
重庆文理学院,数据科学与大数据技术,080910T,236,B,2026
江西农业大学,数据科学与大数据技术,080910T,238,B,2026
西交利物浦大学,数据科学与大数据技术,080910T,238,B,2026
淮北师范大学,数据科学与大数据技术,080910T,240,B,2026
南京晓庄学院,数据科学与大数据技术,080910T,240,B,2026
天津职业技术师范大学,数据科学与大数据技术,080910T,240,B,2026
吉首大学,数据科学与大数据技术,080910T,243,B,2026
江苏海洋大学,数据科学与大数据技术,080910T,244,B,2026
中国民用航空飞行学院,数据科学与大数据技术,080910T,244,B,2026
桂林理工大学,数据科学与大数据技术,080910T,246,B,2026
贵州师范大学,数据科学与大数据技术,080910T,246,B,2026
青岛农业大学,数据科学与大数据技术,080910T,246,B,2026
台州学院,数据科学与大数据技术,080910T,246,B,2026
安庆师范大学,数据科学与大数据技术,080910T,250,B,2026
赣南师范大学,数据科学与大数据技术,080910T,250,B,2026
广东医科大学,数据科学与大数据技术,080910T,250,B,2026
闽江大学,数据科学与大数据技术,080910T,250,B,2026
闽南师范大学,数据科学与大数据技术,080910T,250,B,2026
内蒙古财经大学,数据科学与大数据技术,080910T,250,B,2026
江苏理工学院,数据科学与大数据技术,080910T,256,B,2026
辽宁科技大学,数据科学与大数据技术,080910T,256,B,2026
上海海关学院,数据科学与大数据技术,080910T,256,B,2026
沈阳工程学院,数据科学与大数据技术,080910T,256,B,2026
贵州中医药大学,数据科学与大数据技术,080910T,260,B,2026
沈阳化工大学,数据科学与大数据技术,080910T,260,B,2026
大连海洋大学,数据科学与大数据技术,080910T,262,B,2026
甘肃政法大学,数据科学与大数据技术,080910T,262,B,2026
山西农业大学,数据科学与大数据技术,080910T,262,B,2026
沈阳建筑大学,数据科学与大数据技术,080910T,262,B,2026
安徽科技工程大学,数据科学与大数据技术,080910T,266,B,2026
武汉轻工大学,数据科学与大数据技术,080910T,266,B,2026
云南财经大学,数据科学与大数据技术,080910T,266,B,2026
长江师范学院,数据科学与大数据技术,080910T,269,B,2026
湖北科技学院,数据科学与大数据技术,080910T,269,B,2026
临沂大学,数据科学与大数据技术,080910T,269,B,2026
河南农业大学,数据科学与大数据技术,080910T,272,B,2026
仲恺农业工程学院,数据科学与大数据技术,080910T,272,B,2026
西南林业大学,数据科学与大数据技术,080910T,274,B,2026
北师香港浸会大学,数据科学与大数据技术,080910T,275,B,2026
重庆三峡科技大学,数据科学与大数据技术,080910T,275,B,2026
广西科技大学,数据科学与大数据技术,080910T,275,B,2026
湖南第一师范学院,数据科学与大数据技术,080910T,275,B,2026
江西水利电力大学,数据科学与大数据技术,080910T,275,B,2026
吉林师范大学,数据科学与大数据技术,080910T,275,B,2026
长春大学,数据科学与大数据技术,080910T,281,B,2026
常州工学院,数据科学与大数据技术,080910T,281,B,2026
阜阳师范大学,数据科学与大数据技术,080910T,281,B,2026
广东海洋大学,数据科学与大数据技术,080910T,281,B,2026
黑龙江科技大学,数据科学与大数据技术,080910T,281,B,2026
淮安大学,数据科学与大数据技术,080910T,281,B,2026
北华大学,数据科学与大数据技术,080910T,287,B,2026
北华航天工业学院,数据科学与大数据技术,080910T,288,B,2026
南宁师范大学,数据科学与大数据技术,080910T,288,B,2026
内蒙古科技大学,数据科学与大数据技术,080910T,288,B,2026
云南民族大学,数据科学与大数据技术,080910T,288,B,2026
上海立信会计金融学院,数据科学与大数据技术,080910T,292,B,2026
井冈山大学,数据科学与大数据技术,080910T,293,B,2026
中原工学院,数据科学与大数据技术,080910T,293,B,2026
天津农学院,数据科学与大数据技术,080910T,295,B,2026
浙大宁波理工学院,数据科学与大数据技术,080910T,295,B,2026
哈尔滨师范大学,数据科学与大数据技术,080910T,297,B,2026
合肥师范学院,数据科学与大数据技术,080910T,298,B,2026
湖北汽车工业学院,数据科学与大数据技术,080910T,298,B,2026
太原科技大学,数据科学与大数据技术,080910T,298,B,2026
北京农学院,数据科学与大数据技术,080910T,301,B,2026
淮阴师范学院,数据科学与大数据技术,080910T,302,B,2026
呼和浩特民族学院,数据科学与大数据技术,080910T,302,B,2026
兰州财经大学,数据科学与大数据技术,080910T,302,B,2026
内蒙古农业大学,数据科学与大数据技术,080910T,302,B,2026
五邑大学,数据科学与大数据技术,080910T,302,B,2026
西北民族大学,数据科学与大数据技术,080910T,302,B,2026
贵州民族大学,数据科学与大数据技术,080910T,308,B,2026
齐齐哈尔大学,数据科学与大数据技术,080910T,308,B,2026
无锡学院,数据科学与大数据技术,080910T,308,B,2026
贵阳学院,数据科学与大数据技术,080910T,311,B,2026
安徽中医药大学,数据科学与大数据技术,080910T,312,B,2026
江西科技师范大学,数据科学与大数据技术,080910T,312,B,2026
盐城工学院,数据科学与大数据技术,080910T,312,B,2026
宜宾学院,数据科学与大数据技术,080910T,312,B,2026
惠州学院,数据科学与大数据技术,080910T,316,B,2026
内蒙古师范大学,数据科学与大数据技术,080910T,316,B,2026
山东航空学院,数据科学与大数据技术,080910T,316,B,2026
湖北经济学院,数据科学与大数据技术,080910T,319,B,2026
广东石油化工学院,数据科学与大数据技术,080910T,320,B,2026
皖西学院,数据科学与大数据技术,080910T,320,B,2026
信阳师范大学,数据科学与大数据技术,080910T,320,B,2026
榆林大学,数据科学与大数据技术,080910T,320,B,2026
甘肃农业大学,数据科学与大数据技术,080910T,324,B,2026
哈尔滨商业大学,数据科学与大数据技术,080910T,325,B,2026
黑龙江八一农垦大学,数据科学与大数据技术,080910T,325,B,2026
昆明学院,数据科学与大数据技术,080910T,325,B,2026
成都工业学院,数据科学与大数据技术,080910T,328,B,2026
贵州理工学院,数据科学与大数据技术,080910T,328,B,2026
吉林化工大学,数据科学与大数据技术,080910T,328,B,2026
聊城大学,数据科学与大数据技术,080910T,328,B,2026
宁夏师范大学,数据科学与大数据技术,080910T,328,B,2026
泰山学院,数据科学与大数据技术,080910T,328,B,2026
黑龙江工程学院,数据科学与大数据技术,080910T,334,B,2026
宁波工程学院,数据科学与大数据技术,080910T,334,B,2026
攀枝花学院,数据科学与大数据技术,080910T,336,B,2026
新疆师范大学,数据科学与大数据技术,080910T,336,B,2026
温州理工学院,数据科学与大数据技术,080910T,338,B,2026
贵州医科大学,数据科学与大数据技术,080910T,339,B,2026
莆田学院,数据科学与大数据技术,080910T,339,B,2026
天津商业大学,数据科学与大数据技术,080910T,339,B,2026
运城学院,数据科学与大数据技术,080910T,339,B,2026
肇庆学院,数据科学与大数据技术,080910T,339,B,2026
太原师范学院,数据科学与大数据技术,080910T,344,B,2026
滁州学院,数据科学与大数据技术,080910T,345,B,2026
潍坊学院,数据科学与大数据技术,080910T,345,B,2026
新疆财经大学,数据科学与大数据技术,080910T,347,B,2026
安阳师范学院,数据科学与大数据技术,080910T,348,B,2026
湖北理工学院,数据科学与大数据技术,080910T,349,B,2026
福建江夏学院,数据科学与大数据技术,080910T,350,B,2026
贵州师范学院,数据科学与大数据技术,080910T,351,B,2026
河北建筑工程学院,数据科学与大数据技术,080910T,351,B,2026
湖南科技学院,数据科学与大数据技术,080910T,353,B,2026
内蒙古医科大学,数据科学与大数据技术,080910T,353,B,2026
广东金融学院,数据科学与大数据技术,080910T,355,B,2026
上饶师范学院,数据科学与大数据技术,080910T,356,B,2026
内蒙古民族大学,数据科学与大数据技术,080910T,357,B,2026
赤峰大学,数据科学与大数据技术,080910T,358,B,2026
湖北工程学院,数据科学与大数据技术,080910T,358,B,2026
湖南工程学院,数据科学与大数据技术,080910T,358,B,2026
上海健康医学院,数据科学与大数据技术,080910T,358,B,2026
塔里木大学,数据科学与大数据技术,080910T,358,B,2026
西京学院,数据科学与大数据技术,080910T,358,B,2026
辽宁中医药大学,数据科学与大数据技术,080910T,364,B,2026
内蒙古科技大学包头师范学院,数据科学与大数据技术,080910T,364,B,2026
南阳师范学院,数据科学与大数据技术,080910T,366,B,2026
河北金融学院,数据科学与大数据技术,080910T,367,B,2026
重庆第二师范学院,数据科学与大数据技术,080910T,368,B,2026
广东第二师范学院,数据科学与大数据技术,080910T,368,B,2026
武汉商学院,数据科学与大数据技术,080910T,368,B,2026
泉州师范学院,数据科学与大数据技术,080910T,371,B,2026
衢州学院,数据科学与大数据技术,080910T,371,B,2026
山东交通学院,数据科学与大数据技术,080910T,373,B,2026
德州学院,数据科学与大数据技术,080910T,374,B,2026
桂林航天工业学院,数据科学与大数据技术,080910T,375,B,2026
河南财政金融学院,数据科学与大数据技术,080910T,375,B,2026
吉林工程技术师范学院,数据科学与大数据技术,080910T,375,B,2026
武汉体育学院,数据科学与大数据技术,080910T,375,B,2026
天水师范大学,数据科学与大数据技术,080910T,379,B,2026
湖北第二师范学院,数据科学与大数据技术,080910T,380,B,2026
湖南工学院,数据科学与大数据技术,080910T,380,B,2026
丽水学院,数据科学与大数据技术,080910T,380,B,2026
铜仁学院,数据科学与大数据技术,080910T,380,B,2026
浙江树人学院,数据科学与大数据技术,080910T,380,B,2026
齐鲁工业大学,新媒体技术,080912T,1,A+,2026
上海理工大学,新媒体技术,080912T,2,A+,2026
陕西科技大学,新媒体技术,080912T,3,B+,2026
广西科技大学,新媒体技术,080912T,4,B+,2026
内蒙古鸿德文理学院,新媒体技术,080912T,5,B,2026
遵义医科大学医学与科技学院,新媒体技术,080912T,6,B,2026
山西传媒学院,新媒体技术,080912T,7,B,2026
重庆移通学院,新媒体技术,080912T,8,B,2026
浙江传媒学院,电影制作,080913T,1,A+,2026
晋中信息学院,电影制作,080913T,2,A+,2026
山西工商学院,电影制作,080913T,3,B,2026
重庆工程学院,电影制作,080913T,4,B,2026
重庆移通学院,电影制作,080913T,4,B,2026
贵阳信息科技学院,服务科学与工程,080915T,,,2026
哈尔滨工业大学,服务科学与工程,080915T,,,2026
北京航空航天大学,虚拟现实技术,080916T,1,A+,2026
南京信息工程大学,虚拟现实技术,080916T,2,A+,2026
华东交通大学,虚拟现实技术,080916T,3,A,2026
江西财经大学,虚拟现实技术,080916T,4,A,2026
沈阳理工大学,虚拟现实技术,080916T,5,B+,2026
浙江传媒学院,虚拟现实技术,080916T,6,B+,2026
江西理工大学,虚拟现实技术,080916T,7,B+,2026
安庆师范大学,虚拟现实技术,080916T,8,B+,2026
江西科技师范大学,虚拟现实技术,080916T,9,B+,2026
山东管理学院,虚拟现实技术,080916T,10,B+,2026
山西传媒学院,虚拟现实技术,080916T,11,B+,2026
南阳理工学院,虚拟现实技术,080916T,12,B+,2026
郑州工程技术学院,虚拟现实技术,080916T,13,B+,2026
济宁学院,虚拟现实技术,080916T,14,B+,2026
河南工学院,虚拟现实技术,080916T,15,B,2026
成都东软学院,虚拟现实技术,080916T,16,B,2026
青岛农业大学海都学院,虚拟现实技术,080916T,17,B,2026
长沙工业学院,虚拟现实技术,080916T,18,B,2026
大连东软信息学院,虚拟现实技术,080916T,19,B,2026
郑州经贸学院,虚拟现实技术,080916T,20,B,2026
重庆工程学院,虚拟现实技术,080916T,21,B,2026
南京传媒学院,虚拟现实技术,080916T,22,B,2026
青岛黄海学院,虚拟现实技术,080916T,23,B,2026
重庆移通学院,虚拟现实技术,080916T,24,B,2026
齐鲁工业大学,区块链工程,080917T,1,A+,2026
成都信息工程大学,区块链工程,080917T,2,A+,2026
苏州科技大学,区块链工程,080917T,3,A,2026
安徽理工大学,区块链工程,080917T,4,B+,2026
大连民族大学,区块链工程,080917T,5,B+,2026
安徽工程大学,区块链工程,080917T,6,B+,2026
浙江万里学院,区块链工程,080917T,7,B+,2026
山西能源学院,区块链工程,080917T,8,B+,2026
河北金融学院,区块链工程,080917T,9,B+,2026
江西工程学院,区块链工程,080917T,10,B+,2026
重庆财经学院,区块链工程,080917T,11,B,2026
晋中信息学院,区块链工程,080917T,12,B,2026
三亚学院,区块链工程,080917T,13,B,2026
山西晋中理工学院,区块链工程,080917T,14,B,2026
重庆工程学院,区块链工程,080917T,15,B,2026
重庆城市科技学院,区块链工程,080917T,16,B,2026
新乡工程学院,区块链工程,080917T,17,B,2026
东莞理工学院,工业软件,080919T,,,2026
广东工业大学,工业软件,080919T,,,2026
同济大学,土木工程,081001,1,A+,2026
重庆大学,土木工程,081001,2,A+,2026
东南大学,土木工程,081001,3,A+,2026
清华大学,土木工程,081001,4,A+,2026
浙江大学,土木工程,081001,5,A+,2026
哈尔滨工业大学,土木工程,081001,6,A+,2026
湖南大学,土木工程,081001,7,A+,2026
大连理工大学,土木工程,081001,8,A+,2026
西南交通大学,土木工程,081001,9,A+,2026
河海大学,土木工程,081001,10,A+,2026
上海交通大学,土木工程,081001,11,A,2026
中南大学,土木工程,081001,12,A,2026
武汉大学,土木工程,081001,13,A,2026
北京工业大学,土木工程,081001,14,A,2026
华中科技大学,土木工程,081001,15,A,2026
北京交通大学,土木工程,081001,16,A,2026
天津大学,土木工程,081001,17,A,2026
广西大学,土木工程,081001,18,A,2026
重庆交通大学,土木工程,081001,19,A,2026
深圳大学,土木工程,081001,19,A,2026
华南理工大学,土木工程,081001,21,A,2026
西安建筑科技大学,土木工程,081001,21,A,2026
四川大学,土木工程,081001,23,A,2026
长安大学,土木工程,081001,24,A,2026
广州大学,土木工程,081001,25,A,2026
青岛理工大学,土木工程,081001,25,A,2026
中国矿业大学,土木工程,081001,27,A,2026
北京建筑大学,土木工程,081001,28,A,2026
武汉理工大学,土木工程,081001,28,A,2026
郑州大学,土木工程,081001,30,A,2026
福州大学,土木工程,081001,31,A,2026
石家庄铁道大学,土木工程,081001,32,A,2026
北京科技大学,土木工程,081001,33,A,2026
河北工业大学,土木工程,081001,33,A,2026
长沙理工大学,土木工程,081001,35,A,2026
合肥工业大学,土木工程,081001,36,A,2026
中国矿业大学（北京）,土木工程,081001,37,A,2026
吉林大学,土木工程,081001,38,A,2026
兰州交通大学,土木工程,081001,39,A,2026
太原理工大学,土木工程,081001,39,A,2026
东北大学,土木工程,081001,41,A,2026
中国地质大学（武汉）,土木工程,081001,42,A,2026
华东交通大学,土木工程,081001,43,A,2026
南京工业大学,土木工程,081001,44,A,2026
三峡大学,土木工程,081001,45,A,2026
哈尔滨工程大学,土木工程,081001,46,A,2026
兰州理工大学,土木工程,081001,47,A,2026
宁波大学,土木工程,081001,48,A,2026
广东工业大学,土木工程,081001,49,A,2026
浙江工业大学,土木工程,081001,49,A,2026
海南大学,土木工程,081001,51,A,2026
西安科技大学,土木工程,081001,52,A,2026
南昌大学,土木工程,081001,53,A,2026
西安理工大学,土木工程,081001,53,A,2026
南京林业大学,土木工程,081001,55,B+,2026
温州大学,土木工程,081001,56,B+,2026
暨南大学,土木工程,081001,57,B+,2026
扬州大学,土木工程,081001,58,B+,2026
上海大学,土木工程,081001,59,B+,2026
福建理工大学,土木工程,081001,60,B+,2026
厦门大学,土木工程,081001,60,B+,2026
中国地质大学（北京）,土木工程,081001,60,B+,2026
苏州科技大学,土木工程,081001,63,B+,2026
山东建筑大学,土木工程,081001,64,B+,2026
沈阳建筑大学,土木工程,081001,65,B+,2026
安徽建筑大学,土木工程,081001,66,B+,2026
中国农业大学,土木工程,081001,67,B+,2026
山东科技大学,土木工程,081001,68,B+,2026
湖南科技大学,土木工程,081001,69,B+,2026
湖北工业大学,土木工程,081001,70,B+,2026
安徽理工大学,土木工程,081001,71,B+,2026
东北林业大学,土木工程,081001,72,B+,2026
西北农林科技大学,土木工程,081001,72,B+,2026
南京航空航天大学,土木工程,081001,74,B+,2026
贵州大学,土木工程,081001,75,B+,2026
华侨大学,土木工程,081001,76,B+,2026
南京理工大学,土木工程,081001,77,B+,2026
中国海洋大学,土木工程,081001,78,B+,2026
沈阳工业大学,土木工程,081001,79,B+,2026
河南理工大学,土木工程,081001,80,B+,2026
兰州大学,土木工程,081001,81,B+,2026
成都理工大学,土木工程,081001,82,B+,2026
汕头大学,土木工程,081001,82,B+,2026
大连海事大学,土木工程,081001,84,B+,2026
天津城建大学,土木工程,081001,84,B+,2026
昆明理工大学,土木工程,081001,86,B+,2026
宁夏大学,土木工程,081001,86,B+,2026
西南科技大学,土木工程,081001,88,B+,2026
武汉工程大学,土木工程,081001,89,B+,2026
江苏大学,土木工程,081001,90,B+,2026
武汉科技大学,土木工程,081001,90,B+,2026
河南大学,土木工程,081001,92,B+,2026
北京林业大学,土木工程,081001,93,B+,2026
燕山大学,土木工程,081001,93,B+,2026
新疆大学,土木工程,081001,95,B+,2026
上海理工大学,土木工程,081001,96,B+,2026
湘潭大学,土木工程,081001,96,B+,2026
西安工业大学,土木工程,081001,98,B+,2026
西南石油大学,土木工程,081001,99,B+,2026
浙江理工大学,土木工程,081001,100,B+,2026
东华大学,土木工程,081001,101,B+,2026
东北电力大学,土木工程,081001,102,B+,2026
青海大学,土木工程,081001,102,B+,2026
辽宁工程技术大学,土木工程,081001,104,B+,2026
成都大学,土木工程,081001,105,B+,2026
南华大学,土木工程,081001,106,B+,2026
四川农业大学,土木工程,081001,107,B+,2026
江苏科技大学,土木工程,081001,108,B+,2026
内蒙古大学,土木工程,081001,109,B+,2026
济南大学,土木工程,081001,110,B+,2026
桂林理工大学,土木工程,081001,111,B+,2026
安徽工业大学,土木工程,081001,112,B+,2026
宁波诺丁汉大学,土木工程,081001,112,B+,2026
河南工业大学,土木工程,081001,114,B+,2026
华北水利水电大学,土木工程,081001,115,B+,2026
山西大学,土木工程,081001,115,B+,2026
石河子大学,土木工程,081001,115,B+,2026
常州大学,土木工程,081001,118,B+,2026
厦门理工学院,土木工程,081001,119,B+,2026
延边大学,土木工程,081001,119,B+,2026
南昌航空大学,土木工程,081001,121,B+,2026
云南大学,土木工程,081001,122,B+,2026
江西理工大学,土木工程,081001,123,B+,2026
山东理工大学,土木工程,081001,123,B+,2026
大连交通大学,土木工程,081001,125,B+,2026
河北大学,土木工程,081001,125,B+,2026
绍兴大学,土木工程,081001,125,B+,2026
华南农业大学,土木工程,081001,128,B+,2026
福建农林大学,土木工程,081001,129,B+,2026
吉林建筑大学,土木工程,081001,129,B+,2026
上海应用技术大学,土木工程,081001,129,B+,2026
烟台大学,土木工程,081001,129,B+,2026
中北大学,土木工程,081001,133,B+,2026
浙大城市学院,土木工程,081001,134,B+,2026
北方工业大学,土木工程,081001,135,B+,2026
华北理工大学,土木工程,081001,135,B+,2026
东北石油大学,土木工程,081001,137,B+,2026
浙江科技大学,土木工程,081001,138,B+,2026
西华大学,土木工程,081001,139,B+,2026
哈尔滨理工大学,土木工程,081001,140,B+,2026
中南林业科技大学,土木工程,081001,141,B+,2026
东北农业大学,土木工程,081001,142,B+,2026
沈阳大学,土木工程,081001,143,B+,2026
沈阳农业大学,土木工程,081001,143,B+,2026
东莞理工学院,土木工程,081001,145,B+,2026
宁波工程学院,土木工程,081001,145,B+,2026
河北工程大学,土木工程,081001,147,B+,2026
上海师范大学,土木工程,081001,147,B+,2026
佛山大学,土木工程,081001,149,B+,2026
内蒙古工业大学,土木工程,081001,149,B+,2026
辽宁科技大学,土木工程,081001,151,B+,2026
长江大学,土木工程,081001,152,B+,2026
嘉兴大学,土木工程,081001,152,B+,2026
广西科技大学,土木工程,081001,154,B+,2026
武汉轻工大学,土木工程,081001,155,B+,2026
五邑大学,土木工程,081001,155,B+,2026
盐城工学院,土木工程,081001,155,B+,2026
重庆科技大学,土木工程,081001,158,B+,2026
桂林电子科技大学,土木工程,081001,158,B+,2026
河北农业大学,土木工程,081001,160,B+,2026
黑龙江大学,土木工程,081001,160,B+,2026
辽宁工业大学,土木工程,081001,162,B+,2026
南京工程学院,土木工程,081001,162,B+,2026
山东农业大学,土木工程,081001,164,B,2026
安徽工程大学,土木工程,081001,165,B,2026
金陵科技学院,土木工程,081001,165,B,2026
江苏海洋大学,土木工程,081001,167,B,2026
内蒙古科技大学,土木工程,081001,167,B,2026
河北建筑工程学院,土木工程,081001,169,B,2026
山东交通学院,土木工程,081001,169,B,2026
河北科技大学,土木工程,081001,171,B,2026
湖南工业大学,土木工程,081001,172,B,2026
南通大学,土木工程,081001,172,B,2026
浙江海洋大学,土木工程,081001,172,B,2026
东华理工大学,土木工程,081001,175,B,2026
中国民航大学,土木工程,081001,175,B,2026
合肥大学,土木工程,081001,177,B,2026
内蒙古农业大学,土木工程,081001,178,B,2026
西交利物浦大学,土木工程,081001,178,B,2026
西安石油大学,土木工程,081001,180,B,2026
长春工程学院,土木工程,081001,181,B,2026
四川轻化工大学,土木工程,081001,181,B,2026
浙江农林大学,土木工程,081001,181,B,2026
徐州工程学院,土木工程,081001,184,B,2026
贵州民族大学,土木工程,081001,185,B,2026
临沂大学,土木工程,081001,185,B,2026
大连大学,土木工程,081001,187,B,2026
淮安大学,土木工程,081001,187,B,2026
河南科技大学,土木工程,081001,189,B,2026
大连海洋大学,土木工程,081001,190,B,2026
鲁东大学,土木工程,081001,190,B,2026
湖南城市学院,土木工程,081001,192,B,2026
辽宁石油化工大学,土木工程,081001,192,B,2026
西北民族大学,土木工程,081001,194,B,2026
黑龙江科技大学,土木工程,081001,195,B,2026
江西水利电力大学,土木工程,081001,196,B,2026
河南城建学院,土木工程,081001,197,B,2026
台州学院,土木工程,081001,197,B,2026
湖南农业大学,土木工程,081001,199,B,2026
攀枝花学院,土木工程,081001,199,B,2026
河北地质大学,土木工程,081001,201,B,2026
青岛农业大学,土木工程,081001,201,B,2026
聊城大学,土木工程,081001,203,B,2026
重庆三峡科技大学,土木工程,081001,204,B,2026
贵州师范大学,土木工程,081001,204,B,2026
郑州航空工业管理学院,土木工程,081001,206,B,2026
西南林业大学,土木工程,081001,207,B,2026
西藏大学,土木工程,081001,207,B,2026
浙大宁波理工学院,土木工程,081001,209,B,2026
浙江水利水电学院,土木工程,081001,210,B,2026
常州工学院,土木工程,081001,211,B,2026
湖南理工大学,土木工程,081001,212,B,2026
黑龙江八一农垦大学,土木工程,081001,213,B,2026
湖北文理学院,土木工程,081001,213,B,2026
大连民族大学,土木工程,081001,215,B,2026
江西科技师范大学,土木工程,081001,215,B,2026
陕西理工大学,土木工程,081001,217,B,2026
昆明学院,土木工程,081001,218,B,2026
云南农业大学,土木工程,081001,218,B,2026
延安大学,土木工程,081001,220,B,2026
温州理工学院,土木工程,081001,221,B,2026
长沙学院,土木工程,081001,222,B,2026
中原工学院,土木工程,081001,222,B,2026
陇东学院,土木工程,081001,224,B,2026
莆田学院,土木工程,081001,224,B,2026
西藏民族大学,土木工程,081001,226,B,2026
北华航天工业学院,土木工程,081001,227,B,2026
吉首大学,土木工程,081001,228,B,2026
青海民族大学,土木工程,081001,228,B,2026
衢州学院,土木工程,081001,228,B,2026
山东航空学院,土木工程,081001,231,B,2026
榆林大学,土木工程,081001,232,B,2026
北方民族大学,土木工程,081001,233,B,2026
湖北工程学院,土木工程,081001,233,B,2026
惠州学院,土木工程,081001,233,B,2026
新疆农业大学,土木工程,081001,233,B,2026
湖北理工学院,土木工程,081001,237,B,2026
遵义师范学院,土木工程,081001,238,B,2026
湖南工学院,土木工程,081001,239,B,2026
嘉兴南湖学院,土木工程,081001,240,B,2026
喀什大学,土木工程,081001,240,B,2026
福建江夏学院,土木工程,081001,242,B,2026
洛阳理工学院,土木工程,081001,242,B,2026
天水师范大学,土木工程,081001,242,B,2026
甘肃农业大学,土木工程,081001,245,B,2026
宿迁学院,土木工程,081001,245,B,2026
安徽农业大学,土木工程,081001,247,B,2026
重庆文理学院,土木工程,081001,248,B,2026
西京学院,土木工程,081001,248,B,2026
山西工程技术学院,土木工程,081001,250,B,2026
贵州工程应用技术学院,土木工程,081001,251,B,2026
齐齐哈尔大学,土木工程,081001,251,B,2026
西藏农牧大学,土木工程,081001,251,B,2026
郑州工业应用技术学院,土木工程,081001,251,B,2026
滁州学院,土木工程,081001,255,B,2026
湖南文理学院,土木工程,081001,256,B,2026
北华大学,土木工程,081001,257,B,2026
湖南科技学院,土木工程,081001,258,B,2026
武夷学院,土木工程,081001,258,B,2026
哈尔滨学院,土木工程,081001,260,B,2026
河北水利电力学院,土木工程,081001,261,B,2026
佳木斯大学,土木工程,081001,261,B,2026
皖西学院,土木工程,081001,261,B,2026
山西农业大学,土木工程,081001,264,B,2026
枣庄学院,土木工程,081001,264,B,2026
安徽科技工程大学,土木工程,081001,266,B,2026
凯里学院,土木工程,081001,266,B,2026
广西民族大学,土木工程,081001,268,B,2026
廊坊师范学院,土木工程,081001,268,B,2026
许昌学院,土木工程,081001,268,B,2026
安阳工学院,土木工程,081001,271,B,2026
湖北第二师范学院,土木工程,081001,272,B,2026
新乡学院,土木工程,081001,272,B,2026
清华大学,建筑环境与能源应用工程,081002,1,A+,2026
重庆大学,建筑环境与能源应用工程,081002,2,A+,2026
同济大学,建筑环境与能源应用工程,081002,3,A+,2026
哈尔滨工业大学,建筑环境与能源应用工程,081002,4,A,2026
大连理工大学,建筑环境与能源应用工程,081002,5,A,2026
湖南大学,建筑环境与能源应用工程,081002,6,A,2026
西南交通大学,建筑环境与能源应用工程,081002,7,A,2026
北京工业大学,建筑环境与能源应用工程,081002,8,A,2026
天津大学,建筑环境与能源应用工程,081002,8,A,2026
华中科技大学,建筑环境与能源应用工程,081002,10,A,2026
中南大学,建筑环境与能源应用工程,081002,11,A,2026
长安大学,建筑环境与能源应用工程,081002,12,A,2026
武汉理工大学,建筑环境与能源应用工程,081002,13,A,2026
广州大学,建筑环境与能源应用工程,081002,14,A,2026
北京科技大学,建筑环境与能源应用工程,081002,15,A,2026
合肥工业大学,建筑环境与能源应用工程,081002,16,A,2026
西安建筑科技大学,建筑环境与能源应用工程,081002,17,A,2026
中国矿业大学,建筑环境与能源应用工程,081002,18,A,2026
河北工业大学,建筑环境与能源应用工程,081002,19,B+,2026
太原理工大学,建筑环境与能源应用工程,081002,20,B+,2026
青岛理工大学,建筑环境与能源应用工程,081002,21,B+,2026
北京建筑大学,建筑环境与能源应用工程,081002,22,B+,2026
南京工业大学,建筑环境与能源应用工程,081002,23,B+,2026
长沙理工大学,建筑环境与能源应用工程,081002,24,B+,2026
东华大学,建筑环境与能源应用工程,081002,25,B+,2026
南京理工大学,建筑环境与能源应用工程,081002,26,B+,2026
兰州交通大学,建筑环境与能源应用工程,081002,27,B+,2026
石家庄铁道大学,建筑环境与能源应用工程,081002,27,B+,2026
广东工业大学,建筑环境与能源应用工程,081002,29,B+,2026
华东交通大学,建筑环境与能源应用工程,081002,30,B+,2026
扬州大学,建筑环境与能源应用工程,081002,31,B+,2026
中国石油大学（华东）,建筑环境与能源应用工程,081002,32,B+,2026
上海理工大学,建筑环境与能源应用工程,081002,33,B+,2026
西安科技大学,建筑环境与能源应用工程,081002,34,B+,2026
苏州科技大学,建筑环境与能源应用工程,081002,35,B+,2026
湖南科技大学,建筑环境与能源应用工程,081002,36,B+,2026
山东建筑大学,建筑环境与能源应用工程,081002,37,B+,2026
燕山大学,建筑环境与能源应用工程,081002,38,B+,2026
南昌大学,建筑环境与能源应用工程,081002,39,B+,2026
华北电力大学,建筑环境与能源应用工程,081002,40,B+,2026
山东科技大学,建筑环境与能源应用工程,081002,41,B+,2026
贵州大学,建筑环境与能源应用工程,081002,42,B+,2026
东北电力大学,建筑环境与能源应用工程,081002,43,B+,2026
东北林业大学,建筑环境与能源应用工程,081002,43,B+,2026
武汉科技大学,建筑环境与能源应用工程,081002,45,B+,2026
天津城建大学,建筑环境与能源应用工程,081002,46,B+,2026
江苏大学,建筑环境与能源应用工程,081002,47,B+,2026
沈阳建筑大学,建筑环境与能源应用工程,081002,48,B+,2026
浙江理工大学,建筑环境与能源应用工程,081002,49,B+,2026
南华大学,建筑环境与能源应用工程,081002,50,B+,2026
西南科技大学,建筑环境与能源应用工程,081002,51,B+,2026
江苏科技大学,建筑环境与能源应用工程,081002,52,B+,2026
桂林电子科技大学,建筑环境与能源应用工程,081002,53,B+,2026
沈阳工业大学,建筑环境与能源应用工程,081002,54,B+,2026
安徽建筑大学,建筑环境与能源应用工程,081002,55,B+,2026
福建理工大学,建筑环境与能源应用工程,081002,55,B+,2026
新疆大学,建筑环境与能源应用工程,081002,57,B,2026
昆明理工大学,建筑环境与能源应用工程,081002,58,B,2026
宁波诺丁汉大学,建筑环境与能源应用工程,081002,59,B,2026
集美大学,建筑环境与能源应用工程,081002,60,B,2026
兰州理工大学,建筑环境与能源应用工程,081002,60,B,2026
辽宁科技大学,建筑环境与能源应用工程,081002,60,B,2026
安徽工业大学,建筑环境与能源应用工程,081002,63,B,2026
南京工程学院,建筑环境与能源应用工程,081002,64,B,2026
西安工程大学,建筑环境与能源应用工程,081002,65,B,2026
苏州大学,建筑环境与能源应用工程,081002,66,B,2026
常州大学,建筑环境与能源应用工程,081002,67,B,2026
西南石油大学,建筑环境与能源应用工程,081002,67,B,2026
吉林建筑大学,建筑环境与能源应用工程,081002,69,B,2026
河南科技大学,建筑环境与能源应用工程,081002,70,B,2026
上海海洋大学,建筑环境与能源应用工程,081002,71,B,2026
华北水利水电大学,建筑环境与能源应用工程,081002,72,B,2026
湖南工业大学,建筑环境与能源应用工程,081002,73,B,2026
广东海洋大学,建筑环境与能源应用工程,081002,74,B,2026
东北石油大学,建筑环境与能源应用工程,081002,75,B,2026
北京联合大学,建筑环境与能源应用工程,081002,76,B,2026
嘉兴大学,建筑环境与能源应用工程,081002,77,B,2026
宁波工程学院,建筑环境与能源应用工程,081002,78,B,2026
河北科技大学,建筑环境与能源应用工程,081002,79,B,2026
江西理工大学,建筑环境与能源应用工程,081002,80,B,2026
内蒙古工业大学,建筑环境与能源应用工程,081002,80,B,2026
河北工程大学,建筑环境与能源应用工程,081002,82,B,2026
重庆科技大学,建筑环境与能源应用工程,081002,83,B,2026
天津商业大学,建筑环境与能源应用工程,081002,84,B,2026
辽宁工业大学,建筑环境与能源应用工程,081002,85,B,2026
长春工程学院,建筑环境与能源应用工程,081002,86,B,2026
河南工业大学,建筑环境与能源应用工程,081002,87,B,2026
辽宁工程技术大学,建筑环境与能源应用工程,081002,88,B,2026
河南城建学院,建筑环境与能源应用工程,081002,89,B,2026
河北建筑工程学院,建筑环境与能源应用工程,081002,90,B,2026
中原工学院,建筑环境与能源应用工程,081002,91,B,2026
西华大学,建筑环境与能源应用工程,081002,92,B,2026
哈尔滨工业大学,给排水科学与工程,081003,1,A+,2026
重庆大学,给排水科学与工程,081003,2,A+,2026
同济大学,给排水科学与工程,081003,3,A+,2026
清华大学,给排水科学与工程,081003,4,A,2026
东南大学,给排水科学与工程,081003,5,A,2026
华中科技大学,给排水科学与工程,081003,6,A,2026
武汉大学,给排水科学与工程,081003,7,A,2026
湖南大学,给排水科学与工程,081003,8,A,2026
北京工业大学,给排水科学与工程,081003,9,A,2026
河海大学,给排水科学与工程,081003,10,A,2026
长安大学,给排水科学与工程,081003,11,A,2026
广州大学,给排水科学与工程,081003,12,A,2026
北京建筑大学,给排水科学与工程,081003,13,A,2026
西安建筑科技大学,给排水科学与工程,081003,14,A,2026
合肥工业大学,给排水科学与工程,081003,15,A,2026
浙江工业大学,给排水科学与工程,081003,16,A,2026
重庆交通大学,给排水科学与工程,081003,17,A,2026
福州大学,给排水科学与工程,081003,18,B+,2026
兰州交通大学,给排水科学与工程,081003,19,B+,2026
太原理工大学,给排水科学与工程,081003,20,B+,2026
华东交通大学,给排水科学与工程,081003,21,B+,2026
长沙理工大学,给排水科学与工程,081003,22,B+,2026
河北工业大学,给排水科学与工程,081003,23,B+,2026
青岛理工大学,给排水科学与工程,081003,24,B+,2026
南京工业大学,给排水科学与工程,081003,25,B+,2026
西安理工大学,给排水科学与工程,081003,25,B+,2026
广东工业大学,给排水科学与工程,081003,27,B+,2026
南京林业大学,给排水科学与工程,081003,28,B+,2026
武汉理工大学,给排水科学与工程,081003,29,B+,2026
苏州科技大学,给排水科学与工程,081003,30,B+,2026
扬州大学,给排水科学与工程,081003,31,B+,2026
北京林业大学,给排水科学与工程,081003,32,B+,2026
华侨大学,给排水科学与工程,081003,33,B+,2026
山东建筑大学,给排水科学与工程,081003,34,B+,2026
南昌大学,给排水科学与工程,081003,35,B+,2026
西安科技大学,给排水科学与工程,081003,36,B+,2026
兰州理工大学,给排水科学与工程,081003,37,B+,2026
昆明理工大学,给排水科学与工程,081003,38,B+,2026
安徽建筑大学,给排水科学与工程,081003,39,B+,2026
天津城建大学,给排水科学与工程,081003,40,B+,2026
武汉科技大学,给排水科学与工程,081003,41,B+,2026
福建理工大学,给排水科学与工程,081003,42,B+,2026
南华大学,给排水科学与工程,081003,42,B+,2026
沈阳建筑大学,给排水科学与工程,081003,42,B+,2026
东北电力大学,给排水科学与工程,081003,45,B+,2026
桂林理工大学,给排水科学与工程,081003,46,B+,2026
济南大学,给排水科学与工程,081003,46,B+,2026
南京信息工程大学,给排水科学与工程,081003,48,B+,2026
长江大学,给排水科学与工程,081003,49,B+,2026
华北水利水电大学,给排水科学与工程,081003,50,B+,2026
南昌航空大学,给排水科学与工程,081003,50,B+,2026
安徽工业大学,给排水科学与工程,081003,52,B,2026
常州大学,给排水科学与工程,081003,52,B,2026
四川农业大学,给排水科学与工程,081003,54,B,2026
新疆大学,给排水科学与工程,081003,55,B,2026
江西理工大学,给排水科学与工程,081003,56,B,2026
吉林建筑大学,给排水科学与工程,081003,57,B,2026
石河子大学,给排水科学与工程,081003,58,B,2026
东华理工大学,给排水科学与工程,081003,59,B,2026
黑龙江大学,给排水科学与工程,081003,60,B,2026
河北工程大学,给排水科学与工程,081003,61,B,2026
辽宁工程技术大学,给排水科学与工程,081003,61,B,2026
西安工业大学,给排水科学与工程,081003,63,B,2026
安徽工程大学,给排水科学与工程,081003,64,B,2026
内蒙古工业大学,给排水科学与工程,081003,65,B,2026
上海应用技术大学,给排水科学与工程,081003,66,B,2026
浙江工商大学,给排水科学与工程,081003,67,B,2026
华北理工大学,给排水科学与工程,081003,68,B,2026
盐城工学院,给排水科学与工程,081003,69,B,2026
西安工程大学,给排水科学与工程,081003,70,B,2026
中原工学院,给排水科学与工程,081003,70,B,2026
河北科技大学,给排水科学与工程,081003,72,B,2026
东北石油大学,给排水科学与工程,081003,73,B,2026
浙江科技大学,给排水科学与工程,081003,74,B,2026
武汉轻工大学,给排水科学与工程,081003,75,B,2026
江西水利电力大学,给排水科学与工程,081003,76,B,2026
西华大学,给排水科学与工程,081003,77,B,2026
长春工程学院,给排水科学与工程,081003,78,B,2026
内蒙古农业大学,给排水科学与工程,081003,79,B,2026
重庆科技大学,给排水科学与工程,081003,80,B,2026
湖南工业大学,给排水科学与工程,081003,80,B,2026
湖南城市学院,给排水科学与工程,081003,82,B,2026
烟台大学,给排水科学与工程,081003,82,B,2026
云南农业大学,给排水科学与工程,081003,82,B,2026
山东农业大学,给排水科学与工程,081003,85,B,2026
河北建筑工程学院,给排水科学与工程,081003,86,B,2026
同济大学,建筑电气与智能化,081004,1,A+,2026
哈尔滨工业大学,建筑电气与智能化,081004,2,A+,2026
西安建筑科技大学,建筑电气与智能化,081004,3,A,2026
北京建筑大学,建筑电气与智能化,081004,4,A,2026
南京工业大学,建筑电气与智能化,081004,5,A,2026
华东交通大学,建筑电气与智能化,081004,6,A,2026
青岛理工大学,建筑电气与智能化,081004,6,A,2026
安徽建筑大学,建筑电气与智能化,081004,8,A,2026
苏州科技大学,建筑电气与智能化,081004,9,B+,2026
沈阳建筑大学,建筑电气与智能化,081004,10,B+,2026
山东建筑大学,建筑电气与智能化,081004,11,B+,2026
兰州交通大学,建筑电气与智能化,081004,12,B+,2026
天津城建大学,建筑电气与智能化,081004,13,B+,2026
郑州轻工业大学,建筑电气与智能化,081004,14,B+,2026
南华大学,建筑电气与智能化,081004,15,B+,2026
浙江科技大学,建筑电气与智能化,081004,16,B+,2026
金陵科技学院,建筑电气与智能化,081004,17,B+,2026
吉林建筑大学,建筑电气与智能化,081004,18,B+,2026
桂林电子科技大学,建筑电气与智能化,081004,19,B+,2026
桂林理工大学,建筑电气与智能化,081004,20,B+,2026
南京工程学院,建筑电气与智能化,081004,20,B+,2026
黑龙江八一农垦大学,建筑电气与智能化,081004,22,B+,2026
广东技术师范大学,建筑电气与智能化,081004,23,B+,2026
内蒙古科技大学,建筑电气与智能化,081004,24,B+,2026
长春工程学院,建筑电气与智能化,081004,25,B,2026
河北建筑工程学院,建筑电气与智能化,081004,26,B,2026
皖西学院,建筑电气与智能化,081004,27,B,2026
哈尔滨学院,建筑电气与智能化,081004,28,B,2026
宜宾学院,建筑电气与智能化,081004,29,B,2026
河南城建学院,建筑电气与智能化,081004,30,B,2026
河北水利电力学院,建筑电气与智能化,081004,31,B,2026
安徽科技工程大学,建筑电气与智能化,081004,32,B,2026
商丘师范学院,建筑电气与智能化,081004,33,B,2026
唐山学院,建筑电气与智能化,081004,34,B,2026
西南财经大学天府学院,建筑电气与智能化,081004,35,B,2026
合肥城市学院,建筑电气与智能化,081004,36,B,2026
四川旅游学院,建筑电气与智能化,081004,37,B,2026
四川工商学院,建筑电气与智能化,081004,38,B,2026
西南交通大学希望学院,建筑电气与智能化,081004,39,B,2026
黑龙江东方学院,建筑电气与智能化,081004,40,B,2026
东南大学,城市地下空间工程,081005T,1,A+,2026
哈尔滨工业大学,城市地下空间工程,081005T,2,A+,2026
山东大学,城市地下空间工程,081005T,3,A,2026
重庆大学,城市地下空间工程,081005T,4,A,2026
西南交通大学,城市地下空间工程,081005T,5,A,2026
四川大学,城市地下空间工程,081005T,6,A,2026
中南大学,城市地下空间工程,081005T,7,A,2026
长安大学,城市地下空间工程,081005T,8,B+,2026
郑州大学,城市地下空间工程,081005T,9,B+,2026
中国矿业大学（北京）,城市地下空间工程,081005T,9,B+,2026
中国地质大学（武汉）,城市地下空间工程,081005T,11,B+,2026
西安建筑科技大学,城市地下空间工程,081005T,12,B+,2026
合肥工业大学,城市地下空间工程,081005T,13,B+,2026
南京工业大学,城市地下空间工程,081005T,14,B+,2026
西安理工大学,城市地下空间工程,081005T,14,B+,2026
石家庄铁道大学,城市地下空间工程,081005T,16,B+,2026
太原理工大学,城市地下空间工程,081005T,17,B+,2026
青岛理工大学,城市地下空间工程,081005T,18,B+,2026
山东科技大学,城市地下空间工程,081005T,19,B+,2026
温州大学,城市地下空间工程,081005T,20,B+,2026
中国地质大学（北京）,城市地下空间工程,081005T,21,B+,2026
山东建筑大学,城市地下空间工程,081005T,22,B+,2026
北方工业大学,城市地下空间工程,081005T,23,B+,2026
天津城建大学,城市地下空间工程,081005T,24,B,2026
华侨大学,城市地下空间工程,081005T,25,B,2026
西南石油大学,城市地下空间工程,081005T,26,B,2026
河南理工大学,城市地下空间工程,081005T,27,B,2026
成都理工大学,城市地下空间工程,081005T,28,B,2026
南华大学,城市地下空间工程,081005T,29,B,2026
福建理工大学,城市地下空间工程,081005T,30,B,2026
中北大学,城市地下空间工程,081005T,31,B,2026
华北水利水电大学,城市地下空间工程,081005T,32,B,2026
安徽建筑大学,城市地下空间工程,081005T,33,B,2026
吉林建筑大学,城市地下空间工程,081005T,34,B,2026
南京工程学院,城市地下空间工程,081005T,35,B,2026
辽宁石油化工大学,城市地下空间工程,081005T,36,B,2026
江汉大学,城市地下空间工程,081005T,37,B,2026
金陵科技学院,城市地下空间工程,081005T,38,B,2026
东华理工大学,城市地下空间工程,081005T,39,B,2026
沈阳建筑大学,城市地下空间工程,081005T,39,B,2026
东南大学,道路桥梁与渡河工程,081006T,1,A+,2026
长安大学,道路桥梁与渡河工程,081006T,2,A+,2026
哈尔滨工业大学,道路桥梁与渡河工程,081006T,3,A,2026
西南交通大学,道路桥梁与渡河工程,081006T,4,A,2026
长沙理工大学,道路桥梁与渡河工程,081006T,5,A,2026
武汉理工大学,道路桥梁与渡河工程,081006T,6,A,2026
吉林大学,道路桥梁与渡河工程,081006T,7,A,2026
郑州大学,道路桥梁与渡河工程,081006T,8,A,2026
兰州交通大学,道路桥梁与渡河工程,081006T,9,A,2026
兰州理工大学,道路桥梁与渡河工程,081006T,10,B+,2026
天津城建大学,道路桥梁与渡河工程,081006T,11,B+,2026
山东建筑大学,道路桥梁与渡河工程,081006T,12,B+,2026
青岛理工大学,道路桥梁与渡河工程,081006T,13,B+,2026
太原理工大学,道路桥梁与渡河工程,081006T,13,B+,2026
安徽建筑大学,道路桥梁与渡河工程,081006T,15,B+,2026
沈阳建筑大学,道路桥梁与渡河工程,081006T,15,B+,2026
福建理工大学,道路桥梁与渡河工程,081006T,17,B+,2026
宁夏大学,道路桥梁与渡河工程,081006T,18,B+,2026
东莞理工学院,道路桥梁与渡河工程,081006T,19,B+,2026
华北水利水电大学,道路桥梁与渡河工程,081006T,19,B+,2026
四川农业大学,道路桥梁与渡河工程,081006T,21,B+,2026
南华大学,道路桥梁与渡河工程,081006T,22,B+,2026
内蒙古大学,道路桥梁与渡河工程,081006T,23,B+,2026
吉林建筑大学,道路桥梁与渡河工程,081006T,24,B+,2026
台州学院,道路桥梁与渡河工程,081006T,25,B+,2026
河南工业大学,道路桥梁与渡河工程,081006T,26,B+,2026
内蒙古工业大学,道路桥梁与渡河工程,081006T,27,B+,2026
山东农业大学,道路桥梁与渡河工程,081006T,28,B+,2026
内蒙古农业大学,道路桥梁与渡河工程,081006T,29,B,2026
湖北文理学院,道路桥梁与渡河工程,081006T,30,B,2026
长春工程学院,道路桥梁与渡河工程,081006T,31,B,2026
河北工程大学,道路桥梁与渡河工程,081006T,32,B,2026
江西水利电力大学,道路桥梁与渡河工程,081006T,33,B,2026
北华航天工业学院,道路桥梁与渡河工程,081006T,34,B,2026
黑龙江科技大学,道路桥梁与渡河工程,081006T,35,B,2026
重庆三峡科技大学,道路桥梁与渡河工程,081006T,36,B,2026
西北民族大学,道路桥梁与渡河工程,081006T,37,B,2026
浙江水利水电学院,道路桥梁与渡河工程,081006T,38,B,2026
河南城建学院,道路桥梁与渡河工程,081006T,39,B,2026
北方民族大学,道路桥梁与渡河工程,081006T,40,B,2026
河北水利电力学院,道路桥梁与渡河工程,081006T,40,B,2026
郑州工业应用技术学院,道路桥梁与渡河工程,081006T,42,B,2026
河北建筑工程学院,道路桥梁与渡河工程,081006T,43,B,2026
淮安大学,道路桥梁与渡河工程,081006T,44,B,2026
信阳师范大学,道路桥梁与渡河工程,081006T,45,B,2026
广州航海学院,道路桥梁与渡河工程,081006T,46,B,2026
贵州理工学院,道路桥梁与渡河工程,081006T,47,B,2026
西南交通大学,铁道工程,081007T,1,A+,2026
北京交通大学,铁道工程,081007T,2,A+,2026
中南大学,铁道工程,081007T,3,B+,2026
华东交通大学,铁道工程,081007T,4,B+,2026
兰州交通大学,铁道工程,081007T,5,B,2026
石家庄铁道大学,铁道工程,081007T,6,B,2026
上海工程技术大学,铁道工程,081007T,7,B,2026
同济大学,智能建造,081008T,1,A+,2026
东南大学,智能建造,081008T,2,A+,2026
哈尔滨工业大学,智能建造,081008T,3,A+,2026
重庆大学,智能建造,081008T,4,A+,2026
西南交通大学,智能建造,081008T,5,A,2026
武汉大学,智能建造,081008T,6,A,2026
大连理工大学,智能建造,081008T,7,A,2026
北京工业大学,智能建造,081008T,8,A,2026
华中科技大学,智能建造,081008T,9,A,2026
湖南大学,智能建造,081008T,10,A,2026
深圳大学,智能建造,081008T,11,A,2026
河海大学,智能建造,081008T,12,A,2026
广西大学,智能建造,081008T,13,A,2026
华南理工大学,智能建造,081008T,14,A,2026
北京交通大学,智能建造,081008T,15,A,2026
北京科技大学,智能建造,081008T,15,A,2026
河北工业大学,智能建造,081008T,17,A,2026
广州大学,智能建造,081008T,18,A,2026
北京建筑大学,智能建造,081008T,19,A,2026
重庆交通大学,智能建造,081008T,19,A,2026
合肥工业大学,智能建造,081008T,21,B+,2026
浙江工业大学,智能建造,081008T,21,B+,2026
福州大学,智能建造,081008T,23,B+,2026
中国矿业大学（北京）,智能建造,081008T,24,B+,2026
青岛理工大学,智能建造,081008T,25,B+,2026
西安建筑科技大学,智能建造,081008T,26,B+,2026
长沙理工大学,智能建造,081008T,27,B+,2026
华东交通大学,智能建造,081008T,28,B+,2026
南京工业大学,智能建造,081008T,29,B+,2026
石家庄铁道大学,智能建造,081008T,30,B+,2026
湖北工业大学,智能建造,081008T,31,B+,2026
中国地质大学（北京）,智能建造,081008T,32,B+,2026
西安理工大学,智能建造,081008T,33,B+,2026
广东工业大学,智能建造,081008T,34,B+,2026
南京航空航天大学,智能建造,081008T,34,B+,2026
北方工业大学,智能建造,081008T,36,B+,2026
苏州科技大学,智能建造,081008T,37,B+,2026
湖南科技大学,智能建造,081008T,38,B+,2026
南京林业大学,智能建造,081008T,38,B+,2026
兰州理工大学,智能建造,081008T,40,B+,2026
西北农林科技大学,智能建造,081008T,41,B+,2026
山东建筑大学,智能建造,081008T,42,B+,2026
安徽理工大学,智能建造,081008T,43,B+,2026
南昌大学,智能建造,081008T,44,B+,2026
天津城建大学,智能建造,081008T,44,B+,2026
西安科技大学,智能建造,081008T,44,B+,2026
沈阳工业大学,智能建造,081008T,47,B+,2026
汕头大学,智能建造,081008T,48,B+,2026
江苏大学,智能建造,081008T,49,B+,2026
福建理工大学,智能建造,081008T,50,B+,2026
沈阳建筑大学,智能建造,081008T,50,B+,2026
昆明理工大学,智能建造,081008T,52,B+,2026
内蒙古大学,智能建造,081008T,53,B+,2026
辽宁科技大学,智能建造,081008T,54,B+,2026
武汉科技大学,智能建造,081008T,55,B+,2026
武汉工程大学,智能建造,081008T,56,B+,2026
安徽建筑大学,智能建造,081008T,57,B+,2026
河北大学,智能建造,081008T,58,B+,2026
西安工业大学,智能建造,081008T,58,B+,2026
河南理工大学,智能建造,081008T,60,B+,2026
绍兴大学,智能建造,081008T,61,B,2026
桂林理工大学,智能建造,081008T,62,B,2026
华北水利水电大学,智能建造,081008T,63,B,2026
辽宁工程技术大学,智能建造,081008T,64,B,2026
长江大学,智能建造,081008T,65,B,2026
浙大城市学院,智能建造,081008T,66,B,2026
南京工程学院,智能建造,081008T,67,B,2026
河南工业大学,智能建造,081008T,68,B,2026
河南科技大学,智能建造,081008T,69,B,2026
安徽工业大学,智能建造,081008T,70,B,2026
福建农林大学,智能建造,081008T,71,B,2026
吉林建筑大学,智能建造,081008T,71,B,2026
湖南工业大学,智能建造,081008T,73,B,2026
内蒙古工业大学,智能建造,081008T,74,B,2026
宁波工程学院,智能建造,081008T,75,B,2026
江西理工大学,智能建造,081008T,76,B,2026
中原工学院,智能建造,081008T,76,B,2026
武汉轻工大学,智能建造,081008T,78,B,2026
五邑大学,智能建造,081008T,79,B,2026
四川轻化工大学,智能建造,081008T,80,B,2026
合肥大学,智能建造,081008T,81,B,2026
江西水利电力大学,智能建造,081008T,82,B,2026
聊城大学,智能建造,081008T,83,B,2026
浙大宁波理工学院,智能建造,081008T,83,B,2026
江西科技师范大学,智能建造,081008T,85,B,2026
山东航空学院,智能建造,081008T,86,B,2026
长春工程学院,智能建造,081008T,87,B,2026
盐城工学院,智能建造,081008T,87,B,2026
内蒙古科技大学,智能建造,081008T,89,B,2026
徐州工程学院,智能建造,081008T,89,B,2026
攀枝花学院,智能建造,081008T,91,B,2026
辽宁工业大学,智能建造,081008T,92,B,2026
浙江水利水电学院,智能建造,081008T,93,B,2026
哈尔滨学院,智能建造,081008T,94,B,2026
湖南城市学院,智能建造,081008T,95,B,2026
苏州城市学院,智能建造,081008T,96,B,2026
郑州科技学院,智能建造,081008T,96,B,2026
南阳师范学院,智能建造,081008T,98,B,2026
温州理工学院,智能建造,081008T,99,B,2026
云南农业大学,智能建造,081008T,99,B,2026
清华大学,土木、水利与海洋工程,081009T,1,A+,2026
山东大学,土木、水利与海洋工程,081009T,2,A+,2026
河海大学,土木、水利与海洋工程,081009T,3,B,2026
浙江大学,土木、水利与交通工程,081010T,1,A+,2026
青岛理工大学,土木、水利与交通工程,081010T,2,A+,2026
桂林理工大学,土木、水利与交通工程,081010T,3,B,2026
内江师范学院,土木、水利与交通工程,081010T,4,B,2026
哈尔滨工业大学,城市水系统工程,081011T,,,2026
山东大学,智能建造与智慧交通,081012T,1,A+,2026
郑州大学,智能建造与智慧交通,081012T,2,A+,2026
东北林业大学,智能建造与智慧交通,081012T,3,B+,2026
河南大学,智能建造与智慧交通,081012T,4,B,2026
南华大学,智能建造与智慧交通,081012T,5,B,2026
大连交通大学,智能建造与智慧交通,081012T,6,B,2026
北京交通大学,工程软件,081013T,,,2026
河南工程学院,工程软件,081013T,,,2026
山东大学,工程软件,081013T,,,2026
武汉大学,水利水电工程,081101,1,A+,2026
河海大学,水利水电工程,081101,2,A+,2026
大连理工大学,水利水电工程,081101,3,A,2026
天津大学,水利水电工程,081101,4,A,2026
西安理工大学,水利水电工程,081101,5,A,2026
华中科技大学,水利水电工程,081101,6,A,2026
西北农林科技大学,水利水电工程,081101,7,A,2026
郑州大学,水利水电工程,081101,8,A,2026
三峡大学,水利水电工程,081101,9,B+,2026
中国农业大学,水利水电工程,081101,10,B+,2026
华北水利水电大学,水利水电工程,081101,11,B+,2026
合肥工业大学,水利水电工程,081101,12,B+,2026
重庆交通大学,水利水电工程,081101,13,B+,2026
长安大学,水利水电工程,081101,14,B+,2026
扬州大学,水利水电工程,081101,15,B+,2026
宁夏大学,水利水电工程,081101,16,B+,2026
广西大学,水利水电工程,081101,17,B+,2026
青海大学,水利水电工程,081101,18,B+,2026
华北电力大学,水利水电工程,081101,19,B+,2026
东北农业大学,水利水电工程,081101,20,B+,2026
南昌大学,水利水电工程,081101,21,B+,2026
太原理工大学,水利水电工程,081101,22,B+,2026
长沙理工大学,水利水电工程,081101,23,B+,2026
河北工程大学,水利水电工程,081101,24,B+,2026
石河子大学,水利水电工程,081101,25,B+,2026
江西水利电力大学,水利水电工程,081101,26,B+,2026
贵州大学,水利水电工程,081101,27,B,2026
福州大学,水利水电工程,081101,28,B,2026
昆明理工大学,水利水电工程,081101,29,B,2026
内蒙古农业大学,水利水电工程,081101,30,B,2026
四川农业大学,水利水电工程,081101,31,B,2026
黑龙江大学,水利水电工程,081101,32,B,2026
华南农业大学,水利水电工程,081101,33,B,2026
兰州交通大学,水利水电工程,081101,34,B,2026
山东农业大学,水利水电工程,081101,35,B,2026
西华大学,水利水电工程,081101,36,B,2026
长春工程学院,水利水电工程,081101,37,B,2026
新疆农业大学,水利水电工程,081101,38,B,2026
湖南农业大学,水利水电工程,081101,39,B,2026
济南大学,水利水电工程,081101,40,B,2026
沈阳农业大学,水利水电工程,081101,41,B,2026
浙江水利水电学院,水利水电工程,081101,42,B,2026
甘肃农业大学,水利水电工程,081101,43,B,2026
云南农业大学,水利水电工程,081101,44,B,2026
河海大学,水文与水资源工程,081102,1,A+,2026
武汉大学,水文与水资源工程,081102,2,A+,2026
西北农林科技大学,水文与水资源工程,081102,3,A,2026
中国地质大学（武汉）,水文与水资源工程,081102,4,A,2026
郑州大学,水文与水资源工程,081102,5,A,2026
西安理工大学,水文与水资源工程,081102,6,B+,2026
中国地质大学（北京）,水文与水资源工程,081102,7,B+,2026
长安大学,水文与水资源工程,081102,8,B+,2026
三峡大学,水文与水资源工程,081102,9,B+,2026
兰州大学,水文与水资源工程,081102,10,B+,2026
吉林大学,水文与水资源工程,081102,11,B+,2026
南京大学,水文与水资源工程,081102,12,B+,2026
华北电力大学,水文与水资源工程,081102,13,B+,2026
中国矿业大学,水文与水资源工程,081102,14,B+,2026
华北水利水电大学,水文与水资源工程,081102,15,B+,2026
扬州大学,水文与水资源工程,081102,16,B+,2026
太原理工大学,水文与水资源工程,081102,17,B,2026
合肥工业大学,水文与水资源工程,081102,18,B,2026
南京信息工程大学,水文与水资源工程,081102,19,B,2026
南方科技大学,水文与水资源工程,081102,20,B,2026
东北农业大学,水文与水资源工程,081102,21,B,2026
河北工程大学,水文与水资源工程,081102,22,B,2026
济南大学,水文与水资源工程,081102,23,B,2026
贵州大学,水文与水资源工程,081102,24,B,2026
长沙理工大学,水文与水资源工程,081102,25,B,2026
昆明理工大学,水文与水资源工程,081102,26,B,2026
内蒙古农业大学,水文与水资源工程,081102,27,B,2026
东华理工大学,水文与水资源工程,081102,28,B,2026
河海大学,港口航道与海岸工程,081103,1,A+,2026
中国海洋大学,港口航道与海岸工程,081103,2,A+,2026
武汉大学,港口航道与海岸工程,081103,3,A,2026
大连理工大学,港口航道与海岸工程,081103,4,B+,2026
天津大学,港口航道与海岸工程,081103,4,B+,2026
哈尔滨工程大学,港口航道与海岸工程,081103,6,B+,2026
重庆交通大学,港口航道与海岸工程,081103,7,B+,2026
三峡大学,港口航道与海岸工程,081103,8,B+,2026
长沙理工大学,港口航道与海岸工程,081103,9,B+,2026
华北水利水电大学,港口航道与海岸工程,081103,10,B+,2026
江苏科技大学,港口航道与海岸工程,081103,11,B,2026
武汉理工大学,港口航道与海岸工程,081103,12,B,2026
上海海事大学,港口航道与海岸工程,081103,13,B,2026
鲁东大学,港口航道与海岸工程,081103,14,B,2026
广东海洋大学,港口航道与海岸工程,081103,15,B,2026
浙江海洋大学,港口航道与海岸工程,081103,16,B,2026
集美大学,港口航道与海岸工程,081103,17,B,2026
河海大学,水务工程,081104T,1,A+,2026
华南理工大学,水务工程,081104T,2,A+,2026
华北水利水电大学,水务工程,081104T,3,B+,2026
湖北工业大学,水务工程,081104T,4,B,2026
厦门理工学院,水务工程,081104T,5,B,2026
湖南工业大学,水务工程,081104T,6,B,2026
南京信息工程大学,水利科学与工程,081105T,,,2026
清华大学,水利科学与工程,081105T,,,2026
四川大学,水利科学与工程,081105T,,,2026
河海大学,智慧水利,081106T,1,A+,2026
武汉大学,智慧水利,081106T,2,A+,2026
西北农林科技大学,智慧水利,081106T,3,B+,2026
三峡大学,智慧水利,081106T,4,B+,2026
南京信息工程大学,智慧水利,081106T,5,B+,2026
重庆交通大学,智慧水利,081106T,6,B+,2026
宁夏大学,智慧水利,081106T,7,B,2026
扬州大学,智慧水利,081106T,8,B,2026
华北水利水电大学,智慧水利,081106T,9,B,2026
河北工程大学,智慧水利,081106T,10,B,2026
武汉大学,测绘工程,081201,1,A+,2026
中国矿业大学,测绘工程,081201,2,A+,2026
同济大学,测绘工程,081201,3,A+,2026
中南大学,测绘工程,081201,4,A,2026
西南交通大学,测绘工程,081201,5,A,2026
中国地质大学（武汉）,测绘工程,081201,6,A,2026
长安大学,测绘工程,081201,7,A,2026
中国地质大学（北京）,测绘工程,081201,7,A,2026
中国矿业大学（北京）,测绘工程,081201,9,A,2026
山东科技大学,测绘工程,081201,10,A,2026
南京信息工程大学,测绘工程,081201,11,A,2026
河海大学,测绘工程,081201,12,A,2026
中国石油大学（华东）,测绘工程,081201,13,A,2026
吉林大学,测绘工程,081201,14,A,2026
河南理工大学,测绘工程,081201,15,A,2026
南京师范大学,测绘工程,081201,16,B+,2026
西安科技大学,测绘工程,081201,16,B+,2026
东北大学,测绘工程,081201,18,B+,2026
北京建筑大学,测绘工程,081201,19,B+,2026
兰州交通大学,测绘工程,081201,20,B+,2026
南京工业大学,测绘工程,081201,20,B+,2026
成都理工大学,测绘工程,081201,22,B+,2026
安徽大学,测绘工程,081201,23,B+,2026
合肥工业大学,测绘工程,081201,24,B+,2026
贵州大学,测绘工程,081201,25,B+,2026
重庆大学,测绘工程,081201,26,B+,2026
南京邮电大学,测绘工程,081201,27,B+,2026
西南石油大学,测绘工程,081201,27,B+,2026
东华理工大学,测绘工程,081201,29,B+,2026
太原理工大学,测绘工程,081201,29,B+,2026
昆明理工大学,测绘工程,081201,31,B+,2026
南京林业大学,测绘工程,081201,32,B+,2026
辽宁工程技术大学,测绘工程,081201,33,B+,2026
长沙理工大学,测绘工程,081201,34,B+,2026
江西理工大学,测绘工程,081201,35,B+,2026
安徽理工大学,测绘工程,081201,36,B+,2026
重庆交通大学,测绘工程,081201,37,B+,2026
山东建筑大学,测绘工程,081201,37,B+,2026
广东工业大学,测绘工程,081201,39,B+,2026
桂林理工大学,测绘工程,081201,40,B+,2026
青海大学,测绘工程,081201,40,B+,2026
江苏海洋大学,测绘工程,081201,42,B+,2026
苏州科技大学,测绘工程,081201,42,B+,2026
华东交通大学,测绘工程,081201,44,B+,2026
沈阳建筑大学,测绘工程,081201,45,B+,2026
浙江农林大学,测绘工程,081201,45,B+,2026
河南大学,测绘工程,081201,47,B+,2026
华北水利水电大学,测绘工程,081201,47,B+,2026
河北工程大学,测绘工程,081201,49,B,2026
兰州理工大学,测绘工程,081201,49,B,2026
黑龙江工程学院,测绘工程,081201,51,B,2026
湘潭大学,测绘工程,081201,51,B,2026
石家庄铁道大学,测绘工程,081201,53,B,2026
新疆大学,测绘工程,081201,53,B,2026
山东理工大学,测绘工程,081201,55,B,2026
成都信息工程大学,测绘工程,081201,56,B,2026
江苏师范大学,测绘工程,081201,57,B,2026
成都大学,测绘工程,081201,58,B,2026
华南农业大学,测绘工程,081201,59,B,2026
厦门理工学院,测绘工程,081201,59,B,2026
华北理工大学,测绘工程,081201,61,B,2026
辽宁科技大学,测绘工程,081201,62,B,2026
西南科技大学,测绘工程,081201,63,B,2026
河北地质大学,测绘工程,081201,64,B,2026
吉林建筑大学,测绘工程,081201,65,B,2026
中南林业科技大学,测绘工程,081201,66,B,2026
山东农业大学,测绘工程,081201,67,B,2026
无锡学院,测绘工程,081201,68,B,2026
安徽建筑大学,测绘工程,081201,69,B,2026
黑龙江科技大学,测绘工程,081201,70,B,2026
临沂大学,测绘工程,081201,70,B,2026
江西水利电力大学,测绘工程,081201,72,B,2026
滁州学院,测绘工程,081201,73,B,2026
南宁师范大学,测绘工程,081201,74,B,2026
浙江水利水电学院,测绘工程,081201,75,B,2026
内蒙古农业大学,测绘工程,081201,76,B,2026
福建理工大学,测绘工程,081201,77,B,2026
天津城建大学,测绘工程,081201,77,B,2026
闽江大学,测绘工程,081201,79,B,2026
武汉大学,遥感科学与技术,081202,1,A+,2026
中南大学,遥感科学与技术,081202,2,A+,2026
北京大学,遥感科学与技术,081202,3,A,2026
中国矿业大学,遥感科学与技术,081202,4,A,2026
中山大学,遥感科学与技术,081202,5,A,2026
西南交通大学,遥感科学与技术,081202,6,A,2026
中国地质大学（武汉）,遥感科学与技术,081202,7,A,2026
南京信息工程大学,遥感科学与技术,081202,8,A,2026
电子科技大学,遥感科学与技术,081202,9,B+,2026
长安大学,遥感科学与技术,081202,10,B+,2026
山东科技大学,遥感科学与技术,081202,11,B+,2026
哈尔滨工业大学,遥感科学与技术,081202,12,B+,2026
中国矿业大学（北京）,遥感科学与技术,081202,12,B+,2026
西安电子科技大学,遥感科学与技术,081202,14,B+,2026
中国地质大学（北京）,遥感科学与技术,081202,15,B+,2026
北京航空航天大学,遥感科学与技术,081202,16,B+,2026
河海大学,遥感科学与技术,081202,17,B+,2026
北京建筑大学,遥感科学与技术,081202,18,B+,2026
河南理工大学,遥感科学与技术,081202,19,B+,2026
西安科技大学,遥感科学与技术,081202,20,B+,2026
成都理工大学,遥感科学与技术,081202,21,B+,2026
兰州交通大学,遥感科学与技术,081202,22,B+,2026
合肥工业大学,遥感科学与技术,081202,23,B+,2026
首都师范大学,遥感科学与技术,081202,24,B+,2026
湖南科技大学,遥感科学与技术,081202,25,B,2026
安徽理工大学,遥感科学与技术,081202,26,B,2026
南京工业大学,遥感科学与技术,081202,27,B,2026
辽宁工程技术大学,遥感科学与技术,081202,28,B,2026
华中师范大学,遥感科学与技术,081202,29,B,2026
成都信息工程大学,遥感科学与技术,081202,30,B,2026
郑州大学,遥感科学与技术,081202,31,B,2026
新疆大学,遥感科学与技术,081202,32,B,2026
广州大学,遥感科学与技术,081202,33,B,2026
长沙理工大学,遥感科学与技术,081202,34,B,2026
东华理工大学,遥感科学与技术,081202,35,B,2026
桂林理工大学,遥感科学与技术,081202,36,B,2026
河北工程大学,遥感科学与技术,081202,37,B,2026
山东建筑大学,遥感科学与技术,081202,38,B,2026
江苏师范大学,遥感科学与技术,081202,39,B,2026
山东农业大学,遥感科学与技术,081202,40,B,2026
武汉大学,导航工程,081203T,1,A+,2026
北京建筑大学,导航工程,081203T,2,A+,2026
武汉理工大学,导航工程,081203T,3,B+,2026
桂林电子科技大学,导航工程,081203T,4,B+,2026
中国民用航空飞行学院,导航工程,081203T,5,B+,2026
湖南工业大学,导航工程,081203T,6,B,2026
滁州学院,导航工程,081203T,7,B,2026
北华航天工业学院,导航工程,081203T,8,B,2026
武汉大学,地理国情监测,081204T,,,2026
中国地质大学（武汉）,地理空间信息工程,081205T,1,A+,2026
长安大学,地理空间信息工程,081205T,2,A+,2026
南京信息工程大学,地理空间信息工程,081205T,3,B+,2026
北京建筑大学,地理空间信息工程,081205T,4,B+,2026
深圳大学,地理空间信息工程,081205T,5,B+,2026
南京工业大学,地理空间信息工程,081205T,6,B+,2026
东华理工大学,地理空间信息工程,081205T,7,B+,2026
重庆交通大学,地理空间信息工程,081205T,8,B,2026
山东理工大学,地理空间信息工程,081205T,9,B,2026
安徽农业大学,地理空间信息工程,081205T,10,B,2026
桂林理工大学,地理空间信息工程,081205T,10,B,2026
吉林建筑大学,地理空间信息工程,081205T,12,B,2026
湖南城市学院,地理空间信息工程,081205T,13,B,2026
天津大学,化学工程与工艺,081301,1,A+,2026
浙江大学,化学工程与工艺,081301,2,A+,2026
大连理工大学,化学工程与工艺,081301,3,A+,2026
华东理工大学,化学工程与工艺,081301,4,A+,2026
北京化工大学,化学工程与工艺,081301,5,A+,2026
南京工业大学,化学工程与工艺,081301,6,A+,2026
四川大学,化学工程与工艺,081301,7,A+,2026
中南大学,化学工程与工艺,081301,8,A,2026
华南理工大学,化学工程与工艺,081301,9,A,2026
哈尔滨工业大学,化学工程与工艺,081301,10,A,2026
上海交通大学,化学工程与工艺,081301,11,A,2026
中国石油大学（华东）,化学工程与工艺,081301,12,A,2026
湖南大学,化学工程与工艺,081301,13,A,2026
西安交通大学,化学工程与工艺,081301,14,A,2026
浙江工业大学,化学工程与工艺,081301,14,A,2026
厦门大学,化学工程与工艺,081301,16,A,2026
中国石油大学（北京）,化学工程与工艺,081301,17,A,2026
南京理工大学,化学工程与工艺,081301,18,A,2026
太原理工大学,化学工程与工艺,081301,19,A,2026
北京理工大学,化学工程与工艺,081301,20,A,2026
郑州大学,化学工程与工艺,081301,21,A,2026
东南大学,化学工程与工艺,081301,22,A,2026
福州大学,化学工程与工艺,081301,23,A,2026
江南大学,化学工程与工艺,081301,23,A,2026
重庆大学,化学工程与工艺,081301,25,A,2026
中国矿业大学,化学工程与工艺,081301,26,A,2026
青岛科技大学,化学工程与工艺,081301,27,A,2026
石河子大学,化学工程与工艺,081301,28,A,2026
苏州大学,化学工程与工艺,081301,29,A,2026
宁夏大学,化学工程与工艺,081301,30,A,2026
武汉工程大学,化学工程与工艺,081301,30,A,2026
西北大学,化学工程与工艺,081301,32,A,2026
广东工业大学,化学工程与工艺,081301,33,A,2026
合肥工业大学,化学工程与工艺,081301,34,A,2026
中山大学,化学工程与工艺,081301,35,A,2026
河北工业大学,化学工程与工艺,081301,36,B+,2026
兰州大学,化学工程与工艺,081301,37,B+,2026
山东大学,化学工程与工艺,081301,37,B+,2026
广西大学,化学工程与工艺,081301,39,B+,2026
江苏大学,化学工程与工艺,081301,40,B+,2026
武汉理工大学,化学工程与工艺,081301,41,B+,2026
西北工业大学,化学工程与工艺,081301,41,B+,2026
常州大学,化学工程与工艺,081301,43,B+,2026
上海大学,化学工程与工艺,081301,43,B+,2026
新疆大学,化学工程与工艺,081301,45,B+,2026
海南大学,化学工程与工艺,081301,46,B+,2026
中国海洋大学,化学工程与工艺,081301,47,B+,2026
西南石油大学,化学工程与工艺,081301,48,B+,2026
湘潭大学,化学工程与工艺,081301,49,B+,2026
中北大学,化学工程与工艺,081301,50,B+,2026
中国矿业大学（北京）,化学工程与工艺,081301,51,B+,2026
广州大学,化学工程与工艺,081301,52,B+,2026
南京林业大学,化学工程与工艺,081301,52,B+,2026
辽宁石油化工大学,化学工程与工艺,081301,54,B+,2026
沈阳化工大学,化学工程与工艺,081301,55,B+,2026
南昌大学,化学工程与工艺,081301,56,B+,2026
哈尔滨工程大学,化学工程与工艺,081301,57,B+,2026
天津工业大学,化学工程与工艺,081301,58,B+,2026
济南大学,化学工程与工艺,081301,59,B+,2026
吉林大学,化学工程与工艺,081301,60,B+,2026
昆明理工大学,化学工程与工艺,081301,61,B+,2026
天津科技大学,化学工程与工艺,081301,61,B+,2026
武汉科技大学,化学工程与工艺,081301,61,B+,2026
贵州大学,化学工程与工艺,081301,64,B+,2026
陕西科技大学,化学工程与工艺,081301,65,B+,2026
青海大学,化学工程与工艺,081301,66,B+,2026
江汉大学,化学工程与工艺,081301,67,B+,2026
西安石油大学,化学工程与工艺,081301,68,B+,2026
成都理工大学,化学工程与工艺,081301,69,B+,2026
河南大学,化学工程与工艺,081301,70,B+,2026
安徽大学,化学工程与工艺,081301,71,B+,2026
长安大学,化学工程与工艺,081301,71,B+,2026
青岛大学,化学工程与工艺,081301,73,B+,2026
华侨大学,化学工程与工艺,081301,74,B+,2026
上海应用技术大学,化学工程与工艺,081301,75,B+,2026
燕山大学,化学工程与工艺,081301,75,B+,2026
西安科技大学,化学工程与工艺,081301,77,B+,2026
东北石油大学,化学工程与工艺,081301,78,B+,2026
湖南师范大学,化学工程与工艺,081301,79,B+,2026
东北林业大学,化学工程与工艺,081301,80,B+,2026
四川轻化工大学,化学工程与工艺,081301,80,B+,2026
山东科技大学,化学工程与工艺,081301,82,B+,2026
安徽工业大学,化学工程与工艺,081301,83,B+,2026
河北科技大学,化学工程与工艺,081301,84,B+,2026
西南大学,化学工程与工艺,081301,84,B+,2026
北京石油化工学院,化学工程与工艺,081301,86,B+,2026
内蒙古大学,化学工程与工艺,081301,87,B+,2026
扬州大学,化学工程与工艺,081301,87,B+,2026
浙江科技大学,化学工程与工艺,081301,87,B+,2026
兰州理工大学,化学工程与工艺,081301,90,B+,2026
上海电力大学,化学工程与工艺,081301,91,B+,2026
湖北工业大学,化学工程与工艺,081301,92,B+,2026
江西理工大学,化学工程与工艺,081301,93,B+,2026
云南大学,化学工程与工艺,081301,93,B+,2026
长春理工大学,化学工程与工艺,081301,95,B+,2026
湖南科技大学,化学工程与工艺,081301,95,B+,2026
广东石油化工学院,化学工程与工艺,081301,97,B+,2026
南华大学,化学工程与工艺,081301,98,B+,2026
宁波诺丁汉大学,化学工程与工艺,081301,99,B+,2026
长春工业大学,化学工程与工艺,081301,100,B+,2026
宁波大学,化学工程与工艺,081301,101,B+,2026
安徽理工大学,化学工程与工艺,081301,102,B+,2026
长江大学,化学工程与工艺,081301,103,B+,2026
山东理工大学,化学工程与工艺,081301,104,B+,2026
桂林理工大学,化学工程与工艺,081301,105,B+,2026
哈尔滨理工大学,化学工程与工艺,081301,105,B+,2026
齐鲁工业大学,化学工程与工艺,081301,105,B+,2026
天津理工大学,化学工程与工艺,081301,105,B+,2026
武汉轻工大学,化学工程与工艺,081301,109,B,2026
山东师范大学,化学工程与工艺,081301,110,B,2026
湖北大学,化学工程与工艺,081301,111,B,2026
宁波工程学院,化学工程与工艺,081301,111,B,2026
上海工程技术大学,化学工程与工艺,081301,111,B,2026
兰州交通大学,化学工程与工艺,081301,114,B,2026
西安工程大学,化学工程与工艺,081301,114,B,2026
内蒙古工业大学,化学工程与工艺,081301,116,B,2026
西安建筑科技大学,化学工程与工艺,081301,116,B,2026
三峡大学,化学工程与工艺,081301,118,B,2026
烟台大学,化学工程与工艺,081301,119,B,2026
郑州轻工业大学,化学工程与工艺,081301,120,B,2026
延安大学,化学工程与工艺,081301,121,B,2026
中南民族大学,化学工程与工艺,081301,121,B,2026
安徽师范大学,化学工程与工艺,081301,123,B,2026
华北理工大学,化学工程与工艺,081301,124,B,2026
沈阳工业大学,化学工程与工艺,081301,125,B,2026
江西师范大学,化学工程与工艺,081301,126,B,2026
合肥大学,化学工程与工艺,081301,127,B,2026
福建师范大学,化学工程与工艺,081301,128,B,2026
辽宁科技大学,化学工程与工艺,081301,128,B,2026
长沙理工大学,化学工程与工艺,081301,130,B,2026
黑龙江大学,化学工程与工艺,081301,131,B,2026
淮安大学,化学工程与工艺,081301,131,B,2026
上海师范大学,化学工程与工艺,081301,131,B,2026
重庆科技大学,化学工程与工艺,081301,134,B,2026
广西民族大学,化学工程与工艺,081301,134,B,2026
河南工业大学,化学工程与工艺,081301,134,B,2026
河南科技大学,化学工程与工艺,081301,134,B,2026
江苏海洋大学,化学工程与工艺,081301,138,B,2026
安徽工程大学,化学工程与工艺,081301,139,B,2026
湖南理工大学,化学工程与工艺,081301,139,B,2026
湖南工程学院,化学工程与工艺,081301,141,B,2026
汕头大学,化学工程与工艺,081301,141,B,2026
五邑大学,化学工程与工艺,081301,143,B,2026
河南师范大学,化学工程与工艺,081301,144,B,2026
吉林化工大学,化学工程与工艺,081301,145,B,2026
重庆理工大学,化学工程与工艺,081301,146,B,2026
东莞理工学院,化学工程与工艺,081301,146,B,2026
广东以色列理工学院,化学工程与工艺,081301,146,B,2026
太原科技大学,化学工程与工艺,081301,146,B,2026
东华理工大学,化学工程与工艺,081301,150,B,2026
西南民族大学,化学工程与工艺,081301,150,B,2026
盐城工学院,化学工程与工艺,081301,152,B,2026
大连民族大学,化学工程与工艺,081301,153,B,2026
曲阜师范大学,化学工程与工艺,081301,154,B,2026
武汉纺织大学,化学工程与工艺,081301,155,B,2026
重庆工商大学,化学工程与工艺,081301,156,B,2026
嘉兴大学,化学工程与工艺,081301,157,B,2026
安徽建筑大学,化学工程与工艺,081301,158,B,2026
齐齐哈尔大学,化学工程与工艺,081301,159,B,2026
西北师范大学,化学工程与工艺,081301,160,B,2026
淮阴师范学院,化学工程与工艺,081301,161,B,2026
中南林业科技大学,化学工程与工艺,081301,161,B,2026
衢州学院,化学工程与工艺,081301,163,B,2026
河北工程大学,化学工程与工艺,081301,164,B,2026
北方民族大学,化学工程与工艺,081301,165,B,2026
贵州民族大学,化学工程与工艺,081301,165,B,2026
河南理工大学,化学工程与工艺,081301,167,B,2026
聊城大学,化学工程与工艺,081301,168,B,2026
西北民族大学,化学工程与工艺,081301,168,B,2026
浙大宁波理工学院,化学工程与工艺,081301,168,B,2026
大连大学,化学工程与工艺,081301,171,B,2026
广西科技大学,化学工程与工艺,081301,172,B,2026
福建农林大学,化学工程与工艺,081301,173,B,2026
湖北民族大学,化学工程与工艺,081301,173,B,2026
沈阳理工大学,化学工程与工艺,081301,173,B,2026
天津大学,制药工程,081302,1,A+,2026
中国药科大学,制药工程,081302,2,A+,2026
华东理工大学,制药工程,081302,3,A+,2026
四川大学,制药工程,081302,4,A+,2026
大连理工大学,制药工程,081302,5,A+,2026
北京化工大学,制药工程,081302,6,A,2026
西安交通大学,制药工程,081302,7,A,2026
北京理工大学,制药工程,081302,8,A,2026
南京工业大学,制药工程,081302,9,A,2026
浙江工业大学,制药工程,081302,10,A,2026
福州大学,制药工程,081302,11,A,2026
中南大学,制药工程,081302,12,A,2026
东南大学,制药工程,081302,13,A,2026
华南理工大学,制药工程,081302,14,A,2026
江南大学,制药工程,081302,15,A,2026
南京理工大学,制药工程,081302,15,A,2026
郑州大学,制药工程,081302,17,A,2026
沈阳药科大学,制药工程,081302,18,A,2026
武汉工程大学,制药工程,081302,19,A,2026
广东工业大学,制药工程,081302,20,A,2026
西北大学,制药工程,081302,20,A,2026
太原理工大学,制药工程,081302,22,A,2026
西南大学,制药工程,081302,23,A,2026
重庆大学,制药工程,081302,24,A,2026
合肥工业大学,制药工程,081302,24,A,2026
河北工业大学,制药工程,081302,26,A,2026
武汉理工大学,制药工程,081302,26,A,2026
江苏大学,制药工程,081302,28,A,2026
青岛科技大学,制药工程,081302,29,B+,2026
湘潭大学,制药工程,081302,30,B+,2026
南昌大学,制药工程,081302,31,B+,2026
西南交通大学,制药工程,081302,32,B+,2026
常州大学,制药工程,081302,33,B+,2026
昆明理工大学,制药工程,081302,34,B+,2026
贵州大学,制药工程,081302,35,B+,2026
陕西科技大学,制药工程,081302,36,B+,2026
石河子大学,制药工程,081302,37,B+,2026
华侨大学,制药工程,081302,38,B+,2026
云南大学,制药工程,081302,39,B+,2026
遵义医科大学,制药工程,081302,40,B+,2026
天津科技大学,制药工程,081302,41,B+,2026
杭州师范大学,制药工程,081302,42,B+,2026
天津工业大学,制药工程,081302,43,B+,2026
广东药科大学,制药工程,081302,44,B+,2026
山东第一医科大学,制药工程,081302,45,B+,2026
沈阳化工大学,制药工程,081302,45,B+,2026
上海应用技术大学,制药工程,081302,47,B+,2026
新疆大学,制药工程,081302,47,B+,2026
西北农林科技大学,制药工程,081302,49,B+,2026
北京石油化工学院,制药工程,081302,50,B+,2026
辽宁大学,制药工程,081302,51,B+,2026
三峡大学,制药工程,081302,52,B+,2026
湖北工业大学,制药工程,081302,53,B+,2026
天津理工大学,制药工程,081302,54,B+,2026
扬州大学,制药工程,081302,54,B+,2026
河北科技大学,制药工程,081302,56,B+,2026
中北大学,制药工程,081302,57,B+,2026
华南农业大学,制药工程,081302,58,B+,2026
四川轻化工大学,制药工程,081302,59,B+,2026
上海工程技术大学,制药工程,081302,60,B+,2026
山东中医药大学,制药工程,081302,61,B+,2026
天津中医药大学,制药工程,081302,62,B+,2026
福建农林大学,制药工程,081302,63,B+,2026
兰州理工大学,制药工程,081302,64,B+,2026
河南师范大学,制药工程,081302,65,B+,2026
烟台大学,制药工程,081302,65,B+,2026
重庆理工大学,制药工程,081302,67,B+,2026
河南中医药大学,制药工程,081302,68,B+,2026
湖南师范大学,制药工程,081302,69,B+,2026
河南科技大学,制药工程,081302,70,B+,2026
上海理工大学,制药工程,081302,71,B+,2026
武汉轻工大学,制药工程,081302,72,B+,2026
湖北大学,制药工程,081302,73,B+,2026
浙江科技大学,制药工程,081302,73,B+,2026
安徽理工大学,制药工程,081302,75,B+,2026
成都大学,制药工程,081302,75,B+,2026
齐鲁工业大学,制药工程,081302,75,B+,2026
成都中医药大学,制药工程,081302,78,B+,2026
江苏海洋大学,制药工程,081302,79,B+,2026
南华大学,制药工程,081302,80,B+,2026
湖南科技大学,制药工程,081302,81,B+,2026
西北师范大学,制药工程,081302,82,B+,2026
西安理工大学,制药工程,081302,83,B+,2026
安徽中医药大学,制药工程,081302,84,B+,2026
山东农业大学,制药工程,081302,85,B,2026
东北农业大学,制药工程,081302,86,B,2026
西华大学,制药工程,081302,87,B,2026
湖北中医药大学,制药工程,081302,88,B,2026
陕西中医药大学,制药工程,081302,88,B,2026
临沂大学,制药工程,081302,90,B,2026
河南农业大学,制药工程,081302,91,B,2026
黑龙江中医药大学,制药工程,081302,92,B,2026
台州学院,制药工程,081302,92,B,2026
广西师范大学,制药工程,081302,94,B,2026
哈尔滨商业大学,制药工程,081302,95,B,2026
长春中医药大学,制药工程,081302,96,B,2026
西南科技大学,制药工程,081302,96,B,2026
云南中医药大学,制药工程,081302,96,B,2026
五邑大学,制药工程,081302,99,B,2026
嘉兴大学,制药工程,081302,100,B,2026
盐城工学院,制药工程,081302,101,B,2026
长春工业大学,制药工程,081302,102,B,2026
蚌埠医科大学,制药工程,081302,103,B,2026
山东理工大学,制药工程,081302,104,B,2026
湖南中医药大学,制药工程,081302,105,B,2026
重庆文理学院,制药工程,081302,106,B,2026
海南师范大学,制药工程,081302,106,B,2026
广东海洋大学,制药工程,081302,108,B,2026
江西农业大学,制药工程,081302,108,B,2026
太原科技大学,制药工程,081302,110,B,2026
北京联合大学,制药工程,081302,111,B,2026
重庆科技大学,制药工程,081302,111,B,2026
重庆工商大学,制药工程,081302,113,B,2026
江西科技师范大学,制药工程,081302,113,B,2026
昆明医科大学,制药工程,081302,115,B,2026
淮安大学,制药工程,081302,116,B,2026
河南工业大学,制药工程,081302,117,B,2026
广西民族大学,制药工程,081302,118,B,2026
广西中医药大学,制药工程,081302,118,B,2026
吉林化工大学,制药工程,081302,120,B,2026
青岛农业大学,制药工程,081302,120,B,2026
大连大学,制药工程,081302,122,B,2026
陕西理工大学,制药工程,081302,123,B,2026
贵州中医药大学,制药工程,081302,124,B,2026
大连民族大学,制药工程,081302,125,B,2026
湖州师范大学,制药工程,081302,126,B,2026
贵州民族大学,制药工程,081302,127,B,2026
吉首大学,制药工程,081302,128,B,2026
福建中医药大学,制药工程,081302,129,B,2026
赣南医科大学,制药工程,081302,130,B,2026
齐齐哈尔大学,制药工程,081302,130,B,2026
佳木斯大学,制药工程,081302,132,B,2026
江苏师范大学,制药工程,081302,132,B,2026
贵阳学院,制药工程,081302,134,B,2026
阜阳师范大学,制药工程,081302,135,B,2026
河南科技学院,制药工程,081302,135,B,2026
宝鸡文理学院,制药工程,081302,137,B,2026
山西中医药大学,制药工程,081302,137,B,2026
内蒙古工业大学,制药工程,081302,139,B,2026
吉林农业大学,制药工程,081302,140,B,2026
湖北民族大学,制药工程,081302,141,B,2026
聊城大学,制药工程,081302,141,B,2026
南开大学,资源循环科学与工程,081303T,1,A+,2026
华东理工大学,资源循环科学与工程,081303T,2,A+,2026
北京工业大学,资源循环科学与工程,081303T,3,A,2026
西安建筑科技大学,资源循环科学与工程,081303T,4,A,2026
东北大学,资源循环科学与工程,081303T,5,B+,2026
福州大学,资源循环科学与工程,081303T,6,B+,2026
山西大学,资源循环科学与工程,081303T,7,B+,2026
南京工业大学,资源循环科学与工程,081303T,8,B+,2026
福建师范大学,资源循环科学与工程,081303T,9,B+,2026
桂林理工大学,资源循环科学与工程,081303T,10,B+,2026
常州大学,资源循环科学与工程,081303T,11,B+,2026
武汉纺织大学,资源循环科学与工程,081303T,11,B+,2026
武汉工程大学,资源循环科学与工程,081303T,13,B,2026
安徽工业大学,资源循环科学与工程,081303T,14,B,2026
中南民族大学,资源循环科学与工程,081303T,15,B,2026
佛山大学,资源循环科学与工程,081303T,16,B,2026
江苏理工学院,资源循环科学与工程,081303T,17,B,2026
沈阳工业大学,资源循环科学与工程,081303T,18,B,2026
商洛学院,资源循环科学与工程,081303T,19,B,2026
茅台学院,资源循环科学与工程,081303T,20,B,2026
大连理工大学,能源化学工程,081304T,1,A+,2026
北京化工大学,能源化学工程,081304T,2,A+,2026
华南理工大学,能源化学工程,081304T,3,A,2026
北京理工大学,能源化学工程,081304T,4,A,2026
浙江工业大学,能源化学工程,081304T,5,A,2026
中国石油大学（北京）,能源化学工程,081304T,6,A,2026
中国石油大学（华东）,能源化学工程,081304T,7,A,2026
武汉大学,能源化学工程,081304T,8,B+,2026
西北大学,能源化学工程,081304T,9,B+,2026
武汉工程大学,能源化学工程,081304T,10,B+,2026
中国矿业大学,能源化学工程,081304T,11,B+,2026
合肥工业大学,能源化学工程,081304T,12,B+,2026
常州大学,能源化学工程,081304T,13,B+,2026
广东工业大学,能源化学工程,081304T,14,B+,2026
兰州大学,能源化学工程,081304T,14,B+,2026
华北电力大学,能源化学工程,081304T,16,B+,2026
辽宁石油化工大学,能源化学工程,081304T,16,B+,2026
沈阳化工大学,能源化学工程,081304T,18,B+,2026
燕山大学,能源化学工程,081304T,19,B+,2026
新疆大学,能源化学工程,081304T,20,B+,2026
东北电力大学,能源化学工程,081304T,21,B+,2026
陕西科技大学,能源化学工程,081304T,22,B+,2026
中北大学,能源化学工程,081304T,23,B+,2026
青海大学,能源化学工程,081304T,24,B,2026
江苏科技大学,能源化学工程,081304T,25,B,2026
河北科技大学,能源化学工程,081304T,26,B,2026
浙江理工大学,能源化学工程,081304T,27,B,2026
南京工程学院,能源化学工程,081304T,28,B,2026
四川轻化工大学,能源化学工程,081304T,28,B,2026
合肥大学,能源化学工程,081304T,30,B,2026
沈阳工业大学,能源化学工程,081304T,31,B,2026
太原科技大学,能源化学工程,081304T,32,B,2026
大连交通大学,能源化学工程,081304T,33,B,2026
山东理工大学,能源化学工程,081304T,33,B,2026
广西民族大学,能源化学工程,081304T,35,B,2026
重庆科技大学,能源化学工程,081304T,36,B,2026
东莞理工学院,能源化学工程,081304T,37,B,2026
内蒙古工业大学,能源化学工程,081304T,38,B,2026
清华大学,化学工程与工业生物工程,081305T,1,A+,2026
大连理工大学,化学工程与工业生物工程,081305T,2,A+,2026
东北电力大学,化学工程与工业生物工程,081305T,3,B+,2026
西安工程大学,化学工程与工业生物工程,081305T,4,B,2026
太原工业学院,化学工程与工业生物工程,081305T,5,B,2026
南京工业大学,化工安全工程,081306T,1,A+,2026
中国石油大学（华东）,化工安全工程,081306T,2,A+,2026
辽宁石油化工大学,化工安全工程,081306T,3,B+,2026
重庆科技大学,化工安全工程,081306T,4,B,2026
辽宁工业大学,化工安全工程,081306T,5,B,2026
盐城工学院,化工安全工程,081306T,6,B,2026
长春工业大学,涂料工程,081307T,,,2026
江西科技师范大学,涂料工程,081307T,,,2026
上海工程技术大学,涂料工程,081307T,,,2026
天津大学,精细化工,081308T,1,A+,2026
大连理工大学,精细化工,081308T,2,A+,2026
华东理工大学,精细化工,081308T,3,B+,2026
太原理工大学,精细化工,081308T,4,B+,2026
辽宁石油化工大学,精细化工,081308T,5,B,2026
广东石油化工学院,精细化工,081308T,6,B,2026
临沂大学,精细化工,081308T,7,B,2026
成都师范学院,精细化工,081308T,8,B,2026
大连理工大学,智能分子工程,081309T,,,2026
中国地质大学（武汉）,地质工程,081401,1,A+,2026
吉林大学,地质工程,081401,2,A+,2026
同济大学,地质工程,081401,3,A,2026
南京大学,地质工程,081401,4,A,2026
中国地质大学（北京）,地质工程,081401,5,A,2026
成都理工大学,地质工程,081401,6,B+,2026
中国矿业大学,地质工程,081401,7,B+,2026
长安大学,地质工程,081401,8,B+,2026
中南大学,地质工程,081401,9,B+,2026
中国矿业大学（北京）,地质工程,081401,10,B+,2026
西南交通大学,地质工程,081401,11,B+,2026
河海大学,地质工程,081401,12,B+,2026
西北大学,地质工程,081401,13,B+,2026
兰州大学,地质工程,081401,14,B+,2026
中山大学,地质工程,081401,15,B+,2026
西安科技大学,地质工程,081401,16,B+,2026
太原理工大学,地质工程,081401,17,B+,2026
福州大学,地质工程,081401,18,B,2026
河南理工大学,地质工程,081401,19,B,2026
山东科技大学,地质工程,081401,20,B,2026
贵州大学,地质工程,081401,21,B,2026
安徽理工大学,地质工程,081401,22,B,2026
南京工业大学,地质工程,081401,23,B,2026
华北水利水电大学,地质工程,081401,24,B,2026
青海大学,地质工程,081401,24,B,2026
昆明理工大学,地质工程,081401,26,B,2026
桂林理工大学,地质工程,081401,27,B,2026
江西理工大学,地质工程,081401,28,B,2026
新疆大学,地质工程,081401,29,B,2026
中国地质大学（武汉）,勘查技术与工程,081402,1,A+,2026
吉林大学,勘查技术与工程,081402,2,A+,2026
中国石油大学（华东）,勘查技术与工程,081402,3,A,2026
中国石油大学（北京）,勘查技术与工程,081402,4,B+,2026
中国地质大学（北京）,勘查技术与工程,081402,5,B+,2026
成都理工大学,勘查技术与工程,081402,6,B+,2026
中国海洋大学,勘查技术与工程,081402,7,B+,2026
长安大学,勘查技术与工程,081402,8,B+,2026
西南石油大学,勘查技术与工程,081402,9,B+,2026
东北石油大学,勘查技术与工程,081402,10,B+,2026
长江大学,勘查技术与工程,081402,11,B+,2026
合肥工业大学,勘查技术与工程,081402,12,B,2026
东华理工大学,勘查技术与工程,081402,13,B,2026
西安石油大学,勘查技术与工程,081402,14,B,2026
桂林理工大学,勘查技术与工程,081402,15,B,2026
湖南科技大学,勘查技术与工程,081402,16,B,2026
石家庄铁道大学,勘查技术与工程,081402,17,B,2026
安徽建筑大学,勘查技术与工程,081402,18,B,2026
中国地质大学（武汉）,资源勘查工程,081403K,1,A+,2026
中国石油大学（华东）,资源勘查工程,081403K,2,A+,2026
中国石油大学（北京）,资源勘查工程,081403K,3,A,2026
中国地质大学（北京）,资源勘查工程,081403K,4,A,2026
吉林大学,资源勘查工程,081403K,5,A,2026
成都理工大学,资源勘查工程,081403K,6,B+,2026
中南大学,资源勘查工程,081403K,7,B+,2026
中国矿业大学,资源勘查工程,081403K,8,B+,2026
长安大学,资源勘查工程,081403K,9,B+,2026
东北大学,资源勘查工程,081403K,10,B+,2026
中国矿业大学（北京）,资源勘查工程,081403K,11,B+,2026
西北大学,资源勘查工程,081403K,12,B+,2026
合肥工业大学,资源勘查工程,081403K,13,B+,2026
西南石油大学,资源勘查工程,081403K,14,B+,2026
东北石油大学,资源勘查工程,081403K,15,B+,2026
福州大学,资源勘查工程,081403K,16,B,2026
东华理工大学,资源勘查工程,081403K,17,B,2026
太原理工大学,资源勘查工程,081403K,17,B,2026
兰州大学,资源勘查工程,081403K,19,B,2026
桂林理工大学,资源勘查工程,081403K,20,B,2026
长江大学,资源勘查工程,081403K,21,B,2026
西安石油大学,资源勘查工程,081403K,22,B,2026
西安科技大学,资源勘查工程,081403K,23,B,2026
贵州大学,资源勘查工程,081403K,24,B,2026
新疆大学,资源勘查工程,081403K,25,B,2026
青海大学,资源勘查工程,081403K,26,B,2026
中国地质大学（北京）,地下水科学与工程,081404T,1,A+,2026
中国地质大学（武汉）,地下水科学与工程,081404T,2,A+,2026
吉林大学,地下水科学与工程,081404T,3,B+,2026
长安大学,地下水科学与工程,081404T,4,B+,2026
成都理工大学,地下水科学与工程,081404T,4,B+,2026
南京大学,地下水科学与工程,081404T,6,B,2026
桂林理工大学,地下水科学与工程,081404T,7,B,2026
东华理工大学,旅游地学与规划工程,081405T,1,A+,2026
河南财政金融学院,旅游地学与规划工程,081405T,2,A+,2026
武夷学院,旅游地学与规划工程,081405T,3,B+,2026
青海民族大学,旅游地学与规划工程,081405T,4,B,2026
滇西应用技术大学,旅游地学与规划工程,081405T,5,B,2026
中国地质大学（北京）,智能地球探测,081406T,1,A+,2026
西南交通大学,智能地球探测,081406T,2,A+,2026
中国地质大学（武汉）,资源环境大数据工程,081407T,1,A+,2026
长江大学,资源环境大数据工程,081407T,2,A+,2026
西安建筑科技大学,资源环境大数据工程,081407T,3,B,2026
河南理工大学,资源环境大数据工程,081407T,4,B,2026
中国矿业大学,采矿工程,081501,1,A+,2026
中国矿业大学（北京）,采矿工程,081501,2,A+,2026
中南大学,采矿工程,081501,3,A,2026
东北大学,采矿工程,081501,4,A,2026
北京科技大学,采矿工程,081501,5,A,2026
重庆大学,采矿工程,081501,6,B+,2026
太原理工大学,采矿工程,081501,7,B+,2026
山东科技大学,采矿工程,081501,8,B+,2026
西安科技大学,采矿工程,081501,9,B+,2026
武汉理工大学,采矿工程,081501,10,B+,2026
河南理工大学,采矿工程,081501,11,B+,2026
武汉科技大学,采矿工程,081501,12,B+,2026
贵州大学,采矿工程,081501,13,B+,2026
安徽理工大学,采矿工程,081501,14,B+,2026
昆明理工大学,采矿工程,081501,15,B+,2026
福州大学,采矿工程,081501,16,B,2026
江西理工大学,采矿工程,081501,17,B,2026
西安建筑科技大学,采矿工程,081501,18,B,2026
辽宁工程技术大学,采矿工程,081501,19,B,2026
湖南科技大学,采矿工程,081501,20,B,2026
新疆大学,采矿工程,081501,21,B,2026
山东理工大学,采矿工程,081501,22,B,2026
武汉工程大学,采矿工程,081501,23,B,2026
华北理工大学,采矿工程,081501,24,B,2026
西南科技大学,采矿工程,081501,25,B,2026
中国石油大学（华东）,石油工程,081502,1,A+,2026
中国石油大学（北京）,石油工程,081502,2,A+,2026
西南石油大学,石油工程,081502,3,B+,2026
中国地质大学（武汉）,石油工程,081502,4,B+,2026
长江大学,石油工程,081502,5,B+,2026
中国地质大学（北京）,石油工程,081502,6,B+,2026
东北石油大学,石油工程,081502,7,B,2026
西安石油大学,石油工程,081502,8,B,2026
成都理工大学,石油工程,081502,9,B,2026
重庆科技大学,石油工程,081502,10,B,2026
燕山大学,石油工程,081502,11,B,2026
中南大学,矿物加工工程,081503,1,A+,2026
中国矿业大学,矿物加工工程,081503,2,A+,2026
东北大学,矿物加工工程,081503,3,A,2026
中国矿业大学（北京）,矿物加工工程,081503,4,A,2026
北京科技大学,矿物加工工程,081503,5,B+,2026
太原理工大学,矿物加工工程,081503,6,B+,2026
武汉理工大学,矿物加工工程,081503,7,B+,2026
西安科技大学,矿物加工工程,081503,8,B+,2026
武汉科技大学,矿物加工工程,081503,9,B+,2026
昆明理工大学,矿物加工工程,081503,10,B+,2026
安徽理工大学,矿物加工工程,081503,11,B+,2026
长安大学,矿物加工工程,081503,12,B+,2026
贵州大学,矿物加工工程,081503,13,B,2026
山东科技大学,矿物加工工程,081503,14,B,2026
河南理工大学,矿物加工工程,081503,15,B,2026
江西理工大学,矿物加工工程,081503,16,B,2026
中国地质大学（北京）,矿物加工工程,081503,17,B,2026
武汉工程大学,矿物加工工程,081503,18,B,2026
西安建筑科技大学,矿物加工工程,081503,19,B,2026
福州大学,矿物加工工程,081503,20,B,2026
中国石油大学（华东）,油气储运工程,081504,1,A+,2026
中国石油大学（北京）,油气储运工程,081504,2,A+,2026
西南石油大学,油气储运工程,081504,3,A,2026
华东理工大学,油气储运工程,081504,4,B+,2026
长江大学,油气储运工程,081504,5,B+,2026
东北石油大学,油气储运工程,081504,6,B+,2026
西安石油大学,油气储运工程,081504,7,B+,2026
武汉理工大学,油气储运工程,081504,8,B+,2026
辽宁石油化工大学,油气储运工程,081504,9,B+,2026
成都理工大学,油气储运工程,081504,10,B+,2026
重庆科技大学,油气储运工程,081504,10,B+,2026
福州大学,油气储运工程,081504,12,B,2026
昆明理工大学,油气储运工程,081504,13,B,2026
常州大学,油气储运工程,081504,14,B,2026
浙江海洋大学,油气储运工程,081504,15,B,2026
中国民航大学,油气储运工程,081504,16,B,2026
沈阳化工大学,油气储运工程,081504,17,B,2026
兰州理工大学,油气储运工程,081504,18,B,2026
南华大学,矿物资源工程,081505T,1,A+,2026
广西大学,矿物资源工程,081505T,2,A+,2026
中国石油大学（北京）,海洋油气工程,081506T,1,A+,2026
中国石油大学（华东）,海洋油气工程,081506T,2,A+,2026
西南石油大学,海洋油气工程,081506T,3,B+,2026
长江大学,海洋油气工程,081506T,4,B,2026
东北石油大学,海洋油气工程,081506T,5,B,2026
中国矿业大学,智能采矿工程,081507T,1,A+,2026
北京科技大学,智能采矿工程,081507T,2,A+,2026
中国矿业大学（北京）,智能采矿工程,081507T,3,B+,2026
东北大学,智能采矿工程,081507T,4,B+,2026
重庆大学,智能采矿工程,081507T,5,B+,2026
太原理工大学,智能采矿工程,081507T,6,B+,2026
山东科技大学,智能采矿工程,081507T,7,B+,2026
武汉科技大学,智能采矿工程,081507T,8,B,2026
西安科技大学,智能采矿工程,081507T,8,B,2026
安徽理工大学,智能采矿工程,081507T,10,B,2026
河南理工大学,智能采矿工程,081507T,11,B,2026
辽宁工程技术大学,智能采矿工程,081507T,12,B,2026
山西大同大学,智能采矿工程,081507T,13,B,2026
东华大学,纺织工程,081601,1,A+,2026
江南大学,纺织工程,081601,2,A+,2026
天津工业大学,纺织工程,081601,2,A+,2026
浙江理工大学,纺织工程,081601,4,A,2026
武汉纺织大学,纺织工程,081601,5,B+,2026
苏州大学,纺织工程,081601,6,B+,2026
西安工程大学,纺织工程,081601,7,B+,2026
青岛大学,纺织工程,081601,8,B+,2026
南通大学,纺织工程,081601,9,B+,2026
新疆大学,纺织工程,081601,10,B+,2026
太原理工大学,纺织工程,081601,11,B+,2026
大连工业大学,纺织工程,081601,12,B+,2026
河北科技大学,纺织工程,081601,13,B+,2026
嘉兴大学,纺织工程,081601,14,B,2026
上海工程技术大学,纺织工程,081601,15,B,2026
安徽工程大学,纺织工程,081601,16,B,2026
绍兴大学,纺织工程,081601,17,B,2026
五邑大学,纺织工程,081601,17,B,2026
安徽农业大学,纺织工程,081601,19,B,2026
湖南工程学院,纺织工程,081601,20,B,2026
中原工学院,纺织工程,081601,21,B,2026
盐城工学院,纺织工程,081601,22,B,2026
东华大学,服装设计与工程,081602,1,A+,2026
浙江理工大学,服装设计与工程,081602,2,A+,2026
北京服装学院,服装设计与工程,081602,3,A,2026
武汉纺织大学,服装设计与工程,081602,4,A,2026
天津工业大学,服装设计与工程,081602,5,A,2026
西安工程大学,服装设计与工程,081602,6,A,2026
上海工程技术大学,服装设计与工程,081602,7,B+,2026
苏州大学,服装设计与工程,081602,8,B+,2026
温州大学,服装设计与工程,081602,9,B+,2026
青岛大学,服装设计与工程,081602,10,B+,2026
大连工业大学,服装设计与工程,081602,11,B+,2026
山东工艺美术学院,服装设计与工程,081602,12,B+,2026
德州学院,服装设计与工程,081602,13,B+,2026
惠州学院,服装设计与工程,081602,13,B+,2026
嘉兴大学,服装设计与工程,081602,15,B+,2026
南通大学,服装设计与工程,081602,16,B+,2026
闽江大学,服装设计与工程,081602,17,B+,2026
苏州工学院,服装设计与工程,081602,18,B+,2026
安徽工程大学,服装设计与工程,081602,19,B+,2026
新疆大学,服装设计与工程,081602,19,B+,2026
安徽农业大学,服装设计与工程,081602,21,B,2026
绍兴理工学院,服装设计与工程,081602,21,B,2026
浙江科技大学,服装设计与工程,081602,23,B,2026
中原工学院,服装设计与工程,081602,24,B,2026
江西服装学院,服装设计与工程,081602,25,B,2026
嘉兴南湖学院,服装设计与工程,081602,26,B,2026
广东科技学院,服装设计与工程,081602,27,B,2026
湖北理工学院,服装设计与工程,081602,28,B,2026
苏州大学应用技术学院,服装设计与工程,081602,28,B,2026
重庆文理学院,服装设计与工程,081602,30,B,2026
湖南工程学院,服装设计与工程,081602,30,B,2026
吉林工程技术师范学院,服装设计与工程,081602,30,B,2026
东华大学,非织造材料与工程,081603T,1,A+,2026
天津工业大学,非织造材料与工程,081603T,2,A+,2026
浙江理工大学,非织造材料与工程,081603T,3,B+,2026
武汉纺织大学,非织造材料与工程,081603T,4,B+,2026
苏州大学,非织造材料与工程,081603T,5,B+,2026
南通大学,非织造材料与工程,081603T,6,B,2026
青岛大学,非织造材料与工程,081603T,7,B,2026
西安工程大学,非织造材料与工程,081603T,8,B,2026
长沙工业学院,服装设计与工艺教育,081604T,,,2026
河南科技学院,服装设计与工艺教育,081604T,,,2026
江西服装学院,服装设计与工艺教育,081604T,,,2026
浙江理工大学,丝绸设计与工程,081605T,,,2026
华南理工大学,轻化工程,081701,1,A+,2026
四川大学,轻化工程,081701,2,A+,2026
陕西科技大学,轻化工程,081701,3,A,2026
江南大学,轻化工程,081701,4,A,2026
东华大学,轻化工程,081701,5,B+,2026
广西大学,轻化工程,081701,6,B+,2026
齐鲁工业大学,轻化工程,081701,7,B+,2026
华东理工大学,轻化工程,081701,8,B+,2026
南京林业大学,轻化工程,081701,9,B+,2026
天津科技大学,轻化工程,081701,10,B+,2026
浙江理工大学,轻化工程,081701,11,B+,2026
苏州大学,轻化工程,081701,12,B+,2026
南京工业大学,轻化工程,081701,13,B,2026
天津工业大学,轻化工程,081701,14,B,2026
湖北工业大学,轻化工程,081701,15,B,2026
东北林业大学,轻化工程,081701,16,B,2026
昆明理工大学,轻化工程,081701,17,B,2026
武汉纺织大学,轻化工程,081701,18,B,2026
青岛大学,轻化工程,081701,19,B,2026
西安工程大学,轻化工程,081701,20,B,2026
大连工业大学,轻化工程,081701,21,B,2026
江南大学,包装工程,081702,1,A+,2026
陕西科技大学,包装工程,081702,2,A+,2026
天津科技大学,包装工程,081702,3,A,2026
广西大学,包装工程,081702,4,A,2026
暨南大学,包装工程,081702,5,B+,2026
南京林业大学,包装工程,081702,6,B+,2026
西安理工大学,包装工程,081702,7,B+,2026
齐鲁工业大学,包装工程,081702,8,B+,2026
中北大学,包装工程,081702,9,B+,2026
华南农业大学,包装工程,081702,10,B+,2026
北京印刷学院,包装工程,081702,11,B+,2026
武汉轻工大学,包装工程,081702,12,B+,2026
湖南工业大学,包装工程,081702,13,B+,2026
上海海洋大学,包装工程,081702,14,B+,2026
天津商业大学,包装工程,081702,15,B,2026
河南科技大学,包装工程,081702,16,B,2026
哈尔滨商业大学,包装工程,081702,17,B,2026
内蒙古农业大学,包装工程,081702,18,B,2026
沈阳农业大学,包装工程,081702,19,B,2026
仲恺农业工程学院,包装工程,081702,20,B,2026
齐齐哈尔大学,包装工程,081702,21,B,2026
福建技术师范学院,包装工程,081702,22,B,2026
黑龙江八一农垦大学,包装工程,081702,23,B,2026
长沙师范学院,包装工程,081702,24,B,2026
西安理工大学,印刷工程,081703,1,A+,2026
北京印刷学院,印刷工程,081703,2,A+,2026
天津科技大学,印刷工程,081703,3,B+,2026
齐鲁工业大学,印刷工程,081703,4,B,2026
湖南工业大学,印刷工程,081703,5,B,2026
上海应用技术大学,香料香精技术与工程,081704T,1,A+,2026
北京工商大学,香料香精技术与工程,081704T,2,A+,2026
河南农业大学,香料香精技术与工程,081704T,3,B,2026
北京工商大学,化妆品技术与工程,081705T,1,A+,2026
上海应用技术大学,化妆品技术与工程,081705T,2,A+,2026
武汉纺织大学,化妆品技术与工程,081705T,3,B+,2026
大连工业大学,化妆品技术与工程,081705T,4,B+,2026
郑州轻工业大学,化妆品技术与工程,081705T,5,B,2026
湖南理工大学,化妆品技术与工程,081705T,6,B,2026
长春工业大学,化妆品技术与工程,081705T,7,B,2026
四川大学,生物质技术与工程,081707T,,,2026
北京交通大学,交通运输,081801,1,A+,2026
西南交通大学,交通运输,081801,2,A+,2026
同济大学,交通运输,081801,3,A,2026
东南大学,交通运输,081801,4,A,2026
中南大学,交通运输,081801,5,A,2026
长安大学,交通运输,081801,6,A,2026
北京航空航天大学,交通运输,081801,7,A,2026
大连海事大学,交通运输,081801,8,A,2026
武汉理工大学,交通运输,081801,9,A,2026
南京航空航天大学,交通运输,081801,10,A,2026
吉林大学,交通运输,081801,11,A,2026
长沙理工大学,交通运输,081801,12,A,2026
石家庄铁道大学,交通运输,081801,13,A,2026
上海海事大学,交通运输,081801,14,B+,2026
重庆交通大学,交通运输,081801,15,B+,2026
中国民航大学,交通运输,081801,16,B+,2026
华东交通大学,交通运输,081801,17,B+,2026
合肥工业大学,交通运输,081801,18,B+,2026
兰州交通大学,交通运输,081801,19,B+,2026
江苏大学,交通运输,081801,20,B+,2026
大连交通大学,交通运输,081801,21,B+,2026
东北林业大学,交通运输,081801,22,B+,2026
上海工程技术大学,交通运输,081801,23,B+,2026
集美大学,交通运输,081801,24,B+,2026
南京林业大学,交通运输,081801,25,B+,2026
西安建筑科技大学,交通运输,081801,26,B+,2026
中国民用航空飞行学院,交通运输,081801,27,B+,2026
山东科技大学,交通运输,081801,28,B+,2026
昆明理工大学,交通运输,081801,29,B+,2026
山东理工大学,交通运输,081801,30,B+,2026
内蒙古大学,交通运输,081801,31,B+,2026
浙江师范大学,交通运输,081801,31,B+,2026
深圳技术大学,交通运输,081801,33,B+,2026
沈阳航空航天大学,交通运输,081801,34,B+,2026
河南农业大学,交通运输,081801,35,B+,2026
广东工业大学,交通运输,081801,36,B+,2026
山东交通学院,交通运输,081801,37,B+,2026
青岛理工大学,交通运输,081801,38,B+,2026
太原科技大学,交通运输,081801,39,B+,2026
淮安大学,交通运输,081801,40,B+,2026
福建理工大学,交通运输,081801,41,B,2026
辽宁工业大学,交通运输,081801,42,B,2026
天津职业技术师范大学,交通运输,081801,43,B,2026
内蒙古工业大学,交通运输,081801,44,B,2026
南京工程学院,交通运输,081801,45,B,2026
黑龙江工程学院,交通运输,081801,46,B,2026
西华大学,交通运输,081801,46,B,2026
西藏大学,交通运输,081801,46,B,2026
江苏理工学院,交通运输,081801,49,B,2026
郑州航空工业管理学院,交通运输,081801,50,B,2026
广东海洋大学,交通运输,081801,51,B,2026
广西科技大学,交通运输,081801,52,B,2026
厦门理工学院,交通运输,081801,52,B,2026
山东航空学院,交通运输,081801,54,B,2026
西南林业大学,交通运输,081801,55,B,2026
无锡学院,交通运输,081801,56,B,2026
青海民族大学,交通运输,081801,57,B,2026
新疆农业大学,交通运输,081801,58,B,2026
昌吉学院,交通运输,081801,59,B,2026
广州航海学院,交通运输,081801,60,B,2026
常州工学院,交通运输,081801,61,B,2026
西安航空学院,交通运输,081801,61,B,2026
黄河交通学院,交通运输,081801,63,B,2026
黑龙江八一农垦大学,交通运输,081801,64,B,2026
沧州交通学院,交通运输,081801,65,B,2026
西南交通大学希望学院,交通运输,081801,66,B,2026
西安交通工程学院,交通运输,081801,67,B,2026
东南大学,交通工程,081802,1,A+,2026
同济大学,交通工程,081802,2,A+,2026
北京交通大学,交通工程,081802,3,A,2026
西南交通大学,交通工程,081802,4,A,2026
长安大学,交通工程,081802,5,A,2026
哈尔滨工业大学,交通工程,081802,6,A,2026
武汉理工大学,交通工程,081802,7,A,2026
北京工业大学,交通工程,081802,8,A,2026
清华大学,交通工程,081802,9,A,2026
长沙理工大学,交通工程,081802,10,A,2026
吉林大学,交通工程,081802,11,A,2026
大连海事大学,交通工程,081802,12,B+,2026
河海大学,交通工程,081802,13,B+,2026
合肥工业大学,交通工程,081802,14,B+,2026
重庆交通大学,交通工程,081802,15,B+,2026
上海海事大学,交通工程,081802,16,B+,2026
石家庄铁道大学,交通工程,081802,16,B+,2026
江苏大学,交通工程,081802,18,B+,2026
华中科技大学,交通工程,081802,19,B+,2026
华东交通大学,交通工程,081802,20,B+,2026
兰州交通大学,交通工程,081802,21,B+,2026
东北林业大学,交通工程,081802,22,B+,2026
大连交通大学,交通工程,081802,23,B+,2026
福州大学,交通工程,081802,24,B+,2026
中国民航大学,交通工程,081802,25,B+,2026
南京工业大学,交通工程,081802,26,B+,2026
河北工业大学,交通工程,081802,27,B+,2026
北京建筑大学,交通工程,081802,28,B+,2026
昆明理工大学,交通工程,081802,29,B+,2026
南京林业大学,交通工程,081802,30,B+,2026
武汉科技大学,交通工程,081802,31,B+,2026
扬州大学,交通工程,081802,32,B+,2026
桂林电子科技大学,交通工程,081802,33,B+,2026
新疆大学,交通工程,081802,34,B+,2026
上海理工大学,交通工程,081802,35,B+,2026
西安建筑科技大学,交通工程,081802,36,B,2026
山东理工大学,交通工程,081802,37,B,2026
苏州科技大学,交通工程,081802,38,B,2026
青岛理工大学,交通工程,081802,39,B,2026
西华大学,交通工程,081802,40,B,2026
广州大学,交通工程,081802,41,B,2026
五邑大学,交通工程,081802,42,B,2026
南通大学,交通工程,081802,43,B,2026
合肥大学,交通工程,081802,44,B,2026
山东交通学院,交通工程,081802,44,B,2026
华北水利水电大学,交通工程,081802,46,B,2026
沈阳建筑大学,交通工程,081802,47,B,2026
福建农林大学,交通工程,081802,48,B,2026
宁波工程学院,交通工程,081802,49,B,2026
安徽理工大学,交通工程,081802,50,B,2026
山东建筑大学,交通工程,081802,50,B,2026
南昌航空大学,交通工程,081802,52,B,2026
中国民用航空飞行学院,交通工程,081802,53,B,2026
北京联合大学,交通工程,081802,54,B,2026
吉林建筑大学,交通工程,081802,55,B,2026
太原科技大学,交通工程,081802,56,B,2026
黑龙江工程学院,交通工程,081802,57,B,2026
安徽建筑大学,交通工程,081802,58,B,2026
新疆农业大学,交通工程,081802,58,B,2026
大连海事大学,航海技术,081803K,1,A+,2026
武汉理工大学,航海技术,081803K,2,A+,2026
上海海事大学,航海技术,081803K,3,B+,2026
集美大学,航海技术,081803K,4,B+,2026
宁波大学,航海技术,081803K,5,B+,2026
重庆交通大学,航海技术,081803K,6,B+,2026
浙江海洋大学,航海技术,081803K,7,B,2026
广东海洋大学,航海技术,081803K,8,B,2026
大连海洋大学,航海技术,081803K,9,B,2026
广州航海学院,航海技术,081803K,10,B,2026
天津理工大学,航海技术,081803K,11,B,2026
大连海事大学,轮机工程,081804K,1,A+,2026
哈尔滨工程大学,轮机工程,081804K,2,A+,2026
武汉理工大学,轮机工程,081804K,3,B+,2026
上海海事大学,轮机工程,081804K,4,B+,2026
华中科技大学,轮机工程,081804K,5,B+,2026
集美大学,轮机工程,081804K,6,B+,2026
中国海洋大学,轮机工程,081804K,7,B+,2026
重庆交通大学,轮机工程,081804K,8,B+,2026
江苏科技大学,轮机工程,081804K,9,B,2026
宁波大学,轮机工程,081804K,10,B,2026
浙江海洋大学,轮机工程,081804K,11,B,2026
天津理工大学,轮机工程,081804K,12,B,2026
大连海洋大学,轮机工程,081804K,13,B,2026
中国民用航空飞行学院,飞行技术,081805K,1,A+,2026
南京航空航天大学,飞行技术,081805K,2,A+,2026
中国民航大学,飞行技术,081805K,3,B+,2026
北京航空航天大学,飞行技术,081805K,4,B+,2026
上海工程技术大学,飞行技术,081805K,5,B+,2026
中山大学,飞行技术,081805K,6,B+,2026
山东航空学院,飞行技术,081805K,7,B+,2026
黑龙江八一农垦大学,飞行技术,081805K,8,B+,2026
昆明理工大学,飞行技术,081805K,9,B,2026
常州工学院,飞行技术,081805K,10,B,2026
内蒙古工业大学,飞行技术,081805K,11,B,2026
郑州航空工业管理学院,飞行技术,081805K,11,B,2026
安阳工学院,飞行技术,081805K,13,B,2026
南昌航空大学,飞行技术,081805K,14,B,2026
中南大学,交通设备与控制工程,081806T,1,A+,2026
哈尔滨工业大学,交通设备与控制工程,081806T,2,A+,2026
北京工业大学,交通设备与控制工程,081806T,3,B+,2026
武汉理工大学,交通设备与控制工程,081806T,4,B+,2026
长安大学,交通设备与控制工程,081806T,5,B+,2026
重庆交通大学,交通设备与控制工程,081806T,6,B,2026
南通大学,交通设备与控制工程,081806T,7,B,2026
北方工业大学,交通设备与控制工程,081806T,8,B,2026
大连交通大学,交通设备与控制工程,081806T,9,B,2026
大连海事大学,救助与打捞工程,081807T,,,2026
山东交通学院,轨道交通电气与控制,081809T,1,A+,2026
西安交通工程学院,轨道交通电气与控制,081809T,2,A+,2026
广州航海学院,邮轮工程与管理,081810T,,,2026
北京航空航天大学,智慧交通,081811T,1,A+,2026
东南大学,智慧交通,081811T,2,A+,2026
西南交通大学,智慧交通,081811T,3,A,2026
哈尔滨工业大学,智慧交通,081811T,4,A,2026
中山大学,智慧交通,081811T,5,B+,2026
华南理工大学,智慧交通,081811T,6,B+,2026
石家庄铁道大学,智慧交通,081811T,7,B+,2026
重庆交通大学,智慧交通,081811T,8,B+,2026
中国民航大学,智慧交通,081811T,9,B+,2026
集美大学,智慧交通,081811T,10,B+,2026
深圳大学,智慧交通,081811T,11,B+,2026
北方工业大学,智慧交通,081811T,12,B+,2026
广州大学,智慧交通,081811T,13,B,2026
新疆大学,智慧交通,081811T,14,B,2026
山东科技大学,智慧交通,081811T,15,B,2026
西安建筑科技大学,智慧交通,081811T,16,B,2026
桂林电子科技大学,智慧交通,081811T,17,B,2026
山东建筑大学,智慧交通,081811T,18,B,2026
太原科技大学,智慧交通,081811T,18,B,2026
合肥大学,智慧交通,081811T,20,B,2026
北京交通大学,智能运输工程,081812T,1,A+,2026
河南科技大学,智能运输工程,081812T,2,A+,2026
上海交通大学,船舶与海洋工程,081901,1,A+,2026
哈尔滨工程大学,船舶与海洋工程,081901,2,A+,2026
西北工业大学,船舶与海洋工程,081901,3,A,2026
天津大学,船舶与海洋工程,081901,4,A,2026
大连理工大学,船舶与海洋工程,081901,5,B+,2026
武汉理工大学,船舶与海洋工程,081901,6,B+,2026
大连海事大学,船舶与海洋工程,081901,7,B+,2026
中国海洋大学,船舶与海洋工程,081901,8,B+,2026
华中科技大学,船舶与海洋工程,081901,9,B+,2026
江苏科技大学,船舶与海洋工程,081901,10,B+,2026
哈尔滨工业大学,船舶与海洋工程,081901,11,B+,2026
上海海事大学,船舶与海洋工程,081901,12,B+,2026
华南理工大学,船舶与海洋工程,081901,13,B,2026
河海大学,船舶与海洋工程,081901,14,B,2026
中国石油大学（华东）,船舶与海洋工程,081901,15,B,2026
宁波大学,船舶与海洋工程,081901,16,B,2026
重庆交通大学,船舶与海洋工程,081901,17,B,2026
浙江海洋大学,船舶与海洋工程,081901,18,B,2026
集美大学,船舶与海洋工程,081901,19,B,2026
长沙理工大学,船舶与海洋工程,081901,20,B,2026
西北工业大学,海洋工程与技术,081902T,1,A+,2026
浙江大学,海洋工程与技术,081902T,2,A+,2026
中山大学,海洋工程与技术,081902T,3,B+,2026
江苏科技大学,海洋工程与技术,081902T,4,B,2026
中国地质大学（武汉）,海洋工程与技术,081902T,5,B,2026
南方科技大学,海洋工程与技术,081902T,6,B,2026
中国海洋大学,海洋资源开发技术,081903T,1,A+,2026
山东大学,海洋资源开发技术,081903T,2,A+,2026
河海大学,海洋资源开发技术,081903T,3,B+,2026
江苏海洋大学,海洋资源开发技术,081903T,4,B+,2026
天津科技大学,海洋资源开发技术,081903T,5,B,2026
宁德师范学院,海洋资源开发技术,081903T,6,B,2026
盐城师范学院,海洋资源开发技术,081903T,7,B,2026
哈尔滨工程大学,海洋机器人,081904T,1,A+,2026
湖南科技大学,海洋机器人,081904T,2,A+,2026
哈尔滨工程大学,智慧海洋技术,081905T,1,A+,2026
浙江海洋大学,智慧海洋技术,081905T,2,A+,2026
广州航海学院,智能海洋装备,081906T,,,2026
华南理工大学,智能海洋装备,081906T,,,2026
青岛黄海学院,智能海洋装备,081906T,,,2026
清华大学,航空航天工程,082001,1,A+,2026
西北工业大学,航空航天工程,082001,2,A+,2026
北京航空航天大学,航空航天工程,082001,3,B+,2026
上海交通大学,航空航天工程,082001,4,B+,2026
南京航空航天大学,航空航天工程,082001,5,B+,2026
北京理工大学,航空航天工程,082001,6,B+,2026
北京大学,航空航天工程,082001,7,B,2026
中山大学,航空航天工程,082001,8,B,2026
电子科技大学,航空航天工程,082001,9,B,2026
四川大学,航空航天工程,082001,10,B,2026
中南大学,航空航天工程,082001,11,B,2026
北京航空航天大学,飞行器设计与工程,082002,1,A+,2026
西北工业大学,飞行器设计与工程,082002,2,A+,2026
哈尔滨工业大学,飞行器设计与工程,082002,3,A,2026
北京理工大学,飞行器设计与工程,082002,4,B+,2026
南京航空航天大学,飞行器设计与工程,082002,5,B+,2026
浙江大学,飞行器设计与工程,082002,6,B+,2026
西安交通大学,飞行器设计与工程,082002,7,B+,2026
厦门大学,飞行器设计与工程,082002,8,B+,2026
大连理工大学,飞行器设计与工程,082002,9,B+,2026
复旦大学,飞行器设计与工程,082002,10,B+,2026
华中科技大学,飞行器设计与工程,082002,11,B+,2026
南京理工大学,飞行器设计与工程,082002,12,B,2026
沈阳航空航天大学,飞行器设计与工程,082002,13,B,2026
哈尔滨工程大学,飞行器设计与工程,082002,14,B,2026
西南交通大学,飞行器设计与工程,082002,15,B,2026
南昌航空大学,飞行器设计与工程,082002,16,B,2026
西安电子科技大学,飞行器设计与工程,082002,17,B,2026
郑州航空工业管理学院,飞行器设计与工程,082002,18,B,2026
西北工业大学,飞行器制造工程,082003,1,A+,2026
哈尔滨工业大学,飞行器制造工程,082003,2,A+,2026
北京航空航天大学,飞行器制造工程,082003,3,A,2026
南京航空航天大学,飞行器制造工程,082003,4,A,2026
同济大学,飞行器制造工程,082003,5,B+,2026
沈阳航空航天大学,飞行器制造工程,082003,6,B+,2026
中国民航大学,飞行器制造工程,082003,7,B+,2026
南昌航空大学,飞行器制造工程,082003,8,B+,2026
中北大学,飞行器制造工程,082003,9,B+,2026
合肥工业大学,飞行器制造工程,082003,10,B+,2026
天津工业大学,飞行器制造工程,082003,11,B+,2026
上海工程技术大学,飞行器制造工程,082003,12,B+,2026
重庆交通大学,飞行器制造工程,082003,13,B+,2026
北华航天工业学院,飞行器制造工程,082003,14,B,2026
上海电机学院,飞行器制造工程,082003,15,B,2026
西安航空学院,飞行器制造工程,082003,16,B,2026
山东交通学院,飞行器制造工程,082003,17,B,2026
中国民用航空飞行学院,飞行器制造工程,082003,18,B,2026
郑州航空工业管理学院,飞行器制造工程,082003,19,B,2026
贵州理工学院,飞行器制造工程,082003,20,B,2026
常州工学院,飞行器制造工程,082003,21,B,2026
桂林航天工业学院,飞行器制造工程,082003,22,B,2026
北京航空航天大学,飞行器动力工程,082004,1,A+,2026
西北工业大学,飞行器动力工程,082004,2,A+,2026
哈尔滨工业大学,飞行器动力工程,082004,3,A,2026
南京航空航天大学,飞行器动力工程,082004,4,B+,2026
北京理工大学,飞行器动力工程,082004,5,B+,2026
厦门大学,飞行器动力工程,082004,6,B+,2026
西安交通大学,飞行器动力工程,082004,7,B+,2026
中国民航大学,飞行器动力工程,082004,8,B+,2026
哈尔滨工程大学,飞行器动力工程,082004,9,B+,2026
沈阳航空航天大学,飞行器动力工程,082004,10,B,2026
南昌航空大学,飞行器动力工程,082004,11,B,2026
郑州航空工业管理学院,飞行器动力工程,082004,12,B,2026
重庆交通大学,飞行器动力工程,082004,13,B,2026
中国民用航空飞行学院,飞行器动力工程,082004,14,B,2026
西华大学,飞行器动力工程,082004,15,B,2026
北京航空航天大学,飞行器环境与生命保障工程,082005,1,A+,2026
哈尔滨工业大学,飞行器环境与生命保障工程,082005,2,A+,2026
北京航空航天大学,飞行器质量与可靠性,082006T,1,A+,2026
沈阳航空航天大学,飞行器质量与可靠性,082006T,2,A+,2026
中国民航大学,飞行器质量与可靠性,082006T,3,B+,2026
郑州航空工业管理学院,飞行器质量与可靠性,082006T,4,B,2026
桂林航天工业学院,飞行器质量与可靠性,082006T,5,B,2026
北京航空航天大学,飞行器适航技术,082007T,1,A+,2026
南京航空航天大学,飞行器适航技术,082007T,2,A+,2026
沈阳航空航天大学,飞行器适航技术,082007T,3,B+,2026
中国民航大学,飞行器适航技术,082007T,4,B,2026
南昌航空大学,飞行器适航技术,082007T,5,B,2026
郑州航空工业管理学院,飞行器适航技术,082007T,6,B,2026
北京航空航天大学,飞行器控制与信息工程,082008T,1,A+,2026
西北工业大学,飞行器控制与信息工程,082008T,2,A+,2026
南京航空航天大学,飞行器控制与信息工程,082008T,3,B+,2026
四川大学,飞行器控制与信息工程,082008T,4,B+,2026
电子科技大学,飞行器控制与信息工程,082008T,5,B+,2026
昆明理工大学,飞行器控制与信息工程,082008T,6,B+,2026
中原工学院,飞行器控制与信息工程,082008T,7,B,2026
南昌航空大学,飞行器控制与信息工程,082008T,8,B,2026
中国消防救援学院,飞行器控制与信息工程,082008T,9,B,2026
西华师范大学,飞行器控制与信息工程,082008T,10,B,2026
北京航空航天大学,无人驾驶航空器系统工程,082009T,1,A+,2026
南京航空航天大学,无人驾驶航空器系统工程,082009T,2,A+,2026
电子科技大学,无人驾驶航空器系统工程,082009T,3,A,2026
中国民航大学,无人驾驶航空器系统工程,082009T,4,A,2026
中北大学,无人驾驶航空器系统工程,082009T,5,B+,2026
南昌航空大学,无人驾驶航空器系统工程,082009T,6,B+,2026
石河子大学,无人驾驶航空器系统工程,082009T,7,B+,2026
郑州航空工业管理学院,无人驾驶航空器系统工程,082009T,8,B+,2026
中国民用航空飞行学院,无人驾驶航空器系统工程,082009T,9,B+,2026
西华大学,无人驾驶航空器系统工程,082009T,10,B+,2026
中原工学院,无人驾驶航空器系统工程,082009T,11,B+,2026
深圳技术大学,无人驾驶航空器系统工程,082009T,12,B+,2026
北华航天工业学院,无人驾驶航空器系统工程,082009T,13,B,2026
台州学院,无人驾驶航空器系统工程,082009T,14,B,2026
山东航空学院,无人驾驶航空器系统工程,082009T,15,B,2026
天津中德应用技术大学,无人驾驶航空器系统工程,082009T,16,B,2026
山东交通学院,无人驾驶航空器系统工程,082009T,17,B,2026
西安航空学院,无人驾驶航空器系统工程,082009T,18,B,2026
广州航海学院,无人驾驶航空器系统工程,082009T,19,B,2026
滇西科技师范学院,无人驾驶航空器系统工程,082009T,20,B,2026
北京航空航天大学,智能飞行器技术,082010T,1,A+,2026
南京航空航天大学,智能飞行器技术,082010T,2,A+,2026
北京航空航天大学,空天智能电推进技术,082011T,,,2026
中国民航大学,飞行器运维工程,082012T,1,A+,2026
上海电机学院,飞行器运维工程,082012T,2,A+,2026
郑州航空工业管理学院,飞行器运维工程,082012T,3,B,2026
鄂尔多斯应用技术学院,飞行器运维工程,082012T,4,B,2026
南京理工大学,武器系统与工程,082101,1,A+,2026
北京理工大学,武器系统与工程,082101,2,A+,2026
中北大学,武器系统与工程,082101,3,B+,2026
西安工业大学,武器系统与工程,082101,4,B+,2026
北京理工大学,武器发射工程,082102,1,A+,2026
南京理工大学,武器发射工程,082102,2,A+,2026
中北大学,武器发射工程,082102,3,B+,2026
沈阳理工大学,武器发射工程,082102,4,B,2026
西北工业大学,探测制导与控制技术,082103,1,A+,2026
北京理工大学,探测制导与控制技术,082103,2,A+,2026
南京理工大学,探测制导与控制技术,082103,3,B+,2026
哈尔滨工业大学,探测制导与控制技术,082103,4,B+,2026
北京航空航天大学,探测制导与控制技术,082103,5,B+,2026
西安电子科技大学,探测制导与控制技术,082103,6,B+,2026
南京航空航天大学,探测制导与控制技术,082103,7,B,2026
中北大学,探测制导与控制技术,082103,8,B,2026
哈尔滨工程大学,探测制导与控制技术,082103,9,B,2026
长春理工大学,探测制导与控制技术,082103,10,B,2026
北京理工大学,弹药工程与爆炸技术,082104,1,A+,2026
南京理工大学,弹药工程与爆炸技术,082104,2,A+,2026
中北大学,弹药工程与爆炸技术,082104,3,B,2026
安徽理工大学,弹药工程与爆炸技术,082104,4,B,2026
北京理工大学,特种能源技术与工程,082105,1,A+,2026
南京理工大学,特种能源技术与工程,082105,2,A+,2026
中北大学,特种能源技术与工程,082105,3,B,2026
西南科技大学,特种能源技术与工程,082105,4,B,2026
北京理工大学,装甲车辆工程,082106,1,A+,2026
中北大学,装甲车辆工程,082106,2,A+,2026
重庆理工大学,装甲车辆工程,082106,3,B,2026
北京理工大学,信息对抗技术,082107,1,A+,2026
北京航空航天大学,信息对抗技术,082107,2,A+,2026
哈尔滨工业大学,信息对抗技术,082107,2,A+,2026
电子科技大学,信息对抗技术,082107,4,B+,2026
西安电子科技大学,信息对抗技术,082107,5,B+,2026
中北大学,信息对抗技术,082107,6,B+,2026
杭州电子科技大学,信息对抗技术,082107,7,B,2026
西安邮电大学,信息对抗技术,082107,8,B,2026
长春理工大学,信息对抗技术,082107,9,B,2026
西安工业大学,信息对抗技术,082107,10,B,2026
北京理工大学,智能无人系统技术,082108T,1,A+,2026
中北大学,智能无人系统技术,082108T,2,A+,2026
大连理工大学,智能无人系统技术,082108T,3,B+,2026
西安邮电大学,智能无人系统技术,082108T,4,B,2026
沈阳理工大学,智能无人系统技术,082108T,5,B,2026
清华大学,核工程与核技术,082201,1,A+,2026
西安交通大学,核工程与核技术,082201,2,A+,2026
上海交通大学,核工程与核技术,082201,3,A,2026
中国科学技术大学,核工程与核技术,082201,4,B+,2026
北京大学,核工程与核技术,082201,5,B+,2026
哈尔滨工业大学,核工程与核技术,082201,6,B+,2026
哈尔滨工程大学,核工程与核技术,082201,7,B+,2026
东南大学,核工程与核技术,082201,8,B+,2026
华北电力大学,核工程与核技术,082201,9,B+,2026
重庆大学,核工程与核技术,082201,10,B+,2026
华中科技大学,核工程与核技术,082201,10,B+,2026
武汉大学,核工程与核技术,082201,12,B,2026
兰州大学,核工程与核技术,082201,13,B,2026
四川大学,核工程与核技术,082201,14,B,2026
中山大学,核工程与核技术,082201,15,B,2026
复旦大学,核工程与核技术,082201,16,B,2026
南京航空航天大学,核工程与核技术,082201,17,B,2026
南华大学,核工程与核技术,082201,18,B,2026
兰州大学,辐射防护与核安全,082202,1,A+,2026
南京航空航天大学,辐射防护与核安全,082202,2,A+,2026
华北电力大学,辐射防护与核安全,082202,3,B+,2026
南华大学,辐射防护与核安全,082202,4,B,2026
成都理工大学,辐射防护与核安全,082202,5,B,2026
南京理工大学,辐射防护与核安全,082202,6,B,2026
清华大学,工程物理,082203,,,2026
中国科学技术大学,工程物理,082203,,,2026
哈尔滨工程大学,核化工与核燃料工程,082204,1,A+,2026
兰州大学,核化工与核燃料工程,082204,2,A+,2026
南华大学,核化工与核燃料工程,082204,3,B,2026
中国农业大学,农业工程,082301,1,A+,2026
浙江大学,农业工程,082301,2,A+,2026
四川农业大学,农业工程,082301,3,B,2026
中国农业大学,农业机械化及其自动化,082302,1,A+,2026
吉林大学,农业机械化及其自动化,082302,2,A+,2026
西北农林科技大学,农业机械化及其自动化,082302,3,A,2026
华中农业大学,农业机械化及其自动化,082302,4,B+,2026
华南农业大学,农业机械化及其自动化,082302,5,B+,2026
东北农业大学,农业机械化及其自动化,082302,6,B+,2026
江苏大学,农业机械化及其自动化,082302,7,B+,2026
南京农业大学,农业机械化及其自动化,082302,8,B+,2026
石河子大学,农业机械化及其自动化,082302,9,B+,2026
西南大学,农业机械化及其自动化,082302,10,B+,2026
山东农业大学,农业机械化及其自动化,082302,11,B+,2026
安徽农业大学,农业机械化及其自动化,082302,12,B,2026
河南农业大学,农业机械化及其自动化,082302,13,B,2026
四川农业大学,农业机械化及其自动化,082302,14,B,2026
山东理工大学,农业机械化及其自动化,082302,15,B,2026
河南科技大学,农业机械化及其自动化,082302,16,B,2026
贵州大学,农业机械化及其自动化,082302,17,B,2026
沈阳农业大学,农业机械化及其自动化,082302,18,B,2026
青岛农业大学,农业机械化及其自动化,082302,19,B,2026
江苏大学,农业电气化,082303,1,A+,2026
南京农业大学,农业电气化,082303,2,A+,2026
河北农业大学,农业电气化,082303,3,B+,2026
河南科技大学,农业电气化,082303,3,B+,2026
内蒙古农业大学,农业电气化,082303,5,B,2026
山西农业大学,农业电气化,082303,6,B,2026
黑龙江八一农垦大学,农业电气化,082303,7,B,2026
中国农业大学,农业建筑环境与能源工程,082304,1,A+,2026
东北农业大学,农业建筑环境与能源工程,082304,2,A+,2026
河南农业大学,农业建筑环境与能源工程,082304,3,B,2026
沈阳农业大学,农业建筑环境与能源工程,082304,4,B,2026
中国农业大学,农业水利工程,082305,1,A+,2026
西北农林科技大学,农业水利工程,082305,2,A+,2026
东北农业大学,农业水利工程,082305,3,A,2026
河海大学,农业水利工程,082305,4,B+,2026
武汉大学,农业水利工程,082305,5,B+,2026
石河子大学,农业水利工程,082305,6,B+,2026
昆明理工大学,农业水利工程,082305,7,B+,2026
西安理工大学,农业水利工程,082305,8,B+,2026
扬州大学,农业水利工程,082305,8,B+,2026
内蒙古农业大学,农业水利工程,082305,10,B+,2026
太原理工大学,农业水利工程,082305,11,B,2026
四川农业大学,农业水利工程,082305,12,B,2026
华北水利水电大学,农业水利工程,082305,13,B,2026
沈阳农业大学,农业水利工程,082305,14,B,2026
河南科技大学,农业水利工程,082305,15,B,2026
河北农业大学,农业水利工程,082305,16,B,2026
云南农业大学,农业水利工程,082305,17,B,2026
黑龙江大学,农业水利工程,082305,18,B,2026
中国农业大学,土地整治工程,082306T,1,A+,2026
中国地质大学（北京）,土地整治工程,082306T,2,A+,2026
长安大学,土地整治工程,082306T,3,B+,2026
河海大学,土地整治工程,082306T,4,B+,2026
东北农业大学,土地整治工程,082306T,5,B+,2026
河南农业大学,土地整治工程,082306T,6,B,2026
沈阳农业大学,土地整治工程,082306T,7,B,2026
内蒙古农业大学,土地整治工程,082306T,8,B,2026
中国农业大学,农业智能装备工程,082307T,1,A+,2026
西北农林科技大学,农业智能装备工程,082307T,2,A+,2026
江苏大学,农业智能装备工程,082307T,3,B+,2026
南京农业大学,农业智能装备工程,082307T,4,B+,2026
东北农业大学,农业智能装备工程,082307T,5,B+,2026
河南农业大学,农业智能装备工程,082307T,6,B+,2026
山东理工大学,农业智能装备工程,082307T,7,B+,2026
福建农林大学,农业智能装备工程,082307T,8,B,2026
山东农业大学,农业智能装备工程,082307T,9,B,2026
扬州大学,农业智能装备工程,082307T,10,B,2026
青岛农业大学,农业智能装备工程,082307T,11,B,2026
内蒙古农业大学,农业智能装备工程,082307T,12,B,2026
南京林业大学,森林工程,082401,1,A+,2026
西南林业大学,森林工程,082401,2,A+,2026
福建农林大学,森林工程,082401,3,B,2026
东北林业大学,木材科学与工程,082402,1,A+,2026
北京林业大学,木材科学与工程,082402,2,A+,2026
南京林业大学,木材科学与工程,082402,3,B+,2026
中南林业科技大学,木材科学与工程,082402,4,B+,2026
西北农林科技大学,木材科学与工程,082402,5,B+,2026
广西大学,木材科学与工程,082402,6,B,2026
浙江农林大学,木材科学与工程,082402,7,B,2026
福建农林大学,木材科学与工程,082402,8,B,2026
四川农业大学,木材科学与工程,082402,9,B,2026
东北林业大学,林产化工,082403,1,A+,2026
北京林业大学,林产化工,082403,2,A+,2026
南京林业大学,林产化工,082403,3,B,2026
西北农林科技大学,林产化工,082403,4,B,2026
南京林业大学,家具设计与工程,082404T,1,A+,2026
北京林业大学,家具设计与工程,082404T,2,A+,2026
东北林业大学,家具设计与工程,082404T,3,B+,2026
中南林业科技大学,家具设计与工程,082404T,4,B,2026
华南农业大学,家具设计与工程,082404T,5,B,2026
浙江农林大学,家具设计与工程,082404T,6,B,2026
南京林业大学,木结构建筑与材料,082405T,,,2026
内蒙古农业大学,木结构建筑与材料,082405T,,,2026
中南林业科技大学,木结构建筑与材料,082405T,,,2026
上海交通大学,环境科学与工程,082501,1,A+,2026
中国科学技术大学,环境科学与工程,082501,2,A+,2026
中山大学,环境科学与工程,082501,3,A,2026
南方科技大学,环境科学与工程,082501,4,A,2026
华南理工大学,环境科学与工程,082501,5,A,2026
西南大学,环境科学与工程,082501,6,B+,2026
暨南大学,环境科学与工程,082501,7,B+,2026
云南大学,环境科学与工程,082501,8,B+,2026
中国人民大学,环境科学与工程,082501,9,B+,2026
重庆交通大学,环境科学与工程,082501,10,B+,2026
成都理工大学,环境科学与工程,082501,11,B+,2026
浙江师范大学,环境科学与工程,082501,12,B+,2026
陕西科技大学,环境科学与工程,082501,13,B+,2026
青岛大学,环境科学与工程,082501,14,B+,2026
浙江农林大学,环境科学与工程,082501,15,B+,2026
上海海洋大学,环境科学与工程,082501,16,B,2026
辽宁工业大学,环境科学与工程,082501,17,B,2026
宁夏大学,环境科学与工程,082501,17,B,2026
浙江海洋大学,环境科学与工程,082501,17,B,2026
湖南工商大学,环境科学与工程,082501,20,B,2026
烟台大学,环境科学与工程,082501,21,B,2026
云南农业大学,环境科学与工程,082501,22,B,2026
成都工业学院,环境科学与工程,082501,23,B,2026
江西农业大学,环境科学与工程,082501,24,B,2026
重庆文理学院,环境科学与工程,082501,25,B,2026
内蒙古工业大学,环境科学与工程,082501,26,B,2026
清华大学,环境工程,082502,1,A+,2026
同济大学,环境工程,082502,2,A+,2026
哈尔滨工业大学,环境工程,082502,3,A+,2026
南京大学,环境工程,082502,4,A+,2026
浙江大学,环境工程,082502,5,A+,2026
北京大学,环境工程,082502,6,A+,2026
天津大学,环境工程,082502,7,A+,2026
南开大学,环境工程,082502,8,A,2026
大连理工大学,环境工程,082502,9,A,2026
北京师范大学,环境工程,082502,10,A,2026
重庆大学,环境工程,082502,11,A,2026
中山大学,环境工程,082502,12,A,2026
华东理工大学,环境工程,082502,13,A,2026
河海大学,环境工程,082502,14,A,2026
中国地质大学（武汉）,环境工程,082502,15,A,2026
东南大学,环境工程,082502,16,A,2026
华南理工大学,环境工程,082502,17,A,2026
武汉大学,环境工程,082502,18,A,2026
华中科技大学,环境工程,082502,19,A,2026
四川大学,环境工程,082502,19,A,2026
山东大学,环境工程,082502,21,A,2026
西安交通大学,环境工程,082502,22,A,2026
湖南大学,环境工程,082502,23,A,2026
中国海洋大学,环境工程,082502,24,A,2026
北京工业大学,环境工程,082502,25,A,2026
吉林大学,环境工程,082502,26,A,2026
东华大学,环境工程,082502,27,A,2026
南京理工大学,环境工程,082502,27,A,2026
北京科技大学,环境工程,082502,29,A,2026
西安建筑科技大学,环境工程,082502,29,A,2026
中南大学,环境工程,082502,31,A,2026
广东工业大学,环境工程,082502,32,A,2026
江南大学,环境工程,082502,33,A,2026
昆明理工大学,环境工程,082502,34,A,2026
华北电力大学,环境工程,082502,35,A,2026
浙江工业大学,环境工程,082502,36,A,2026
广州大学,环境工程,082502,37,A,2026
中国矿业大学,环境工程,082502,37,A,2026
东北师范大学,环境工程,082502,39,B+,2026
中国农业大学,环境工程,082502,40,B+,2026
江苏大学,环境工程,082502,41,B+,2026
兰州大学,环境工程,082502,42,B+,2026
山西大学,环境工程,082502,43,B+,2026
中国地质大学（北京）,环境工程,082502,43,B+,2026
桂林理工大学,环境工程,082502,45,B+,2026
南昌航空大学,环境工程,082502,45,B+,2026
上海大学,环境工程,082502,47,B+,2026
郑州大学,环境工程,082502,48,B+,2026
贵州大学,环境工程,082502,49,B+,2026
南京农业大学,环境工程,082502,49,B+,2026
南京信息工程大学,环境工程,082502,51,B+,2026
北京化工大学,环境工程,082502,52,B+,2026
北京林业大学,环境工程,082502,53,B+,2026
福州大学,环境工程,082502,54,B+,2026
长安大学,环境工程,082502,55,B+,2026
西南科技大学,环境工程,082502,55,B+,2026
华南师范大学,环境工程,082502,57,B+,2026
东北大学,环境工程,082502,58,B+,2026
武汉理工大学,环境工程,082502,59,B+,2026
广西大学,环境工程,082502,60,B+,2026
北京建筑大学,环境工程,082502,61,B+,2026
辽宁大学,环境工程,082502,61,B+,2026
河北工业大学,环境工程,082502,63,B+,2026
南京工业大学,环境工程,082502,63,B+,2026
天津工业大学,环境工程,082502,63,B+,2026
合肥工业大学,环境工程,082502,66,B+,2026
西北农林科技大学,环境工程,082502,67,B+,2026
浙江工商大学,环境工程,082502,68,B+,2026
上海理工大学,环境工程,082502,69,B+,2026
湘潭大学,环境工程,082502,69,B+,2026
成都理工大学,环境工程,082502,71,B+,2026
青岛理工大学,环境工程,082502,71,B+,2026
太原理工大学,环境工程,082502,71,B+,2026
华中农业大学,环境工程,082502,74,B+,2026
南昌大学,环境工程,082502,74,B+,2026
苏州科技大学,环境工程,082502,76,B+,2026
大连海事大学,环境工程,082502,77,B+,2026
中国石油大学（北京）,环境工程,082502,77,B+,2026
中国石油大学（华东）,环境工程,082502,77,B+,2026
深圳大学,环境工程,082502,80,B+,2026
南京林业大学,环境工程,082502,81,B+,2026
中国矿业大学（北京）,环境工程,082502,82,B+,2026
南京师范大学,环境工程,082502,83,B+,2026
华南农业大学,环境工程,082502,84,B+,2026
北京航空航天大学,环境工程,082502,85,B+,2026
西南交通大学,环境工程,082502,86,B+,2026
北京交通大学,环境工程,082502,87,B+,2026
西南石油大学,环境工程,082502,88,B+,2026
杭州电子科技大学,环境工程,082502,89,B+,2026
西安理工大学,环境工程,082502,90,B+,2026
河北科技大学,环境工程,082502,91,B+,2026
福建师范大学,环境工程,082502,92,B+,2026
成都信息工程大学,环境工程,082502,93,B+,2026
桂林电子科技大学,环境工程,082502,94,B+,2026
大连交通大学,环境工程,082502,95,B+,2026
武汉工程大学,环境工程,082502,96,B+,2026
扬州大学,环境工程,082502,97,B+,2026
四川农业大学,环境工程,082502,98,B+,2026
北京工商大学,环境工程,082502,99,B+,2026
陕西科技大学,环境工程,082502,100,B+,2026
常州大学,环境工程,082502,101,B+,2026
东华理工大学,环境工程,082502,102,B+,2026
苏州大学,环境工程,082502,103,B+,2026
内蒙古大学,环境工程,082502,104,B+,2026
重庆工商大学,环境工程,082502,105,B+,2026
燕山大学,环境工程,082502,105,B+,2026
宁波大学,环境工程,082502,107,B+,2026
山东科技大学,环境工程,082502,108,B+,2026
东北电力大学,环境工程,082502,109,B+,2026
杭州师范大学,环境工程,082502,110,B+,2026
华侨大学,环境工程,082502,111,B+,2026
中央民族大学,环境工程,082502,111,B+,2026
安徽理工大学,环境工程,082502,113,B+,2026
宁波诺丁汉大学,环境工程,082502,113,B+,2026
福建农林大学,环境工程,082502,115,B,2026
湖北大学,环境工程,082502,115,B,2026
上海师范大学,环境工程,082502,115,B,2026
安徽工业大学,环境工程,082502,118,B,2026
武汉科技大学,环境工程,082502,119,B,2026
西北大学,环境工程,082502,119,B,2026
江苏科技大学,环境工程,082502,121,B,2026
齐鲁工业大学,环境工程,082502,121,B,2026
天津科技大学,环境工程,082502,123,B,2026
天津理工大学,环境工程,082502,123,B,2026
青岛科技大学,环境工程,082502,125,B,2026
武汉纺织大学,环境工程,082502,125,B,2026
西安科技大学,环境工程,082502,125,B,2026
中北大学,环境工程,082502,128,B,2026
长江大学,环境工程,082502,129,B,2026
三峡大学,环境工程,082502,129,B,2026
南华大学,环境工程,082502,131,B,2026
东北石油大学,环境工程,082502,132,B,2026
湖北工业大学,环境工程,082502,132,B,2026
北京石油化工学院,环境工程,082502,134,B,2026
沈阳航空航天大学,环境工程,082502,134,B,2026
兰州交通大学,环境工程,082502,136,B,2026
四川师范大学,环境工程,082502,137,B,2026
河南师范大学,环境工程,082502,138,B,2026
中南民族大学,环境工程,082502,138,B,2026
济南大学,环境工程,082502,140,B,2026
上海电力大学,环境工程,082502,140,B,2026
上海工程技术大学,环境工程,082502,140,B,2026
沈阳大学,环境工程,082502,143,B,2026
江汉大学,环境工程,082502,144,B,2026
汕头大学,环境工程,082502,144,B,2026
沈阳工业大学,环境工程,082502,144,B,2026
温州大学,环境工程,082502,147,B,2026
上海第二工业大学,环境工程,082502,148,B,2026
河北大学,环境工程,082502,149,B,2026
安徽建筑大学,环境工程,082502,150,B,2026
东莞理工学院,环境工程,082502,150,B,2026
厦门理工学院,环境工程,082502,152,B,2026
中国计量大学,环境工程,082502,152,B,2026
华北水利水电大学,环境工程,082502,154,B,2026
辽宁工程技术大学,环境工程,082502,155,B,2026
西安工程大学,环境工程,082502,155,B,2026
江西理工大学,环境工程,082502,157,B,2026
新疆大学,环境工程,082502,157,B,2026
黑龙江科技大学,环境工程,082502,159,B,2026
武汉轻工大学,环境工程,082502,159,B,2026
广西师范大学,环境工程,082502,161,B,2026
沈阳建筑大学,环境工程,082502,162,B,2026
华东交通大学,环境工程,082502,163,B,2026
上海海事大学,环境工程,082502,164,B,2026
石河子大学,环境工程,082502,165,B,2026
青海大学,环境工程,082502,166,B,2026
兰州理工大学,环境工程,082502,167,B,2026
河南工业大学,环境工程,082502,168,B,2026
辽宁石油化工大学,环境工程,082502,168,B,2026
盐城工学院,环境工程,082502,168,B,2026
沈阳化工大学,环境工程,082502,171,B,2026
安徽师范大学,环境工程,082502,172,B,2026
中南林业科技大学,环境工程,082502,172,B,2026
安徽农业大学,环境工程,082502,174,B,2026
郑州轻工业大学,环境工程,082502,175,B,2026
湖南农业大学,环境工程,082502,176,B,2026
成都大学,环境工程,082502,177,B,2026
湖北理工学院,环境工程,082502,177,B,2026
西安石油大学,环境工程,082502,177,B,2026
江苏理工学院,环境工程,082502,180,B,2026
福建理工大学,环境工程,082502,181,B,2026
集美大学,环境工程,082502,182,B,2026
东北农业大学,环境工程,082502,183,B,2026
广东石油化工学院,环境工程,082502,183,B,2026
大连民族大学,环境工程,082502,185,B,2026
南京工程学院,环境工程,082502,185,B,2026
沈阳理工大学,环境工程,082502,185,B,2026
河南理工大学,环境工程,082502,188,B,2026
太原科技大学,环境工程,082502,188,B,2026
四川轻化工大学,环境工程,082502,190,B,2026
嘉兴大学,环境工程,082502,191,B,2026
北京大学,环境科学,082503,1,A+,2026
浙江大学,环境科学,082503,2,A+,2026
南京大学,环境科学,082503,3,A+,2026
哈尔滨工业大学,环境科学,082503,4,A+,2026
北京师范大学,环境科学,082503,5,A,2026
复旦大学,环境科学,082503,6,A,2026
南开大学,环境科学,082503,7,A,2026
同济大学,环境科学,082503,7,A,2026
天津大学,环境科学,082503,9,A,2026
中山大学,环境科学,082503,10,A,2026
河海大学,环境科学,082503,11,A,2026
武汉大学,环境科学,082503,12,A,2026
吉林大学,环境科学,082503,13,A,2026
山东大学,环境科学,082503,14,A,2026
重庆大学,环境科学,082503,15,A,2026
中国海洋大学,环境科学,082503,15,A,2026
华东师范大学,环境科学,082503,17,A,2026
厦门大学,环境科学,082503,18,A,2026
南京信息工程大学,环境科学,082503,19,A,2026
湖南大学,环境科学,082503,20,A,2026
北京科技大学,环境科学,082503,21,B+,2026
兰州大学,环境科学,082503,22,B+,2026
浙江工业大学,环境科学,082503,23,B+,2026
东北师范大学,环境科学,082503,24,B+,2026
广东工业大学,环境科学,082503,25,B+,2026
北京工业大学,环境科学,082503,26,B+,2026
山西大学,环境科学,082503,27,B+,2026
郑州大学,环境科学,082503,28,B+,2026
江南大学,环境科学,082503,29,B+,2026
海南大学,环境科学,082503,30,B+,2026
华北电力大学,环境科学,082503,31,B+,2026
西安建筑科技大学,环境科学,082503,32,B+,2026
昆明理工大学,环境科学,082503,33,B+,2026
北京林业大学,环境科学,082503,34,B+,2026
西北农林科技大学,环境科学,082503,35,B+,2026
南京农业大学,环境科学,082503,36,B+,2026
南京师范大学,环境科学,082503,37,B+,2026
东北大学,环境科学,082503,38,B+,2026
华南师范大学,环境科学,082503,38,B+,2026
广州大学,环境科学,082503,40,B+,2026
华中农业大学,环境科学,082503,40,B+,2026
东华大学,环境科学,082503,42,B+,2026
湘潭大学,环境科学,082503,43,B+,2026
安徽大学,环境科学,082503,44,B+,2026
北京建筑大学,环境科学,082503,45,B+,2026
武汉理工大学,环境科学,082503,46,B+,2026
中央民族大学,环境科学,082503,47,B+,2026
浙江工商大学,环境科学,082503,48,B+,2026
内蒙古大学,环境科学,082503,49,B+,2026
苏州科技大学,环境科学,082503,49,B+,2026
西北大学,环境科学,082503,51,B+,2026
南京林业大学,环境科学,082503,52,B+,2026
青岛理工大学,环境科学,082503,52,B+,2026
贵州大学,环境科学,082503,54,B+,2026
华南农业大学,环境科学,082503,55,B+,2026
中国药科大学,环境科学,082503,56,B+,2026
成都信息工程大学,环境科学,082503,57,B+,2026
扬州大学,环境科学,082503,58,B+,2026
河南大学,环境科学,082503,59,B+,2026
天津科技大学,环境科学,082503,60,B+,2026
西藏大学,环境科学,082503,61,B,2026
河南师范大学,环境科学,082503,62,B,2026
广西师范大学,环境科学,082503,63,B,2026
河北师范大学,环境科学,082503,63,B,2026
山东师范大学,环境科学,082503,63,B,2026
四川农业大学,环境科学,082503,63,B,2026
兰州交通大学,环境科学,082503,67,B,2026
安徽农业大学,环境科学,082503,68,B,2026
中南林业科技大学,环境科学,082503,69,B,2026
武汉纺织大学,环境科学,082503,70,B,2026
齐鲁工业大学,环境科学,082503,71,B,2026
新疆大学,环境科学,082503,72,B,2026
东北林业大学,环境科学,082503,73,B,2026
昆山杜克大学,环境科学,082503,73,B,2026
沈阳农业大学,环境科学,082503,75,B,2026
中南民族大学,环境科学,082503,76,B,2026
安徽师范大学,环境科学,082503,77,B,2026
武汉工程大学,环境科学,082503,77,B,2026
重庆文理学院,环境科学,082503,79,B,2026
宁波诺丁汉大学,环境科学,082503,80,B,2026
东北农业大学,环境科学,082503,81,B,2026
贵州师范大学,环境科学,082503,81,B,2026
河北科技大学,环境科学,082503,83,B,2026
南通大学,环境科学,082503,84,B,2026
青海大学,环境科学,082503,85,B,2026
河北大学,环境科学,082503,86,B,2026
山东农业大学,环境科学,082503,87,B,2026
太原科技大学,环境科学,082503,88,B,2026
天津理工大学,环境科学,082503,88,B,2026
北师香港浸会大学,环境科学,082503,90,B,2026
青岛科技大学,环境科学,082503,91,B,2026
西华师范大学,环境科学,082503,92,B,2026
山西农业大学,环境科学,082503,93,B,2026
沈阳药科大学,环境科学,082503,94,B,2026
西交利物浦大学,环境科学,082503,94,B,2026
青岛农业大学,环境科学,082503,96,B,2026
西南林业大学,环境科学,082503,97,B,2026
重庆三峡科技大学,环境科学,082503,98,B,2026
仲恺农业工程学院,环境科学,082503,99,B,2026
广东海洋大学,环境科学,082503,100,B,2026
重庆大学,环境生态工程,082504,1,A+,2026
北京师范大学,环境生态工程,082504,2,A+,2026
大连理工大学,环境生态工程,082504,3,A,2026
哈尔滨工业大学,环境生态工程,082504,4,A,2026
河海大学,环境生态工程,082504,5,A,2026
广东工业大学,环境生态工程,082504,6,A,2026
华东师范大学,环境生态工程,082504,7,A,2026
厦门大学,环境生态工程,082504,8,A,2026
南京信息工程大学,环境生态工程,082504,9,B+,2026
华中农业大学,环境生态工程,082504,10,B+,2026
中国地质大学（北京）,环境生态工程,082504,11,B+,2026
辽宁大学,环境生态工程,082504,12,B+,2026
成都理工大学,环境生态工程,082504,13,B+,2026
北京建筑大学,环境生态工程,082504,14,B+,2026
四川农业大学,环境生态工程,082504,15,B+,2026
内蒙古大学,环境生态工程,082504,16,B+,2026
苏州科技大学,环境生态工程,082504,17,B+,2026
陕西科技大学,环境生态工程,082504,18,B+,2026
青海大学,环境生态工程,082504,19,B+,2026
厦门理工学院,环境生态工程,082504,20,B+,2026
安徽建筑大学,环境生态工程,082504,21,B+,2026
青岛农业大学,环境生态工程,082504,22,B+,2026
沈阳大学,环境生态工程,082504,22,B+,2026
太原科技大学,环境生态工程,082504,24,B+,2026
西藏民族大学,环境生态工程,082504,24,B+,2026
湖南工业大学,环境生态工程,082504,26,B,2026
辽宁石油化工大学,环境生态工程,082504,27,B,2026
辽宁工程技术大学,环境生态工程,082504,28,B,2026
山西师范大学,环境生态工程,082504,29,B,2026
西华师范大学,环境生态工程,082504,29,B,2026
贵州民族大学,环境生态工程,082504,31,B,2026
淮北师范大学,环境生态工程,082504,32,B,2026
台州学院,环境生态工程,082504,33,B,2026
河南农业大学,环境生态工程,082504,34,B,2026
河南科技学院,环境生态工程,082504,35,B,2026
大连民族大学,环境生态工程,082504,36,B,2026
西南林业大学,环境生态工程,082504,37,B,2026
沈阳师范大学,环境生态工程,082504,38,B,2026
浙江水利水电学院,环境生态工程,082504,38,B,2026
贵阳学院,环境生态工程,082504,40,B,2026
玉溪师范学院,环境生态工程,082504,41,B,2026
西安文理学院,环境生态工程,082504,42,B,2026
武夷学院,环境生态工程,082504,43,B,2026
江苏大学,环保设备工程,082505T,1,A+,2026
中国石油大学（华东）,环保设备工程,082505T,2,A+,2026
青岛理工大学,环保设备工程,082505T,3,B+,2026
上海第二工业大学,环保设备工程,082505T,4,B+,2026
太原科技大学,环保设备工程,082505T,5,B+,2026
广东石油化工学院,环保设备工程,082505T,6,B,2026
沈阳工业大学,环保设备工程,082505T,7,B,2026
烟台大学,环保设备工程,082505T,8,B,2026
中国农业大学,资源环境科学,082506T,1,A+,2026
北京师范大学,资源环境科学,082506T,2,A+,2026
华南理工大学,资源环境科学,082506T,3,B+,2026
西北农林科技大学,资源环境科学,082506T,4,B+,2026
昆明理工大学,资源环境科学,082506T,5,B+,2026
扬州大学,资源环境科学,082506T,6,B+,2026
太原科技大学,资源环境科学,082506T,7,B,2026
上海师范大学,资源环境科学,082506T,8,B,2026
仲恺农业工程学院,资源环境科学,082506T,9,B,2026
河南科技大学,资源环境科学,082506T,10,B,2026
南京工业大学,水质科学与技术,082507T,1,A+,2026
南京工程学院,水质科学与技术,082507T,2,A+,2026
河南工业大学,水质科学与技术,082507T,3,B+,2026
南阳师范学院,水质科学与技术,082507T,4,B,2026
四川文理学院,水质科学与技术,082507T,5,B,2026
东南大学,生物医学工程,082601,1,A+,2026
清华大学,生物医学工程,082601,2,A+,2026
上海交通大学,生物医学工程,082601,3,A,2026
北京大学,生物医学工程,082601,4,A,2026
北京航空航天大学,生物医学工程,082601,5,A,2026
华中科技大学,生物医学工程,082601,6,A,2026
复旦大学,生物医学工程,082601,7,A,2026
西安交通大学,生物医学工程,082601,7,A,2026
天津大学,生物医学工程,082601,9,A,2026
浙江大学,生物医学工程,082601,9,A,2026
四川大学,生物医学工程,082601,11,A,2026
电子科技大学,生物医学工程,082601,12,A,2026
北京理工大学,生物医学工程,082601,13,A,2026
中山大学,生物医学工程,082601,14,A,2026
大连理工大学,生物医学工程,082601,15,B+,2026
重庆大学,生物医学工程,082601,16,B+,2026
南方科技大学,生物医学工程,082601,17,B+,2026
华南理工大学,生物医学工程,082601,18,B+,2026
南方医科大学,生物医学工程,082601,19,B+,2026
深圳大学,生物医学工程,082601,20,B+,2026
暨南大学,生物医学工程,082601,21,B+,2026
首都医科大学,生物医学工程,082601,22,B+,2026
山东大学,生物医学工程,082601,23,B+,2026
海南大学,生物医学工程,082601,24,B+,2026
西安电子科技大学,生物医学工程,082601,25,B+,2026
东北大学,生物医学工程,082601,26,B+,2026
上海科技大学,生物医学工程,082601,26,B+,2026
天津医科大学,生物医学工程,082601,28,B+,2026
上海理工大学,生物医学工程,082601,29,B+,2026
湖南大学,生物医学工程,082601,30,B+,2026
南京大学,生物医学工程,082601,31,B+,2026
上海大学,生物医学工程,082601,32,B+,2026
重庆医科大学,生物医学工程,082601,33,B+,2026
南京航空航天大学,生物医学工程,082601,33,B+,2026
广州医科大学,生物医学工程,082601,35,B+,2026
南京医科大学,生物医学工程,082601,36,B+,2026
北京工业大学,生物医学工程,082601,37,B+,2026
中南大学,生物医学工程,082601,38,B+,2026
温州医科大学,生物医学工程,082601,39,B+,2026
西南交通大学,生物医学工程,082601,39,B+,2026
河北工业大学,生物医学工程,082601,41,B+,2026
南京邮电大学,生物医学工程,082601,42,B+,2026
合肥工业大学,生物医学工程,082601,43,B+,2026
北京化工大学,生物医学工程,082601,44,B,2026
太原理工大学,生物医学工程,082601,45,B,2026
上海中医药大学,生物医学工程,082601,46,B,2026
天津工业大学,生物医学工程,082601,47,B,2026
东华大学,生物医学工程,082601,48,B,2026
河南医药大学,生物医学工程,082601,49,B,2026
哈尔滨医科大学,生物医学工程,082601,50,B,2026
长春理工大学,生物医学工程,082601,51,B,2026
桂林电子科技大学,生物医学工程,082601,52,B,2026
香港中文大学（深圳）,生物医学工程,082601,53,B,2026
福州大学,生物医学工程,082601,54,B,2026
中国医科大学,生物医学工程,082601,55,B,2026
安徽医科大学,生物医学工程,082601,56,B,2026
沈阳药科大学,生物医学工程,082601,57,B,2026
中北大学,生物医学工程,082601,58,B,2026
徐州医科大学,生物医学工程,082601,59,B,2026
重庆邮电大学,生物医学工程,082601,60,B,2026
西安工业大学,生物医学工程,082601,61,B,2026
山东第一医科大学,生物医学工程,082601,62,B,2026
广东工业大学,生物医学工程,082601,63,B,2026
中南民族大学,生物医学工程,082601,64,B,2026
广西医科大学,生物医学工程,082601,65,B,2026
内蒙古大学,生物医学工程,082601,66,B,2026
广州中医药大学,生物医学工程,082601,67,B,2026
汕头大学,生物医学工程,082601,68,B,2026
湖北科技学院,生物医学工程,082601,69,B,2026
贵州医科大学,生物医学工程,082601,70,B,2026
南昌航空大学,生物医学工程,082601,71,B,2026
江苏大学,生物医学工程,082601,72,B,2026
山东第二医科大学,生物医学工程,082601,73,B,2026
西南医科大学,生物医学工程,082601,73,B,2026
首都医科大学,假肢矫形工程,082602T,1,A+,2026
徐州医科大学,假肢矫形工程,082602T,2,A+,2026
山东医药大学,假肢矫形工程,082602T,3,B,2026
赣南医科大学,假肢矫形工程,082602T,4,B,2026
上海健康医学院,临床工程技术,082603T,,,2026
上海理工大学,康复工程,082604T,1,A+,2026
上海健康医学院,康复工程,082604T,2,A+,2026
长治医学院,康复工程,082604T,3,B,2026
上海交通大学,健康科学与技术,082605T,,,2026
江南大学,食品科学与工程,082701,1,A+,2026
中国海洋大学,食品科学与工程,082701,2,A+,2026
中国农业大学,食品科学与工程,082701,3,A+,2026
浙江大学,食品科学与工程,082701,4,A+,2026
华南理工大学,食品科学与工程,082701,5,A+,2026
南昌大学,食品科学与工程,082701,6,A+,2026
东北农业大学,食品科学与工程,082701,7,A,2026
华中农业大学,食品科学与工程,082701,8,A,2026
南京农业大学,食品科学与工程,082701,9,A,2026
上海交通大学,食品科学与工程,082701,10,A,2026
大连工业大学,食品科学与工程,082701,11,A,2026
合肥工业大学,食品科学与工程,082701,12,A,2026
华南农业大学,食品科学与工程,082701,12,A,2026
江苏大学,食品科学与工程,082701,14,A,2026
天津科技大学,食品科学与工程,082701,15,A,2026
西北农林科技大学,食品科学与工程,082701,16,A,2026
吉林大学,食品科学与工程,082701,17,A,2026
北京工商大学,食品科学与工程,082701,18,A,2026
西南大学,食品科学与工程,082701,19,A,2026
浙江工商大学,食品科学与工程,082701,20,A,2026
上海海洋大学,食品科学与工程,082701,21,A,2026
暨南大学,食品科学与工程,082701,22,A,2026
上海理工大学,食品科学与工程,082701,23,A,2026
福建农林大学,食品科学与工程,082701,24,A,2026
海南大学,食品科学与工程,082701,25,A,2026
南京财经大学,食品科学与工程,082701,26,A,2026
集美大学,食品科学与工程,082701,27,A,2026
贵州大学,食品科学与工程,082701,28,A,2026
陕西师范大学,食品科学与工程,082701,29,A,2026
南京师范大学,食品科学与工程,082701,30,A,2026
中南林业科技大学,食品科学与工程,082701,31,B+,2026
宁波大学,食品科学与工程,082701,32,B+,2026
四川农业大学,食品科学与工程,082701,33,B+,2026
吉林农业大学,食品科学与工程,082701,34,B+,2026
宁夏大学,食品科学与工程,082701,34,B+,2026
内蒙古农业大学,食品科学与工程,082701,36,B+,2026
浙江工业大学,食品科学与工程,082701,36,B+,2026
河南工业大学,食品科学与工程,082701,38,B+,2026
陕西科技大学,食品科学与工程,082701,39,B+,2026
天津大学,食品科学与工程,082701,40,B+,2026
山东农业大学,食品科学与工程,082701,41,B+,2026
沈阳农业大学,食品科学与工程,082701,42,B+,2026
北京林业大学,食品科学与工程,082701,43,B+,2026
华东理工大学,食品科学与工程,082701,44,B+,2026
福州大学,食品科学与工程,082701,45,B+,2026
武汉轻工大学,食品科学与工程,082701,46,B+,2026
西北大学,食品科学与工程,082701,47,B+,2026
南京工业大学,食品科学与工程,082701,48,B+,2026
扬州大学,食品科学与工程,082701,48,B+,2026
广西大学,食品科学与工程,082701,50,B+,2026
石河子大学,食品科学与工程,082701,50,B+,2026
四川大学,食品科学与工程,082701,50,B+,2026
郑州轻工业大学,食品科学与工程,082701,53,B+,2026
成都大学,食品科学与工程,082701,54,B+,2026
河南农业大学,食品科学与工程,082701,55,B+,2026
河南科技大学,食品科学与工程,082701,56,B+,2026
湖南农业大学,食品科学与工程,082701,57,B+,2026
天津商业大学,食品科学与工程,082701,57,B+,2026
青岛农业大学,食品科学与工程,082701,59,B+,2026
长沙理工大学,食品科学与工程,082701,60,B+,2026
安徽农业大学,食品科学与工程,082701,61,B+,2026
南京林业大学,食品科学与工程,082701,61,B+,2026
河北农业大学,食品科学与工程,082701,63,B+,2026
江西农业大学,食品科学与工程,082701,64,B+,2026
广东工业大学,食品科学与工程,082701,65,B+,2026
山西农业大学,食品科学与工程,082701,66,B+,2026
延边大学,食品科学与工程,082701,67,B+,2026
东北林业大学,食品科学与工程,082701,68,B+,2026
深圳大学,食品科学与工程,082701,69,B+,2026
广东海洋大学,食品科学与工程,082701,70,B+,2026
湘潭大学,食品科学与工程,082701,71,B+,2026
湖北工业大学,食品科学与工程,082701,72,B+,2026
昆明理工大学,食品科学与工程,082701,72,B+,2026
浙江农林大学,食品科学与工程,082701,74,B+,2026
青海大学,食品科学与工程,082701,75,B+,2026
齐鲁工业大学,食品科学与工程,082701,76,B+,2026
西华大学,食品科学与工程,082701,77,B+,2026
长江大学,食品科学与工程,082701,78,B+,2026
安徽工程大学,食品科学与工程,082701,79,B+,2026
渤海大学,食品科学与工程,082701,80,B+,2026
重庆工商大学,食品科学与工程,082701,81,B+,2026
青岛大学,食品科学与工程,082701,82,B+,2026
云南农业大学,食品科学与工程,082701,83,B+,2026
辽宁大学,食品科学与工程,082701,84,B+,2026
安徽大学,食品科学与工程,082701,85,B+,2026
黑龙江八一农垦大学,食品科学与工程,082701,85,B+,2026
山西大学,食品科学与工程,082701,87,B+,2026
新疆大学,食品科学与工程,082701,87,B+,2026
浙江海洋大学,食品科学与工程,082701,89,B+,2026
江苏海洋大学,食品科学与工程,082701,90,B+,2026
上海应用技术大学,食品科学与工程,082701,90,B+,2026
沈阳药科大学,食品科学与工程,082701,92,B,2026
山东理工大学,食品科学与工程,082701,93,B,2026
河北科技大学,食品科学与工程,082701,94,B,2026
北京农学院,食品科学与工程,082701,95,B,2026
西南民族大学,食品科学与工程,082701,96,B,2026
山东师范大学,食品科学与工程,082701,97,B,2026
合肥大学,食品科学与工程,082701,98,B,2026
天津农学院,食品科学与工程,082701,98,B,2026
烟台大学,食品科学与工程,082701,100,B,2026
湖北民族大学,食品科学与工程,082701,101,B,2026
四川轻化工大学,食品科学与工程,082701,101,B,2026
浙江科技大学,食品科学与工程,082701,103,B,2026
哈尔滨商业大学,食品科学与工程,082701,104,B,2026
江苏科技大学,食品科学与工程,082701,105,B,2026
鲁东大学,食品科学与工程,082701,105,B,2026
甘肃农业大学,食品科学与工程,082701,107,B,2026
北方民族大学,食品科学与工程,082701,108,B,2026
仲恺农业工程学院,食品科学与工程,082701,108,B,2026
北京联合大学,食品科学与工程,082701,110,B,2026
安徽师范大学,食品科学与工程,082701,111,B,2026
东莞理工学院,食品科学与工程,082701,112,B,2026
西南科技大学,食品科学与工程,082701,113,B,2026
长江师范学院,食品科学与工程,082701,114,B,2026
安徽科技工程大学,食品科学与工程,082701,115,B,2026
武汉工程大学,食品科学与工程,082701,115,B,2026
盐城工学院,食品科学与工程,082701,115,B,2026
佛山大学,食品科学与工程,082701,118,B,2026
徐州工程学院,食品科学与工程,082701,118,B,2026
广东石油化工学院,食品科学与工程,082701,120,B,2026
大连海洋大学,食品科学与工程,082701,121,B,2026
西南林业大学,食品科学与工程,082701,122,B,2026
北师香港浸会大学,食品科学与工程,082701,123,B,2026
兰州理工大学,食品科学与工程,082701,124,B,2026
福建师范大学,食品科学与工程,082701,125,B,2026
齐齐哈尔大学,食品科学与工程,082701,126,B,2026
吉首大学,食品科学与工程,082701,127,B,2026
河南科技学院,食品科学与工程,082701,128,B,2026
锦州医科大学,食品科学与工程,082701,128,B,2026
陕西理工大学,食品科学与工程,082701,130,B,2026
淮安大学,食品科学与工程,082701,131,B,2026
沈阳师范大学,食品科学与工程,082701,131,B,2026
黑龙江大学,食品科学与工程,082701,133,B,2026
长春工业大学,食品科学与工程,082701,134,B,2026
西北民族大学,食品科学与工程,082701,135,B,2026
湖北师范大学,食品科学与工程,082701,136,B,2026
黄冈师范学院,食品科学与工程,082701,137,B,2026
湖南中医药大学,食品科学与工程,082701,137,B,2026
吉林工程技术师范学院,食品科学与工程,082701,139,B,2026
山西师范大学,食品科学与工程,082701,139,B,2026
河北工程大学,食品科学与工程,082701,141,B,2026
贺州学院,食品科学与工程,082701,142,B,2026
新疆农业大学,食品科学与工程,082701,142,B,2026
广西科技大学,食品科学与工程,082701,144,B,2026
贵阳学院,食品科学与工程,082701,144,B,2026
大连民族大学,食品科学与工程,082701,146,B,2026
闽南师范大学,食品科学与工程,082701,147,B,2026
南阳理工学院,食品科学与工程,082701,148,B,2026
苏州工学院,食品科学与工程,082701,149,B,2026
重庆三峡科技大学,食品科学与工程,082701,150,B,2026
哈尔滨理工大学,食品科学与工程,082701,151,B,2026
山西中医药大学,食品科学与工程,082701,151,B,2026
金陵科技学院,食品科学与工程,082701,153,B,2026
江南大学,食品质量与安全,082702,1,A+,2026
南昌大学,食品质量与安全,082702,2,A+,2026
中国农业大学,食品质量与安全,082702,2,A+,2026
南京农业大学,食品质量与安全,082702,4,A+,2026
华南理工大学,食品质量与安全,082702,5,A+,2026
北京工商大学,食品质量与安全,082702,6,A,2026
浙江工商大学,食品质量与安全,082702,7,A,2026
西北农林科技大学,食品质量与安全,082702,8,A,2026
华中农业大学,食品质量与安全,082702,9,A,2026
合肥工业大学,食品质量与安全,082702,10,A,2026
吉林大学,食品质量与安全,082702,10,A,2026
大连工业大学,食品质量与安全,082702,12,A,2026
江苏大学,食品质量与安全,082702,13,A,2026
东北农业大学,食品质量与安全,082702,14,A,2026
西南大学,食品质量与安全,082702,15,A,2026
天津科技大学,食品质量与安全,082702,16,A,2026
华南农业大学,食品质量与安全,082702,17,A,2026
扬州大学,食品质量与安全,082702,18,A,2026
上海理工大学,食品质量与安全,082702,19,A,2026
南京财经大学,食品质量与安全,082702,20,A,2026
海南大学,食品质量与安全,082702,21,A,2026
上海海洋大学,食品质量与安全,082702,21,A,2026
福建农林大学,食品质量与安全,082702,23,A,2026
贵州大学,食品质量与安全,082702,24,A,2026
四川农业大学,食品质量与安全,082702,25,A,2026
浙江工业大学,食品质量与安全,082702,26,B+,2026
河南工业大学,食品质量与安全,082702,27,B+,2026
陕西科技大学,食品质量与安全,082702,28,B+,2026
沈阳农业大学,食品质量与安全,082702,29,B+,2026
武汉轻工大学,食品质量与安全,082702,30,B+,2026
石河子大学,食品质量与安全,082702,31,B+,2026
内蒙古农业大学,食品质量与安全,082702,32,B+,2026
青岛农业大学,食品质量与安全,082702,33,B+,2026
集美大学,食品质量与安全,082702,34,B+,2026
河南科技大学,食品质量与安全,082702,35,B+,2026
渤海大学,食品质量与安全,082702,36,B+,2026
山东农业大学,食品质量与安全,082702,37,B+,2026
河南农业大学,食品质量与安全,082702,38,B+,2026
华东理工大学,食品质量与安全,082702,39,B+,2026
中南林业科技大学,食品质量与安全,082702,40,B+,2026
山西农业大学,食品质量与安全,082702,41,B+,2026
齐鲁工业大学,食品质量与安全,082702,42,B+,2026
广东海洋大学,食品质量与安全,082702,43,B+,2026
中国计量大学,食品质量与安全,082702,44,B+,2026
吉林农业大学,食品质量与安全,082702,45,B+,2026
河北农业大学,食品质量与安全,082702,46,B+,2026
湖南农业大学,食品质量与安全,082702,46,B+,2026
南京林业大学,食品质量与安全,082702,48,B+,2026
成都大学,食品质量与安全,082702,49,B+,2026
郑州轻工业大学,食品质量与安全,082702,50,B+,2026
昆明理工大学,食品质量与安全,082702,51,B+,2026
云南农业大学,食品质量与安全,082702,51,B+,2026
江西农业大学,食品质量与安全,082702,53,B+,2026
河北科技大学,食品质量与安全,082702,54,B+,2026
西华大学,食品质量与安全,082702,55,B+,2026
北京农学院,食品质量与安全,082702,56,B+,2026
长江大学,食品质量与安全,082702,57,B+,2026
浙江农林大学,食品质量与安全,082702,57,B+,2026
江苏科技大学,食品质量与安全,082702,59,B+,2026
天津商业大学,食品质量与安全,082702,59,B+,2026
苏州工学院,食品质量与安全,082702,61,B+,2026
成都中医药大学,食品质量与安全,082702,62,B+,2026
安徽农业大学,食品质量与安全,082702,63,B+,2026
中南民族大学,食品质量与安全,082702,63,B+,2026
烟台大学,食品质量与安全,082702,65,B+,2026
广东药科大学,食品质量与安全,082702,66,B+,2026
浙江海洋大学,食品质量与安全,082702,67,B+,2026
常州大学,食品质量与安全,082702,68,B+,2026
天津农学院,食品质量与安全,082702,68,B+,2026
甘肃农业大学,食品质量与安全,082702,70,B+,2026
沈阳药科大学,食品质量与安全,082702,71,B+,2026
黑龙江八一农垦大学,食品质量与安全,082702,72,B+,2026
江苏海洋大学,食品质量与安全,082702,72,B+,2026
北京联合大学,食品质量与安全,082702,74,B+,2026
大连海洋大学,食品质量与安全,082702,74,B+,2026
锦州医科大学,食品质量与安全,082702,76,B+,2026
重庆师范大学,食品质量与安全,082702,77,B+,2026
四川轻化工大学,食品质量与安全,082702,77,B+,2026
佛山大学,食品质量与安全,082702,79,B,2026
四川师范大学,食品质量与安全,082702,80,B,2026
遵义医科大学,食品质量与安全,082702,80,B,2026
南京中医药大学,食品质量与安全,082702,82,B,2026
上海商学院,食品质量与安全,082702,82,B,2026
仲恺农业工程学院,食品质量与安全,082702,84,B,2026
成都医学院,食品质量与安全,082702,85,B,2026
江汉大学,食品质量与安全,082702,86,B,2026
山东第二医科大学,食品质量与安全,082702,87,B,2026
哈尔滨商业大学,食品质量与安全,082702,88,B,2026
长春大学,食品质量与安全,082702,89,B,2026
西南民族大学,食品质量与安全,082702,90,B,2026
安徽中医药大学,食品质量与安全,082702,91,B,2026
滁州学院,食品质量与安全,082702,91,B,2026
陕西理工大学,食品质量与安全,082702,93,B,2026
湖北中医药大学,食品质量与安全,082702,94,B,2026
江西中医药大学,食品质量与安全,082702,95,B,2026
云南中医药大学,食品质量与安全,082702,96,B,2026
盐城工学院,食品质量与安全,082702,97,B,2026
贵州医科大学,食品质量与安全,082702,98,B,2026
浙江万里学院,食品质量与安全,082702,98,B,2026
许昌学院,食品质量与安全,082702,100,B,2026
河南科技学院,食品质量与安全,082702,101,B,2026
贵阳学院,食品质量与安全,082702,102,B,2026
沈阳医学院,食品质量与安全,082702,103,B,2026
安徽科技工程大学,食品质量与安全,082702,104,B,2026
蚌埠医科大学,食品质量与安全,082702,105,B,2026
大理大学,食品质量与安全,082702,105,B,2026
滇西科技师范学院,食品质量与安全,082702,105,B,2026
贵州中医药大学,食品质量与安全,082702,108,B,2026
山西师范大学,食品质量与安全,082702,109,B,2026
杭州医学院,食品质量与安全,082702,110,B,2026
齐齐哈尔大学,食品质量与安全,082702,110,B,2026
武夷学院,食品质量与安全,082702,112,B,2026
徐州工程学院,食品质量与安全,082702,112,B,2026
成都师范学院,食品质量与安全,082702,114,B,2026
贺州学院,食品质量与安全,082702,114,B,2026
阜阳师范大学,食品质量与安全,082702,116,B,2026
大连民族大学,食品质量与安全,082702,117,B,2026
四川工业科技学院,食品质量与安全,082702,118,B,2026
广东第二师范学院,食品质量与安全,082702,119,B,2026
重庆第二师范学院,食品质量与安全,082702,120,B,2026
河北北方学院,食品质量与安全,082702,121,B,2026
新疆农业大学,食品质量与安全,082702,122,B,2026
齐鲁师范学院,食品质量与安全,082702,123,B,2026
河北科技师范学院,食品质量与安全,082702,124,B,2026
淮阴师范学院,食品质量与安全,082702,124,B,2026
信阳师范大学,食品质量与安全,082702,126,B,2026
吉林医药学院,食品质量与安全,082702,127,B,2026
北部湾大学,食品质量与安全,082702,128,B,2026
河南工业大学,粮食工程,082703,1,A+,2026
东北农业大学,粮食工程,082703,2,A+,2026
南京财经大学,粮食工程,082703,3,B+,2026
吉林农业大学,粮食工程,082703,4,B+,2026
武汉轻工大学,粮食工程,082703,5,B,2026
中南林业科技大学,粮食工程,082703,6,B,2026
青岛农业大学,粮食工程,082703,7,B,2026
黑龙江八一农垦大学,粮食工程,082703,8,B,2026
东北农业大学,乳品工程,082704,1,A+,2026
内蒙古农业大学,乳品工程,082704,2,A+,2026
江南大学,酿酒工程,082705,1,A+,2026
中国农业大学,酿酒工程,082705,2,A+,2026
北京工商大学,酿酒工程,082705,3,B+,2026
贵州大学,酿酒工程,082705,4,B+,2026
吉林农业大学,酿酒工程,082705,5,B+,2026
齐鲁工业大学,酿酒工程,082705,6,B+,2026
四川轻化工大学,酿酒工程,082705,7,B+,2026
湖南农业大学,酿酒工程,082705,8,B+,2026
北京农学院,酿酒工程,082705,9,B,2026
齐齐哈尔大学,酿酒工程,082705,10,B,2026
绍兴大学,酿酒工程,082705,11,B,2026
河北科技师范学院,酿酒工程,082705,12,B,2026
吉首大学,酿酒工程,082705,12,B,2026
贵州理工学院,酿酒工程,082705,14,B,2026
中国农业大学,葡萄与葡萄酒工程,082706T,1,A+,2026
西北农林科技大学,葡萄与葡萄酒工程,082706T,2,A+,2026
大连工业大学,葡萄与葡萄酒工程,082706T,3,B+,2026
宁夏大学,葡萄与葡萄酒工程,082706T,4,B+,2026
石河子大学,葡萄与葡萄酒工程,082706T,5,B+,2026
山西农业大学,葡萄与葡萄酒工程,082706T,6,B,2026
山东农业大学,葡萄与葡萄酒工程,082706T,7,B,2026
沈阳药科大学,葡萄与葡萄酒工程,082706T,8,B,2026
齐鲁工业大学,葡萄与葡萄酒工程,082706T,9,B,2026
遵义师范学院,食品营养与检验教育,082707T,1,A+,2026
吉林工程技术师范学院,食品营养与检验教育,082707T,2,A+,2026
齐齐哈尔医学院,食品营养与检验教育,082707T,3,B+,2026
新疆理工学院,食品营养与检验教育,082707T,4,B,2026
贵阳信息科技学院,食品营养与检验教育,082707T,5,B,2026
广州工商学院,食品营养与检验教育,082707T,6,B,2026
扬州大学,烹饪与营养教育,082708T,1,A+,2026
哈尔滨商业大学,烹饪与营养教育,082708T,2,A+,2026
北京联合大学,烹饪与营养教育,082708T,3,B+,2026
湖北经济学院,烹饪与营养教育,082708T,4,B+,2026
武汉商学院,烹饪与营养教育,082708T,5,B+,2026
济南大学,烹饪与营养教育,082708T,6,B+,2026
昆明学院,烹饪与营养教育,082708T,7,B+,2026
四川旅游学院,烹饪与营养教育,082708T,8,B+,2026
桂林旅游学院,烹饪与营养教育,082708T,9,B,2026
安徽科技工程大学,烹饪与营养教育,082708T,10,B,2026
北部湾大学,烹饪与营养教育,082708T,11,B,2026
韩山师范学院,烹饪与营养教育,082708T,12,B,2026
黄山学院,烹饪与营养教育,082708T,13,B,2026
福建商学院,烹饪与营养教育,082708T,14,B,2026
重庆工商大学,食品安全与检测,082709T,1,A+,2026
湖北大学,食品安全与检测,082709T,2,A+,2026
上海师范大学,食品安全与检测,082709T,3,B+,2026
临沂大学,食品安全与检测,082709T,4,B,2026
西安文理学院,食品安全与检测,082709T,5,B,2026
云南民族大学,食品安全与检测,082709T,6,B,2026
中国农业大学,食品营养与健康,082710T,1,A+,2026
江南大学,食品营养与健康,082710T,2,A+,2026
中国海洋大学,食品营养与健康,082710T,3,A,2026
南京农业大学,食品营养与健康,082710T,4,A,2026
南昌大学,食品营养与健康,082710T,5,A,2026
西北农林科技大学,食品营养与健康,082710T,6,A,2026
华中农业大学,食品营养与健康,082710T,7,A,2026
东北农业大学,食品营养与健康,082710T,8,A,2026
合肥工业大学,食品营养与健康,082710T,9,B+,2026
天津科技大学,食品营养与健康,082710T,10,B+,2026
北京工商大学,食品营养与健康,082710T,11,B+,2026
江苏大学,食品营养与健康,082710T,12,B+,2026
大连工业大学,食品营养与健康,082710T,13,B+,2026
暨南大学,食品营养与健康,082710T,14,B+,2026
陕西师范大学,食品营养与健康,082710T,15,B+,2026
福建农林大学,食品营养与健康,082710T,16,B+,2026
四川农业大学,食品营养与健康,082710T,17,B+,2026
中国药科大学,食品营养与健康,082710T,18,B+,2026
武汉轻工大学,食品营养与健康,082710T,19,B+,2026
山东农业大学,食品营养与健康,082710T,20,B+,2026
河南农业大学,食品营养与健康,082710T,21,B+,2026
渤海大学,食品营养与健康,082710T,22,B+,2026
沈阳农业大学,食品营养与健康,082710T,23,B+,2026
长沙理工大学,食品营养与健康,082710T,24,B+,2026
湖南农业大学,食品营养与健康,082710T,25,B+,2026
郑州轻工业大学,食品营养与健康,082710T,26,B,2026
河南科技大学,食品营养与健康,082710T,27,B,2026
齐鲁工业大学,食品营养与健康,082710T,27,B,2026
山西农业大学,食品营养与健康,082710T,29,B,2026
云南农业大学,食品营养与健康,082710T,30,B,2026
广东海洋大学,食品营养与健康,082710T,31,B,2026
河北农业大学,食品营养与健康,082710T,32,B,2026
东莞理工学院,食品营养与健康,082710T,33,B,2026
黑龙江八一农垦大学,食品营养与健康,082710T,34,B,2026
广东药科大学,食品营养与健康,082710T,35,B,2026
北京农学院,食品营养与健康,082710T,36,B,2026
成都医学院,食品营养与健康,082710T,37,B,2026
甘肃农业大学,食品营养与健康,082710T,38,B,2026
锦州医科大学,食品营养与健康,082710T,39,B,2026
安徽科技工程大学,食品营养与健康,082710T,40,B,2026
江西中医药大学,食品营养与健康,082710T,41,B,2026
浙江万里学院,食品营养与健康,082710T,42,B,2026
楚雄师范学院,食用菌科学与工程,082711T,,,2026
山西农业大学,食用菌科学与工程,082711T,,,2026
西南林业大学,食用菌科学与工程,082711T,,,2026
茅台学院,白酒酿造工程,082712T,,,2026
保山学院,咖啡科学与工程,082713T,,,2026
普洱学院,咖啡科学与工程,082713T,,,2026
云南农业大学,咖啡科学与工程,082713T,,,2026
东南大学,建筑学,082801,1,A+,2026
清华大学,建筑学,082801,2,A+,2026
同济大学,建筑学,082801,3,A+,2026
哈尔滨工业大学,建筑学,082801,4,A+,2026
华南理工大学,建筑学,082801,5,A+,2026
天津大学,建筑学,082801,6,A+,2026
重庆大学,建筑学,082801,7,A,2026
西安建筑科技大学,建筑学,082801,8,A,2026
浙江大学,建筑学,082801,9,A,2026
南京大学,建筑学,082801,10,A,2026
深圳大学,建筑学,082801,11,A,2026
西南交通大学,建筑学,082801,12,A,2026
大连理工大学,建筑学,082801,13,A,2026
厦门大学,建筑学,082801,14,A,2026
北京建筑大学,建筑学,082801,15,A,2026
湖南大学,建筑学,082801,15,A,2026
华中科技大学,建筑学,082801,17,A,2026
武汉大学,建筑学,082801,18,A,2026
西安交通大学,建筑学,082801,19,A,2026
苏州大学,建筑学,082801,20,A,2026
合肥工业大学,建筑学,082801,21,A,2026
中南大学,建筑学,082801,22,A,2026
中央美术学院,建筑学,082801,23,A,2026
北京交通大学,建筑学,082801,24,A,2026
河北工业大学,建筑学,082801,25,A,2026
北京工业大学,建筑学,082801,26,A,2026
广东工业大学,建筑学,082801,27,A,2026
华侨大学,建筑学,082801,28,A,2026
山东建筑大学,建筑学,082801,28,A,2026
青岛理工大学,建筑学,082801,30,A,2026
郑州大学,建筑学,082801,31,B+,2026
南京工业大学,建筑学,082801,32,B+,2026
上海大学,建筑学,082801,33,B+,2026
沈阳建筑大学,建筑学,082801,34,B+,2026
广州大学,建筑学,082801,35,B+,2026
西北工业大学,建筑学,082801,36,B+,2026
中国矿业大学,建筑学,082801,37,B+,2026
重庆交通大学,建筑学,082801,38,B+,2026
内蒙古工业大学,建筑学,082801,38,B+,2026
太原理工大学,建筑学,082801,40,B+,2026
武汉理工大学,建筑学,082801,40,B+,2026
苏州科技大学,建筑学,082801,42,B+,2026
安徽建筑大学,建筑学,082801,43,B+,2026
福州大学,建筑学,082801,44,B+,2026
长沙理工大学,建筑学,082801,45,B+,2026
长安大学,建筑学,082801,46,B+,2026
昆明理工大学,建筑学,082801,47,B+,2026
四川大学,建筑学,082801,48,B+,2026
东北大学,建筑学,082801,49,B+,2026
西南民族大学,建筑学,082801,50,B+,2026
中国美术学院,建筑学,082801,51,B+,2026
南昌大学,建筑学,082801,52,B+,2026
浙江工业大学,建筑学,082801,53,B+,2026
广西大学,建筑学,082801,54,B+,2026
扬州大学,建筑学,082801,55,B+,2026
山东大学,建筑学,082801,56,B+,2026
湖北工业大学,建筑学,082801,57,B+,2026
湖南科技大学,建筑学,082801,58,B+,2026
贵州大学,建筑学,082801,59,B+,2026
河南大学,建筑学,082801,59,B+,2026
北方工业大学,建筑学,082801,61,B+,2026
浙江理工大学,建筑学,082801,62,B+,2026
中国矿业大学（北京）,建筑学,082801,63,B+,2026
宁波大学,建筑学,082801,64,B+,2026
新疆大学,建筑学,082801,65,B+,2026
中国石油大学（华东）,建筑学,082801,66,B+,2026
兰州交通大学,建筑学,082801,67,B+,2026
华东交通大学,建筑学,082801,68,B+,2026
燕山大学,建筑学,082801,69,B+,2026
石家庄铁道大学,建筑学,082801,70,B+,2026
吉林建筑大学,建筑学,082801,71,B+,2026
长江大学,建筑学,082801,72,B+,2026
云南大学,建筑学,082801,72,B+,2026
兰州理工大学,建筑学,082801,74,B+,2026
西安理工大学,建筑学,082801,75,B+,2026
河南工业大学,建筑学,082801,76,B+,2026
厦门理工学院,建筑学,082801,76,B+,2026
烟台大学,建筑学,082801,76,B+,2026
河北大学,建筑学,082801,79,B+,2026
广州美术学院,建筑学,082801,80,B+,2026
宁夏大学,建筑学,082801,81,B+,2026
成都理工大学,建筑学,082801,82,B+,2026
武汉科技大学,建筑学,082801,82,B+,2026
河南科技大学,建筑学,082801,84,B+,2026
山东科技大学,建筑学,082801,84,B+,2026
河北工程大学,建筑学,082801,86,B+,2026
安徽理工大学,建筑学,082801,87,B+,2026
浙大城市学院,建筑学,082801,88,B+,2026
河南理工大学,建筑学,082801,89,B+,2026
宁波诺丁汉大学,建筑学,082801,89,B+,2026
天津城建大学,建筑学,082801,89,B+,2026
浙江农林大学,建筑学,082801,89,B+,2026
华北水利水电大学,建筑学,082801,93,B,2026
江西师范大学,建筑学,082801,93,B,2026
武汉工程大学,建筑学,082801,95,B,2026
海南大学,建筑学,082801,96,B,2026
三峡大学,建筑学,082801,97,B,2026
华南农业大学,建筑学,082801,98,B,2026
沈阳工业大学,建筑学,082801,98,B,2026
内蒙古科技大学,建筑学,082801,100,B,2026
四川农业大学,建筑学,082801,100,B,2026
福建理工大学,建筑学,082801,102,B,2026
武汉轻工大学,建筑学,082801,102,B,2026
西藏大学,建筑学,082801,104,B,2026
温州肯恩大学,建筑学,082801,105,B,2026
辽宁工业大学,建筑学,082801,106,B,2026
四川美术学院,建筑学,082801,107,B,2026
西交利物浦大学,建筑学,082801,107,B,2026
安徽工程大学,建筑学,082801,109,B,2026
汕头大学,建筑学,082801,109,B,2026
南通大学,建筑学,082801,111,B,2026
西华大学,建筑学,082801,111,B,2026
温州大学,建筑学,082801,113,B,2026
南华大学,建筑学,082801,114,B,2026
五邑大学,建筑学,082801,115,B,2026
大连民族大学,建筑学,082801,116,B,2026
河北建筑工程学院,建筑学,082801,117,B,2026
济南大学,建筑学,082801,117,B,2026
山东农业大学,建筑学,082801,117,B,2026
西安科技大学,建筑学,082801,117,B,2026
成都大学,建筑学,082801,121,B,2026
上海应用技术大学,建筑学,082801,122,B,2026
沈阳大学,建筑学,082801,122,B,2026
金陵科技学院,建筑学,082801,124,B,2026
石河子大学,建筑学,082801,124,B,2026
辽宁科技大学,建筑学,082801,126,B,2026
浙江科技大学,建筑学,082801,127,B,2026
哈尔滨理工大学,建筑学,082801,128,B,2026
陕西理工大学,建筑学,082801,129,B,2026
西南科技大学,建筑学,082801,129,B,2026
辽宁工程技术大学,建筑学,082801,131,B,2026
南京工程学院,建筑学,082801,132,B,2026
绍兴大学,建筑学,082801,133,B,2026
惠州学院,建筑学,082801,134,B,2026
南阳理工学院,建筑学,082801,135,B,2026
贵州民族大学,建筑学,082801,136,B,2026
大理大学,建筑学,082801,137,B,2026
佛山大学,建筑学,082801,138,B,2026
浙大宁波理工学院,建筑学,082801,138,B,2026
重庆科技大学,建筑学,082801,140,B,2026
长春工程学院,建筑学,082801,141,B,2026
江苏海洋大学,建筑学,082801,141,B,2026
合肥大学,建筑学,082801,143,B,2026
湖南工业大学,建筑学,082801,143,B,2026
常州工学院,建筑学,082801,145,B,2026
广西科技大学,建筑学,082801,146,B,2026
黑龙江科技大学,建筑学,082801,147,B,2026
中南林业科技大学,建筑学,082801,147,B,2026
云南农业大学,建筑学,082801,149,B,2026
温州理工学院,建筑学,082801,150,B,2026
河南城建学院,建筑学,082801,151,B,2026
湖南城市学院,建筑学,082801,152,B,2026
台州学院,建筑学,082801,153,B,2026
大连大学,建筑学,082801,154,B,2026
盐城工学院,建筑学,082801,154,B,2026
同济大学,城乡规划,082802,1,A+,2026
清华大学,城乡规划,082802,2,A+,2026
东南大学,城乡规划,082802,3,A+,2026
南京大学,城乡规划,082802,4,A+,2026
哈尔滨工业大学,城乡规划,082802,5,A,2026
天津大学,城乡规划,082802,6,A,2026
华中科技大学,城乡规划,082802,7,A,2026
重庆大学,城乡规划,082802,8,A,2026
华南理工大学,城乡规划,082802,9,A,2026
武汉大学,城乡规划,082802,10,A,2026
深圳大学,城乡规划,082802,11,A,2026
中山大学,城乡规划,082802,12,A,2026
北京林业大学,城乡规划,082802,13,A,2026
西安建筑科技大学,城乡规划,082802,14,A,2026
湖南大学,城乡规划,082802,15,A,2026
浙江工业大学,城乡规划,082802,16,A,2026
北京工业大学,城乡规划,082802,17,A,2026
南京林业大学,城乡规划,082802,18,A,2026
贵州大学,城乡规划,082802,19,A,2026
西南交通大学,城乡规划,082802,20,A,2026
浙江大学,城乡规划,082802,21,A,2026
福州大学,城乡规划,082802,22,A,2026
苏州科技大学,城乡规划,082802,23,B+,2026
长安大学,城乡规划,082802,24,B+,2026
广东工业大学,城乡规划,082802,25,B+,2026
大连理工大学,城乡规划,082802,26,B+,2026
东北大学,城乡规划,082802,27,B+,2026
北京建筑大学,城乡规划,082802,28,B+,2026
北京交通大学,城乡规划,082802,28,B+,2026
西北大学,城乡规划,082802,30,B+,2026
厦门大学,城乡规划,082802,31,B+,2026
苏州大学,城乡规划,082802,32,B+,2026
合肥工业大学,城乡规划,082802,33,B+,2026
广州大学,城乡规划,082802,34,B+,2026
中南大学,城乡规划,082802,35,B+,2026
南京工业大学,城乡规划,082802,36,B+,2026
山东建筑大学,城乡规划,082802,37,B+,2026
四川农业大学,城乡规划,082802,37,B+,2026
浙江农林大学,城乡规划,082802,39,B+,2026
郑州大学,城乡规划,082802,40,B+,2026
北京大学,城乡规划,082802,41,B+,2026
云南大学,城乡规划,082802,42,B+,2026
沈阳建筑大学,城乡规划,082802,43,B+,2026
太原理工大学,城乡规划,082802,44,B+,2026
浙江工商大学,城乡规划,082802,45,B+,2026
福建理工大学,城乡规划,082802,46,B+,2026
青岛理工大学,城乡规划,082802,47,B+,2026
中国矿业大学,城乡规划,082802,47,B+,2026
上海大学,城乡规划,082802,49,B+,2026
武汉理工大学,城乡规划,082802,49,B+,2026
华侨大学,城乡规划,082802,51,B+,2026
长沙理工大学,城乡规划,082802,52,B+,2026
北方工业大学,城乡规划,082802,53,B+,2026
东北林业大学,城乡规划,082802,54,B+,2026
昆明理工大学,城乡规划,082802,54,B+,2026
武汉工程大学,城乡规划,082802,56,B+,2026
浙江财经大学,城乡规划,082802,56,B+,2026
江西师范大学,城乡规划,082802,58,B+,2026
安徽建筑大学,城乡规划,082802,59,B+,2026
西安科技大学,城乡规划,082802,60,B+,2026
桂林理工大学,城乡规划,082802,61,B+,2026
西南民族大学,城乡规划,082802,62,B+,2026
浙江师范大学,城乡规划,082802,63,B+,2026
中国农业大学,城乡规划,082802,64,B+,2026
安徽农业大学,城乡规划,082802,65,B+,2026
南昌大学,城乡规划,082802,65,B+,2026
天津城建大学,城乡规划,082802,65,B+,2026
济南大学,城乡规划,082802,68,B,2026
江苏师范大学,城乡规划,082802,69,B,2026
浙江科技大学,城乡规划,082802,70,B,2026
西北农林科技大学,城乡规划,082802,71,B,2026
东华理工大学,城乡规划,082802,72,B,2026
吉林建筑大学,城乡规划,082802,73,B,2026
湖南科技大学,城乡规划,082802,74,B,2026
长江大学,城乡规划,082802,75,B,2026
内蒙古工业大学,城乡规划,082802,76,B,2026
河北农业大学,城乡规划,082802,77,B,2026
河南农业大学,城乡规划,082802,78,B,2026
湖南工业大学,城乡规划,082802,78,B,2026
湖南城市学院,城乡规划,082802,80,B,2026
新疆大学,城乡规划,082802,81,B,2026
兰州交通大学,城乡规划,082802,82,B,2026
福建农林大学,城乡规划,082802,83,B,2026
西南科技大学,城乡规划,082802,83,B,2026
河南财经政法大学,城乡规划,082802,85,B,2026
江汉大学,城乡规划,082802,86,B,2026
华南农业大学,城乡规划,082802,87,B,2026
河北工程大学,城乡规划,082802,88,B,2026
南华大学,城乡规划,082802,88,B,2026
宁夏大学,城乡规划,082802,90,B,2026
西交利物浦大学,城乡规划,082802,91,B,2026
重庆交通大学,城乡规划,082802,92,B,2026
江西农业大学,城乡规划,082802,92,B,2026
西安工业大学,城乡规划,082802,94,B,2026
青海大学,城乡规划,082802,95,B,2026
华北水利水电大学,城乡规划,082802,96,B,2026
兰州理工大学,城乡规划,082802,96,B,2026
浙大城市学院,城乡规划,082802,96,B,2026
河南科技大学,城乡规划,082802,99,B,2026
黑龙江科技大学,城乡规划,082802,100,B,2026
湖北工业大学,城乡规划,082802,101,B,2026
三峡大学,城乡规划,082802,102,B,2026
贵州民族大学,城乡规划,082802,103,B,2026
四川师范大学,城乡规划,082802,103,B,2026
中南林业科技大学,城乡规划,082802,105,B,2026
吉首大学,城乡规划,082802,106,B,2026
江西理工大学,城乡规划,082802,107,B,2026
西南林业大学,城乡规划,082802,108,B,2026
金陵科技学院,城乡规划,082802,109,B,2026
安徽师范大学,城乡规划,082802,110,B,2026
河南理工大学,城乡规划,082802,111,B,2026
西藏大学,城乡规划,082802,111,B,2026
河南城建学院,城乡规划,082802,113,B,2026
清华大学,风景园林,082803,1,A+,2026
同济大学,风景园林,082803,2,A+,2026
东南大学,风景园林,082803,3,A+,2026
北京林业大学,风景园林,082803,4,A+,2026
华南理工大学,风景园林,082803,5,A,2026
天津大学,风景园林,082803,6,A,2026
重庆大学,风景园林,082803,7,A,2026
哈尔滨工业大学,风景园林,082803,8,A,2026
华中科技大学,风景园林,082803,9,A,2026
南京林业大学,风景园林,082803,10,A,2026
西南交通大学,风景园林,082803,11,A,2026
苏州大学,风景园林,082803,12,A,2026
北京建筑大学,风景园林,082803,13,A,2026
西安建筑科技大学,风景园林,082803,14,A,2026
深圳大学,风景园林,082803,15,A,2026
浙江农林大学,风景园林,082803,16,A,2026
华中农业大学,风景园林,082803,17,A,2026
福州大学,风景园林,082803,18,A,2026
四川农业大学,风景园林,082803,19,A,2026
山东建筑大学,风景园林,082803,20,A,2026
西南大学,风景园林,082803,21,B+,2026
苏州科技大学,风景园林,082803,22,B+,2026
南京农业大学,风景园林,082803,23,B+,2026
华侨大学,风景园林,082803,24,B+,2026
广东工业大学,风景园林,082803,25,B+,2026
长安大学,风景园林,082803,26,B+,2026
青岛理工大学,风景园林,082803,26,B+,2026
重庆交通大学,风景园林,082803,28,B+,2026
东北林业大学,风景园林,082803,29,B+,2026
沈阳建筑大学,风景园林,082803,30,B+,2026
中国美术学院,风景园林,082803,31,B+,2026
海南大学,风景园林,082803,32,B+,2026
广州大学,风景园林,082803,33,B+,2026
华东理工大学,风景园林,082803,34,B+,2026
昆明理工大学,风景园林,082803,34,B+,2026
华南农业大学,风景园林,082803,36,B+,2026
西北农林科技大学,风景园林,082803,36,B+,2026
东北农业大学,风景园林,082803,38,B+,2026
西南民族大学,风景园林,082803,39,B+,2026
桂林理工大学,风景园林,082803,40,B+,2026
安徽建筑大学,风景园林,082803,41,B+,2026
中南林业科技大学,风景园林,082803,42,B+,2026
上海应用技术大学,风景园林,082803,43,B+,2026
长沙理工大学,风景园林,082803,44,B+,2026
郑州大学,风景园林,082803,44,B+,2026
福建农林大学,风景园林,082803,46,B+,2026
北方工业大学,风景园林,082803,47,B+,2026
福建理工大学,风景园林,082803,47,B+,2026
河南农业大学,风景园林,082803,49,B+,2026
湖南农业大学,风景园林,082803,50,B+,2026
南华大学,风景园林,082803,51,B+,2026
内蒙古工业大学,风景园林,082803,52,B+,2026
成都理工大学,风景园林,082803,53,B+,2026
四川美术学院,风景园林,082803,54,B+,2026
长江大学,风景园林,082803,55,B+,2026
河北农业大学,风景园林,082803,56,B+,2026
青岛农业大学,风景园林,082803,57,B+,2026
河南科技大学,风景园林,082803,58,B+,2026
湖北工业大学,风景园林,082803,59,B+,2026
广州美术学院,风景园林,082803,60,B+,2026
沈阳农业大学,风景园林,082803,61,B+,2026
吉林建筑大学,风景园林,082803,62,B,2026
山东农业大学,风景园林,082803,63,B,2026
西华大学,风景园林,082803,64,B,2026
西南林业大学,风景园林,082803,65,B,2026
大连工业大学,风景园林,082803,66,B,2026
华北水利水电大学,风景园林,082803,67,B,2026
天津城建大学,风景园林,082803,68,B,2026
安徽科技工程大学,风景园林,082803,69,B,2026
北京农学院,风景园林,082803,70,B,2026
山西农业大学,风景园林,082803,71,B,2026
江西农业大学,风景园林,082803,72,B,2026
吉林农业大学,风景园林,082803,73,B,2026
北华大学,风景园林,082803,74,B,2026
河北工程大学,风景园林,082803,75,B,2026
湖北美术学院,风景园林,082803,75,B,2026
甘肃农业大学,风景园林,082803,77,B,2026
许昌学院,风景园林,082803,78,B,2026
吉首大学,风景园林,082803,79,B,2026
湖南城市学院,风景园林,082803,80,B,2026
内蒙古农业大学,风景园林,082803,81,B,2026
金陵科技学院,风景园林,082803,82,B,2026
闽南师范大学,风景园林,082803,83,B,2026
云南农业大学,风景园林,082803,84,B,2026
绵阳师范学院,风景园林,082803,85,B,2026
广西艺术学院,风景园林,082803,86,B,2026
重庆文理学院,风景园林,082803,87,B,2026
佛山大学,风景园林,082803,88,B,2026
河北建筑工程学院,风景园林,082803,89,B,2026
湖南文理学院,风景园林,082803,90,B,2026
河南科技学院,风景园林,082803,91,B,2026
东南大学成贤学院,风景园林,082803,92,B,2026
黑龙江八一农垦大学,风景园林,082803,93,B,2026
黑龙江科技大学,风景园林,082803,94,B,2026
西昌学院,风景园林,082803,95,B,2026
长春大学,风景园林,082803,96,B,2026
怀化学院,风景园林,082803,96,B,2026
湖北工程学院,风景园林,082803,96,B,2026
滁州学院,风景园林,082803,99,B,2026
山东工艺美术学院,风景园林,082803,99,B,2026
肇庆学院,风景园林,082803,101,B,2026
福建江夏学院,风景园林,082803,102,B,2026
同济大学,历史建筑保护工程,082804T,1,A+,2026
北京建筑大学,历史建筑保护工程,082804T,2,A+,2026
西安建筑科技大学,历史建筑保护工程,082804T,3,B+,2026
苏州大学,历史建筑保护工程,082804T,4,B,2026
南京工业大学,历史建筑保护工程,082804T,5,B,2026
西安交通大学,人居环境科学与技术,082805T,1,A+,2026
河南财政金融学院,人居环境科学与技术,082805T,2,A+,2026
同济大学,城市设计,082806T,1,A+,2026
西南交通大学,城市设计,082806T,2,A+,2026
西安建筑科技大学,城市设计,082806T,3,B+,2026
中央美术学院,城市设计,082806T,4,B,2026
湖南城市学院,城市设计,082806T,5,B,2026
天津大学,智慧建筑与建造,082807T,1,A+,2026
哈尔滨工业大学,智慧建筑与建造,082807T,2,A+,2026
武汉大学,智慧建筑与建造,082807T,3,B,2026
山西大学,智慧建筑与建造,082807T,4,B,2026
中国科学技术大学,安全工程,082901,1,A+,2026
中国矿业大学,安全工程,082901,2,A+,2026
北京理工大学,安全工程,082901,3,A+,2026
中国矿业大学（北京）,安全工程,082901,4,A,2026
山东科技大学,安全工程,082901,5,A,2026
重庆大学,安全工程,082901,6,A,2026
西安科技大学,安全工程,082901,6,A,2026
大连理工大学,安全工程,082901,8,A,2026
中国石油大学（北京）,安全工程,082901,9,A,2026
中南大学,安全工程,082901,10,A,2026
武汉理工大学,安全工程,082901,11,A,2026
北京科技大学,安全工程,082901,12,A,2026
安徽理工大学,安全工程,082901,13,A,2026
南京工业大学,安全工程,082901,14,A,2026
北京航空航天大学,安全工程,082901,15,A,2026
河南理工大学,安全工程,082901,16,A,2026
太原理工大学,安全工程,082901,17,A,2026
郑州大学,安全工程,082901,18,B+,2026
东北大学,安全工程,082901,19,B+,2026
西南交通大学,安全工程,082901,19,B+,2026
中国地质大学（北京）,安全工程,082901,21,B+,2026
南京理工大学,安全工程,082901,22,B+,2026
中国地质大学（武汉）,安全工程,082901,23,B+,2026
中国石油大学（华东）,安全工程,082901,24,B+,2026
贵州大学,安全工程,082901,25,B+,2026
长安大学,安全工程,082901,26,B+,2026
中国民航大学,安全工程,082901,27,B+,2026
常州大学,安全工程,082901,28,B+,2026
北京化工大学,安全工程,082901,29,B+,2026
武汉科技大学,安全工程,082901,30,B+,2026
河海大学,安全工程,082901,31,B+,2026
南京信息工程大学,安全工程,082901,32,B+,2026
浙江工业大学,安全工程,082901,33,B+,2026
中北大学,安全工程,082901,34,B+,2026
南华大学,安全工程,082901,35,B+,2026
辽宁工程技术大学,安全工程,082901,36,B+,2026
福州大学,安全工程,082901,37,B+,2026
首都经济贸易大学,安全工程,082901,38,B+,2026
上海海事大学,安全工程,082901,39,B+,2026
中国计量大学,安全工程,082901,40,B+,2026
昆明理工大学,安全工程,082901,41,B+,2026
西南石油大学,安全工程,082901,42,B+,2026
沈阳航空航天大学,安全工程,082901,43,B+,2026
青岛科技大学,安全工程,082901,44,B+,2026
湖南科技大学,安全工程,082901,45,B+,2026
西安建筑科技大学,安全工程,082901,46,B+,2026
武汉工程大学,安全工程,082901,47,B+,2026
天津理工大学,安全工程,082901,48,B+,2026
江苏大学,安全工程,082901,49,B+,2026
大连海事大学,安全工程,082901,50,B+,2026
河北大学,安全工程,082901,50,B+,2026
哈尔滨理工大学,安全工程,082901,52,B,2026
东北石油大学,安全工程,082901,53,B,2026
青岛理工大学,安全工程,082901,53,B,2026
大连交通大学,安全工程,082901,55,B,2026
广东工业大学,安全工程,082901,56,B,2026
四川师范大学,安全工程,082901,57,B,2026
重庆科技大学,安全工程,082901,58,B,2026
华北理工大学,安全工程,082901,59,B,2026
石家庄铁道大学,安全工程,082901,60,B,2026
湘潭大学,安全工程,082901,60,B,2026
江西理工大学,安全工程,082901,62,B,2026
中国劳动关系学院,安全工程,082901,63,B,2026
上海应用技术大学,安全工程,082901,64,B,2026
成都大学,安全工程,082901,65,B,2026
河北科技大学,安全工程,082901,66,B,2026
沈阳建筑大学,安全工程,082901,67,B,2026
重庆交通大学,安全工程,082901,68,B,2026
北京石油化工学院,安全工程,082901,69,B,2026
西安石油大学,安全工程,082901,70,B,2026
沈阳理工大学,安全工程,082901,71,B,2026
黑龙江科技大学,安全工程,082901,72,B,2026
安徽建筑大学,安全工程,082901,73,B,2026
江苏海洋大学,安全工程,082901,74,B,2026
辽宁石油化工大学,安全工程,082901,75,B,2026
西南科技大学,安全工程,082901,75,B,2026
河北工程大学,安全工程,082901,77,B,2026
吉林建筑大学,安全工程,082901,78,B,2026
内蒙古科技大学,安全工程,082901,78,B,2026
兰州理工大学,安全工程,082901,80,B,2026
江汉大学,安全工程,082901,81,B,2026
中国民用航空飞行学院,安全工程,082901,82,B,2026
浙江海洋大学,安全工程,082901,83,B,2026
湖南农业大学,安全工程,082901,84,B,2026
郑州轻工业大学,安全工程,082901,85,B,2026
广东石油化工学院,安全工程,082901,86,B,2026
中国矿业大学,应急技术与管理,082902T,1,A+,2026
中国矿业大学（北京）,应急技术与管理,082902T,2,A+,2026
西安科技大学,应急技术与管理,082902T,3,A,2026
中国民航大学,应急技术与管理,082902T,4,A,2026
南京工业大学,应急技术与管理,082902T,5,A,2026
中国地质大学（武汉）,应急技术与管理,082902T,6,B+,2026
太原理工大学,应急技术与管理,082902T,7,B+,2026
安徽理工大学,应急技术与管理,082902T,8,B+,2026
河南理工大学,应急技术与管理,082902T,9,B+,2026
江苏大学,应急技术与管理,082902T,9,B+,2026
常州大学,应急技术与管理,082902T,11,B+,2026
武汉工程大学,应急技术与管理,082902T,12,B+,2026
辽宁工程技术大学,应急技术与管理,082902T,13,B+,2026
湖南科技大学,应急技术与管理,082902T,14,B+,2026
中北大学,应急技术与管理,082902T,14,B+,2026
天津理工大学,应急技术与管理,082902T,16,B,2026
石家庄铁道大学,应急技术与管理,082902T,17,B,2026
成都大学,应急技术与管理,082902T,18,B,2026
北京石油化工学院,应急技术与管理,082902T,19,B,2026
重庆科技大学,应急技术与管理,082902T,20,B,2026
中国劳动关系学院,应急技术与管理,082902T,21,B,2026
太原科技大学,应急技术与管理,082902T,22,B,2026
西华大学,应急技术与管理,082902T,23,B,2026
鲁东大学,应急技术与管理,082902T,24,B,2026
贵州师范大学,应急技术与管理,082902T,25,B,2026
中国矿业大学,职业卫生工程,082903T,1,A+,2026
北京科技大学,职业卫生工程,082903T,2,A+,2026
山东科技大学,职业卫生工程,082903T,3,B,2026
北京石油化工学院,安全生产监管,082904T,,,2026
江南大学,生物工程,083001,1,A+,2026
华东理工大学,生物工程,083001,2,A+,2026
上海交通大学,生物工程,083001,3,A+,2026
大连理工大学,生物工程,083001,4,A+,2026
北京化工大学,生物工程,083001,5,A+,2026
浙江大学,生物工程,083001,6,A,2026
天津大学,生物工程,083001,7,A,2026
华南理工大学,生物工程,083001,8,A,2026
浙江工业大学,生物工程,083001,9,A,2026
四川大学,生物工程,083001,10,A,2026
厦门大学,生物工程,083001,11,A,2026
中国农业大学,生物工程,083001,12,A,2026
山东大学,生物工程,083001,13,A,2026
华中农业大学,生物工程,083001,14,A,2026
哈尔滨工业大学,生物工程,083001,15,A,2026
南京工业大学,生物工程,083001,16,A,2026
南昌大学,生物工程,083001,17,A,2026
西北农林科技大学,生物工程,083001,18,A,2026
中南大学,生物工程,083001,19,A,2026
南京农业大学,生物工程,083001,20,A,2026
东北农业大学,生物工程,083001,21,A,2026
天津科技大学,生物工程,083001,21,A,2026
河南大学,生物工程,083001,23,A,2026
西北大学,生物工程,083001,24,A,2026
上海大学,生物工程,083001,25,A,2026
南京理工大学,生物工程,083001,26,A,2026
陕西科技大学,生物工程,083001,27,B+,2026
东北大学,生物工程,083001,28,B+,2026
湖北大学,生物工程,083001,29,B+,2026
福州大学,生物工程,083001,30,B+,2026
华南师范大学,生物工程,083001,31,B+,2026
大连工业大学,生物工程,083001,32,B+,2026
河北工业大学,生物工程,083001,33,B+,2026
武汉工程大学,生物工程,083001,34,B+,2026
东华大学,生物工程,083001,35,B+,2026
华南农业大学,生物工程,083001,36,B+,2026
南京林业大学,生物工程,083001,37,B+,2026
北京工商大学,生物工程,083001,38,B+,2026
南京师范大学,生物工程,083001,39,B+,2026
福建师范大学,生物工程,083001,40,B+,2026
福建农林大学,生物工程,083001,41,B+,2026
合肥工业大学,生物工程,083001,42,B+,2026
中国计量大学,生物工程,083001,42,B+,2026
常州大学,生物工程,083001,44,B+,2026
新疆大学,生物工程,083001,45,B+,2026
齐鲁工业大学,生物工程,083001,46,B+,2026
燕山大学,生物工程,083001,47,B+,2026
广东工业大学,生物工程,083001,48,B+,2026
湖北工业大学,生物工程,083001,49,B+,2026
浙江工商大学,生物工程,083001,50,B+,2026
集美大学,生物工程,083001,51,B+,2026
河南工业大学,生物工程,083001,52,B+,2026
安徽大学,生物工程,083001,53,B+,2026
河南农业大学,生物工程,083001,54,B+,2026
大连民族大学,生物工程,083001,55,B+,2026
青岛科技大学,生物工程,083001,55,B+,2026
山西大学,生物工程,083001,55,B+,2026
昆明理工大学,生物工程,083001,58,B+,2026
西南交通大学,生物工程,083001,59,B+,2026
四川农业大学,生物工程,083001,60,B+,2026
三峡大学,生物工程,083001,61,B+,2026
武汉科技大学,生物工程,083001,62,B+,2026
四川轻化工大学,生物工程,083001,63,B+,2026
吉林农业大学,生物工程,083001,64,B+,2026
江苏科技大学,生物工程,083001,65,B+,2026
沈阳化工大学,生物工程,083001,65,B+,2026
中南林业科技大学,生物工程,083001,67,B+,2026
山东农业大学,生物工程,083001,68,B+,2026
中北大学,生物工程,083001,69,B+,2026
湖南农业大学,生物工程,083001,70,B+,2026
华侨大学,生物工程,083001,71,B+,2026
沈阳药科大学,生物工程,083001,72,B+,2026
天津商业大学,生物工程,083001,72,B+,2026
江西师范大学,生物工程,083001,74,B+,2026
山东科技大学,生物工程,083001,75,B+,2026
长沙理工大学,生物工程,083001,76,B+,2026
武汉轻工大学,生物工程,083001,76,B+,2026
北京中医药大学,生物工程,083001,78,B+,2026
河南师范大学,生物工程,083001,78,B+,2026
遵义医科大学,生物工程,083001,80,B+,2026
郑州轻工业大学,生物工程,083001,81,B,2026
中南民族大学,生物工程,083001,82,B,2026
黑龙江大学,生物工程,083001,83,B,2026
江西农业大学,生物工程,083001,84,B,2026
青海大学,生物工程,083001,84,B,2026
成都大学,生物工程,083001,86,B,2026
苏州科技大学,生物工程,083001,87,B,2026
内蒙古农业大学,生物工程,083001,88,B,2026
西华大学,生物工程,083001,89,B,2026
河北农业大学,生物工程,083001,90,B,2026
西北民族大学,生物工程,083001,90,B,2026
山东理工大学,生物工程,083001,92,B,2026
西南科技大学,生物工程,083001,93,B,2026
浙江万里学院,生物工程,083001,93,B,2026
合肥大学,生物工程,083001,95,B,2026
湖南科技大学,生物工程,083001,96,B,2026
河南科技大学,生物工程,083001,97,B,2026
长江大学,生物工程,083001,98,B,2026
大连大学,生物工程,083001,99,B,2026
北京农学院,生物工程,083001,100,B,2026
贵州师范大学,生物工程,083001,101,B,2026
淮北师范大学,生物工程,083001,101,B,2026
安徽工程大学,生物工程,083001,103,B,2026
河北科技大学,生物工程,083001,103,B,2026
长春工业大学,生物工程,083001,105,B,2026
苏州工学院,生物工程,083001,106,B,2026
长春理工大学,生物工程,083001,107,B,2026
曲阜师范大学,生物工程,083001,108,B,2026
广东海洋大学,生物工程,083001,109,B,2026
桂林理工大学,生物工程,083001,110,B,2026
兰州交通大学,生物工程,083001,110,B,2026
烟台大学,生物工程,083001,110,B,2026
上海应用技术大学,生物工程,083001,113,B,2026
武汉纺织大学,生物工程,083001,114,B,2026
淮安大学,生物工程,083001,115,B,2026
兰州理工大学,生物工程,083001,116,B,2026
内蒙古工业大学,生物工程,083001,117,B,2026
嘉兴大学,生物工程,083001,118,B,2026
河南医药大学,生物工程,083001,119,B,2026
聊城大学,生物工程,083001,119,B,2026
长沙学院,生物工程,083001,121,B,2026
浙江科技大学,生物工程,083001,121,B,2026
北方民族大学,生物工程,083001,123,B,2026
沈阳大学,生物工程,083001,124,B,2026
河北中医药大学,生物工程,083001,125,B,2026
云南农业大学,生物工程,083001,126,B,2026
广西科技大学,生物工程,083001,127,B,2026
河南中医药大学,生物工程,083001,127,B,2026
鲁东大学,生物工程,083001,129,B,2026
浙大宁波理工学院,生物工程,083001,130,B,2026
哈尔滨商业大学,生物工程,083001,131,B,2026
淮阴师范学院,生物工程,083001,131,B,2026
辽宁科技大学,生物工程,083001,131,B,2026
中国药科大学,生物制药,083002T,1,A+,2026
温州医科大学,生物制药,083002T,2,A+,2026
华中科技大学,生物制药,083002T,3,A,2026
武汉大学,生物制药,083002T,4,A,2026
吉林大学,生物制药,083002T,5,A,2026
沈阳药科大学,生物制药,083002T,6,A,2026
暨南大学,生物制药,083002T,7,A,2026
浙江工业大学,生物制药,083002T,8,A,2026
华南理工大学,生物制药,083002T,9,A,2026
南方医科大学,生物制药,083002T,10,A,2026
兰州大学,生物制药,083002T,11,A,2026
苏州大学,生物制药,083002T,12,A,2026
天津医科大学,生物制药,083002T,13,A,2026
南京中医药大学,生物制药,083002T,14,A,2026
广东药科大学,生物制药,083002T,15,B+,2026
河北医科大学,生物制药,083002T,16,B+,2026
山东第一医科大学,生物制药,083002T,17,B+,2026
浙江理工大学,生物制药,083002T,17,B+,2026
福建医科大学,生物制药,083002T,19,B+,2026
南京林业大学,生物制药,083002T,20,B+,2026
上海大学,生物制药,083002T,21,B+,2026
大连医科大学,生物制药,083002T,22,B+,2026
湖北工业大学,生物制药,083002T,23,B+,2026
上海海洋大学,生物制药,083002T,24,B+,2026
扬州大学,生物制药,083002T,25,B+,2026
广州大学,生物制药,083002T,26,B+,2026
安徽大学,生物制药,083002T,27,B+,2026
山东第二医科大学,生物制药,083002T,28,B+,2026
聊城大学,生物制药,083002T,29,B+,2026
山东医药大学,生物制药,083002T,29,B+,2026
山西医科大学,生物制药,083002T,31,B+,2026
中南民族大学,生物制药,083002T,31,B+,2026
浙江农林大学,生物制药,083002T,33,B+,2026
东北大学,生物制药,083002T,34,B+,2026
北京石油化工学院,生物制药,083002T,35,B+,2026
山东科技大学,生物制药,083002T,36,B+,2026
西交利物浦大学,生物制药,083002T,37,B+,2026
济南大学,生物制药,083002T,38,B+,2026
桂林医科大学,生物制药,083002T,39,B+,2026
安徽农业大学,生物制药,083002T,40,B+,2026
上海师范大学,生物制药,083002T,41,B+,2026
江西师范大学,生物制药,083002T,42,B+,2026
烟台大学,生物制药,083002T,42,B+,2026
安徽中医药大学,生物制药,083002T,44,B,2026
贵州中医药大学,生物制药,083002T,44,B,2026
深圳技术大学,生物制药,083002T,46,B,2026
兰州交通大学,生物制药,083002T,47,B,2026
安徽师范大学,生物制药,083002T,48,B,2026
重庆理工大学,生物制药,083002T,49,B,2026
河南科技大学,生物制药,083002T,50,B,2026
福建农林大学,生物制药,083002T,51,B,2026
河南医药大学,生物制药,083002T,52,B,2026
黑龙江大学,生物制药,083002T,53,B,2026
成都医学院,生物制药,083002T,54,B,2026
兰州理工大学,生物制药,083002T,54,B,2026
安徽工程大学,生物制药,083002T,56,B,2026
大连工业大学,生物制药,083002T,57,B,2026
盐城师范学院,生物制药,083002T,58,B,2026
合肥大学,生物制药,083002T,59,B,2026
四川轻化工大学,生物制药,083002T,60,B,2026
云南中医药大学,生物制药,083002T,61,B,2026
湖南中医药大学,生物制药,083002T,62,B,2026
河北科技大学,生物制药,083002T,63,B,2026
湖北民族大学,生物制药,083002T,64,B,2026
苏州工学院,生物制药,083002T,65,B,2026
鲁东大学,生物制药,083002T,66,B,2026
长春中医药大学,生物制药,083002T,67,B,2026
台州学院,生物制药,083002T,68,B,2026
厦门医学院,生物制药,083002T,69,B,2026
长沙学院,生物制药,083002T,70,B,2026
阜阳师范大学,生物制药,083002T,70,B,2026
江苏师范大学,生物制药,083002T,72,B,2026
天津大学,合成生物学,083003T,1,A+,2026
江南大学,合成生物学,083003T,2,A+,2026
南京师范大学,合成生物学,083003T,3,B+,2026
湖北大学,合成生物学,083003T,4,B,2026
青岛科技大学,合成生物学,083003T,5,B,2026
山西大学,合成生物学,083003T,5,B,2026
中国人民公安大学,刑事科学技术,083101K,1,A+,2026
中国刑事警察学院,刑事科学技术,083101K,2,A+,2026
四川警察学院,刑事科学技术,083101K,3,A,2026
江苏警官学院,刑事科学技术,083101K,4,B+,2026
郑州警察学院,刑事科学技术,083101K,5,B+,2026
福建警察学院,刑事科学技术,083101K,6,B+,2026
浙江警察学院,刑事科学技术,083101K,7,B+,2026
湖南警察学院,刑事科学技术,083101K,8,B+,2026
湖北警官学院,刑事科学技术,083101K,9,B+,2026
广东警官学院,刑事科学技术,083101K,10,B,2026
南京警察学院,刑事科学技术,083101K,11,B,2026
云南警官学院,刑事科学技术,083101K,12,B,2026
河南警察学院,刑事科学技术,083101K,13,B,2026
吉林警察学院,刑事科学技术,083101K,14,B,2026
西北政法大学,刑事科学技术,083101K,15,B,2026
中国人民警察大学,消防工程,083102K,1,A+,2026
中国矿业大学,消防工程,083102K,2,A+,2026
中南大学,消防工程,083102K,3,B+,2026
西安科技大学,消防工程,083102K,4,B+,2026
南京工业大学,消防工程,083102K,5,B+,2026
西南交通大学,消防工程,083102K,6,B+,2026
中国消防救援学院,消防工程,083102K,7,B+,2026
中国矿业大学（北京）,消防工程,083102K,8,B,2026
沈阳航空航天大学,消防工程,083102K,9,B,2026
重庆科技大学,消防工程,083102K,10,B,2026
河南理工大学,消防工程,083102K,11,B,2026
安徽理工大学,消防工程,083102K,12,B,2026
中国农业大学,农学,090101,1,A+,2026
南京农业大学,农学,090101,2,A+,2026
西北农林科技大学,农学,090101,3,A,2026
华中农业大学,农学,090101,4,A,2026
四川农业大学,农学,090101,5,A,2026
华南农业大学,农学,090101,6,A,2026
浙江大学,农学,090101,7,A,2026
海南大学,农学,090101,8,A,2026
扬州大学,农学,090101,9,B+,2026
山东农业大学,农学,090101,10,B+,2026
西南大学,农学,090101,11,B+,2026
东北农业大学,农学,090101,12,B+,2026
沈阳农业大学,农学,090101,13,B+,2026
河南农业大学,农学,090101,14,B+,2026
湖南农业大学,农学,090101,15,B+,2026
福建农林大学,农学,090101,16,B+,2026
河北农业大学,农学,090101,17,B+,2026
广西大学,农学,090101,18,B+,2026
吉林大学,农学,090101,19,B+,2026
安徽农业大学,农学,090101,20,B+,2026
山西农业大学,农学,090101,21,B+,2026
长江大学,农学,090101,22,B+,2026
浙江农林大学,农学,090101,23,B+,2026
云南农业大学,农学,090101,24,B+,2026
贵州大学,农学,090101,25,B,2026
江西农业大学,农学,090101,26,B,2026
石河子大学,农学,090101,27,B,2026
宁夏大学,农学,090101,28,B,2026
青海大学,农学,090101,29,B,2026
甘肃农业大学,农学,090101,30,B,2026
内蒙古农业大学,农学,090101,30,B,2026
吉林农业大学,农学,090101,32,B,2026
河南科技大学,农学,090101,33,B,2026
西南科技大学,农学,090101,34,B,2026
黑龙江八一农垦大学,农学,090101,35,B,2026
青岛农业大学,农学,090101,36,B,2026
北京农学院,农学,090101,37,B,2026
天津农学院,农学,090101,38,B,2026
内蒙古民族大学,农学,090101,39,B,2026
新疆农业大学,农学,090101,40,B,2026
华中农业大学,园艺,090102,1,A+,2026
浙江大学,园艺,090102,2,A+,2026
南京农业大学,园艺,090102,3,A,2026
中国农业大学,园艺,090102,4,A,2026
西北农林科技大学,园艺,090102,5,A,2026
沈阳农业大学,园艺,090102,6,A,2026
西南大学,园艺,090102,7,A,2026
山东农业大学,园艺,090102,8,A,2026
扬州大学,园艺,090102,9,A,2026
东北农业大学,园艺,090102,10,A,2026
华南农业大学,园艺,090102,10,A,2026
湖南农业大学,园艺,090102,10,A,2026
浙江农林大学,园艺,090102,13,B+,2026
四川农业大学,园艺,090102,14,B+,2026
安徽农业大学,园艺,090102,15,B+,2026
宁夏大学,园艺,090102,16,B+,2026
北京林业大学,园艺,090102,17,B+,2026
海南大学,园艺,090102,18,B+,2026
河北农业大学,园艺,090102,19,B+,2026
福建农林大学,园艺,090102,20,B+,2026
北京农学院,园艺,090102,21,B+,2026
河南农业大学,园艺,090102,22,B+,2026
贵州大学,园艺,090102,23,B+,2026
广西大学,园艺,090102,24,B+,2026
南京林业大学,园艺,090102,25,B+,2026
石河子大学,园艺,090102,26,B+,2026
青岛农业大学,园艺,090102,27,B+,2026
长江大学,园艺,090102,28,B+,2026
云南农业大学,园艺,090102,28,B+,2026
上海师范大学,园艺,090102,30,B+,2026
青海大学,园艺,090102,31,B+,2026
山西农业大学,园艺,090102,32,B+,2026
江西农业大学,园艺,090102,33,B+,2026
吉林农业大学,园艺,090102,34,B+,2026
延边大学,园艺,090102,35,B+,2026
中南林业科技大学,园艺,090102,35,B+,2026
天津农学院,园艺,090102,37,B,2026
金陵科技学院,园艺,090102,38,B,2026
佛山大学,园艺,090102,39,B,2026
上海应用技术大学,园艺,090102,39,B,2026
赣南师范大学,园艺,090102,41,B,2026
广东海洋大学,园艺,090102,42,B,2026
河北工程大学,园艺,090102,42,B,2026
西南林业大学,园艺,090102,44,B,2026
河南科技大学,园艺,090102,45,B,2026
甘肃农业大学,园艺,090102,46,B,2026
湖北工程学院,园艺,090102,47,B,2026
四川师范大学,园艺,090102,48,B,2026
江汉大学,园艺,090102,49,B,2026
塔里木大学,园艺,090102,50,B,2026
河南科技学院,园艺,090102,51,B,2026
鲁东大学,园艺,090102,52,B,2026
新疆农业大学,园艺,090102,52,B,2026
重庆三峡科技大学,园艺,090102,54,B,2026
黑龙江八一农垦大学,园艺,090102,55,B,2026
淮安大学,园艺,090102,55,B,2026
临沂大学,园艺,090102,57,B,2026
重庆文理学院,园艺,090102,58,B,2026
湖北民族大学,园艺,090102,58,B,2026
内蒙古农业大学,园艺,090102,58,B,2026
中国农业大学,植物保护,090103,1,A+,2026
西北农林科技大学,植物保护,090103,2,A+,2026
贵州大学,植物保护,090103,3,A,2026
浙江大学,植物保护,090103,4,A,2026
南京农业大学,植物保护,090103,5,A,2026
西南大学,植物保护,090103,6,A,2026
华中农业大学,植物保护,090103,7,B+,2026
福建农林大学,植物保护,090103,8,B+,2026
华南农业大学,植物保护,090103,9,B+,2026
广西大学,植物保护,090103,10,B+,2026
吉林大学,植物保护,090103,11,B+,2026
海南大学,植物保护,090103,12,B+,2026
扬州大学,植物保护,090103,13,B+,2026
云南农业大学,植物保护,090103,14,B+,2026
安徽农业大学,植物保护,090103,15,B+,2026
吉林农业大学,植物保护,090103,16,B+,2026
湖南农业大学,植物保护,090103,17,B+,2026
山东农业大学,植物保护,090103,18,B+,2026
沈阳农业大学,植物保护,090103,19,B,2026
四川农业大学,植物保护,090103,20,B,2026
东北农业大学,植物保护,090103,21,B,2026
长江大学,植物保护,090103,22,B,2026
河北农业大学,植物保护,090103,23,B,2026
浙江农林大学,植物保护,090103,24,B,2026
河南农业大学,植物保护,090103,25,B,2026
青岛农业大学,植物保护,090103,26,B,2026
宁夏大学,植物保护,090103,27,B,2026
山西农业大学,植物保护,090103,28,B,2026
石河子大学,植物保护,090103,28,B,2026
江西农业大学,植物保护,090103,30,B,2026
北京农学院,植物保护,090103,31,B,2026
华中农业大学,植物科学与技术,090104,1,A+,2026
上海交通大学,植物科学与技术,090104,2,A+,2026
西北农林科技大学,植物科学与技术,090104,3,B+,2026
西南大学,植物科学与技术,090104,4,B+,2026
山东农业大学,植物科学与技术,090104,5,B+,2026
福建农林大学,植物科学与技术,090104,6,B+,2026
郑州大学,植物科学与技术,090104,7,B+,2026
云南大学,植物科学与技术,090104,8,B,2026
河南大学,植物科学与技术,090104,9,B,2026
内蒙古农业大学,植物科学与技术,090104,9,B,2026
榆林大学,植物科学与技术,090104,11,B,2026
河北科技师范学院,植物科学与技术,090104,12,B,2026
中国农业大学,种子科学与工程,090105,1,A+,2026
南京农业大学,种子科学与工程,090105,2,A+,2026
华中农业大学,种子科学与工程,090105,3,A,2026
西北农林科技大学,种子科学与工程,090105,4,A,2026
四川农业大学,种子科学与工程,090105,5,B+,2026
华南农业大学,种子科学与工程,090105,6,B+,2026
扬州大学,种子科学与工程,090105,7,B+,2026
海南大学,种子科学与工程,090105,8,B+,2026
山东农业大学,种子科学与工程,090105,9,B+,2026
东北农业大学,种子科学与工程,090105,10,B+,2026
河南农业大学,种子科学与工程,090105,11,B+,2026
湖南农业大学,种子科学与工程,090105,12,B+,2026
山西农业大学,种子科学与工程,090105,13,B+,2026
河北农业大学,种子科学与工程,090105,14,B+,2026
沈阳农业大学,种子科学与工程,090105,15,B,2026
福建农林大学,种子科学与工程,090105,16,B,2026
甘肃农业大学,种子科学与工程,090105,16,B,2026
安徽农业大学,种子科学与工程,090105,18,B,2026
石河子大学,种子科学与工程,090105,19,B,2026
云南农业大学,种子科学与工程,090105,20,B,2026
江西农业大学,种子科学与工程,090105,21,B,2026
内蒙古农业大学,种子科学与工程,090105,22,B,2026
河南科技大学,种子科学与工程,090105,23,B,2026
西北农林科技大学,设施农业科学与工程,090106,1,A+,2026
南京农业大学,设施农业科学与工程,090106,2,A+,2026
中国农业大学,设施农业科学与工程,090106,3,A,2026
华中农业大学,设施农业科学与工程,090106,4,A,2026
东北农业大学,设施农业科学与工程,090106,5,A,2026
江苏大学,设施农业科学与工程,090106,6,B+,2026
华南农业大学,设施农业科学与工程,090106,7,B+,2026
沈阳农业大学,设施农业科学与工程,090106,8,B+,2026
海南大学,设施农业科学与工程,090106,9,B+,2026
山东农业大学,设施农业科学与工程,090106,10,B+,2026
石河子大学,设施农业科学与工程,090106,11,B+,2026
河南农业大学,设施农业科学与工程,090106,12,B+,2026
湖南农业大学,设施农业科学与工程,090106,13,B+,2026
浙江农林大学,设施农业科学与工程,090106,14,B+,2026
扬州大学,设施农业科学与工程,090106,15,B+,2026
山西农业大学,设施农业科学与工程,090106,16,B,2026
青岛农业大学,设施农业科学与工程,090106,17,B,2026
甘肃农业大学,设施农业科学与工程,090106,18,B,2026
北京农学院,设施农业科学与工程,090106,19,B,2026
云南农业大学,设施农业科学与工程,090106,19,B,2026
河北农业大学,设施农业科学与工程,090106,21,B,2026
吉林农业大学,设施农业科学与工程,090106,21,B,2026
内蒙古农业大学,设施农业科学与工程,090106,23,B,2026
金陵科技学院,设施农业科学与工程,090106,24,B,2026
河北工程大学,设施农业科学与工程,090106,25,B,2026
浙江大学,茶学,090107T,1,A+,2026
湖南农业大学,茶学,090107T,2,A+,2026
安徽农业大学,茶学,090107T,3,A,2026
南京农业大学,茶学,090107T,4,B+,2026
华中农业大学,茶学,090107T,5,B+,2026
华南农业大学,茶学,090107T,6,B+,2026
福建农林大学,茶学,090107T,7,B+,2026
西南大学,茶学,090107T,8,B+,2026
四川农业大学,茶学,090107T,9,B+,2026
西北农林科技大学,茶学,090107T,10,B,2026
云南农业大学,茶学,090107T,11,B,2026
贵州大学,茶学,090107T,12,B,2026
青岛农业大学,茶学,090107T,13,B,2026
山东农业大学,茶学,090107T,14,B,2026
浙江农林大学,茶学,090107T,15,B,2026
河南农业大学,茶学,090107T,16,B,2026
武夷学院,茶学,090107T,16,B,2026
河南农业大学,烟草,090108T,1,A+,2026
贵州大学,烟草,090108T,2,A+,2026
山东农业大学,烟草,090108T,3,B,2026
湖南农业大学,烟草,090108T,4,B,2026
浙江大学,应用生物科学,090109T,1,A+,2026
华中农业大学,应用生物科学,090109T,2,A+,2026
东北农业大学,应用生物科学,090109T,3,B+,2026
山东农业大学,应用生物科学,090109T,4,B+,2026
武汉轻工大学,应用生物科学,090109T,5,B+,2026
塔里木大学,应用生物科学,090109T,6,B+,2026
西南林业大学,应用生物科学,090109T,7,B,2026
赤峰大学,应用生物科学,090109T,8,B,2026
贵州师范学院,应用生物科学,090109T,8,B,2026
河南科技学院,应用生物科学,090109T,10,B,2026
海南大学,农艺教育,090110T,1,A+,2026
江西农业大学,农艺教育,090110T,2,A+,2026
成都师范学院,园艺教育,090111T,,,2026
吉林农业大学,园艺教育,090111T,,,2026
南京农业大学,智慧农业,090112T,1,A+,2026
西北农林科技大学,智慧农业,090112T,2,A+,2026
华中农业大学,智慧农业,090112T,3,A,2026
西南大学,智慧农业,090112T,4,A,2026
山东农业大学,智慧农业,090112T,5,A,2026
上海交通大学,智慧农业,090112T,6,A,2026
东北农业大学,智慧农业,090112T,7,B+,2026
中山大学,智慧农业,090112T,7,B+,2026
湖南农业大学,智慧农业,090112T,9,B+,2026
浙江农林大学,智慧农业,090112T,10,B+,2026
四川农业大学,智慧农业,090112T,11,B+,2026
山西农业大学,智慧农业,090112T,12,B+,2026
河南农业大学,智慧农业,090112T,13,B+,2026
福建农林大学,智慧农业,090112T,14,B+,2026
南京信息工程大学,智慧农业,090112T,15,B+,2026
石河子大学,智慧农业,090112T,16,B+,2026
吉林农业大学,智慧农业,090112T,17,B+,2026
广西大学,智慧农业,090112T,18,B+,2026
安徽农业大学,智慧农业,090112T,19,B+,2026
扬州大学,智慧农业,090112T,20,B,2026
长江大学,智慧农业,090112T,21,B,2026
云南农业大学,智慧农业,090112T,22,B,2026
江西农业大学,智慧农业,090112T,23,B,2026
内蒙古农业大学,智慧农业,090112T,24,B,2026
河北农业大学,智慧农业,090112T,25,B,2026
河南科技大学,智慧农业,090112T,26,B,2026
新疆大学,智慧农业,090112T,26,B,2026
青岛农业大学,智慧农业,090112T,28,B,2026
重庆文理学院,智慧农业,090112T,29,B,2026
赣南师范大学,智慧农业,090112T,30,B,2026
重庆三峡科技大学,智慧农业,090112T,31,B,2026
甘肃农业大学,智慧农业,090112T,32,B,2026
昆明学院,智慧农业,090112T,32,B,2026
鲁东大学,菌物科学与工程,090113T,1,A+,2026
天津农学院,菌物科学与工程,090113T,2,A+,2026
吉林农业大学,农药化肥,090114T,,,2026
塔里木大学,农药化肥,090114T,,,2026
内蒙古农业大学,生物农药科学与工程,090115T,,,2026
青岛农业大学,生物农药科学与工程,090115T,,,2026
山西农业大学,生物农药科学与工程,090115T,,,2026
南京农业大学,农业资源与环境,090201,1,A+,2026
浙江大学,农业资源与环境,090201,2,A+,2026
华中农业大学,农业资源与环境,090201,3,A,2026
西南大学,农业资源与环境,090201,4,A,2026
山东农业大学,农业资源与环境,090201,5,A,2026
上海交通大学,农业资源与环境,090201,6,B+,2026
四川农业大学,农业资源与环境,090201,7,B+,2026
山西农业大学,农业资源与环境,090201,8,B+,2026
东北农业大学,农业资源与环境,090201,9,B+,2026
沈阳农业大学,农业资源与环境,090201,10,B+,2026
浙江农林大学,农业资源与环境,090201,11,B+,2026
华南农业大学,农业资源与环境,090201,12,B+,2026
吉林大学,农业资源与环境,090201,13,B+,2026
海南大学,农业资源与环境,090201,14,B+,2026
福建农林大学,农业资源与环境,090201,15,B+,2026
吉林农业大学,农业资源与环境,090201,15,B+,2026
安徽农业大学,农业资源与环境,090201,17,B,2026
湖南农业大学,农业资源与环境,090201,17,B,2026
河南农业大学,农业资源与环境,090201,19,B,2026
石河子大学,农业资源与环境,090201,20,B,2026
广西大学,农业资源与环境,090201,21,B,2026
江西农业大学,农业资源与环境,090201,22,B,2026
贵州大学,农业资源与环境,090201,23,B,2026
长江大学,农业资源与环境,090201,24,B,2026
云南农业大学,农业资源与环境,090201,25,B,2026
南京信息工程大学,农业资源与环境,090201,26,B,2026
宁夏大学,农业资源与环境,090201,27,B,2026
北京林业大学,野生动物与自然保护区管理,090202,1,A+,2026
东北林业大学,野生动物与自然保护区管理,090202,2,A+,2026
南京林业大学,野生动物与自然保护区管理,090202,3,B+,2026
西南林业大学,野生动物与自然保护区管理,090202,4,B,2026
西华师范大学,野生动物与自然保护区管理,090202,5,B,2026
江西农业大学,野生动物与自然保护区管理,090202,6,B,2026
北京林业大学,水土保持与荒漠化防治,090203,1,A+,2026
西北农林科技大学,水土保持与荒漠化防治,090203,2,A+,2026
南京林业大学,水土保持与荒漠化防治,090203,3,B+,2026
贵州大学,水土保持与荒漠化防治,090203,4,B+,2026
福建农林大学,水土保持与荒漠化防治,090203,5,B+,2026
西南大学,水土保持与荒漠化防治,090203,6,B+,2026
西南林业大学,水土保持与荒漠化防治,090203,7,B,2026
内蒙古农业大学,水土保持与荒漠化防治,090203,8,B,2026
沈阳农业大学,水土保持与荒漠化防治,090203,9,B,2026
中南林业科技大学,水土保持与荒漠化防治,090203,10,B,2026
甘肃农业大学,水土保持与荒漠化防治,090203,11,B,2026
山东农业工程学院,生物质科学与工程,090204T,,,2026
西南大学,生物质科学与工程,090204T,,,2026
中国农业大学,生物质科学与工程,090204T,,,2026
中国农业大学,土地科学与技术,090205T,1,A+,2026
西北农林科技大学,土地科学与技术,090205T,2,A+,2026
西南大学,土地科学与技术,090205T,3,B+,2026
四川农业大学,土地科学与技术,090205T,4,B,2026
湖南农业大学,土地科学与技术,090205T,5,B,2026
仲恺农业工程学院,土地科学与技术,090205T,6,B,2026
西南林业大学,湿地保护与恢复,090206T,,,2026
盐城师范学院,湿地保护与恢复,090206T,,,2026
中国农业大学,动物科学,090301,1,A+,2026
华中农业大学,动物科学,090301,2,A+,2026
西北农林科技大学,动物科学,090301,3,A,2026
浙江大学,动物科学,090301,4,A,2026
四川农业大学,动物科学,090301,5,A,2026
南京农业大学,动物科学,090301,6,A,2026
华南农业大学,动物科学,090301,7,A,2026
东北农业大学,动物科学,090301,8,A,2026
扬州大学,动物科学,090301,9,B+,2026
吉林大学,动物科学,090301,10,B+,2026
西南大学,动物科学,090301,11,B+,2026
江西农业大学,动物科学,090301,12,B+,2026
湖南农业大学,动物科学,090301,13,B+,2026
上海交通大学,动物科学,090301,14,B+,2026
武汉轻工大学,动物科学,090301,15,B+,2026
广西大学,动物科学,090301,16,B+,2026
山东农业大学,动物科学,090301,17,B+,2026
兰州大学,动物科学,090301,18,B+,2026
贵州大学,动物科学,090301,19,B+,2026
青海大学,动物科学,090301,20,B+,2026
延边大学,动物科学,090301,21,B+,2026
宁夏大学,动物科学,090301,22,B+,2026
石河子大学,动物科学,090301,23,B+,2026
海南大学,动物科学,090301,24,B+,2026
河南农业大学,动物科学,090301,25,B+,2026
西南民族大学,动物科学,090301,25,B+,2026
东北林业大学,动物科学,090301,27,B,2026
吉林农业大学,动物科学,090301,28,B,2026
甘肃农业大学,动物科学,090301,29,B,2026
新疆农业大学,动物科学,090301,29,B,2026
河北农业大学,动物科学,090301,31,B,2026
内蒙古农业大学,动物科学,090301,32,B,2026
安徽农业大学,动物科学,090301,33,B,2026
集美大学,动物科学,090301,33,B,2026
山西农业大学,动物科学,090301,35,B,2026
沈阳农业大学,动物科学,090301,36,B,2026
云南农业大学,动物科学,090301,37,B,2026
浙江农林大学,动物科学,090301,37,B,2026
广东海洋大学,动物科学,090301,39,B,2026
佛山大学,动物科学,090301,40,B,2026
福建农林大学,动物科学,090301,41,B,2026
北京农学院,动物科学,090301,42,B,2026
西南科技大学,动物科学,090301,43,B,2026
长江大学,动物科学,090301,44,B,2026
河南科技大学,动物科学,090301,44,B,2026
青岛农业大学,动物科学,090301,44,B,2026
西南大学,蚕学,090302T,1,A+,2026
华南农业大学,蚕学,090302T,2,A+,2026
江苏科技大学,蚕学,090302T,3,B,2026
福建农林大学,蜂学,090303T,,,2026
云南农业大学,蜂学,090303T,,,2026
河南农业大学,经济动物学,090304T,,,2026
吉林农业大学,经济动物学,090304T,,,2026
山西农业大学,经济动物学,090304T,,,2026
新疆农业大学,马业科学,090305T,1,A+,2026
青岛农业大学,马业科学,090305T,2,A+,2026
武汉轻工大学,饲料工程,090306T,1,A+,2026
河南工业大学,饲料工程,090306T,2,A+,2026
西北农林科技大学,智慧牧业科学与工程,090307T,1,A+,2026
华南农业大学,智慧牧业科学与工程,090307T,2,A+,2026
山东农业大学,智慧牧业科学与工程,090307T,3,B+,2026
甘肃农业大学,智慧牧业科学与工程,090307T,4,B+,2026
河南农业大学,智慧牧业科学与工程,090307T,5,B,2026
内蒙古农业大学,智慧牧业科学与工程,090307T,6,B,2026
塔里木大学,智慧牧业科学与工程,090307T,7,B,2026
聊城大学,智慧牧业科学与工程,090307T,8,B,2026
中国农业大学,动物医学,090401,1,A+,2026
华中农业大学,动物医学,090401,2,A+,2026
华南农业大学,动物医学,090401,3,A,2026
南京农业大学,动物医学,090401,4,A,2026
吉林大学,动物医学,090401,5,A,2026
西北农林科技大学,动物医学,090401,6,A,2026
浙江大学,动物医学,090401,7,A,2026
四川农业大学,动物医学,090401,8,B+,2026
扬州大学,动物医学,090401,9,B+,2026
东北农业大学,动物医学,090401,10,B+,2026
河南农业大学,动物医学,090401,11,B+,2026
湖南农业大学,动物医学,090401,12,B+,2026
西南大学,动物医学,090401,13,B+,2026
广西大学,动物医学,090401,14,B+,2026
福建农林大学,动物医学,090401,15,B+,2026
山东农业大学,动物医学,090401,16,B+,2026
山西农业大学,动物医学,090401,17,B+,2026
江西农业大学,动物医学,090401,18,B+,2026
海南大学,动物医学,090401,19,B+,2026
安徽农业大学,动物医学,090401,20,B+,2026
浙江农林大学,动物医学,090401,21,B+,2026
吉林农业大学,动物医学,090401,22,B+,2026
内蒙古农业大学,动物医学,090401,23,B+,2026
青海大学,动物医学,090401,24,B,2026
贵州大学,动物医学,090401,25,B,2026
黑龙江八一农垦大学,动物医学,090401,26,B,2026
北京农学院,动物医学,090401,27,B,2026
石河子大学,动物医学,090401,28,B,2026
沈阳农业大学,动物医学,090401,29,B,2026
甘肃农业大学,动物医学,090401,30,B,2026
西南民族大学,动物医学,090401,31,B,2026
佛山大学,动物医学,090401,32,B,2026
云南农业大学,动物医学,090401,33,B,2026
宁夏大学,动物医学,090401,34,B,2026
河北农业大学,动物医学,090401,35,B,2026
河南科技大学,动物医学,090401,36,B,2026
延边大学,动物医学,090401,37,B,2026
东北林业大学,动物医学,090401,38,B,2026
天津农学院,动物医学,090401,39,B,2026
南京农业大学,动物药学,090402,1,A+,2026
华南农业大学,动物药学,090402,2,A+,2026
西北农林科技大学,动物药学,090402,3,B+,2026
东北农业大学,动物药学,090402,4,B+,2026
湖南农业大学,动物药学,090402,5,B+,2026
西南大学,动物药学,090402,6,B+,2026
河南农业大学,动物药学,090402,7,B+,2026
江西农业大学,动物药学,090402,8,B,2026
沈阳农业大学,动物药学,090402,9,B,2026
黑龙江八一农垦大学,动物药学,090402,10,B,2026
吉林农业大学,动物药学,090402,11,B,2026
武汉轻工大学,动物药学,090402,12,B,2026
四川农业大学,动植物检疫,090403T,1,A+,2026
扬州大学,动植物检疫,090403T,2,A+,2026
湖南农业大学,动植物检疫,090403T,3,B+,2026
河南农业大学,动植物检疫,090403T,4,B+,2026
山西农业大学,动植物检疫,090403T,5,B+,2026
江西农业大学,动植物检疫,090403T,6,B+,2026
云南农业大学,动植物检疫,090403T,7,B+,2026
河北农业大学,动植物检疫,090403T,8,B+,2026
内蒙古农业大学,动植物检疫,090403T,9,B,2026
黑龙江八一农垦大学,动植物检疫,090403T,10,B,2026
河南科技大学,动植物检疫,090403T,11,B,2026
锦州医科大学,动植物检疫,090403T,12,B,2026
宜宾学院,动植物检疫,090403T,13,B,2026
扬州大学,实验动物学,090404T,1,A+,2026
山东第一医科大学,实验动物学,090404T,2,A+,2026
中国农业大学,中兽医学,090405T,1,A+,2026
河南农业大学,中兽医学,090405T,2,A+,2026
河北农业大学,中兽医学,090405T,3,B,2026
北京林业大学,林学,090501,1,A+,2026
南京林业大学,林学,090501,2,A+,2026
东北林业大学,林学,090501,3,A,2026
浙江农林大学,林学,090501,4,A,2026
西北农林科技大学,林学,090501,5,A,2026
华南农业大学,林学,090501,6,B+,2026
福建农林大学,林学,090501,7,B+,2026
四川农业大学,林学,090501,8,B+,2026
广西大学,林学,090501,9,B+,2026
贵州大学,林学,090501,10,B+,2026
河南农业大学,林学,090501,11,B+,2026
中南林业科技大学,林学,090501,12,B+,2026
华中农业大学,林学,090501,13,B+,2026
江西农业大学,林学,090501,14,B+,2026
河北农业大学,林学,090501,15,B+,2026
西南林业大学,林学,090501,16,B,2026
沈阳农业大学,林学,090501,17,B,2026
海南大学,林学,090501,18,B,2026
安徽农业大学,林学,090501,19,B,2026
山东农业大学,林学,090501,20,B,2026
青海大学,林学,090501,21,B,2026
北华大学,林学,090501,22,B,2026
山西农业大学,林学,090501,23,B,2026
内蒙古农业大学,林学,090501,24,B,2026
宁夏大学,林学,090501,25,B,2026
北京林业大学,园林,090502,1,A+,2026
南京林业大学,园林,090502,2,A+,2026
东北林业大学,园林,090502,3,A,2026
浙江农林大学,园林,090502,4,A,2026
西北农林科技大学,园林,090502,5,A,2026
福建农林大学,园林,090502,6,A,2026
河南农业大学,园林,090502,7,A,2026
华中农业大学,园林,090502,8,A,2026
四川农业大学,园林,090502,9,A,2026
江西农业大学,园林,090502,10,A,2026
华南农业大学,园林,090502,11,A,2026
中南林业科技大学,园林,090502,11,A,2026
海南大学,园林,090502,13,A,2026
西南林业大学,园林,090502,14,A,2026
沈阳农业大学,园林,090502,15,B+,2026
贵州大学,园林,090502,16,B+,2026
河北农业大学,园林,090502,17,B+,2026
西南大学,园林,090502,18,B+,2026
浙江大学,园林,090502,18,B+,2026
安徽农业大学,园林,090502,20,B+,2026
中国农业大学,园林,090502,21,B+,2026
北京农学院,园林,090502,22,B+,2026
仲恺农业工程学院,园林,090502,23,B+,2026
山东农业大学,园林,090502,24,B+,2026
石河子大学,园林,090502,24,B+,2026
南京农业大学,园林,090502,26,B+,2026
东北农业大学,园林,090502,27,B+,2026
长江大学,园林,090502,28,B+,2026
北华大学,园林,090502,29,B+,2026
重庆文理学院,园林,090502,30,B+,2026
扬州大学,园林,090502,31,B+,2026
云南农业大学,园林,090502,32,B+,2026
贵州师范大学,园林,090502,33,B+,2026
内蒙古农业大学,园林,090502,34,B+,2026
青岛农业大学,园林,090502,35,B+,2026
山西农业大学,园林,090502,35,B+,2026
吉林农业大学,园林,090502,37,B+,2026
江西水利电力大学,园林,090502,38,B+,2026
甘肃农业大学,园林,090502,39,B+,2026
湖北民族大学,园林,090502,40,B+,2026
湖南农业大学,园林,090502,41,B+,2026
延边大学,园林,090502,42,B+,2026
聊城大学,园林,090502,43,B+,2026
长春大学,园林,090502,44,B,2026
榆林大学,园林,090502,45,B,2026
丽水学院,园林,090502,46,B,2026
天津农学院,园林,090502,46,B,2026
金陵科技学院,园林,090502,48,B,2026
广东海洋大学,园林,090502,49,B,2026
嘉应学院,园林,090502,50,B,2026
邵阳学院,园林,090502,50,B,2026
铜仁学院,园林,090502,50,B,2026
长江师范学院,园林,090502,53,B,2026
河北工程大学,园林,090502,53,B,2026
沈阳大学,园林,090502,55,B,2026
河北科技师范学院,园林,090502,56,B,2026
宜春学院,园林,090502,56,B,2026
西藏农牧大学,园林,090502,58,B,2026
绵阳师范学院,园林,090502,59,B,2026
滁州学院,园林,090502,60,B,2026
安康学院,园林,090502,61,B,2026
黑龙江八一农垦大学,园林,090502,61,B,2026
闽南师范大学,园林,090502,63,B,2026
河南牧业经济学院,园林,090502,64,B,2026
怀化学院,园林,090502,65,B,2026
河南科技学院,园林,090502,66,B,2026
岭南师范学院,园林,090502,66,B,2026
齐齐哈尔大学,园林,090502,68,B,2026
韶关学院,园林,090502,68,B,2026
塔里木大学,园林,090502,68,B,2026
淮安大学,园林,090502,71,B,2026
新疆农业大学,园林,090502,72,B,2026
玉林师范学院,园林,090502,72,B,2026
北京林业大学,森林保护,090503,1,A+,2026
南京林业大学,森林保护,090503,2,A+,2026
东北林业大学,森林保护,090503,3,B+,2026
西北农林科技大学,森林保护,090503,4,B+,2026
福建农林大学,森林保护,090503,5,B+,2026
中南林业科技大学,森林保护,090503,6,B+,2026
华南农业大学,森林保护,090503,7,B,2026
河北农业大学,森林保护,090503,8,B,2026
西南林业大学,森林保护,090503,9,B,2026
四川农业大学,森林保护,090503,10,B,2026
北京林业大学,经济林,090504T,1,A+,2026
南京林业大学,经济林,090504T,2,A+,2026
中南林业科技大学,经济林,090504T,3,B,2026
河南农业大学,经济林,090504T,4,B,2026
南京林业大学,智慧林业,090505T,1,A+,2026
西北农林科技大学,智慧林业,090505T,2,A+,2026
东北林业大学,智慧林业,090505T,3,B+,2026
河南农业大学,智慧林业,090505T,4,B+,2026
福建农林大学,智慧林业,090505T,5,B,2026
中南林业科技大学,智慧林业,090505T,5,B,2026
江西农业大学,智慧林业,090505T,7,B,2026
中国海洋大学,水产养殖学,090601,1,A+,2026
华中农业大学,水产养殖学,090601,2,A+,2026
上海海洋大学,水产养殖学,090601,3,A,2026
宁波大学,水产养殖学,090601,4,A,2026
海南大学,水产养殖学,090601,5,A,2026
集美大学,水产养殖学,090601,6,B+,2026
大连海洋大学,水产养殖学,090601,7,B+,2026
西南大学,水产养殖学,090601,8,B+,2026
西北农林科技大学,水产养殖学,090601,9,B+,2026
南京农业大学,水产养殖学,090601,10,B+,2026
广东海洋大学,水产养殖学,090601,11,B+,2026
中国农业大学,水产养殖学,090601,12,B+,2026
四川农业大学,水产养殖学,090601,13,B+,2026
南昌大学,水产养殖学,090601,14,B+,2026
华南农业大学,水产养殖学,090601,15,B+,2026
东北农业大学,水产养殖学,090601,16,B+,2026
青岛农业大学,水产养殖学,090601,17,B,2026
长江大学,水产养殖学,090601,18,B,2026
浙江海洋大学,水产养殖学,090601,19,B,2026
湖南农业大学,水产养殖学,090601,20,B,2026
天津农学院,水产养殖学,090601,21,B,2026
武汉轻工大学,水产养殖学,090601,22,B,2026
湖州师范大学,水产养殖学,090601,23,B,2026
河南师范大学,水产养殖学,090601,24,B,2026
江苏海洋大学,水产养殖学,090601,25,B,2026
扬州大学,水产养殖学,090601,26,B,2026
福建农林大学,水产养殖学,090601,27,B,2026
沈阳农业大学,水产养殖学,090601,28,B,2026
上海海洋大学,海洋渔业科学与技术,090602,1,A+,2026
中国海洋大学,海洋渔业科学与技术,090602,2,A+,2026
集美大学,海洋渔业科学与技术,090602,3,B+,2026
浙江海洋大学,海洋渔业科学与技术,090602,4,B,2026
海南大学,海洋渔业科学与技术,090602,5,B,2026
上海海洋大学,水族科学与技术,090603T,1,A+,2026
华中农业大学,水族科学与技术,090603T,2,A+,2026
西南大学,水族科学与技术,090603T,3,B+,2026
大连海洋大学,水族科学与技术,090603T,4,B,2026
浙江海洋大学,水族科学与技术,090603T,5,B,2026
青岛农业大学,水族科学与技术,090603T,6,B,2026
兰州大学,草业科学,090701,1,A+,2026
中国农业大学,草业科学,090701,2,A+,2026
北京林业大学,草业科学,090701,3,A,2026
南京农业大学,草业科学,090701,4,B+,2026
西北农林科技大学,草业科学,090701,5,B+,2026
宁夏大学,草业科学,090701,6,B+,2026
内蒙古农业大学,草业科学,090701,7,B+,2026
四川农业大学,草业科学,090701,8,B+,2026
贵州大学,草业科学,090701,9,B+,2026
甘肃农业大学,草业科学,090701,10,B,2026
青海大学,草业科学,090701,11,B,2026
扬州大学,草业科学,090701,12,B,2026
东北农业大学,草业科学,090701,13,B,2026
山西农业大学,草业科学,090701,14,B,2026
华南农业大学,草业科学,090701,15,B,2026
北京林业大学,草坪科学与工程,090702T,1,A+,2026
中国农业大学,草坪科学与工程,090702T,2,A+,2026
南京农业大学,草坪科学与工程,090702T,3,B,2026
北京大学,基础医学,100101K,1,A+,2026
复旦大学,基础医学,100101K,2,A+,2026
浙江大学,基础医学,100101K,3,A,2026
中山大学,基础医学,100101K,4,A,2026
华中科技大学,基础医学,100101K,5,B+,2026
四川大学,基础医学,100101K,6,B+,2026
中南大学,基础医学,100101K,7,B+,2026
南方医科大学,基础医学,100101K,8,B+,2026
南京医科大学,基础医学,100101K,9,B+,2026
天津医科大学,基础医学,100101K,10,B+,2026
西安交通大学,基础医学,100101K,11,B+,2026
武汉大学,基础医学,100101K,12,B+,2026
郑州大学,基础医学,100101K,13,B+,2026
首都医科大学,基础医学,100101K,14,B,2026
同济大学,基础医学,100101K,15,B,2026
哈尔滨医科大学,基础医学,100101K,16,B,2026
重庆医科大学,基础医学,100101K,17,B,2026
广州医科大学,基础医学,100101K,18,B,2026
温州医科大学,基础医学,100101K,19,B,2026
河北医科大学,基础医学,100101K,20,B,2026
中国医科大学,基础医学,100101K,21,B,2026
大连医科大学,基础医学,100101K,22,B,2026
山西医科大学,基础医学,100101K,23,B,2026
上海交通大学,生物医学科学,100103T,1,A+,2026
山东大学,生物医学科学,100103T,2,A+,2026
吉林大学,生物医学科学,100103T,3,B+,2026
南方科技大学,生物医学科学,100103T,4,B+,2026
哈尔滨工业大学,生物医学科学,100103T,5,B,2026
山东第一医科大学,生物医学科学,100103T,6,B,2026
西北大学,生物医学科学,100103T,7,B,2026
汕头大学,生物医学科学,100103T,8,B,2026
北京协和医学院,临床医学,100201K,1,A+,2026
上海交通大学,临床医学,100201K,2,A+,2026
复旦大学,临床医学,100201K,3,A+,2026
北京大学,临床医学,100201K,4,A+,2026
浙江大学,临床医学,100201K,5,A,2026
华中科技大学,临床医学,100201K,6,A,2026
四川大学,临床医学,100201K,7,A,2026
中山大学,临床医学,100201K,8,A,2026
山东大学,临床医学,100201K,9,A,2026
首都医科大学,临床医学,100201K,10,A,2026
中南大学,临床医学,100201K,11,A,2026
同济大学,临床医学,100201K,12,A,2026
广州医科大学,临床医学,100201K,13,A,2026
中国医科大学,临床医学,100201K,13,A,2026
吉林大学,临床医学,100201K,15,A,2026
南方医科大学,临床医学,100201K,16,A,2026
南京医科大学,临床医学,100201K,17,A,2026
清华大学,临床医学,100201K,18,A,2026
天津医科大学,临床医学,100201K,18,A,2026
西安交通大学,临床医学,100201K,18,A,2026
武汉大学,临床医学,100201K,21,B+,2026
哈尔滨医科大学,临床医学,100201K,22,B+,2026
南京大学,临床医学,100201K,23,B+,2026
东南大学,临床医学,100201K,24,B+,2026
重庆医科大学,临床医学,100201K,25,B+,2026
郑州大学,临床医学,100201K,26,B+,2026
温州医科大学,临床医学,100201K,27,B+,2026
广西医科大学,临床医学,100201K,28,B+,2026
暨南大学,临床医学,100201K,29,B+,2026
厦门大学,临床医学,100201K,30,B+,2026
安徽医科大学,临床医学,100201K,31,B+,2026
苏州大学,临床医学,100201K,32,B+,2026
南昌大学,临床医学,100201K,33,B+,2026
南开大学,临床医学,100201K,34,B+,2026
河北医科大学,临床医学,100201K,35,B+,2026
中国科学技术大学,临床医学,100201K,36,B+,2026
大连医科大学,临床医学,100201K,37,B+,2026
福建医科大学,临床医学,100201K,38,B+,2026
山东第一医科大学,临床医学,100201K,38,B+,2026
青岛大学,临床医学,100201K,40,B+,2026
汕头大学,临床医学,100201K,41,B+,2026
昆明医科大学,临床医学,100201K,42,B+,2026
兰州大学,临床医学,100201K,43,B+,2026
徐州医科大学,临床医学,100201K,44,B+,2026
山西医科大学,临床医学,100201K,45,B+,2026
南华大学,临床医学,100201K,46,B+,2026
海南医科大学,临床医学,100201K,47,B+,2026
南通大学,临床医学,100201K,48,B+,2026
宁波大学,临床医学,100201K,49,B+,2026
宁夏医科大学,临床医学,100201K,50,B+,2026
天津大学,临床医学,100201K,51,B+,2026
西南医科大学,临床医学,100201K,51,B+,2026
遵义医科大学,临床医学,100201K,53,B+,2026
广东医科大学,临床医学,100201K,54,B+,2026
电子科技大学,临床医学,100201K,55,B+,2026
湖南师范大学,临床医学,100201K,56,B+,2026
新疆医科大学,临床医学,100201K,57,B+,2026
贵州医科大学,临床医学,100201K,58,B+,2026
江南大学,临床医学,100201K,58,B+,2026
延边大学,临床医学,100201K,60,B+,2026
山东医药大学,临床医学,100201K,61,B+,2026
深圳大学,临床医学,100201K,62,B,2026
重庆大学,临床医学,100201K,63,B,2026
扬州大学,临床医学,100201K,64,B,2026
山东第二医科大学,临床医学,100201K,65,B,2026
南方科技大学,临床医学,100201K,66,B,2026
江苏大学,临床医学,100201K,67,B,2026
成都医学院,临床医学,100201K,68,B,2026
青海大学,临床医学,100201K,69,B,2026
广州中医药大学,临床医学,100201K,70,B,2026
河南大学,临床医学,100201K,71,B,2026
西安医学院,临床医学,100201K,72,B,2026
成都中医药大学,临床医学,100201K,73,B,2026
浙江中医药大学,临床医学,100201K,74,B,2026
河南医药大学,临床医学,100201K,75,B,2026
蚌埠医科大学,临床医学,100201K,76,B,2026
华北理工大学,临床医学,100201K,77,B,2026
华南理工大学,临床医学,100201K,78,B,2026
内蒙古医科大学,临床医学,100201K,78,B,2026
南京中医药大学,临床医学,100201K,80,B,2026
川北医学院,临床医学,100201K,81,B,2026
桂林医科大学,临床医学,100201K,82,B,2026
湖南中医药大学,临床医学,100201K,83,B,2026
石河子大学,临床医学,100201K,84,B,2026
皖南医科大学,临床医学,100201K,84,B,2026
长江大学,临床医学,100201K,86,B,2026
杭州师范大学,临床医学,100201K,87,B,2026
河北大学,临床医学,100201K,87,B,2026
三峡大学,临床医学,100201K,87,B,2026
武汉科技大学,临床医学,100201K,90,B,2026
大连理工大学,临床医学,100201K,91,B,2026
昆明理工大学,临床医学,100201K,92,B,2026
湖北医药学院,临床医学,100201K,93,B,2026
西北大学,临床医学,100201K,94,B,2026
承德医学院,临床医学,100201K,95,B,2026
广西中医药大学,临床医学,100201K,96,B,2026
河南科技大学,临床医学,100201K,97,B,2026
赣南医科大学,临床医学,100201K,98,B,2026
延安大学,临床医学,100201K,98,B,2026
锦州医科大学,临床医学,100201K,100,B,2026
广东药科大学,临床医学,100201K,101,B,2026
安徽理工大学,临床医学,100201K,102,B,2026
香港中文大学（深圳）,临床医学,100201K,103,B,2026
四川大学,口腔医学,100301K,1,A+,2026
上海交通大学,口腔医学,100301K,2,A+,2026
北京大学,口腔医学,100301K,3,A,2026
武汉大学,口腔医学,100301K,4,A,2026
中山大学,口腔医学,100301K,5,A,2026
浙江大学,口腔医学,100301K,6,A,2026
南京医科大学,口腔医学,100301K,7,A,2026
华中科技大学,口腔医学,100301K,8,A,2026
西安交通大学,口腔医学,100301K,9,A,2026
同济大学,口腔医学,100301K,10,A,2026
山东大学,口腔医学,100301K,11,A,2026
首都医科大学,口腔医学,100301K,12,A,2026
重庆医科大学,口腔医学,100301K,13,A,2026
吉林大学,口腔医学,100301K,14,B+,2026
南方医科大学,口腔医学,100301K,15,B+,2026
南京大学,口腔医学,100301K,16,B+,2026
中南大学,口腔医学,100301K,17,B+,2026
中国医科大学,口腔医学,100301K,18,B+,2026
复旦大学,口腔医学,100301K,19,B+,2026
福建医科大学,口腔医学,100301K,20,B+,2026
广西医科大学,口腔医学,100301K,20,B+,2026
天津医科大学,口腔医学,100301K,22,B+,2026
南开大学,口腔医学,100301K,23,B+,2026
哈尔滨医科大学,口腔医学,100301K,24,B+,2026
大连医科大学,口腔医学,100301K,25,B+,2026
河北医科大学,口腔医学,100301K,26,B+,2026
温州医科大学,口腔医学,100301K,27,B+,2026
南昌大学,口腔医学,100301K,28,B+,2026
广州医科大学,口腔医学,100301K,29,B+,2026
暨南大学,口腔医学,100301K,29,B+,2026
昆明医科大学,口腔医学,100301K,31,B+,2026
郑州大学,口腔医学,100301K,32,B+,2026
兰州大学,口腔医学,100301K,33,B+,2026
安徽医科大学,口腔医学,100301K,34,B+,2026
新疆医科大学,口腔医学,100301K,35,B+,2026
遵义医科大学,口腔医学,100301K,36,B+,2026
青岛大学,口腔医学,100301K,37,B+,2026
山西医科大学,口腔医学,100301K,37,B+,2026
西南医科大学,口腔医学,100301K,39,B+,2026
浙江中医药大学,口腔医学,100301K,40,B,2026
河南大学,口腔医学,100301K,41,B,2026
贵州医科大学,口腔医学,100301K,42,B,2026
苏州大学,口腔医学,100301K,42,B,2026
宁夏医科大学,口腔医学,100301K,44,B,2026
山东医药大学,口腔医学,100301K,45,B,2026
厦门大学,口腔医学,100301K,45,B,2026
山东第一医科大学,口腔医学,100301K,47,B,2026
深圳大学,口腔医学,100301K,48,B,2026
石河子大学,口腔医学,100301K,49,B,2026
南通大学,口腔医学,100301K,50,B,2026
华北理工大学,口腔医学,100301K,51,B,2026
海南医科大学,口腔医学,100301K,52,B,2026
徐州医科大学,口腔医学,100301K,53,B,2026
杭州师范大学,口腔医学,100301K,54,B,2026
湖南中医药大学,口腔医学,100301K,54,B,2026
皖南医科大学,口腔医学,100301K,54,B,2026
西北大学,口腔医学,100301K,54,B,2026
广东医科大学,口腔医学,100301K,58,B,2026
山东第二医科大学,口腔医学,100301K,59,B,2026
锦州医科大学,口腔医学,100301K,60,B,2026
沈阳医学院,口腔医学,100301K,61,B,2026
川北医学院,口腔医学,100301K,62,B,2026
桂林医科大学,口腔医学,100301K,63,B,2026
南华大学,口腔医学,100301K,63,B,2026
佳木斯大学,口腔医学,100301K,65,B,2026
复旦大学,预防医学,100401K,1,A+,2026
北京大学,预防医学,100401K,2,A+,2026
南京医科大学,预防医学,100401K,3,A,2026
中山大学,预防医学,100401K,4,A,2026
华中科技大学,预防医学,100401K,5,A,2026
南方医科大学,预防医学,100401K,6,A,2026
厦门大学,预防医学,100401K,7,A,2026
上海交通大学,预防医学,100401K,8,A,2026
浙江大学,预防医学,100401K,9,A,2026
中国医科大学,预防医学,100401K,10,A,2026
四川大学,预防医学,100401K,11,A,2026
山东大学,预防医学,100401K,12,A,2026
西安交通大学,预防医学,100401K,12,A,2026
东南大学,预防医学,100401K,14,B+,2026
首都医科大学,预防医学,100401K,15,B+,2026
中南大学,预防医学,100401K,16,B+,2026
哈尔滨医科大学,预防医学,100401K,17,B+,2026
武汉大学,预防医学,100401K,18,B+,2026
天津医科大学,预防医学,100401K,19,B+,2026
安徽医科大学,预防医学,100401K,20,B+,2026
吉林大学,预防医学,100401K,21,B+,2026
广州医科大学,预防医学,100401K,22,B+,2026
郑州大学,预防医学,100401K,23,B+,2026
南昌大学,预防医学,100401K,24,B+,2026
苏州大学,预防医学,100401K,25,B+,2026
广西医科大学,预防医学,100401K,26,B+,2026
兰州大学,预防医学,100401K,26,B+,2026
福建医科大学,预防医学,100401K,28,B+,2026
山西医科大学,预防医学,100401K,29,B+,2026
青岛大学,预防医学,100401K,30,B+,2026
重庆医科大学,预防医学,100401K,31,B+,2026
江南大学,预防医学,100401K,32,B+,2026
暨南大学,预防医学,100401K,33,B+,2026
温州医科大学,预防医学,100401K,34,B+,2026
宁波大学,预防医学,100401K,35,B+,2026
广东医科大学,预防医学,100401K,36,B+,2026
杭州师范大学,预防医学,100401K,37,B+,2026
浙江中医药大学,预防医学,100401K,38,B+,2026
大连医科大学,预防医学,100401K,39,B+,2026
南华大学,预防医学,100401K,40,B,2026
南通大学,预防医学,100401K,41,B,2026
昆明医科大学,预防医学,100401K,42,B,2026
贵州医科大学,预防医学,100401K,43,B,2026
河北医科大学,预防医学,100401K,43,B,2026
宁夏医科大学,预防医学,100401K,45,B,2026
青海大学,预防医学,100401K,46,B,2026
徐州医科大学,预防医学,100401K,46,B,2026
湖南师范大学,预防医学,100401K,48,B,2026
深圳大学,预防医学,100401K,49,B,2026
广东药科大学,预防医学,100401K,50,B,2026
山东第一医科大学,预防医学,100401K,50,B,2026
天津大学,预防医学,100401K,50,B,2026
新疆医科大学,预防医学,100401K,50,B,2026
成都中医药大学,预防医学,100401K,54,B,2026
上海中医药大学,预防医学,100401K,55,B,2026
西南医科大学,预防医学,100401K,55,B,2026
武汉科技大学,预防医学,100401K,57,B,2026
华北理工大学,预防医学,100401K,58,B,2026
沈阳医学院,预防医学,100401K,58,B,2026
石河子大学,预防医学,100401K,60,B,2026
桂林医科大学,预防医学,100401K,61,B,2026
遵义医科大学,预防医学,100401K,62,B,2026
山东第二医科大学,预防医学,100401K,63,B,2026
汕头大学,预防医学,100401K,64,B,2026
海南医科大学,预防医学,100401K,65,B,2026
河南医药大学,预防医学,100401K,66,B,2026
四川大学,食品卫生与营养学,100402,1,A+,2026
上海交通大学,食品卫生与营养学,100402,2,A+,2026
广州医科大学,食品卫生与营养学,100402,3,A,2026
上海中医药大学,食品卫生与营养学,100402,4,A,2026
陕西中医药大学,食品卫生与营养学,100402,5,B+,2026
成都中医药大学,食品卫生与营养学,100402,6,B+,2026
河北医科大学,食品卫生与营养学,100402,7,B+,2026
天津中医药大学,食品卫生与营养学,100402,8,B+,2026
河南中医药大学,食品卫生与营养学,100402,9,B+,2026
桂林医科大学,食品卫生与营养学,100402,10,B+,2026
徐州医科大学,食品卫生与营养学,100402,11,B+,2026
安徽农业大学,食品卫生与营养学,100402,12,B+,2026
西南医科大学,食品卫生与营养学,100402,12,B+,2026
山东中医药大学,食品卫生与营养学,100402,14,B,2026
昆明医科大学,食品卫生与营养学,100402,15,B,2026
蚌埠医科大学,食品卫生与营养学,100402,16,B,2026
赣南医科大学,食品卫生与营养学,100402,17,B,2026
贵州医科大学,食品卫生与营养学,100402,18,B,2026
临沂大学,食品卫生与营养学,100402,19,B,2026
皖南医科大学,食品卫生与营养学,100402,20,B,2026
昆明医科大学海源学院,运动与公共健康,100406T,,,2026
上海体育大学,运动与公共健康,100406T,,,2026
北京中医药大学,中医学,100501K,1,A+,2026
上海中医药大学,中医学,100501K,2,A+,2026
广州中医药大学,中医学,100501K,3,A,2026
南京中医药大学,中医学,100501K,4,A,2026
天津中医药大学,中医学,100501K,5,A,2026
成都中医药大学,中医学,100501K,6,A,2026
浙江中医药大学,中医学,100501K,7,A,2026
福建中医药大学,中医学,100501K,8,B+,2026
南方医科大学,中医学,100501K,9,B+,2026
黑龙江中医药大学,中医学,100501K,10,B+,2026
湖南中医药大学,中医学,100501K,11,B+,2026
暨南大学,中医学,100501K,12,B+,2026
山东中医药大学,中医学,100501K,13,B+,2026
河南中医药大学,中医学,100501K,14,B+,2026
首都医科大学,中医学,100501K,15,B+,2026
长春中医药大学,中医学,100501K,16,B+,2026
辽宁中医药大学,中医学,100501K,17,B+,2026
安徽中医药大学,中医学,100501K,18,B+,2026
陕西中医药大学,中医学,100501K,19,B+,2026
厦门大学,中医学,100501K,20,B+,2026
广西中医药大学,中医学,100501K,21,B+,2026
湖北中医药大学,中医学,100501K,22,B,2026
江西中医药大学,中医学,100501K,23,B,2026
青海大学,中医学,100501K,24,B,2026
河北中医药大学,中医学,100501K,25,B,2026
山西中医药大学,中医学,100501K,25,B,2026
宁夏医科大学,中医学,100501K,27,B,2026
西南医科大学,中医学,100501K,28,B,2026
甘肃中医药大学,中医学,100501K,29,B,2026
云南中医药大学,中医学,100501K,30,B,2026
广东药科大学,中医学,100501K,31,B,2026
新疆医科大学,中医学,100501K,32,B,2026
延边大学,中医学,100501K,32,B,2026
贵州中医药大学,中医学,100501K,34,B,2026
温州医科大学,中医学,100501K,34,B,2026
上海中医药大学,针灸推拿学,100502K,1,A+,2026
北京中医药大学,针灸推拿学,100502K,2,A+,2026
成都中医药大学,针灸推拿学,100502K,3,A,2026
广州中医药大学,针灸推拿学,100502K,4,A,2026
天津中医药大学,针灸推拿学,100502K,5,A,2026
南京中医药大学,针灸推拿学,100502K,6,B+,2026
浙江中医药大学,针灸推拿学,100502K,7,B+,2026
湖南中医药大学,针灸推拿学,100502K,8,B+,2026
山东中医药大学,针灸推拿学,100502K,9,B+,2026
福建中医药大学,针灸推拿学,100502K,10,B+,2026
黑龙江中医药大学,针灸推拿学,100502K,11,B+,2026
长春中医药大学,针灸推拿学,100502K,12,B+,2026
南方医科大学,针灸推拿学,100502K,13,B+,2026
湖北中医药大学,针灸推拿学,100502K,14,B+,2026
河南中医药大学,针灸推拿学,100502K,15,B+,2026
安徽中医药大学,针灸推拿学,100502K,16,B+,2026
江西中医药大学,针灸推拿学,100502K,17,B,2026
山西中医药大学,针灸推拿学,100502K,18,B,2026
辽宁中医药大学,针灸推拿学,100502K,19,B,2026
陕西中医药大学,针灸推拿学,100502K,19,B,2026
大连医科大学,针灸推拿学,100502K,21,B,2026
广西中医药大学,针灸推拿学,100502K,21,B,2026
宁夏医科大学,针灸推拿学,100502K,23,B,2026
河北中医药大学,针灸推拿学,100502K,24,B,2026
贵州中医药大学,针灸推拿学,100502K,25,B,2026
新疆医科大学,针灸推拿学,100502K,26,B,2026
云南中医药大学,针灸推拿学,100502K,27,B,2026
内蒙古医科大学,针灸推拿学,100502K,28,B,2026
成都中医药大学,藏医学,100503K,1,A+,2026
青海大学,藏医学,100503K,2,A+,2026
赤峰大学,蒙医学,100504K,,,2026
内蒙古民族大学,蒙医学,100504K,,,2026
内蒙古医科大学,蒙医学,100504K,,,2026
新疆医科大学,维医学,100505K,,,2026
广西中医药大学,壮医学,100506K,,,2026
新疆医科大学,哈医学,100507K,,,2026
上海中医药大学,中西医临床医学,100601K,1,A+,2026
北京中医药大学,中西医临床医学,100601K,2,A+,2026
南方医科大学,中西医临床医学,100601K,3,A,2026
广州中医药大学,中西医临床医学,100601K,4,A,2026
大连医科大学,中西医临床医学,100601K,5,A,2026
华中科技大学,中西医临床医学,100601K,6,B+,2026
湖南中医药大学,中西医临床医学,100601K,7,B+,2026
成都中医药大学,中西医临床医学,100601K,8,B+,2026
福建中医药大学,中西医临床医学,100601K,9,B+,2026
南京中医药大学,中西医临床医学,100601K,10,B+,2026
天津中医药大学,中西医临床医学,100601K,11,B+,2026
黑龙江中医药大学,中西医临床医学,100601K,12,B+,2026
河北医科大学,中西医临床医学,100601K,13,B+,2026
辽宁中医药大学,中西医临床医学,100601K,14,B+,2026
山东中医药大学,中西医临床医学,100601K,15,B+,2026
广西中医药大学,中西医临床医学,100601K,16,B,2026
安徽中医药大学,中西医临床医学,100601K,17,B,2026
广东药科大学,中西医临床医学,100601K,18,B,2026
广州医科大学,中西医临床医学,100601K,19,B,2026
河南中医药大学,中西医临床医学,100601K,20,B,2026
浙江中医药大学,中西医临床医学,100601K,21,B,2026
西南医科大学,中西医临床医学,100601K,22,B,2026
河北中医药大学,中西医临床医学,100601K,23,B,2026
陕西中医药大学,中西医临床医学,100601K,24,B,2026
湖北中医药大学,中西医临床医学,100601K,25,B,2026
贵州中医药大学,中西医临床医学,100601K,26,B,2026
中国药科大学,药学,100701,1,A+,2026
北京大学,药学,100701,2,A+,2026
复旦大学,药学,100701,3,A+,2026
浙江大学,药学,100701,4,A+,2026
四川大学,药学,100701,5,A+,2026
山东大学,药学,100701,6,A,2026
上海交通大学,药学,100701,7,A,2026
北京协和医学院,药学,100701,8,A,2026
中山大学,药学,100701,9,A,2026
华中科技大学,药学,100701,10,A,2026
清华大学,药学,100701,11,A,2026
暨南大学,药学,100701,12,A,2026
沈阳药科大学,药学,100701,13,A,2026
西安交通大学,药学,100701,14,A,2026
哈尔滨医科大学,药学,100701,15,A,2026
武汉大学,药学,100701,16,A,2026
南京医科大学,药学,100701,17,A,2026
温州医科大学,药学,100701,18,A,2026
中南大学,药学,100701,19,A,2026
南方医科大学,药学,100701,20,A,2026
天津大学,药学,100701,21,A,2026
首都医科大学,药学,100701,22,A,2026
南开大学,药学,100701,23,A,2026
厦门大学,药学,100701,24,A,2026
西南大学,药学,100701,25,A,2026
郑州大学,药学,100701,26,A,2026
兰州大学,药学,100701,27,A,2026
苏州大学,药学,100701,28,A,2026
天津医科大学,药学,100701,29,B+,2026
华东理工大学,药学,100701,30,B+,2026
吉林大学,药学,100701,30,B+,2026
中国海洋大学,药学,100701,32,B+,2026
重庆医科大学,药学,100701,33,B+,2026
浙江工业大学,药学,100701,34,B+,2026
安徽医科大学,药学,100701,35,B+,2026
广州医科大学,药学,100701,36,B+,2026
广州中医药大学,药学,100701,37,B+,2026
北京中医药大学,药学,100701,38,B+,2026
上海中医药大学,药学,100701,39,B+,2026
南昌大学,药学,100701,40,B+,2026
南京中医药大学,药学,100701,41,B+,2026
海南大学,药学,100701,42,B+,2026
徐州医科大学,药学,100701,42,B+,2026
中国医科大学,药学,100701,44,B+,2026
杭州师范大学,药学,100701,45,B+,2026
河北医科大学,药学,100701,46,B+,2026
浙江中医药大学,药学,100701,47,B+,2026
遵义医科大学,药学,100701,48,B+,2026
重庆大学,药学,100701,49,B+,2026
福建医科大学,药学,100701,50,B+,2026
青岛大学,药学,100701,51,B+,2026
河南大学,药学,100701,52,B+,2026
广东药科大学,药学,100701,53,B+,2026
石河子大学,药学,100701,54,B+,2026
山东第一医科大学,药学,100701,55,B+,2026
大连理工大学,药学,100701,56,B+,2026
江南大学,药学,100701,57,B+,2026
广西医科大学,药学,100701,58,B+,2026
延边大学,药学,100701,59,B+,2026
中南民族大学,药学,100701,60,B+,2026
贵州医科大学,药学,100701,61,B+,2026
江苏大学,药学,100701,62,B+,2026
昆明医科大学,药学,100701,63,B+,2026
天津中医药大学,药学,100701,64,B+,2026
广东医科大学,药学,100701,65,B+,2026
南通大学,药学,100701,66,B+,2026
山西医科大学,药学,100701,66,B+,2026
安徽中医药大学,药学,100701,68,B+,2026
江西中医药大学,药学,100701,68,B+,2026
海南医科大学,药学,100701,70,B+,2026
山东医药大学,药学,100701,71,B+,2026
湖南师范大学,药学,100701,72,B+,2026
南京工业大学,药学,100701,72,B+,2026
成都大学,药学,100701,74,B+,2026
大连医科大学,药学,100701,74,B+,2026
杭州医学院,药学,100701,76,B+,2026
西南医科大学,药学,100701,77,B+,2026
新疆医科大学,药学,100701,78,B+,2026
扬州大学,药学,100701,79,B+,2026
三峡大学,药学,100701,80,B+,2026
深圳大学,药学,100701,80,B+,2026
山东第二医科大学,药学,100701,82,B+,2026
烟台大学,药学,100701,83,B+,2026
宁夏医科大学,药学,100701,84,B+,2026
汕头大学,药学,100701,84,B+,2026
河北大学,药学,100701,86,B,2026
南华大学,药学,100701,86,B,2026
华侨大学,药学,100701,88,B,2026
贵州大学,药学,100701,89,B,2026
河南中医药大学,药学,100701,89,B,2026
湖南大学,药学,100701,89,B,2026
合肥工业大学,药学,100701,92,B,2026
云南大学,药学,100701,93,B,2026
桂林医科大学,药学,100701,94,B,2026
北京师范大学,药学,100701,95,B,2026
湖北大学,药学,100701,95,B,2026
香港中文大学（深圳）,药学,100701,95,B,2026
大理大学,药学,100701,98,B,2026
山东中医药大学,药学,100701,98,B,2026
宁波大学,药学,100701,100,B,2026
成都中医药大学,药学,100701,101,B,2026
湖南中医药大学,药学,100701,102,B,2026
广西大学,药学,100701,103,B,2026
福州大学,药学,100701,104,B,2026
湖北医药学院,药学,100701,104,B,2026
西北大学,药学,100701,104,B,2026
陕西中医药大学,药学,100701,107,B,2026
四川农业大学,药学,100701,107,B,2026
黑龙江中医药大学,药学,100701,109,B,2026
中国计量大学,药学,100701,109,B,2026
重庆理工大学,药学,100701,111,B,2026
河南医药大学,药学,100701,111,B,2026
天津理工大学,药学,100701,113,B,2026
武汉科技大学,药学,100701,113,B,2026
内蒙古医科大学,药学,100701,115,B,2026
云南中医药大学,药学,100701,116,B,2026
青海大学,药学,100701,117,B,2026
福建中医药大学,药学,100701,118,B,2026
常州大学,药学,100701,119,B,2026
佛山大学,药学,100701,119,B,2026
湖北科技学院,药学,100701,119,B,2026
长治医学院,药学,100701,122,B,2026
华北理工大学,药学,100701,122,B,2026
皖南医科大学,药学,100701,124,B,2026
陕西科技大学,药学,100701,125,B,2026
浙江海洋大学,药学,100701,125,B,2026
湖北中医药大学,药学,100701,127,B,2026
辽宁中医药大学,药学,100701,127,B,2026
河南科技大学,药学,100701,129,B,2026
长春中医药大学,药学,100701,130,B,2026
成都医学院,药学,100701,131,B,2026
广西中医药大学,药学,100701,132,B,2026
济南大学,药学,100701,133,B,2026
北华大学,药学,100701,134,B,2026
蚌埠医科大学,药学,100701,135,B,2026
贵州民族大学,药学,100701,136,B,2026
深圳技术大学,药学,100701,137,B,2026
浙大城市学院,药学,100701,137,B,2026
浙江师范大学,药学,100701,139,B,2026
赣南医科大学,药学,100701,140,B,2026
齐齐哈尔医学院,药学,100701,140,B,2026
武汉轻工大学,药学,100701,142,B,2026
西交利物浦大学,药学,100701,142,B,2026
中国药科大学,药物制剂,100702,1,A+,2026
沈阳药科大学,药物制剂,100702,2,A+,2026
天津医科大学,药物制剂,100702,3,A,2026
南京中医药大学,药物制剂,100702,4,A,2026
郑州大学,药物制剂,100702,5,A,2026
中国医科大学,药物制剂,100702,5,A,2026
广州中医药大学,药物制剂,100702,7,A,2026
河北医科大学,药物制剂,100702,8,A,2026
哈尔滨医科大学,药物制剂,100702,9,A,2026
天津中医药大学,药物制剂,100702,10,B+,2026
广东药科大学,药物制剂,100702,11,B+,2026
江苏大学,药物制剂,100702,12,B+,2026
南京工业大学,药物制剂,100702,13,B+,2026
贵州医科大学,药物制剂,100702,14,B+,2026
延边大学,药物制剂,100702,14,B+,2026
遵义医科大学,药物制剂,100702,16,B+,2026
中南民族大学,药物制剂,100702,17,B+,2026
青岛科技大学,药物制剂,100702,18,B+,2026
南通大学,药物制剂,100702,19,B+,2026
四川农业大学,药物制剂,100702,20,B+,2026
山东第一医科大学,药物制剂,100702,21,B+,2026
江西中医药大学,药物制剂,100702,22,B+,2026
徐州医科大学,药物制剂,100702,23,B+,2026
河南中医药大学,药物制剂,100702,24,B+,2026
武汉工程大学,药物制剂,100702,25,B+,2026
河北大学,药物制剂,100702,26,B+,2026
山东中医药大学,药物制剂,100702,27,B+,2026
安徽中医药大学,药物制剂,100702,28,B+,2026
成都大学,药物制剂,100702,29,B+,2026
湖南中医药大学,药物制剂,100702,30,B,2026
江苏海洋大学,药物制剂,100702,31,B,2026
昆明医科大学,药物制剂,100702,32,B,2026
南华大学,药物制剂,100702,32,B,2026
湖北中医药大学,药物制剂,100702,34,B,2026
黑龙江中医药大学,药物制剂,100702,35,B,2026
福建中医药大学,药物制剂,100702,36,B,2026
河北科技大学,药物制剂,100702,37,B,2026
河南农业大学,药物制剂,100702,38,B,2026
济宁医学院,药物制剂,100702,39,B,2026
内蒙古医科大学,药物制剂,100702,40,B,2026
成都中医药大学,药物制剂,100702,41,B,2026
齐鲁工业大学,药物制剂,100702,42,B,2026
皖南医科大学,药物制剂,100702,43,B,2026
云南中医药大学,药物制剂,100702,44,B,2026
河南医药大学,药物制剂,100702,45,B,2026
辽宁中医药大学,药物制剂,100702,45,B,2026
成都医学院,药物制剂,100702,47,B,2026
华北理工大学,药物制剂,100702,48,B,2026
中国药科大学,药事管理,100704T,1,A+,2026
沈阳药科大学,药事管理,100704T,2,A+,2026
南京中医药大学,药事管理,100704T,3,B+,2026
北京中医药大学,药事管理,100704T,4,B+,2026
贵州医科大学,药事管理,100704T,5,B,2026
广东药科大学,药事管理,100704T,6,B,2026
湖北中医药大学,药事管理,100704T,7,B,2026
中国药科大学,药物分析,100705T,1,A+,2026
沈阳药科大学,药物分析,100705T,2,A+,2026
河北医科大学,药物分析,100705T,3,B+,2026
哈尔滨医科大学,药物分析,100705T,4,B+,2026
中南民族大学,药物分析,100705T,5,B+,2026
广东药科大学,药物分析,100705T,6,B+,2026
广东医科大学,药物分析,100705T,7,B,2026
江苏海洋大学,药物分析,100705T,8,B,2026
黑龙江中医药大学,药物分析,100705T,9,B,2026
云南民族大学,药物分析,100705T,10,B,2026
上海健康医学院,药物分析,100705T,11,B,2026
中国药科大学,药物化学,100706T,1,A+,2026
南开大学,药物化学,100706T,2,A+,2026
沈阳药科大学,药物化学,100706T,3,B,2026
河北医科大学,药物化学,100706T,4,B,2026
中国药科大学,海洋药学,100707T,1,A+,2026
广东药科大学,海洋药学,100707T,2,A+,2026
海南医科大学,海洋药学,100707T,3,B,2026
中国药科大学,化妆品科学与技术,100708T,1,A+,2026
广东药科大学,化妆品科学与技术,100708T,2,A+,2026
临沂大学,化妆品科学与技术,100708T,3,B,2026
广东医科大学,化妆品科学与技术,100708T,4,B,2026
北京中医药大学,中药学,100801,1,A+,2026
南京中医药大学,中药学,100801,2,A+,2026
上海中医药大学,中药学,100801,3,A,2026
成都中医药大学,中药学,100801,4,A,2026
中国药科大学,中药学,100801,5,A,2026
天津中医药大学,中药学,100801,6,A,2026
浙江中医药大学,中药学,100801,7,A,2026
广州中医药大学,中药学,100801,8,A,2026
江西中医药大学,中药学,100801,9,A,2026
黑龙江中医药大学,中药学,100801,10,A,2026
南方医科大学,中药学,100801,11,A,2026
首都医科大学,中药学,100801,12,A,2026
沈阳药科大学,中药学,100801,13,A,2026
安徽中医药大学,中药学,100801,14,B+,2026
河南中医药大学,中药学,100801,14,B+,2026
山东中医药大学,中药学,100801,16,B+,2026
陕西中医药大学,中药学,100801,17,B+,2026
西北大学,中药学,100801,18,B+,2026
长春中医药大学,中药学,100801,19,B+,2026
贵州中医药大学,中药学,100801,20,B+,2026
暨南大学,中药学,100801,21,B+,2026
温州医科大学,中药学,100801,22,B+,2026
广西中医药大学,中药学,100801,23,B+,2026
南京农业大学,中药学,100801,24,B+,2026
云南中医药大学,中药学,100801,25,B+,2026
福建中医药大学,中药学,100801,26,B+,2026
浙江工业大学,中药学,100801,26,B+,2026
安徽医科大学,中药学,100801,28,B+,2026
湖南中医药大学,中药学,100801,29,B+,2026
湖北中医药大学,中药学,100801,30,B+,2026
辽宁中医药大学,中药学,100801,31,B+,2026
广东药科大学,中药学,100801,32,B+,2026
河南大学,中药学,100801,33,B+,2026
河北中医药大学,中药学,100801,34,B+,2026
山西中医药大学,中药学,100801,35,B+,2026
宁夏医科大学,中药学,100801,36,B+,2026
浙江农林大学,中药学,100801,37,B+,2026
内蒙古医科大学,中药学,100801,38,B+,2026
石河子大学,中药学,100801,39,B+,2026
河南农业大学,中药学,100801,40,B+,2026
甘肃中医药大学,中药学,100801,41,B+,2026
山东第一医科大学,中药学,100801,42,B,2026
西安医学院,中药学,100801,43,B,2026
西南医科大学,中药学,100801,43,B,2026
深圳技术大学,中药学,100801,45,B,2026
山东医药大学,中药学,100801,46,B,2026
新疆医科大学,中药学,100801,47,B,2026
青海大学,中药学,100801,48,B,2026
哈尔滨商业大学,中药学,100801,49,B,2026
河北大学,中药学,100801,50,B,2026
河北医科大学,中药学,100801,50,B,2026
吉林农业大学,中药学,100801,52,B,2026
山西医科大学,中药学,100801,52,B,2026
西南民族大学,中药学,100801,54,B,2026
哈尔滨医科大学,中药学,100801,55,B,2026
海南医科大学,中药学,100801,56,B,2026
成都医学院,中药学,100801,57,B,2026
贵州医科大学,中药学,100801,58,B,2026
广西医科大学,中药学,100801,59,B,2026
遵义医科大学,中药学,100801,60,B,2026
临沂大学,中药学,100801,61,B,2026
承德医学院,中药学,100801,62,B,2026
湖南医药学院,中药学,100801,63,B,2026
湖北医药学院,中药学,100801,64,B,2026
桂林医科大学,中药学,100801,65,B,2026
济宁医学院,中药学,100801,66,B,2026
大连大学,中药学,100801,67,B,2026
沈阳医学院,中药学,100801,68,B,2026
厦门医学院,中药学,100801,69,B,2026
南京中医药大学,中药资源与开发,100802,1,A+,2026
中国药科大学,中药资源与开发,100802,2,A+,2026
成都中医药大学,中药资源与开发,100802,3,A,2026
天津中医药大学,中药资源与开发,100802,4,A,2026
广州中医药大学,中药资源与开发,100802,5,B+,2026
沈阳药科大学,中药资源与开发,100802,6,B+,2026
江西中医药大学,中药资源与开发,100802,7,B+,2026
河南中医药大学,中药资源与开发,100802,8,B+,2026
黑龙江中医药大学,中药资源与开发,100802,9,B+,2026
山东中医药大学,中药资源与开发,100802,10,B+,2026
陕西中医药大学,中药资源与开发,100802,11,B+,2026
长春中医药大学,中药资源与开发,100802,12,B+,2026
云南中医药大学,中药资源与开发,100802,13,B,2026
湖南中医药大学,中药资源与开发,100802,14,B,2026
湖北中医药大学,中药资源与开发,100802,15,B,2026
华南农业大学,中药资源与开发,100802,16,B,2026
吉林农业大学,中药资源与开发,100802,17,B,2026
河北中医药大学,中药资源与开发,100802,18,B,2026
湖南农业大学,中药资源与开发,100802,19,B,2026
山西中医药大学,中药资源与开发,100802,20,B,2026
成都中医药大学,藏药学,100803T,1,A+,2026
西藏藏医药大学,藏药学,100803T,2,A+,2026
西南民族大学,藏药学,100803T,3,B,2026
内蒙古民族大学,蒙药学,100804T,,,2026
内蒙古医科大学,蒙药学,100804T,,,2026
南京中医药大学,中药制药,100805T,1,A+,2026
北京中医药大学,中药制药,100805T,2,A+,2026
天津中医药大学,中药制药,100805T,3,B+,2026
中国药科大学,中药制药,100805T,4,B+,2026
沈阳药科大学,中药制药,100805T,5,B+,2026
江西中医药大学,中药制药,100805T,6,B+,2026
河南中医药大学,中药制药,100805T,7,B+,2026
陕西中医药大学,中药制药,100805T,8,B+,2026
黑龙江中医药大学,中药制药,100805T,9,B,2026
安徽中医药大学,中药制药,100805T,10,B,2026
贵州中医药大学,中药制药,100805T,11,B,2026
湖北中医药大学,中药制药,100805T,12,B,2026
广东药科大学,中药制药,100805T,13,B,2026
河北中医药大学,中药制药,100805T,14,B,2026
浙江中医药大学,中草药栽培与鉴定,100806T,1,A+,2026
山东中医药大学,中草药栽培与鉴定,100806T,2,A+,2026
贵州中医药大学,中草药栽培与鉴定,100806T,3,B+,2026
四川农业大学,中草药栽培与鉴定,100806T,4,B+,2026
沈阳农业大学,中草药栽培与鉴定,100806T,5,B+,2026
河北中医药大学,中草药栽培与鉴定,100806T,6,B+,2026
云南中医药大学,中草药栽培与鉴定,100806T,7,B+,2026
吉林农业大学,中草药栽培与鉴定,100806T,8,B,2026
云南农业大学,中草药栽培与鉴定,100806T,9,B,2026
临沂大学,中草药栽培与鉴定,100806T,10,B,2026
甘肃中医药大学,中草药栽培与鉴定,100806T,11,B,2026
辽宁中医药大学,中草药栽培与鉴定,100806T,12,B,2026
四川大学,法医学,100901K,1,A+,2026
复旦大学,法医学,100901K,2,A+,2026
西安交通大学,法医学,100901K,3,A,2026
中山大学,法医学,100901K,4,B+,2026
南方医科大学,法医学,100901K,5,B+,2026
华中科技大学,法医学,100901K,6,B+,2026
苏州大学,法医学,100901K,7,B+,2026
中南大学,法医学,100901K,8,B+,2026
重庆医科大学,法医学,100901K,9,B+,2026
中国医科大学,法医学,100901K,10,B+,2026
南京医科大学,法医学,100901K,11,B,2026
山西医科大学,法医学,100901K,12,B,2026
河北医科大学,法医学,100901K,13,B,2026
昆明医科大学,法医学,100901K,14,B,2026
安徽医科大学,法医学,100901K,15,B,2026
贵州医科大学,法医学,100901K,15,B,2026
皖南医科大学,法医学,100901K,17,B,2026
广西医科大学,法医学,100901K,18,B,2026
上海交通大学,医学检验技术,101001,1,A+,2026
北京大学,医学检验技术,101001,2,A+,2026
南方医科大学,医学检验技术,101001,3,A+,2026
四川大学,医学检验技术,101001,4,A,2026
华中科技大学,医学检验技术,101001,5,A,2026
广州医科大学,医学检验技术,101001,6,A,2026
中南大学,医学检验技术,101001,7,A,2026
天津医科大学,医学检验技术,101001,8,A,2026
中国医科大学,医学检验技术,101001,8,A,2026
重庆医科大学,医学检验技术,101001,10,A,2026
温州医科大学,医学检验技术,101001,11,A,2026
郑州大学,医学检验技术,101001,12,A,2026
厦门大学,医学检验技术,101001,13,A,2026
东南大学,医学检验技术,101001,14,A,2026
南京医科大学,医学检验技术,101001,15,A,2026
首都医科大学,医学检验技术,101001,16,A,2026
大连医科大学,医学检验技术,101001,17,A,2026
南昌大学,医学检验技术,101001,18,A,2026
苏州大学,医学检验技术,101001,19,B+,2026
安徽医科大学,医学检验技术,101001,20,B+,2026
贵州医科大学,医学检验技术,101001,20,B+,2026
福建医科大学,医学检验技术,101001,22,B+,2026
南通大学,医学检验技术,101001,22,B+,2026
广东医科大学,医学检验技术,101001,24,B+,2026
河北医科大学,医学检验技术,101001,25,B+,2026
江苏大学,医学检验技术,101001,26,B+,2026
广西医科大学,医学检验技术,101001,27,B+,2026
徐州医科大学,医学检验技术,101001,28,B+,2026
山东第一医科大学,医学检验技术,101001,29,B+,2026
广州中医药大学,医学检验技术,101001,30,B+,2026
南华大学,医学检验技术,101001,31,B+,2026
青岛大学,医学检验技术,101001,31,B+,2026
兰州大学,医学检验技术,101001,33,B+,2026
西南医科大学,医学检验技术,101001,34,B+,2026
湖南师范大学,医学检验技术,101001,35,B+,2026
山西医科大学,医学检验技术,101001,36,B+,2026
杭州医学院,医学检验技术,101001,37,B+,2026
扬州大学,医学检验技术,101001,38,B+,2026
遵义医科大学,医学检验技术,101001,39,B+,2026
海南医科大学,医学检验技术,101001,40,B+,2026
宁夏医科大学,医学检验技术,101001,41,B+,2026
浙江中医药大学,医学检验技术,101001,42,B+,2026
成都中医药大学,医学检验技术,101001,43,B+,2026
哈尔滨医科大学,医学检验技术,101001,44,B+,2026
昆明医科大学,医学检验技术,101001,45,B+,2026
蚌埠医科大学,医学检验技术,101001,46,B+,2026
山东医药大学,医学检验技术,101001,46,B+,2026
石河子大学,医学检验技术,101001,48,B+,2026
新疆医科大学,医学检验技术,101001,49,B+,2026
成都医学院,医学检验技术,101001,50,B+,2026
汕头大学,医学检验技术,101001,51,B+,2026
河南医药大学,医学检验技术,101001,52,B+,2026
陕西中医药大学,医学检验技术,101001,53,B+,2026
河南中医药大学,医学检验技术,101001,54,B+,2026
山东第二医科大学,医学检验技术,101001,55,B+,2026
北华大学,医学检验技术,101001,56,B+,2026
皖南医科大学,医学检验技术,101001,57,B,2026
湖南中医药大学,医学检验技术,101001,58,B,2026
延安大学,医学检验技术,101001,59,B,2026
湖北中医药大学,医学检验技术,101001,60,B,2026
贵州大学,医学检验技术,101001,61,B,2026
桂林医科大学,医学检验技术,101001,62,B,2026
湖北医药学院,医学检验技术,101001,63,B,2026
天津中医药大学,医学检验技术,101001,64,B,2026
大连大学,医学检验技术,101001,65,B,2026
长江大学,医学检验技术,101001,66,B,2026
成都大学,医学检验技术,101001,67,B,2026
安徽理工大学,医学检验技术,101001,68,B,2026
川北医学院,医学检验技术,101001,68,B,2026
锦州医科大学,医学检验技术,101001,68,B,2026
河北中医药大学,医学检验技术,101001,71,B,2026
广西中医药大学,医学检验技术,101001,72,B,2026
长治医学院,医学检验技术,101001,73,B,2026
华北理工大学,医学检验技术,101001,74,B,2026
沈阳医学院,医学检验技术,101001,75,B,2026
河北北方学院,医学检验技术,101001,76,B,2026
西安医学院,医学检验技术,101001,76,B,2026
赣南医科大学,医学检验技术,101001,78,B,2026
辽宁中医药大学,医学检验技术,101001,79,B,2026
河南科技大学,医学检验技术,101001,80,B,2026
上海健康医学院,医学检验技术,101001,81,B,2026
西藏民族大学,医学检验技术,101001,82,B,2026
湖南医药学院,医学检验技术,101001,83,B,2026
广东药科大学,医学检验技术,101001,84,B,2026
安徽中医药大学,医学检验技术,101001,85,B,2026
内蒙古科技大学包头医学院,医学检验技术,101001,85,B,2026
承德医学院,医学检验技术,101001,87,B,2026
河北工程大学,医学检验技术,101001,88,B,2026
大理大学,医学检验技术,101001,89,B,2026
厦门医学院,医学检验技术,101001,89,B,2026
甘肃中医药大学,医学检验技术,101001,91,B,2026
齐齐哈尔医学院,医学检验技术,101001,92,B,2026
甘肃医学院,医学检验技术,101001,93,B,2026
重庆医科大学,医学实验技术,101002,1,A+,2026
首都医科大学,医学实验技术,101002,2,A+,2026
广东医科大学,医学实验技术,101002,3,A,2026
天津中医药大学,医学实验技术,101002,4,B+,2026
山东第一医科大学,医学实验技术,101002,5,B+,2026
徐州医科大学,医学实验技术,101002,5,B+,2026
哈尔滨医科大学,医学实验技术,101002,7,B+,2026
浙江中医药大学,医学实验技术,101002,7,B+,2026
广西医科大学,医学实验技术,101002,9,B+,2026
山西医科大学,医学实验技术,101002,10,B,2026
贵州医科大学,医学实验技术,101002,11,B,2026
湖北中医药大学,医学实验技术,101002,12,B,2026
河南中医药大学,医学实验技术,101002,13,B,2026
长治医学院,医学实验技术,101002,14,B,2026
黑龙江中医药大学,医学实验技术,101002,15,B,2026
四川大学,医学影像技术,101003,1,A+,2026
天津医科大学,医学影像技术,101003,2,A+,2026
上海交通大学,医学影像技术,101003,3,A,2026
中国医科大学,医学影像技术,101003,3,A,2026
北京大学,医学影像技术,101003,5,A,2026
首都医科大学,医学影像技术,101003,5,A,2026
重庆医科大学,医学影像技术,101003,7,A,2026
南京医科大学,医学影像技术,101003,8,A,2026
河北医科大学,医学影像技术,101003,9,A,2026
福建医科大学,医学影像技术,101003,10,A,2026
大连医科大学,医学影像技术,101003,11,A,2026
山东第一医科大学,医学影像技术,101003,12,A,2026
上海理工大学,医学影像技术,101003,13,B+,2026
温州医科大学,医学影像技术,101003,14,B+,2026
山西医科大学,医学影像技术,101003,15,B+,2026
长江大学,医学影像技术,101003,16,B+,2026
安徽医科大学,医学影像技术,101003,17,B+,2026
哈尔滨医科大学,医学影像技术,101003,17,B+,2026
杭州医学院,医学影像技术,101003,17,B+,2026
徐州医科大学,医学影像技术,101003,17,B+,2026
川北医学院,医学影像技术,101003,21,B+,2026
上海健康医学院,医学影像技术,101003,22,B+,2026
西南医科大学,医学影像技术,101003,23,B+,2026
河南医药大学,医学影像技术,101003,24,B+,2026
赣南医科大学,医学影像技术,101003,25,B+,2026
山东第二医科大学,医学影像技术,101003,26,B+,2026
天津中医药大学,医学影像技术,101003,27,B+,2026
遵义医科大学,医学影像技术,101003,28,B+,2026
锦州医科大学,医学影像技术,101003,29,B+,2026
河北大学,医学影像技术,101003,30,B+,2026
昆明医科大学,医学影像技术,101003,30,B+,2026
成都医学院,医学影像技术,101003,32,B+,2026
江汉大学,医学影像技术,101003,33,B+,2026
河北中医药大学,医学影像技术,101003,34,B+,2026
新疆医科大学,医学影像技术,101003,35,B+,2026
河南科技大学,医学影像技术,101003,36,B+,2026
山东医药大学,医学影像技术,101003,37,B+,2026
福建中医药大学,医学影像技术,101003,38,B+,2026
湖北中医药大学,医学影像技术,101003,39,B,2026
湖北医药学院,医学影像技术,101003,40,B,2026
蚌埠医科大学,医学影像技术,101003,41,B,2026
广西中医药大学,医学影像技术,101003,42,B,2026
湘南学院,医学影像技术,101003,42,B,2026
湖南医药学院,医学影像技术,101003,44,B,2026
西南科技大学,医学影像技术,101003,45,B,2026
海南医科大学,医学影像技术,101003,46,B,2026
河北工程大学,医学影像技术,101003,47,B,2026
江西中医药大学,医学影像技术,101003,48,B,2026
安徽中医药大学,医学影像技术,101003,49,B,2026
吉首大学,医学影像技术,101003,50,B,2026
齐齐哈尔医学院,医学影像技术,101003,51,B,2026
长治医学院,医学影像技术,101003,52,B,2026
西安医学院,医学影像技术,101003,52,B,2026
河南中医药大学,医学影像技术,101003,54,B,2026
临沂大学,医学影像技术,101003,55,B,2026
黑龙江中医药大学,医学影像技术,101003,56,B,2026
山西医药学院,医学影像技术,101003,57,B,2026
内蒙古科技大学包头医学院,医学影像技术,101003,58,B,2026
贵州医科大学,医学影像技术,101003,59,B,2026
皖南医科大学,医学影像技术,101003,60,B,2026
南昌医学院,医学影像技术,101003,61,B,2026
济宁医学院,医学影像技术,101003,62,B,2026
右江民族医学院,医学影像技术,101003,63,B,2026
牡丹江医科大学,医学影像技术,101003,64,B,2026
四川大学,眼视光学,101004,1,A+,2026
天津医科大学,眼视光学,101004,2,A+,2026
南京医科大学,眼视光学,101004,3,A,2026
广州中医药大学,眼视光学,101004,4,A,2026
福建医科大学,眼视光学,101004,5,B+,2026
山西医科大学,眼视光学,101004,6,B+,2026
山东中医药大学,眼视光学,101004,7,B+,2026
成都中医药大学,眼视光学,101004,8,B+,2026
大连医科大学,眼视光学,101004,9,B+,2026
山东医药大学,眼视光学,101004,10,B+,2026
西南医科大学,眼视光学,101004,11,B+,2026
西安医学院,眼视光学,101004,12,B+,2026
广东医科大学,眼视光学,101004,13,B+,2026
内蒙古科技大学包头医学院,眼视光学,101004,14,B+,2026
山东第一医科大学,眼视光学,101004,15,B,2026
川北医学院,眼视光学,101004,16,B,2026
金陵科技学院,眼视光学,101004,17,B,2026
山东第二医科大学,眼视光学,101004,18,B,2026
厦门医学院,眼视光学,101004,19,B,2026
山西医药学院,眼视光学,101004,20,B,2026
临沂大学,眼视光学,101004,21,B,2026
北方民族大学,眼视光学,101004,22,B,2026
上海健康医学院,眼视光学,101004,23,B,2026
温州医科大学仁济学院,眼视光学,101004,24,B,2026
四川大学,康复治疗学,101005,1,A+,2026
南方医科大学,康复治疗学,101005,2,A+,2026
首都医科大学,康复治疗学,101005,3,A+,2026
天津医科大学,康复治疗学,101005,4,A+,2026
吉林大学,康复治疗学,101005,5,A,2026
广州医科大学,康复治疗学,101005,6,A,2026
南京医科大学,康复治疗学,101005,6,A,2026
中国医科大学,康复治疗学,101005,8,A,2026
温州医科大学,康复治疗学,101005,9,A,2026
重庆医科大学,康复治疗学,101005,10,A,2026
南昌大学,康复治疗学,101005,10,A,2026
郑州大学,康复治疗学,101005,12,A,2026
广州中医药大学,康复治疗学,101005,13,A,2026
河北医科大学,康复治疗学,101005,14,A,2026
福建医科大学,康复治疗学,101005,15,A,2026
上海中医药大学,康复治疗学,101005,15,A,2026
南京中医药大学,康复治疗学,101005,17,A,2026
哈尔滨医科大学,康复治疗学,101005,18,A,2026
天津中医药大学,康复治疗学,101005,19,A,2026
广西医科大学,康复治疗学,101005,20,A,2026
浙江中医药大学,康复治疗学,101005,21,A,2026
昆明医科大学,康复治疗学,101005,22,B+,2026
北京中医药大学,康复治疗学,101005,23,B+,2026
宁夏医科大学,康复治疗学,101005,23,B+,2026
山东第一医科大学,康复治疗学,101005,25,B+,2026
福建中医药大学,康复治疗学,101005,26,B+,2026
山西医科大学,康复治疗学,101005,26,B+,2026
徐州医科大学,康复治疗学,101005,26,B+,2026
成都中医药大学,康复治疗学,101005,29,B+,2026
西南医科大学,康复治疗学,101005,29,B+,2026
广东医科大学,康复治疗学,101005,31,B+,2026
河南中医药大学,康复治疗学,101005,31,B+,2026
大连医科大学,康复治疗学,101005,33,B+,2026
南通大学,康复治疗学,101005,34,B+,2026
上海体育大学,康复治疗学,101005,35,B+,2026
遵义医科大学,康复治疗学,101005,36,B+,2026
华北理工大学,康复治疗学,101005,37,B+,2026
湖南师范大学,康复治疗学,101005,38,B+,2026
陕西中医药大学,康复治疗学,101005,38,B+,2026
湖南中医药大学,康复治疗学,101005,40,B+,2026
青海大学,康复治疗学,101005,41,B+,2026
黑龙江中医药大学,康复治疗学,101005,42,B+,2026
山东中医药大学,康复治疗学,101005,42,B+,2026
山东第二医科大学,康复治疗学,101005,44,B+,2026
石河子大学,康复治疗学,101005,44,B+,2026
锦州医科大学,康复治疗学,101005,46,B+,2026
广东药科大学,康复治疗学,101005,47,B+,2026
成都医学院,康复治疗学,101005,48,B+,2026
河北中医药大学,康复治疗学,101005,48,B+,2026
河北大学,康复治疗学,101005,50,B+,2026
南华大学,康复治疗学,101005,50,B+,2026
河南医药大学,康复治疗学,101005,52,B+,2026
内蒙古科技大学包头医学院,康复治疗学,101005,52,B+,2026
赣南医科大学,康复治疗学,101005,54,B+,2026
湖北医药学院,康复治疗学,101005,55,B+,2026
武汉轻工大学,康复治疗学,101005,55,B+,2026
甘肃中医药大学,康复治疗学,101005,57,B+,2026
湖北中医药大学,康复治疗学,101005,57,B+,2026
广西中医药大学,康复治疗学,101005,59,B+,2026
云南中医药大学,康复治疗学,101005,59,B+,2026
贵州中医药大学,康复治疗学,101005,61,B+,2026
安徽中医药大学,康复治疗学,101005,62,B+,2026
辽宁中医药大学,康复治疗学,101005,63,B+,2026
大理大学,康复治疗学,101005,64,B+,2026
沈阳医学院,康复治疗学,101005,65,B,2026
承德医学院,康复治疗学,101005,66,B,2026
广州体育学院,康复治疗学,101005,67,B,2026
新疆医科大学,康复治疗学,101005,68,B,2026
济宁医学院,康复治疗学,101005,69,B,2026
山西中医药大学,康复治疗学,101005,69,B,2026
杭州医学院,康复治疗学,101005,71,B,2026
贵州医科大学,康复治疗学,101005,72,B,2026
山东医药大学,康复治疗学,101005,73,B,2026
江西中医药大学,康复治疗学,101005,74,B,2026
山西医药学院,康复治疗学,101005,75,B,2026
绍兴大学,康复治疗学,101005,75,B,2026
长治医学院,康复治疗学,101005,77,B,2026
南京体育学院,康复治疗学,101005,78,B,2026
西安医学院,康复治疗学,101005,79,B,2026
西安体育学院,康复治疗学,101005,80,B,2026
湖南医药学院,康复治疗学,101005,81,B,2026
右江民族医学院,康复治疗学,101005,82,B,2026
成都体育学院,康复治疗学,101005,83,B,2026
蚌埠医科大学,康复治疗学,101005,84,B,2026
北华大学,康复治疗学,101005,85,B,2026
海南医科大学,康复治疗学,101005,86,B,2026
牡丹江医科大学,康复治疗学,101005,86,B,2026
丽水学院,康复治疗学,101005,88,B,2026
南京特殊教育师范学院,康复治疗学,101005,89,B,2026
湘南学院,康复治疗学,101005,89,B,2026
长春中医药大学,康复治疗学,101005,91,B,2026
皖南医科大学,康复治疗学,101005,91,B,2026
临沂大学,康复治疗学,101005,93,B,2026
西藏民族大学,康复治疗学,101005,94,B,2026
新疆第二医学院,康复治疗学,101005,95,B,2026
阜阳师范大学,康复治疗学,101005,96,B,2026
佳木斯大学,康复治疗学,101005,96,B,2026
内蒙古医科大学,康复治疗学,101005,96,B,2026
台州学院,康复治疗学,101005,99,B,2026
桂林医科大学,康复治疗学,101005,100,B,2026
攀枝花学院,康复治疗学,101005,100,B,2026
天津体育学院,康复治疗学,101005,102,B,2026
南昌医学院,康复治疗学,101005,103,B,2026
武汉体育学院,康复治疗学,101005,103,B,2026
宜宾学院,康复治疗学,101005,103,B,2026
温州医科大学仁济学院,康复治疗学,101005,106,B,2026
河西学院,康复治疗学,101005,107,B,2026
四川大学,口腔医学技术,101006,1,A+,2026
重庆医科大学,口腔医学技术,101006,2,A+,2026
山东第一医科大学,口腔医学技术,101006,3,A,2026
山东医药大学,口腔医学技术,101006,4,A,2026
河北中医药大学,口腔医学技术,101006,5,B+,2026
齐鲁医药学院,口腔医学技术,101006,6,B+,2026
深圳技术大学,口腔医学技术,101006,7,B+,2026
成都大学,口腔医学技术,101006,8,B+,2026
遵义医科大学,口腔医学技术,101006,9,B+,2026
广东医科大学,口腔医学技术,101006,10,B+,2026
上海健康医学院,口腔医学技术,101006,11,B+,2026
皖南医科大学,口腔医学技术,101006,12,B+,2026
厦门医学院,口腔医学技术,101006,13,B,2026
赤峰大学,口腔医学技术,101006,14,B,2026
吉林医药学院,口腔医学技术,101006,15,B,2026
南昌医学院,口腔医学技术,101006,16,B,2026
聊城大学,口腔医学技术,101006,17,B,2026
北京中医药大学东方学院,口腔医学技术,101006,18,B,2026
山西大同大学,口腔医学技术,101006,19,B,2026
遵义医科大学医学与科技学院,口腔医学技术,101006,20,B,2026
四川大学,卫生检验与检疫,101007,1,A+,2026
南京医科大学,卫生检验与检疫,101007,2,A+,2026
温州医科大学,卫生检验与检疫,101007,3,A,2026
重庆医科大学,卫生检验与检疫,101007,4,A,2026
南华大学,卫生检验与检疫,101007,5,A,2026
山西医科大学,卫生检验与检疫,101007,6,A,2026
首都医科大学,卫生检验与检疫,101007,7,B+,2026
福建医科大学,卫生检验与检疫,101007,8,B+,2026
河北医科大学,卫生检验与检疫,101007,9,B+,2026
武汉科技大学,卫生检验与检疫,101007,10,B+,2026
安徽医科大学,卫生检验与检疫,101007,11,B+,2026
成都中医药大学,卫生检验与检疫,101007,12,B+,2026
浙江中医药大学,卫生检验与检疫,101007,13,B+,2026
山东第一医科大学,卫生检验与检疫,101007,14,B+,2026
广东医科大学,卫生检验与检疫,101007,15,B+,2026
中国计量大学,卫生检验与检疫,101007,16,B+,2026
大连医科大学,卫生检验与检疫,101007,17,B+,2026
广东药科大学,卫生检验与检疫,101007,17,B+,2026
湖北中医药大学,卫生检验与检疫,101007,19,B+,2026
河北大学,卫生检验与检疫,101007,20,B+,2026
广西医科大学,卫生检验与检疫,101007,21,B,2026
山东第二医科大学,卫生检验与检疫,101007,21,B,2026
河南医药大学,卫生检验与检疫,101007,23,B,2026
成都医学院,卫生检验与检疫,101007,24,B,2026
桂林医科大学,卫生检验与检疫,101007,25,B,2026
安徽理工大学,卫生检验与检疫,101007,26,B,2026
贵州医科大学,卫生检验与检疫,101007,27,B,2026
华北理工大学,卫生检验与检疫,101007,28,B,2026
西华大学,卫生检验与检疫,101007,29,B,2026
皖南医科大学,卫生检验与检疫,101007,30,B,2026
宁夏医科大学,卫生检验与检疫,101007,31,B,2026
昆明医科大学,卫生检验与检疫,101007,32,B,2026
内蒙古医科大学,卫生检验与检疫,101007,33,B,2026
上海交通大学,听力与言语康复学,101008T,1,A+,2026
首都医科大学,听力与言语康复学,101008T,2,A+,2026
重庆医科大学,听力与言语康复学,101008T,3,B+,2026
温州医科大学,听力与言语康复学,101008T,4,B+,2026
浙江中医药大学,听力与言语康复学,101008T,5,B+,2026
华东师范大学,听力与言语康复学,101008T,6,B,2026
上海中医药大学,听力与言语康复学,101008T,7,B,2026
山东医药大学,听力与言语康复学,101008T,8,B,2026
昆明医科大学,听力与言语康复学,101008T,9,B,2026
同济大学,康复物理治疗,101009T,1,A+,2026
首都医科大学,康复物理治疗,101009T,2,A+,2026
南方医科大学,康复物理治疗,101009T,3,B+,2026
上海中医药大学,康复物理治疗,101009T,4,B+,2026
北京体育大学,康复物理治疗,101009T,5,B+,2026
昆明医科大学,康复物理治疗,101009T,6,B+,2026
福建中医药大学,康复物理治疗,101009T,7,B,2026
山东第一医科大学,康复物理治疗,101009T,8,B,2026
山东第二医科大学,康复物理治疗,101009T,9,B,2026
上海健康医学院,康复物理治疗,101009T,10,B,2026
天津中医药大学,康复物理治疗,101009T,11,B,2026
广州医科大学,康复作业治疗,101010T,1,A+,2026
南方医科大学,康复作业治疗,101010T,2,A+,2026
首都医科大学,康复作业治疗,101010T,3,B+,2026
上海中医药大学,康复作业治疗,101010T,4,B,2026
昆明医科大学,康复作业治疗,101010T,5,B,2026
福建中医药大学,康复作业治疗,101010T,6,B,2026
北京大学,护理学,101101K,1,A+,2026
四川大学,护理学,101101K,2,A+,2026
中南大学,护理学,101101K,3,A+,2026
北京协和医学院,护理学,101101K,4,A+,2026
中山大学,护理学,101101K,5,A+,2026
复旦大学,护理学,101101K,6,A+,2026
首都医科大学,护理学,101101K,7,A,2026
山东大学,护理学,101101K,8,A,2026
上海交通大学,护理学,101101K,8,A,2026
南方医科大学,护理学,101101K,10,A,2026
福建医科大学,护理学,101101K,11,A,2026
重庆医科大学,护理学,101101K,12,A,2026
南京医科大学,护理学,101101K,13,A,2026
天津医科大学,护理学,101101K,14,A,2026
武汉大学,护理学,101101K,15,A,2026
南京中医药大学,护理学,101101K,16,A,2026
吉林大学,护理学,101101K,17,A,2026
南昌大学,护理学,101101K,18,A,2026
郑州大学,护理学,101101K,19,A,2026
哈尔滨医科大学,护理学,101101K,20,A,2026
广州医科大学,护理学,101101K,21,A,2026
暨南大学,护理学,101101K,21,A,2026
华中科技大学,护理学,101101K,23,A,2026
西安交通大学,护理学,101101K,24,A,2026
河南大学,护理学,101101K,25,A,2026
山西医科大学,护理学,101101K,26,A,2026
中国医科大学,护理学,101101K,27,A,2026
温州医科大学,护理学,101101K,28,A,2026
遵义医科大学,护理学,101101K,29,A,2026
湖南中医药大学,护理学,101101K,30,A,2026
浙江中医药大学,护理学,101101K,31,A,2026
大连医科大学,护理学,101101K,32,B+,2026
苏州大学,护理学,101101K,33,B+,2026
成都中医药大学,护理学,101101K,34,B+,2026
福建中医药大学,护理学,101101K,35,B+,2026
北京中医药大学,护理学,101101K,36,B+,2026
广州中医药大学,护理学,101101K,37,B+,2026
山东第一医科大学,护理学,101101K,38,B+,2026
兰州大学,护理学,101101K,39,B+,2026
山东医药大学,护理学,101101K,40,B+,2026
安徽医科大学,护理学,101101K,41,B+,2026
江南大学,护理学,101101K,42,B+,2026
青岛大学,护理学,101101K,43,B+,2026
广西医科大学,护理学,101101K,44,B+,2026
南华大学,护理学,101101K,44,B+,2026
河北医科大学,护理学,101101K,46,B+,2026
扬州大学,护理学,101101K,46,B+,2026
徐州医科大学,护理学,101101K,48,B+,2026
延边大学,护理学,101101K,48,B+,2026
上海中医药大学,护理学,101101K,50,B+,2026
杭州师范大学,护理学,101101K,51,B+,2026
南通大学,护理学,101101K,52,B+,2026
湖南师范大学,护理学,101101K,53,B+,2026
陕西中医药大学,护理学,101101K,53,B+,2026
嘉兴大学,护理学,101101K,55,B+,2026
河北中医药大学,护理学,101101K,56,B+,2026
石河子大学,护理学,101101K,56,B+,2026
天津中医药大学,护理学,101101K,58,B+,2026
西南医科大学,护理学,101101K,59,B+,2026
三峡大学,护理学,101101K,60,B+,2026
电子科技大学,护理学,101101K,61,B+,2026
湖北中医药大学,护理学,101101K,62,B+,2026
河南中医药大学,护理学,101101K,63,B+,2026
贵州医科大学,护理学,101101K,64,B+,2026
大连大学,护理学,101101K,65,B+,2026
同济大学,护理学,101101K,65,B+,2026
山东中医药大学,护理学,101101K,67,B+,2026
常州大学,护理学,101101K,68,B+,2026
华北理工大学,护理学,101101K,68,B+,2026
山东第二医科大学,护理学,101101K,68,B+,2026
赣南医科大学,护理学,101101K,71,B+,2026
湖北医药学院,护理学,101101K,72,B+,2026
青海大学,护理学,101101K,72,B+,2026
安徽中医药大学,护理学,101101K,74,B+,2026
湖州师范大学,护理学,101101K,74,B+,2026
沈阳医学院,护理学,101101K,74,B+,2026
云南中医药大学,护理学,101101K,74,B+,2026
河北大学,护理学,101101K,78,B+,2026
承德医学院,护理学,101101K,79,B+,2026
成都医学院,护理学,101101K,80,B+,2026
山西中医药大学,护理学,101101K,80,B+,2026
广西中医药大学,护理学,101101K,82,B+,2026
江西中医药大学,护理学,101101K,83,B+,2026
武汉科技大学,护理学,101101K,83,B+,2026
黑龙江中医药大学,护理学,101101K,85,B+,2026
锦州医科大学,护理学,101101K,86,B+,2026
蚌埠医科大学,护理学,101101K,87,B+,2026
长春中医药大学,护理学,101101K,88,B+,2026
宁夏医科大学,护理学,101101K,89,B+,2026
绍兴大学,护理学,101101K,89,B+,2026
桂林医科大学,护理学,101101K,91,B+,2026
大理大学,护理学,101101K,92,B+,2026
河南医药大学,护理学,101101K,92,B+,2026
长江大学,护理学,101101K,94,B+,2026
成都大学,护理学,101101K,94,B+,2026
汕头大学,护理学,101101K,94,B+,2026
新疆医科大学,护理学,101101K,94,B+,2026
内蒙古医科大学,护理学,101101K,98,B,2026
西安医学院,护理学,101101K,98,B,2026
广东医科大学,护理学,101101K,100,B,2026
贵州中医药大学,护理学,101101K,100,B,2026
皖南医科大学,护理学,101101K,102,B,2026
广东药科大学,护理学,101101K,103,B,2026
西藏民族大学,护理学,101101K,104,B,2026
长治医学院,护理学,101101K,105,B,2026
川北医学院,护理学,101101K,106,B,2026
昆明医科大学,护理学,101101K,107,B,2026
丽水学院,护理学,101101K,107,B,2026
延安大学,护理学,101101K,107,B,2026
海南医科大学,护理学,101101K,110,B,2026
右江民族医学院,护理学,101101K,111,B,2026
佛山大学,护理学,101101K,112,B,2026
河北工程大学,护理学,101101K,112,B,2026
台州学院,护理学,101101K,112,B,2026
甘肃中医药大学,护理学,101101K,115,B,2026
佳木斯大学,护理学,101101K,116,B,2026
上海健康医学院,护理学,101101K,116,B,2026
贵州大学,护理学,101101K,118,B,2026
吉首大学,护理学,101101K,119,B,2026
北华大学,护理学,101101K,120,B,2026
浙大城市学院,护理学,101101K,120,B,2026
湖州学院,护理学,101101K,122,B,2026
杭州医学院,护理学,101101K,123,B,2026
齐齐哈尔医学院,护理学,101101K,123,B,2026
牡丹江医科大学,护理学,101101K,125,B,2026
河西学院,护理学,101101K,126,B,2026
湘南学院,护理学,101101K,127,B,2026
井冈山大学,护理学,101101K,128,B,2026
内蒙古科技大学包头医学院,护理学,101101K,128,B,2026
江汉大学,护理学,101101K,130,B,2026
河南科技大学,护理学,101101K,131,B,2026
厦门医学院,护理学,101101K,131,B,2026
辽宁中医药大学,护理学,101101K,133,B,2026
浙江海洋大学,护理学,101101K,134,B,2026
武汉轻工大学,护理学,101101K,135,B,2026
昆明理工大学,护理学,101101K,136,B,2026
莆田学院,护理学,101101K,137,B,2026
湖北文理学院,护理学,101101K,138,B,2026
济宁医学院,护理学,101101K,138,B,2026
山西大同大学,护理学,101101K,138,B,2026
湖北科技学院,护理学,101101K,141,B,2026
湖南医药学院,护理学,101101K,142,B,2026
西北民族大学,护理学,101101K,142,B,2026
南昌医学院,护理学,101101K,144,B,2026
山东协和学院,护理学,101101K,145,B,2026
内蒙古民族大学,护理学,101101K,146,B,2026
吉林医药学院,护理学,101101K,147,B,2026
西藏大学,护理学,101101K,147,B,2026
宜宾学院,护理学,101101K,149,B,2026
河南理工大学,护理学,101101K,150,B,2026
山西医药学院,护理学,101101K,151,B,2026
新疆第二医学院,护理学,101101K,152,B,2026
昆明学院,护理学,101101K,153,B,2026
平顶山学院,护理学,101101K,153,B,2026
湖北理工学院,护理学,101101K,155,B,2026
铜仁学院,护理学,101101K,156,B,2026
临沂大学,护理学,101101K,157,B,2026
张家口学院,护理学,101101K,158,B,2026
陇东学院,护理学,101101K,159,B,2026
中国科学技术大学,管理科学,120101,1,A+,2026
复旦大学,管理科学,120101,2,A+,2026
四川大学,管理科学,120101,3,A,2026
中国人民大学,管理科学,120101,4,A,2026
中央财经大学,管理科学,120101,5,B+,2026
武汉大学,管理科学,120101,6,B+,2026
上海大学,管理科学,120101,7,B+,2026
厦门大学,管理科学,120101,8,B+,2026
南昌大学,管理科学,120101,9,B+,2026
东北财经大学,管理科学,120101,10,B+,2026
上海理工大学,管理科学,120101,11,B+,2026
上海海事大学,管理科学,120101,12,B+,2026
南京财经大学,管理科学,120101,13,B+,2026
山西财经大学,管理科学,120101,14,B+,2026
上海科技大学,管理科学,120101,15,B,2026
天津财经大学,管理科学,120101,16,B,2026
河南财经政法大学,管理科学,120101,17,B,2026
河南农业大学,管理科学,120101,17,B,2026
上海工程技术大学,管理科学,120101,19,B,2026
云南财经大学,管理科学,120101,20,B,2026
温州肯恩大学,管理科学,120101,21,B,2026
贵州财经大学,管理科学,120101,22,B,2026
郑州师范学院,管理科学,120101,23,B,2026
清华大学,信息管理与信息系统,120102,1,A+,2026
北京理工大学,信息管理与信息系统,120102,2,A+,2026
合肥工业大学,信息管理与信息系统,120102,3,A+,2026
浙江大学,信息管理与信息系统,120102,4,A+,2026
复旦大学,信息管理与信息系统,120102,5,A+,2026
武汉大学,信息管理与信息系统,120102,5,A+,2026
同济大学,信息管理与信息系统,120102,7,A+,2026
大连理工大学,信息管理与信息系统,120102,8,A+,2026
天津大学,信息管理与信息系统,120102,8,A+,2026
东南大学,信息管理与信息系统,120102,10,A,2026
南京大学,信息管理与信息系统,120102,11,A,2026
北京航空航天大学,信息管理与信息系统,120102,12,A,2026
中国人民大学,信息管理与信息系统,120102,12,A,2026
南京航空航天大学,信息管理与信息系统,120102,14,A,2026
重庆大学,信息管理与信息系统,120102,15,A,2026
哈尔滨工业大学,信息管理与信息系统,120102,16,A,2026
华中科技大学,信息管理与信息系统,120102,17,A,2026
上海财经大学,信息管理与信息系统,120102,18,A,2026
西北工业大学,信息管理与信息系统,120102,19,A,2026
中山大学,信息管理与信息系统,120102,20,A,2026
中南大学,信息管理与信息系统,120102,21,A,2026
中央财经大学,信息管理与信息系统,120102,22,A,2026
电子科技大学,信息管理与信息系统,120102,23,A,2026
北京科技大学,信息管理与信息系统,120102,24,A,2026
湖南大学,信息管理与信息系统,120102,25,A,2026
西安电子科技大学,信息管理与信息系统,120102,25,A,2026
西南交通大学,信息管理与信息系统,120102,27,A,2026
华东理工大学,信息管理与信息系统,120102,28,A,2026
东华大学,信息管理与信息系统,120102,29,A,2026
北京交通大学,信息管理与信息系统,120102,30,A,2026
东北大学,信息管理与信息系统,120102,31,A,2026
上海大学,信息管理与信息系统,120102,31,A,2026
杭州电子科技大学,信息管理与信息系统,120102,33,A,2026
深圳大学,信息管理与信息系统,120102,34,A,2026
南京信息工程大学,信息管理与信息系统,120102,35,A,2026
中国石油大学（北京）,信息管理与信息系统,120102,36,A,2026
山东财经大学,信息管理与信息系统,120102,37,A,2026
北京大学,信息管理与信息系统,120102,38,A,2026
南京邮电大学,信息管理与信息系统,120102,39,A,2026
河海大学,信息管理与信息系统,120102,40,A,2026
吉林大学,信息管理与信息系统,120102,40,A,2026
中国地质大学（武汉）,信息管理与信息系统,120102,40,A,2026
南昌大学,信息管理与信息系统,120102,43,B+,2026
中国石油大学（华东）,信息管理与信息系统,120102,43,B+,2026
江苏大学,信息管理与信息系统,120102,45,B+,2026
武汉理工大学,信息管理与信息系统,120102,46,B+,2026
大连海事大学,信息管理与信息系统,120102,47,B+,2026
暨南大学,信息管理与信息系统,120102,48,B+,2026
北京工业大学,信息管理与信息系统,120102,49,B+,2026
北京师范大学,信息管理与信息系统,120102,49,B+,2026
华中师范大学,信息管理与信息系统,120102,51,B+,2026
东北财经大学,信息管理与信息系统,120102,52,B+,2026
广东工业大学,信息管理与信息系统,120102,53,B+,2026
北京信息科技大学,信息管理与信息系统,120102,54,B+,2026
西南财经大学,信息管理与信息系统,120102,54,B+,2026
中国计量大学,信息管理与信息系统,120102,54,B+,2026
江西财经大学,信息管理与信息系统,120102,57,B+,2026
北京外国语大学,信息管理与信息系统,120102,58,B+,2026
江苏科技大学,信息管理与信息系统,120102,59,B+,2026
中国地质大学（北京）,信息管理与信息系统,120102,60,B+,2026
上海理工大学,信息管理与信息系统,120102,61,B+,2026
北京化工大学,信息管理与信息系统,120102,62,B+,2026
湖南工商大学,信息管理与信息系统,120102,63,B+,2026
中南财经政法大学,信息管理与信息系统,120102,63,B+,2026
青岛大学,信息管理与信息系统,120102,65,B+,2026
浙江工业大学,信息管理与信息系统,120102,66,B+,2026
首都经济贸易大学,信息管理与信息系统,120102,67,B+,2026
福州大学,信息管理与信息系统,120102,68,B+,2026
华北电力大学,信息管理与信息系统,120102,69,B+,2026
浙江工商大学,信息管理与信息系统,120102,70,B+,2026
重庆邮电大学,信息管理与信息系统,120102,71,B+,2026
武汉科技大学,信息管理与信息系统,120102,72,B+,2026
中国传媒大学,信息管理与信息系统,120102,73,B+,2026
西安建筑科技大学,信息管理与信息系统,120102,74,B+,2026
对外经济贸易大学,信息管理与信息系统,120102,75,B+,2026
南京农业大学,信息管理与信息系统,120102,76,B+,2026
上海外国语大学,信息管理与信息系统,120102,76,B+,2026
西南石油大学,信息管理与信息系统,120102,78,B+,2026
哈尔滨理工大学,信息管理与信息系统,120102,79,B+,2026
南京工业大学,信息管理与信息系统,120102,80,B+,2026
北京物资学院,信息管理与信息系统,120102,81,B+,2026
河北大学,信息管理与信息系统,120102,82,B+,2026
昆明理工大学,信息管理与信息系统,120102,83,B+,2026
中国政法大学,信息管理与信息系统,120102,84,B+,2026
兰州大学,信息管理与信息系统,120102,85,B+,2026
武汉纺织大学,信息管理与信息系统,120102,86,B+,2026
湘潭大学,信息管理与信息系统,120102,87,B+,2026
北京林业大学,信息管理与信息系统,120102,88,B+,2026
山东师范大学,信息管理与信息系统,120102,88,B+,2026
西安邮电大学,信息管理与信息系统,120102,90,B+,2026
山西大学,信息管理与信息系统,120102,91,B+,2026
西南大学,信息管理与信息系统,120102,92,B+,2026
华南师范大学,信息管理与信息系统,120102,93,B+,2026
浙江理工大学,信息管理与信息系统,120102,94,B+,2026
桂林电子科技大学,信息管理与信息系统,120102,95,B+,2026
安徽大学,信息管理与信息系统,120102,96,B+,2026
华中农业大学,信息管理与信息系统,120102,96,B+,2026
辽宁工程技术大学,信息管理与信息系统,120102,98,B+,2026
天津财经大学,信息管理与信息系统,120102,99,B+,2026
浙江财经大学,信息管理与信息系统,120102,99,B+,2026
华侨大学,信息管理与信息系统,120102,101,B+,2026
上海应用技术大学,信息管理与信息系统,120102,102,B+,2026
中南民族大学,信息管理与信息系统,120102,103,B+,2026
南京审计大学,信息管理与信息系统,120102,104,B+,2026
上海工程技术大学,信息管理与信息系统,120102,105,B+,2026
山西财经大学,信息管理与信息系统,120102,106,B+,2026
青岛理工大学,信息管理与信息系统,120102,107,B+,2026
安徽财经大学,信息管理与信息系统,120102,108,B+,2026
贵州大学,信息管理与信息系统,120102,109,B+,2026
西安理工大学,信息管理与信息系统,120102,109,B+,2026
上海对外经贸大学,信息管理与信息系统,120102,111,B+,2026
上海电力大学,信息管理与信息系统,120102,112,B+,2026
北京语言大学,信息管理与信息系统,120102,113,B+,2026
济南大学,信息管理与信息系统,120102,114,B+,2026
南京工程学院,信息管理与信息系统,120102,115,B+,2026
华南农业大学,信息管理与信息系统,120102,116,B+,2026
西安财经大学,信息管理与信息系统,120102,116,B+,2026
石家庄铁道大学,信息管理与信息系统,120102,118,B+,2026
河南财经政法大学,信息管理与信息系统,120102,119,B+,2026
山东建筑大学,信息管理与信息系统,120102,119,B+,2026
辽宁师范大学,信息管理与信息系统,120102,121,B+,2026
西交利物浦大学,信息管理与信息系统,120102,122,B+,2026
中国医科大学,信息管理与信息系统,120102,122,B+,2026
东北电力大学,信息管理与信息系统,120102,124,B+,2026
西北大学,信息管理与信息系统,120102,124,B+,2026
天津工业大学,信息管理与信息系统,120102,126,B+,2026
南京中医药大学,信息管理与信息系统,120102,127,B,2026
贵州财经大学,信息管理与信息系统,120102,128,B,2026
长春理工大学,信息管理与信息系统,120102,129,B,2026
宁波大学,信息管理与信息系统,120102,129,B,2026
武汉工程大学,信息管理与信息系统,120102,131,B,2026
南通大学,信息管理与信息系统,120102,132,B,2026
湖北中医药大学,信息管理与信息系统,120102,133,B,2026
华北理工大学,信息管理与信息系统,120102,134,B,2026
太原科技大学,信息管理与信息系统,120102,135,B,2026
重庆医科大学,信息管理与信息系统,120102,136,B,2026
天津师范大学,信息管理与信息系统,120102,136,B,2026
长春工业大学,信息管理与信息系统,120102,138,B,2026
温州医科大学,信息管理与信息系统,120102,138,B,2026
沈阳理工大学,信息管理与信息系统,120102,140,B,2026
齐鲁工业大学,信息管理与信息系统,120102,141,B,2026
常州大学,信息管理与信息系统,120102,142,B,2026
吉林财经大学,信息管理与信息系统,120102,143,B,2026
山东工商学院,信息管理与信息系统,120102,143,B,2026
上海商学院,信息管理与信息系统,120102,145,B,2026
郑州航空工业管理学院,信息管理与信息系统,120102,146,B,2026
浙江科技大学,信息管理与信息系统,120102,147,B,2026
云南财经大学,信息管理与信息系统,120102,148,B,2026
河南医药大学,信息管理与信息系统,120102,149,B,2026
景德镇陶瓷大学,信息管理与信息系统,120102,150,B,2026
山东医药大学,信息管理与信息系统,120102,150,B,2026
北京印刷学院,信息管理与信息系统,120102,152,B,2026
河北科技大学,信息管理与信息系统,120102,152,B,2026
山东理工大学,信息管理与信息系统,120102,154,B,2026
上海海洋大学,信息管理与信息系统,120102,155,B,2026
徐州工程学院,信息管理与信息系统,120102,155,B,2026
山西医科大学,信息管理与信息系统,120102,157,B,2026
首都医科大学,信息管理与信息系统,120102,158,B,2026
青海大学,信息管理与信息系统,120102,159,B,2026
盐城工学院,信息管理与信息系统,120102,160,B,2026
大连交通大学,信息管理与信息系统,120102,161,B,2026
湖北汽车工业学院,信息管理与信息系统,120102,162,B,2026
山东中医药大学,信息管理与信息系统,120102,162,B,2026
成都医学院,信息管理与信息系统,120102,164,B,2026
安徽中医药大学,信息管理与信息系统,120102,165,B,2026
广西医科大学,信息管理与信息系统,120102,166,B,2026
五邑大学,信息管理与信息系统,120102,167,B,2026
广东金融学院,信息管理与信息系统,120102,168,B,2026
广东医科大学,信息管理与信息系统,120102,169,B,2026
福建理工大学,信息管理与信息系统,120102,170,B,2026
兰州财经大学,信息管理与信息系统,120102,170,B,2026
湖北医药学院,信息管理与信息系统,120102,172,B,2026
福建中医药大学,信息管理与信息系统,120102,173,B,2026
嘉兴大学,信息管理与信息系统,120102,174,B,2026
无锡学院,信息管理与信息系统,120102,175,B,2026
云南农业大学,信息管理与信息系统,120102,175,B,2026
桂林医科大学,信息管理与信息系统,120102,177,B,2026
西南科技大学,信息管理与信息系统,120102,177,B,2026
南宁师范大学,信息管理与信息系统,120102,179,B,2026
内蒙古财经大学,信息管理与信息系统,120102,179,B,2026
福建江夏学院,信息管理与信息系统,120102,181,B,2026
重庆三峡科技大学,信息管理与信息系统,120102,182,B,2026
大连外国语大学,信息管理与信息系统,120102,183,B,2026
辽宁中医药大学,信息管理与信息系统,120102,183,B,2026
内蒙古科技大学,信息管理与信息系统,120102,185,B,2026
广东海洋大学,信息管理与信息系统,120102,186,B,2026
哈尔滨医科大学,信息管理与信息系统,120102,187,B,2026
湖南中医药大学,信息管理与信息系统,120102,187,B,2026
韩山师范学院,信息管理与信息系统,120102,189,B,2026
广西中医药大学,信息管理与信息系统,120102,190,B,2026
云南民族大学,信息管理与信息系统,120102,190,B,2026
山东政法学院,信息管理与信息系统,120102,192,B,2026
川北医学院,信息管理与信息系统,120102,193,B,2026
大连东软信息学院,信息管理与信息系统,120102,194,B,2026
湖北经济学院,信息管理与信息系统,120102,195,B,2026
山西中医药大学,信息管理与信息系统,120102,195,B,2026
蚌埠医科大学,信息管理与信息系统,120102,197,B,2026
成都东软学院,信息管理与信息系统,120102,198,B,2026
辽宁对外经贸学院,信息管理与信息系统,120102,198,B,2026
广西财经学院,信息管理与信息系统,120102,200,B,2026
新疆农业大学,信息管理与信息系统,120102,201,B,2026
宁波财经学院,信息管理与信息系统,120102,202,B,2026
厦门医学院,信息管理与信息系统,120102,203,B,2026
武汉体育学院,信息管理与信息系统,120102,204,B,2026
海南医科大学,信息管理与信息系统,120102,205,B,2026
新乡工程学院,信息管理与信息系统,120102,206,B,2026
安阳学院,信息管理与信息系统,120102,207,B,2026
河北科技师范学院,信息管理与信息系统,120102,208,B,2026
珠海科技学院,信息管理与信息系统,120102,209,B,2026
重庆移通学院,信息管理与信息系统,120102,210,B,2026
内蒙古医科大学,信息管理与信息系统,120102,210,B,2026
东南大学,工程管理,120103,1,A+,2026
清华大学,工程管理,120103,2,A+,2026
天津大学,工程管理,120103,3,A+,2026
同济大学,工程管理,120103,4,A+,2026
重庆大学,工程管理,120103,5,A+,2026
华中科技大学,工程管理,120103,6,A+,2026
北京航空航天大学,工程管理,120103,7,A+,2026
中南大学,工程管理,120103,8,A+,2026
哈尔滨工业大学,工程管理,120103,9,A,2026
西北工业大学,工程管理,120103,10,A,2026
华南理工大学,工程管理,120103,11,A,2026
西南交通大学,工程管理,120103,12,A,2026
北京交通大学,工程管理,120103,13,A,2026
山东大学,工程管理,120103,14,A,2026
湖南大学,工程管理,120103,15,A,2026
中央财经大学,工程管理,120103,16,A,2026
中国矿业大学,工程管理,120103,17,A,2026
北京科技大学,工程管理,120103,18,A,2026
深圳大学,工程管理,120103,19,A,2026
武汉大学,工程管理,120103,20,A,2026
中国石油大学（华东）,工程管理,120103,21,A,2026
西南石油大学,工程管理,120103,22,A,2026
东北财经大学,工程管理,120103,23,A,2026
河海大学,工程管理,120103,24,A,2026
长安大学,工程管理,120103,25,A,2026
中国地质大学（武汉）,工程管理,120103,26,A,2026
河北工业大学,工程管理,120103,27,A,2026
江苏大学,工程管理,120103,27,A,2026
华北电力大学,工程管理,120103,29,A,2026
上海大学,工程管理,120103,30,A,2026
太原理工大学,工程管理,120103,31,A,2026
武汉理工大学,工程管理,120103,32,A,2026
南京工业大学,工程管理,120103,33,A,2026
广东工业大学,工程管理,120103,34,A,2026
郑州大学,工程管理,120103,35,A,2026
湖南工商大学,工程管理,120103,36,A,2026
浙江工业大学,工程管理,120103,37,A,2026
西安建筑科技大学,工程管理,120103,38,A,2026
江西财经大学,工程管理,120103,39,A,2026
广州大学,工程管理,120103,40,A,2026
山东财经大学,工程管理,120103,41,A,2026
贵州大学,工程管理,120103,42,A,2026
江苏科技大学,工程管理,120103,43,A,2026
三峡大学,工程管理,120103,43,A,2026
福州大学,工程管理,120103,45,B+,2026
昆明理工大学,工程管理,120103,46,B+,2026
武汉科技大学,工程管理,120103,47,B+,2026
吉林大学,工程管理,120103,48,B+,2026
天津理工大学,工程管理,120103,49,B+,2026
北京建筑大学,工程管理,120103,50,B+,2026
西安理工大学,工程管理,120103,51,B+,2026
南京林业大学,工程管理,120103,52,B+,2026
重庆交通大学,工程管理,120103,53,B+,2026
扬州大学,工程管理,120103,54,B+,2026
华北水利水电大学,工程管理,120103,55,B+,2026
辽宁大学,工程管理,120103,55,B+,2026
华侨大学,工程管理,120103,57,B+,2026
江西师范大学,工程管理,120103,57,B+,2026
重庆工商大学,工程管理,120103,59,B+,2026
长沙理工大学,工程管理,120103,60,B+,2026
山东建筑大学,工程管理,120103,61,B+,2026
兰州交通大学,工程管理,120103,62,B+,2026
重庆邮电大学,工程管理,120103,63,B+,2026
华中农业大学,工程管理,120103,64,B+,2026
上海电力大学,工程管理,120103,64,B+,2026
石家庄铁道大学,工程管理,120103,64,B+,2026
新疆大学,工程管理,120103,64,B+,2026
浙江理工大学,工程管理,120103,68,B+,2026
西安科技大学,工程管理,120103,69,B+,2026
天津财经大学,工程管理,120103,70,B+,2026
南通大学,工程管理,120103,71,B+,2026
湖北工业大学,工程管理,120103,72,B+,2026
浙江财经大学,工程管理,120103,72,B+,2026
苏州科技大学,工程管理,120103,74,B+,2026
青岛理工大学,工程管理,120103,75,B+,2026
武汉工程大学,工程管理,120103,76,B+,2026
南京农业大学,工程管理,120103,77,B+,2026
常州大学,工程管理,120103,78,B+,2026
南京审计大学,工程管理,120103,78,B+,2026
山西财经大学,工程管理,120103,78,B+,2026
成都理工大学,工程管理,120103,81,B+,2026
沈阳建筑大学,工程管理,120103,82,B+,2026
重庆科技大学,工程管理,120103,83,B+,2026
山东科技大学,工程管理,120103,84,B+,2026
郑州航空工业管理学院,工程管理,120103,85,B+,2026
安徽建筑大学,工程管理,120103,86,B+,2026
安徽财经大学,工程管理,120103,87,B+,2026
北方工业大学,工程管理,120103,87,B+,2026
辽宁工程技术大学,工程管理,120103,87,B+,2026
河南工业大学,工程管理,120103,90,B+,2026
南昌航空大学,工程管理,120103,90,B+,2026
上海应用技术大学,工程管理,120103,90,B+,2026
河北工程大学,工程管理,120103,93,B+,2026
河南理工大学,工程管理,120103,93,B+,2026
华东交通大学,工程管理,120103,95,B+,2026
福建理工大学,工程管理,120103,96,B+,2026
西安财经大学,工程管理,120103,97,B+,2026
东北农业大学,工程管理,120103,98,B+,2026
上海工程技术大学,工程管理,120103,98,B+,2026
兰州理工大学,工程管理,120103,100,B+,2026
沈阳工业大学,工程管理,120103,101,B+,2026
贵州财经大学,工程管理,120103,102,B+,2026
辽宁工业大学,工程管理,120103,103,B+,2026
广西科技大学,工程管理,120103,104,B+,2026
东北电力大学,工程管理,120103,105,B+,2026
河北地质大学,工程管理,120103,106,B+,2026
天津城建大学,工程管理,120103,106,B+,2026
上海师范大学,工程管理,120103,108,B+,2026
西华大学,工程管理,120103,108,B+,2026
四川轻化工大学,工程管理,120103,110,B+,2026
嘉兴大学,工程管理,120103,111,B+,2026
成都大学,工程管理,120103,112,B+,2026
五邑大学,工程管理,120103,112,B+,2026
成都信息工程大学,工程管理,120103,114,B+,2026
东北林业大学,工程管理,120103,114,B+,2026
湖南城市学院,工程管理,120103,116,B+,2026
青海大学,工程管理,120103,117,B+,2026
福建农林大学,工程管理,120103,118,B+,2026
河北经贸大学,工程管理,120103,118,B+,2026
吉林建筑大学,工程管理,120103,118,B+,2026
西南科技大学,工程管理,120103,121,B+,2026
河南财经政法大学,工程管理,120103,122,B+,2026
南京工程学院,工程管理,120103,123,B+,2026
盐城工学院,工程管理,120103,124,B+,2026
集美大学,工程管理,120103,125,B+,2026
内蒙古科技大学,工程管理,120103,125,B+,2026
厦门理工学院,工程管理,120103,127,B+,2026
东北石油大学,工程管理,120103,128,B+,2026
北京联合大学,工程管理,120103,129,B+,2026
江苏海洋大学,工程管理,120103,130,B+,2026
内蒙古大学,工程管理,120103,130,B+,2026
中南林业科技大学,工程管理,120103,130,B+,2026
东莞理工学院,工程管理,120103,133,B,2026
山东工商学院,工程管理,120103,134,B,2026
山东理工大学,工程管理,120103,134,B,2026
华北理工大学,工程管理,120103,136,B,2026
东华理工大学,工程管理,120103,137,B,2026
徐州工程学院,工程管理,120103,138,B,2026
烟台大学,工程管理,120103,139,B,2026
重庆文理学院,工程管理,120103,140,B,2026
沈阳化工大学,工程管理,120103,140,B,2026
宁波工程学院,工程管理,120103,142,B,2026
嘉兴南湖学院,工程管理,120103,143,B,2026
云南农业大学,工程管理,120103,144,B,2026
桂林理工大学,工程管理,120103,145,B,2026
淮安大学,工程管理,120103,146,B,2026
浙大宁波理工学院,工程管理,120103,147,B,2026
湖北理工学院,工程管理,120103,148,B,2026
云南财经大学,工程管理,120103,149,B,2026
常州工学院,工程管理,120103,150,B,2026
贵州理工学院,工程管理,120103,150,B,2026
湖南农业大学,工程管理,120103,150,B,2026
河南城建学院,工程管理,120103,153,B,2026
天津商业大学,工程管理,120103,154,B,2026
西南财经大学天府学院,工程管理,120103,155,B,2026
长春工程学院,工程管理,120103,156,B,2026
哈尔滨商业大学,工程管理,120103,156,B,2026
山东交通学院,工程管理,120103,158,B,2026
广州航海学院,工程管理,120103,159,B,2026
苏州工学院,工程管理,120103,159,B,2026
湖北第二师范学院,工程管理,120103,161,B,2026
衢州学院,工程管理,120103,161,B,2026
金陵科技学院,工程管理,120103,163,B,2026
沈阳工程学院,工程管理,120103,164,B,2026
广东海洋大学,工程管理,120103,165,B,2026
河套学院,工程管理,120103,166,B,2026
攀枝花学院,工程管理,120103,166,B,2026
大连民族大学,工程管理,120103,168,B,2026
贵州民族大学,工程管理,120103,168,B,2026
湖北经济学院,工程管理,120103,170,B,2026
大连大学,工程管理,120103,171,B,2026
河南财政金融学院,工程管理,120103,171,B,2026
黑龙江工程学院,工程管理,120103,173,B,2026
延安大学,工程管理,120103,173,B,2026
浙江水利水电学院,工程管理,120103,175,B,2026
莆田学院,工程管理,120103,176,B,2026
长沙学院,工程管理,120103,177,B,2026
北华大学,工程管理,120103,178,B,2026
湖南工程学院,工程管理,120103,179,B,2026
黑龙江科技大学,工程管理,120103,180,B,2026
商洛学院,工程管理,120103,180,B,2026
天津农学院,工程管理,120103,182,B,2026
湖北科技学院,工程管理,120103,183,B,2026
桂林航天工业学院,工程管理,120103,184,B,2026
河北农业大学现代科技学院,工程管理,120103,184,B,2026
井冈山大学,工程管理,120103,186,B,2026
榆林大学,工程管理,120103,187,B,2026
内蒙古财经大学,工程管理,120103,188,B,2026
贺州学院,工程管理,120103,189,B,2026
潍坊学院,工程管理,120103,189,B,2026
广西民族大学,工程管理,120103,191,B,2026
河北工程大学科信学院,工程管理,120103,192,B,2026
武汉轻工大学,工程管理,120103,193,B,2026
湖南工学院,工程管理,120103,194,B,2026
宿迁学院,工程管理,120103,195,B,2026
洛阳理工学院,工程管理,120103,196,B,2026
百色学院,工程管理,120103,197,B,2026
贵州工程应用技术学院,工程管理,120103,198,B,2026
河北建筑工程学院,工程管理,120103,199,B,2026
河北科技师范学院,工程管理,120103,199,B,2026
潍坊科技学院,工程管理,120103,199,B,2026
信阳师范大学,工程管理,120103,199,B,2026
内蒙古鸿德文理学院,工程管理,120103,203,B,2026
安阳师范学院,工程管理,120103,204,B,2026
青岛黄海学院,工程管理,120103,204,B,2026
烟台理工学院,工程管理,120103,204,B,2026
吉林化工大学,工程管理,120103,207,B,2026
郑州工业应用技术学院,工程管理,120103,208,B,2026
湖北经济学院法商学院,工程管理,120103,209,B,2026
河西学院,工程管理,120103,210,B,2026
曲靖师范学院,工程管理,120103,210,B,2026
上海建桥学院,工程管理,120103,212,B,2026
天津理工大学中环信息学院,工程管理,120103,212,B,2026
西昌学院,工程管理,120103,212,B,2026
湖南科技学院,工程管理,120103,215,B,2026
廊坊师范学院,工程管理,120103,216,B,2026
四川文理学院,工程管理,120103,216,B,2026
安阳学院,工程管理,120103,218,B,2026
辽东学院,工程管理,120103,218,B,2026
西南交通大学希望学院,工程管理,120103,218,B,2026
浙江财经大学东方学院,工程管理,120103,218,B,2026
重庆大学,房地产开发与管理,120104,1,A+,2026
上海财经大学,房地产开发与管理,120104,2,A+,2026
东北财经大学,房地产开发与管理,120104,3,A,2026
华中师范大学,房地产开发与管理,120104,4,A,2026
广东工业大学,房地产开发与管理,120104,5,A,2026
沈阳建筑大学,房地产开发与管理,120104,6,B+,2026
安徽建筑大学,房地产开发与管理,120104,7,B+,2026
天津城建大学,房地产开发与管理,120104,8,B+,2026
河南财经政法大学,房地产开发与管理,120104,9,B+,2026
山东建筑大学,房地产开发与管理,120104,10,B+,2026
云南财经大学,房地产开发与管理,120104,11,B+,2026
南宁师范大学,房地产开发与管理,120104,12,B+,2026
湖南城市学院,房地产开发与管理,120104,13,B+,2026
湖南财政经济学院,房地产开发与管理,120104,14,B+,2026
兰州财经大学,房地产开发与管理,120104,15,B+,2026
重庆第二师范学院,房地产开发与管理,120104,16,B+,2026
河北水利电力学院,房地产开发与管理,120104,17,B,2026
山东华宇工学院,房地产开发与管理,120104,18,B,2026
嘉应学院,房地产开发与管理,120104,19,B,2026
贵阳人文科技学院,房地产开发与管理,120104,20,B,2026
长春建筑学院,房地产开发与管理,120104,21,B,2026
重庆大学,工程造价,120105,1,A+,2026
西南交通大学,工程造价,120105,2,A+,2026
天津理工大学,工程造价,120105,3,A+,2026
山东建筑大学,工程造价,120105,4,A+,2026
青岛理工大学,工程造价,120105,5,A+,2026
北京建筑大学,工程造价,120105,6,A,2026
中南财经政法大学,工程造价,120105,7,A,2026
华北水利水电大学,工程造价,120105,8,A,2026
西华大学,工程造价,120105,9,A,2026
西南石油大学,工程造价,120105,10,A,2026
华北电力大学,工程造价,120105,11,A,2026
江西理工大学,工程造价,120105,12,A,2026
福建理工大学,工程造价,120105,13,A,2026
沈阳建筑大学,工程造价,120105,14,A,2026
安徽财经大学,工程造价,120105,15,A,2026
兰州交通大学,工程造价,120105,15,A,2026
四川师范大学,工程造价,120105,17,A,2026
重庆交通大学,工程造价,120105,18,A,2026
河南财经政法大学,工程造价,120105,19,A,2026
武汉纺织大学,工程造价,120105,19,A,2026
安徽理工大学,工程造价,120105,21,A,2026
昆明理工大学,工程造价,120105,22,A,2026
成都大学,工程造价,120105,23,A,2026
南京工程学院,工程造价,120105,24,A,2026
山西财经大学,工程造价,120105,25,A,2026
长春工程学院,工程造价,120105,26,A,2026
云南农业大学,工程造价,120105,26,A,2026
四川农业大学,工程造价,120105,28,A,2026
重庆科技大学,工程造价,120105,29,A,2026
贵州师范大学,工程造价,120105,29,A,2026
浙江科技大学,工程造价,120105,31,B+,2026
安徽建筑大学,工程造价,120105,32,B+,2026
湖南城市学院,工程造价,120105,33,B+,2026
西安财经大学,工程造价,120105,34,B+,2026
浙江水利水电学院,工程造价,120105,35,B+,2026
四川轻化工大学,工程造价,120105,36,B+,2026
东北石油大学,工程造价,120105,37,B+,2026
江西水利电力大学,工程造价,120105,38,B+,2026
阜阳师范大学,工程造价,120105,39,B+,2026
北华航天工业学院,工程造价,120105,40,B+,2026
成都工业学院,工程造价,120105,41,B+,2026
吉林建筑大学,工程造价,120105,42,B+,2026
河南城建学院,工程造价,120105,43,B+,2026
青岛农业大学,工程造价,120105,44,B+,2026
嘉兴南湖学院,工程造价,120105,45,B+,2026
长沙学院,工程造价,120105,46,B+,2026
重庆文理学院,工程造价,120105,47,B+,2026
河南财政金融学院,工程造价,120105,47,B+,2026
中原工学院,工程造价,120105,49,B+,2026
成都师范学院,工程造价,120105,50,B+,2026
湖南工学院,工程造价,120105,51,B+,2026
内江师范学院,工程造价,120105,52,B+,2026
湖南财政经济学院,工程造价,120105,53,B+,2026
新疆财经大学,工程造价,120105,54,B+,2026
贵州理工学院,工程造价,120105,55,B+,2026
湖北工程学院,工程造价,120105,55,B+,2026
福建江夏学院,工程造价,120105,57,B+,2026
黄冈师范学院,工程造价,120105,58,B+,2026
洛阳理工学院,工程造价,120105,58,B+,2026
百色学院,工程造价,120105,60,B+,2026
乐山师范学院,工程造价,120105,61,B+,2026
莆田学院,工程造价,120105,62,B+,2026
许昌学院,工程造价,120105,62,B+,2026
长江师范学院,工程造价,120105,64,B+,2026
河北建筑工程学院,工程造价,120105,64,B+,2026
湖北文理学院,工程造价,120105,64,B+,2026
四川大学锦江学院,工程造价,120105,64,B+,2026
天水师范大学,工程造价,120105,68,B+,2026
三明学院,工程造价,120105,69,B+,2026
淮阴师范学院,工程造价,120105,70,B+,2026
三峡大学科技学院,工程造价,120105,70,B+,2026
黑龙江工程学院,工程造价,120105,72,B+,2026
山东农业工程学院,工程造价,120105,72,B+,2026
武夷学院,工程造价,120105,72,B+,2026
凯里学院,工程造价,120105,75,B+,2026
九江学院,工程造价,120105,76,B+,2026
赣南科技学院,工程造价,120105,77,B+,2026
河北环境工程学院,工程造价,120105,77,B+,2026
喀什大学,工程造价,120105,77,B+,2026
安康学院,工程造价,120105,80,B+,2026
新余学院,工程造价,120105,80,B+,2026
山西工程技术学院,工程造价,120105,82,B+,2026
唐山学院,工程造价,120105,83,B+,2026
成都文理学院,工程造价,120105,84,B+,2026
四川文理学院,工程造价,120105,84,B+,2026
龙岩学院,工程造价,120105,86,B+,2026
辽宁科技学院,工程造价,120105,87,B+,2026
兰州工业学院,工程造价,120105,88,B,2026
黄山学院,工程造价,120105,89,B,2026
燕京理工学院,工程造价,120105,89,B,2026
重庆城市科技学院,工程造价,120105,91,B,2026
武昌理工学院,工程造价,120105,92,B,2026
厦门大学嘉庚学院,工程造价,120105,92,B,2026
河北水利电力学院,工程造价,120105,94,B,2026
黑龙江工业学院,工程造价,120105,94,B,2026
郑州财经学院,工程造价,120105,94,B,2026
东南大学成贤学院,工程造价,120105,97,B,2026
绥化学院,工程造价,120105,97,B,2026
成都锦城学院,工程造价,120105,99,B,2026
伊犁师范大学,工程造价,120105,100,B,2026
郑州工业应用技术学院,工程造价,120105,101,B,2026
西安交通大学城市学院,工程造价,120105,102,B,2026
安阳学院,工程造价,120105,103,B,2026
石家庄铁道大学四方学院,工程造价,120105,104,B,2026
西安思源学院,工程造价,120105,105,B,2026
成都理工大学工程技术学院,工程造价,120105,106,B,2026
青岛农业大学海都学院,工程造价,120105,106,B,2026
重庆工程学院,工程造价,120105,108,B,2026
鄂尔多斯应用技术学院,工程造价,120105,109,B,2026
江苏科技大学苏州理工学院,工程造价,120105,110,B,2026
北京城市学院,工程造价,120105,111,B,2026
聊城大学东昌学院,工程造价,120105,111,B,2026
南昌理工学院,工程造价,120105,111,B,2026
苏州科技大学天平学院,工程造价,120105,114,B,2026
武昌首义学院,工程造价,120105,114,B,2026
昆明理工大学津桥学院,工程造价,120105,116,B,2026
绍兴理工学院,工程造价,120105,116,B,2026
中原科技学院,工程造价,120105,116,B,2026
湖北经济学院法商学院,工程造价,120105,119,B,2026
西京学院,工程造价,120105,120,B,2026
广西职业师范学院,工程造价,120105,121,B,2026
武汉城市学院,工程造价,120105,121,B,2026
江西财经大学现代经济管理学院,工程造价,120105,123,B,2026
江西农业大学南昌商学院,工程造价,120105,123,B,2026
郑州经贸学院,工程造价,120105,123,B,2026
商丘学院,工程造价,120105,126,B,2026
郑州商学院,工程造价,120105,126,B,2026
北京科技大学天津学院,工程造价,120105,128,B,2026
滇池学院,工程造价,120105,128,B,2026
西安交通工程学院,工程造价,120105,128,B,2026
贵阳信息科技学院,工程造价,120105,131,B,2026
武汉生物工程学院,工程造价,120105,131,B,2026
信阳学院,工程造价,120105,131,B,2026
河北外国语学院,工程造价,120105,134,B,2026
南昌交通学院,工程造价,120105,134,B,2026
山东现代学院,工程造价,120105,134,B,2026
青岛黄海学院,工程造价,120105,137,B,2026
商丘工学院,工程造价,120105,137,B,2026
湖北文理学院理工学院,工程造价,120105,139,B,2026
四川工业科技学院,工程造价,120105,139,B,2026
南京航空航天大学金城学院,工程造价,120105,141,B,2026
四川工商学院,工程造价,120105,141,B,2026
郑州升达经贸管理学院,工程造价,120105,141,B,2026
黄河交通学院,工程造价,120105,144,B,2026
江西工程学院,工程造价,120105,144,B,2026
北京邮电大学,邮政管理,120107T,,,2026
南京邮电大学,邮政管理,120107T,,,2026
西安邮电大学,邮政管理,120107T,,,2026
西安交通大学,大数据管理与应用,120108T,1,A+,2026
上海交通大学,大数据管理与应用,120108T,2,A+,2026
中国科学技术大学,大数据管理与应用,120108T,3,A+,2026
哈尔滨工业大学,大数据管理与应用,120108T,4,A+,2026
大连理工大学,大数据管理与应用,120108T,5,A+,2026
北京科技大学,大数据管理与应用,120108T,6,A,2026
合肥工业大学,大数据管理与应用,120108T,7,A,2026
中国人民大学,大数据管理与应用,120108T,8,A,2026
南京航空航天大学,大数据管理与应用,120108T,9,A,2026
华中科技大学,大数据管理与应用,120108T,10,A,2026
中央财经大学,大数据管理与应用,120108T,11,A,2026
武汉大学,大数据管理与应用,120108T,12,A,2026
华南理工大学,大数据管理与应用,120108T,13,A,2026
南京理工大学,大数据管理与应用,120108T,14,A,2026
哈尔滨工程大学,大数据管理与应用,120108T,15,A,2026
江南大学,大数据管理与应用,120108T,16,A,2026
南方科技大学,大数据管理与应用,120108T,16,A,2026
湖南大学,大数据管理与应用,120108T,18,A,2026
北京邮电大学,大数据管理与应用,120108T,19,A,2026
西安电子科技大学,大数据管理与应用,120108T,19,A,2026
山东财经大学,大数据管理与应用,120108T,21,A,2026
北京大学,大数据管理与应用,120108T,22,A,2026
南京信息工程大学,大数据管理与应用,120108T,22,A,2026
郑州大学,大数据管理与应用,120108T,24,A,2026
北京工业大学,大数据管理与应用,120108T,25,A,2026
吉林大学,大数据管理与应用,120108T,26,A,2026
中国矿业大学,大数据管理与应用,120108T,27,A,2026
河海大学,大数据管理与应用,120108T,28,A,2026
大连海事大学,大数据管理与应用,120108T,29,A,2026
长安大学,大数据管理与应用,120108T,30,B+,2026
南京邮电大学,大数据管理与应用,120108T,30,B+,2026
东北财经大学,大数据管理与应用,120108T,32,B+,2026
西南财经大学,大数据管理与应用,120108T,32,B+,2026
中国传媒大学,大数据管理与应用,120108T,32,B+,2026
北京信息科技大学,大数据管理与应用,120108T,35,B+,2026
华中师范大学,大数据管理与应用,120108T,36,B+,2026
上海海事大学,大数据管理与应用,120108T,37,B+,2026
北京化工大学,大数据管理与应用,120108T,38,B+,2026
广东工业大学,大数据管理与应用,120108T,39,B+,2026
武汉理工大学,大数据管理与应用,120108T,40,B+,2026
湖南工商大学,大数据管理与应用,120108T,41,B+,2026
南京财经大学,大数据管理与应用,120108T,42,B+,2026
河北工业大学,大数据管理与应用,120108T,43,B+,2026
中国地质大学（北京）,大数据管理与应用,120108T,44,B+,2026
中南财经政法大学,大数据管理与应用,120108T,44,B+,2026
中国矿业大学（北京）,大数据管理与应用,120108T,46,B+,2026
北京外国语大学,大数据管理与应用,120108T,47,B+,2026
西安邮电大学,大数据管理与应用,120108T,48,B+,2026
山东科技大学,大数据管理与应用,120108T,49,B+,2026
重庆邮电大学,大数据管理与应用,120108T,50,B+,2026
天津理工大学,大数据管理与应用,120108T,50,B+,2026
西安建筑科技大学,大数据管理与应用,120108T,52,B+,2026
成都理工大学,大数据管理与应用,120108T,53,B+,2026
杭州师范大学,大数据管理与应用,120108T,54,B+,2026
江苏科技大学,大数据管理与应用,120108T,55,B+,2026
重庆工商大学,大数据管理与应用,120108T,56,B+,2026
江西师范大学,大数据管理与应用,120108T,57,B+,2026
香港中文大学（深圳）,大数据管理与应用,120108T,58,B+,2026
西安理工大学,大数据管理与应用,120108T,58,B+,2026
中国农业大学,大数据管理与应用,120108T,60,B+,2026
南京林业大学,大数据管理与应用,120108T,61,B+,2026
北京中医药大学,大数据管理与应用,120108T,62,B+,2026
海南大学,大数据管理与应用,120108T,62,B+,2026
武汉纺织大学,大数据管理与应用,120108T,64,B+,2026
西南大学,大数据管理与应用,120108T,64,B+,2026
湖北工业大学,大数据管理与应用,120108T,66,B+,2026
陕西师范大学,大数据管理与应用,120108T,66,B+,2026
华南农业大学,大数据管理与应用,120108T,68,B+,2026
北京工商大学,大数据管理与应用,120108T,69,B+,2026
河南科技大学,大数据管理与应用,120108T,69,B+,2026
北京物资学院,大数据管理与应用,120108T,71,B+,2026
上海外国语大学,大数据管理与应用,120108T,72,B+,2026
天津财经大学,大数据管理与应用,120108T,73,B+,2026
南京审计大学,大数据管理与应用,120108T,74,B+,2026
华北水利水电大学,大数据管理与应用,120108T,75,B+,2026
浙江理工大学,大数据管理与应用,120108T,75,B+,2026
广东外语外贸大学,大数据管理与应用,120108T,77,B+,2026
武汉工程大学,大数据管理与应用,120108T,77,B+,2026
北京林业大学,大数据管理与应用,120108T,79,B+,2026
重庆理工大学,大数据管理与应用,120108T,79,B+,2026
华南师范大学,大数据管理与应用,120108T,81,B+,2026
华中农业大学,大数据管理与应用,120108T,82,B+,2026
西安石油大学,大数据管理与应用,120108T,83,B+,2026
上海应用技术大学,大数据管理与应用,120108T,84,B+,2026
首都师范大学,大数据管理与应用,120108T,85,B+,2026
安徽大学,大数据管理与应用,120108T,86,B+,2026
天津科技大学,大数据管理与应用,120108T,87,B+,2026
西安科技大学,大数据管理与应用,120108T,88,B+,2026
安徽工业大学,大数据管理与应用,120108T,89,B,2026
济南大学,大数据管理与应用,120108T,89,B,2026
天津师范大学,大数据管理与应用,120108T,91,B,2026
四川师范大学,大数据管理与应用,120108T,92,B,2026
郑州航空工业管理学院,大数据管理与应用,120108T,92,B,2026
西安工程大学,大数据管理与应用,120108T,94,B,2026
大连交通大学,大数据管理与应用,120108T,95,B,2026
江汉大学,大数据管理与应用,120108T,95,B,2026
安徽工程大学,大数据管理与应用,120108T,97,B,2026
重庆师范大学,大数据管理与应用,120108T,97,B,2026
南京中医药大学,大数据管理与应用,120108T,97,B,2026
南京工程学院,大数据管理与应用,120108T,100,B,2026
天津外国语大学,大数据管理与应用,120108T,101,B,2026
湖北大学,大数据管理与应用,120108T,102,B,2026
江苏师范大学,大数据管理与应用,120108T,103,B,2026
吉林财经大学,大数据管理与应用,120108T,103,B,2026
桂林电子科技大学,大数据管理与应用,120108T,105,B,2026
北京语言大学,大数据管理与应用,120108T,106,B,2026
宁夏大学,大数据管理与应用,120108T,106,B,2026
河北经贸大学,大数据管理与应用,120108T,108,B,2026
黑龙江大学,大数据管理与应用,120108T,108,B,2026
上海商学院,大数据管理与应用,120108T,110,B,2026
湖南工业大学,大数据管理与应用,120108T,111,B,2026
山东理工大学,大数据管理与应用,120108T,112,B,2026
上海对外经贸大学,大数据管理与应用,120108T,112,B,2026
兰州理工大学,大数据管理与应用,120108T,114,B,2026
北京石油化工学院,大数据管理与应用,120108T,115,B,2026
西安财经大学,大数据管理与应用,120108T,115,B,2026
广东财经大学,大数据管理与应用,120108T,117,B,2026
沈阳大学,大数据管理与应用,120108T,117,B,2026
贵州财经大学,大数据管理与应用,120108T,119,B,2026
安徽医科大学,大数据管理与应用,120108T,120,B,2026
天津城建大学,大数据管理与应用,120108T,120,B,2026
河北地质大学,大数据管理与应用,120108T,122,B,2026
河北科技大学,大数据管理与应用,120108T,122,B,2026
河南理工大学,大数据管理与应用,120108T,124,B,2026
哈尔滨商业大学,大数据管理与应用,120108T,125,B,2026
西安外国语大学,大数据管理与应用,120108T,125,B,2026
河北工程大学,大数据管理与应用,120108T,127,B,2026
北京印刷学院,大数据管理与应用,120108T,128,B,2026
湖北汽车工业学院,大数据管理与应用,120108T,128,B,2026
大连工业大学,大数据管理与应用,120108T,130,B,2026
福建农林大学,大数据管理与应用,120108T,131,B,2026
兰州财经大学,大数据管理与应用,120108T,132,B,2026
阜阳师范大学,大数据管理与应用,120108T,133,B,2026
西北师范大学,大数据管理与应用,120108T,134,B,2026
北京联合大学,大数据管理与应用,120108T,135,B,2026
四川外国语大学,大数据管理与应用,120108T,136,B,2026
绍兴大学,大数据管理与应用,120108T,137,B,2026
沈阳医学院,大数据管理与应用,120108T,137,B,2026
湖北经济学院,大数据管理与应用,120108T,139,B,2026
辽宁石油化工大学,大数据管理与应用,120108T,139,B,2026
武汉轻工大学,大数据管理与应用,120108T,139,B,2026
徐州工程学院,大数据管理与应用,120108T,142,B,2026
湖南理工大学,大数据管理与应用,120108T,143,B,2026
山东第二医科大学,大数据管理与应用,120108T,143,B,2026
大连外国语大学,大数据管理与应用,120108T,145,B,2026
大连海洋大学,大数据管理与应用,120108T,146,B,2026
嘉兴南湖学院,大数据管理与应用,120108T,147,B,2026
南京审计大学,工程审计,120109T,1,A+,2026
青岛理工大学,工程审计,120109T,2,A+,2026
重庆文理学院,工程审计,120109T,3,B+,2026
河南城建学院,工程审计,120109T,4,B+,2026
重庆第二师范学院,工程审计,120109T,5,B+,2026
新疆科技学院,工程审计,120109T,6,B,2026
江西财经大学现代经济管理学院,工程审计,120109T,7,B,2026
重庆城市科技学院,工程审计,120109T,8,B,2026
西安财经大学行知学院,工程审计,120109T,9,B,2026
哈尔滨工业大学,计算金融,120110T,1,A+,2026
华中科技大学,计算金融,120110T,2,A+,2026
西南财经大学,计算金融,120110T,3,B,2026
北京工商大学,计算金融,120110T,4,B,2026
暨南大学,应急管理,120111T,1,A+,2026
中国矿业大学,应急管理,120111T,2,A+,2026
南京信息工程大学,应急管理,120111T,3,A,2026
中国地质大学（武汉）,应急管理,120111T,3,A,2026
河海大学,应急管理,120111T,5,A,2026
武汉理工大学,应急管理,120111T,6,B+,2026
南京工业大学,应急管理,120111T,7,B+,2026
湖南工商大学,应急管理,120111T,8,B+,2026
西北大学,应急管理,120111T,9,B+,2026
湘潭大学,应急管理,120111T,10,B+,2026
南京师范大学,应急管理,120111T,11,B+,2026
济南大学,应急管理,120111T,12,B+,2026
山西财经大学,应急管理,120111T,12,B+,2026
西华大学,应急管理,120111T,14,B+,2026
河北科技大学,应急管理,120111T,15,B+,2026
石河子大学,应急管理,120111T,16,B,2026
江西理工大学,应急管理,120111T,17,B,2026
沈阳建筑大学,应急管理,120111T,18,B,2026
集美大学,应急管理,120111T,19,B,2026
中国民用航空飞行学院,应急管理,120111T,19,B,2026
山西师范大学,应急管理,120111T,21,B,2026
南华大学,应急管理,120111T,22,B,2026
沈阳化工大学,应急管理,120111T,23,B,2026
无锡学院,应急管理,120111T,24,B,2026
内蒙古科技大学,应急管理,120111T,25,B,2026
浙江大学,工商管理,120201K,1,A+,2026
中山大学,工商管理,120201K,2,A+,2026
清华大学,工商管理,120201K,3,A+,2026
上海财经大学,工商管理,120201K,4,A+,2026
中国人民大学,工商管理,120201K,5,A+,2026
南开大学,工商管理,120201K,6,A+,2026
上海交通大学,工商管理,120201K,7,A+,2026
厦门大学,工商管理,120201K,8,A+,2026
南京大学,工商管理,120201K,9,A+,2026
山东大学,工商管理,120201K,10,A+,2026
北京大学,工商管理,120201K,11,A+,2026
西安交通大学,工商管理,120201K,12,A,2026
重庆大学,工商管理,120201K,13,A,2026
华南理工大学,工商管理,120201K,14,A,2026
中南大学,工商管理,120201K,14,A,2026
华中科技大学,工商管理,120201K,16,A,2026
武汉大学,工商管理,120201K,17,A,2026
暨南大学,工商管理,120201K,18,A,2026
湖南大学,工商管理,120201K,19,A,2026
对外经济贸易大学,工商管理,120201K,20,A,2026
大连理工大学,工商管理,120201K,21,A,2026
西南财经大学,工商管理,120201K,22,A,2026
浙江工商大学,工商管理,120201K,23,A,2026
哈尔滨工业大学,工商管理,120201K,24,A,2026
中央财经大学,工商管理,120201K,25,A,2026
华东师范大学,工商管理,120201K,26,A,2026
东南大学,工商管理,120201K,27,A,2026
天津大学,工商管理,120201K,27,A,2026
北京师范大学,工商管理,120201K,29,A,2026
吉林大学,工商管理,120201K,30,A,2026
北京理工大学,工商管理,120201K,31,A,2026
华北电力大学,工商管理,120201K,31,A,2026
电子科技大学,工商管理,120201K,33,A,2026
中国科学技术大学,工商管理,120201K,33,A,2026
中南财经政法大学,工商管理,120201K,33,A,2026
浙江工业大学,工商管理,120201K,36,A,2026
复旦大学,工商管理,120201K,37,A,2026
东北财经大学,工商管理,120201K,38,A,2026
北京科技大学,工商管理,120201K,39,A,2026
上海大学,工商管理,120201K,39,A,2026
首都经济贸易大学,工商管理,120201K,41,A,2026
中国海洋大学,工商管理,120201K,42,A,2026
北京交通大学,工商管理,120201K,43,A,2026
武汉理工大学,工商管理,120201K,44,A,2026
西北工业大学,工商管理,120201K,45,A,2026
云南大学,工商管理,120201K,45,A,2026
北京邮电大学,工商管理,120201K,47,A,2026
江西财经大学,工商管理,120201K,47,A,2026
苏州大学,工商管理,120201K,47,A,2026
西北大学,工商管理,120201K,50,A,2026
东北大学,工商管理,120201K,51,A,2026
海南大学,工商管理,120201K,52,A,2026
华侨大学,工商管理,120201K,52,A,2026
上海外国语大学,工商管理,120201K,54,A,2026
安徽大学,工商管理,120201K,55,A,2026
河海大学,工商管理,120201K,56,A,2026
西南交通大学,工商管理,120201K,56,A,2026
南京财经大学,工商管理,120201K,58,B+,2026
南昌大学,工商管理,120201K,59,B+,2026
华东理工大学,工商管理,120201K,60,B+,2026
浙江财经大学,工商管理,120201K,61,B+,2026
河北工业大学,工商管理,120201K,62,B+,2026
北京工商大学,工商管理,120201K,63,B+,2026
南京审计大学,工商管理,120201K,64,B+,2026
南京师范大学,工商管理,120201K,64,B+,2026
山东财经大学,工商管理,120201K,66,B+,2026
北京外国语大学,工商管理,120201K,67,B+,2026
广东外语外贸大学,工商管理,120201K,67,B+,2026
福州大学,工商管理,120201K,69,B+,2026
广州大学,工商管理,120201K,69,B+,2026
深圳大学,工商管理,120201K,71,B+,2026
湖南师范大学,工商管理,120201K,72,B+,2026
河南大学,工商管理,120201K,73,B+,2026
西南大学,工商管理,120201K,73,B+,2026
郑州大学,工商管理,120201K,73,B+,2026
中国政法大学,工商管理,120201K,73,B+,2026
哈尔滨工程大学,工商管理,120201K,77,B+,2026
广西大学,工商管理,120201K,78,B+,2026
合肥工业大学,工商管理,120201K,78,B+,2026
天津财经大学,工商管理,120201K,78,B+,2026
中国地质大学（武汉）,工商管理,120201K,78,B+,2026
杭州电子科技大学,工商管理,120201K,82,B+,2026
南京邮电大学,工商管理,120201K,82,B+,2026
广东工业大学,工商管理,120201K,84,B+,2026
上海对外经贸大学,工商管理,120201K,85,B+,2026
北京化工大学,工商管理,120201K,86,B+,2026
石河子大学,工商管理,120201K,87,B+,2026
江南大学,工商管理,120201K,88,B+,2026
山西财经大学,工商管理,120201K,88,B+,2026
中国农业大学,工商管理,120201K,90,B+,2026
汕头大学,工商管理,120201K,91,B+,2026
江西师范大学,工商管理,120201K,92,B+,2026
西南政法大学,工商管理,120201K,93,B+,2026
华中农业大学,工商管理,120201K,94,B+,2026
南京航空航天大学,工商管理,120201K,94,B+,2026
青岛大学,工商管理,120201K,94,B+,2026
上海工程技术大学,工商管理,120201K,94,B+,2026
广东财经大学,工商管理,120201K,98,B+,2026
上海理工大学,工商管理,120201K,99,B+,2026
辽宁大学,工商管理,120201K,100,B+,2026
宁波大学,工商管理,120201K,100,B+,2026
安徽财经大学,工商管理,120201K,102,B+,2026
重庆工商大学,工商管理,120201K,103,B+,2026
兰州大学,工商管理,120201K,104,B+,2026
西安电子科技大学,工商管理,120201K,105,B+,2026
西安理工大学,工商管理,120201K,105,B+,2026
山东师范大学,工商管理,120201K,107,B+,2026
中国地质大学（北京）,工商管理,120201K,108,B+,2026
湘潭大学,工商管理,120201K,109,B+,2026
中国传媒大学,工商管理,120201K,110,B+,2026
浙江师范大学,工商管理,120201K,111,B+,2026
燕山大学,工商管理,120201K,112,B+,2026
哈尔滨商业大学,工商管理,120201K,113,B+,2026
贵州大学,工商管理,120201K,114,B+,2026
西南石油大学,工商管理,120201K,115,B+,2026
北京林业大学,工商管理,120201K,116,B+,2026
河南财经政法大学,工商管理,120201K,117,B+,2026
北京工业大学,工商管理,120201K,118,B+,2026
东华大学,工商管理,120201K,118,B+,2026
北京联合大学,工商管理,120201K,120,B+,2026
河北经贸大学,工商管理,120201K,120,B+,2026
昆明理工大学,工商管理,120201K,122,B+,2026
贵州财经大学,工商管理,120201K,123,B+,2026
江苏大学,工商管理,120201K,124,B+,2026
中央民族大学,工商管理,120201K,125,B+,2026
中国矿业大学（北京）,工商管理,120201K,126,B+,2026
长沙理工大学,工商管理,120201K,127,B+,2026
云南财经大学,工商管理,120201K,127,B+,2026
山东工商学院,工商管理,120201K,129,B+,2026
天津工业大学,工商管理,120201K,129,B+,2026
南京农业大学,工商管理,120201K,131,B+,2026
上海海事大学,工商管理,120201K,132,B+,2026
湖南工商大学,工商管理,120201K,133,B+,2026
北方工业大学,工商管理,120201K,134,B+,2026
浙江理工大学,工商管理,120201K,134,B+,2026
西北农林科技大学,工商管理,120201K,136,B+,2026
大连海事大学,工商管理,120201K,137,B+,2026
济南大学,工商管理,120201K,137,B+,2026
扬州大学,工商管理,120201K,137,B+,2026
哈尔滨理工大学,工商管理,120201K,140,B+,2026
长安大学,工商管理,120201K,141,B+,2026
武汉科技大学,工商管理,120201K,142,B+,2026
中国计量大学,工商管理,120201K,143,B+,2026
北京信息科技大学,工商管理,120201K,144,B+,2026
广西师范大学,工商管理,120201K,145,B+,2026
江苏科技大学,工商管理,120201K,146,B+,2026
西安建筑科技大学,工商管理,120201K,147,B+,2026
河北地质大学,工商管理,120201K,148,B+,2026
内蒙古大学,工商管理,120201K,149,B+,2026
四川师范大学,工商管理,120201K,150,B+,2026
河南工业大学,工商管理,120201K,151,B+,2026
山东理工大学,工商管理,120201K,151,B+,2026
中国药科大学,工商管理,120201K,151,B+,2026
郑州航空工业管理学院,工商管理,120201K,154,B+,2026
东北林业大学,工商管理,120201K,155,B+,2026
中国民航大学,工商管理,120201K,155,B+,2026
华南农业大学,工商管理,120201K,157,B+,2026
成都大学,工商管理,120201K,158,B+,2026
天津理工大学,工商管理,120201K,159,B+,2026
西安邮电大学,工商管理,120201K,159,B+,2026
成都理工大学,工商管理,120201K,161,B+,2026
陕西科技大学,工商管理,120201K,161,B+,2026
重庆交通大学,工商管理,120201K,163,B+,2026
黑龙江大学,工商管理,120201K,164,B+,2026
吉林财经大学,工商管理,120201K,165,B+,2026
南华大学,工商管理,120201K,166,B+,2026
西华大学,工商管理,120201K,166,B+,2026
武汉轻工大学,工商管理,120201K,168,B+,2026
新疆财经大学,工商管理,120201K,168,B+,2026
福建师范大学,工商管理,120201K,170,B,2026
北京中医药大学,工商管理,120201K,171,B,2026
河北工程大学,工商管理,120201K,171,B,2026
青岛科技大学,工商管理,120201K,171,B,2026
延边大学,工商管理,120201K,171,B,2026
上海商学院,工商管理,120201K,175,B,2026
四川农业大学,工商管理,120201K,176,B,2026
桂林理工大学,工商管理,120201K,177,B,2026
山东科技大学,工商管理,120201K,177,B,2026
西安外国语大学,工商管理,120201K,179,B,2026
苏州科技大学,工商管理,120201K,180,B,2026
内蒙古工业大学,工商管理,120201K,181,B,2026
西南科技大学,工商管理,120201K,181,B,2026
南京林业大学,工商管理,120201K,183,B,2026
安徽工程大学,工商管理,120201K,184,B,2026
西安工程大学,工商管理,120201K,184,B,2026
河南理工大学,工商管理,120201K,186,B,2026
重庆理工大学,工商管理,120201K,187,B,2026
重庆邮电大学,工商管理,120201K,187,B,2026
内蒙古财经大学,工商管理,120201K,187,B,2026
重庆师范大学,工商管理,120201K,190,B,2026
新疆大学,工商管理,120201K,190,B,2026
长春理工大学,工商管理,120201K,192,B,2026
湖北大学,工商管理,120201K,193,B,2026
湖南科技大学,工商管理,120201K,194,B,2026
福建农林大学,工商管理,120201K,195,B,2026
吉首大学,工商管理,120201K,195,B,2026
沈阳工业大学,工商管理,120201K,195,B,2026
东北农业大学,工商管理,120201K,198,B,2026
江西理工大学,工商管理,120201K,198,B,2026
南京工业大学,工商管理,120201K,198,B,2026
绍兴大学,工商管理,120201K,201,B,2026
武汉纺织大学,工商管理,120201K,201,B,2026
湖南工业大学,工商管理,120201K,203,B,2026
温州大学,工商管理,120201K,203,B,2026
东北石油大学,工商管理,120201K,205,B,2026
闽江大学,工商管理,120201K,206,B,2026
宁夏大学,工商管理,120201K,206,B,2026
上海海洋大学,工商管理,120201K,206,B,2026
天津商业大学,工商管理,120201K,206,B,2026
北京建筑大学,工商管理,120201K,210,B,2026
山西大学,工商管理,120201K,211,B,2026
延安大学,工商管理,120201K,212,B,2026
郑州轻工业大学,工商管理,120201K,212,B,2026
辽宁科技大学,工商管理,120201K,214,B,2026
青海大学,工商管理,120201K,214,B,2026
中南民族大学,工商管理,120201K,214,B,2026
中国劳动关系学院,工商管理,120201K,217,B,2026
北京服装学院,工商管理,120201K,218,B,2026
河南师范大学,工商管理,120201K,218,B,2026
集美大学,工商管理,120201K,218,B,2026
甘肃政法大学,工商管理,120201K,221,B,2026
辽宁工业大学,工商管理,120201K,221,B,2026
辽宁石油化工大学,工商管理,120201K,221,B,2026
安徽工业大学,工商管理,120201K,224,B,2026
大连工业大学,工商管理,120201K,224,B,2026
兰州交通大学,工商管理,120201K,224,B,2026
天津师范大学,工商管理,120201K,224,B,2026
烟台大学,工商管理,120201K,224,B,2026
贵州民族大学,工商管理,120201K,229,B,2026
沈阳药科大学,工商管理,120201K,229,B,2026
武汉工程大学,工商管理,120201K,231,B,2026
河北农业大学,工商管理,120201K,232,B,2026
河南科技大学,工商管理,120201K,232,B,2026
西安科技大学,工商管理,120201K,232,B,2026
浙江农林大学,工商管理,120201K,232,B,2026
河北科技大学,工商管理,120201K,236,B,2026
上海立信会计金融学院,工商管理,120201K,237,B,2026
兰州财经大学,工商管理,120201K,238,B,2026
北华大学,工商管理,120201K,239,B,2026
山东建筑大学,工商管理,120201K,239,B,2026
江汉大学,工商管理,120201K,241,B,2026
广东海洋大学,工商管理,120201K,242,B,2026
湖南农业大学,工商管理,120201K,243,B,2026
西北师范大学,工商管理,120201K,244,B,2026
浙大城市学院,工商管理,120201K,245,B,2026
吉林农业大学,工商管理,120201K,246,B,2026
沈阳理工大学,工商管理,120201K,246,B,2026
长江大学,工商管理,120201K,248,B,2026
湖北经济学院,工商管理,120201K,249,B,2026
信阳师范大学,工商管理,120201K,249,B,2026
北方民族大学,工商管理,120201K,251,B,2026
广西财经学院,工商管理,120201K,251,B,2026
中国民用航空飞行学院,工商管理,120201K,251,B,2026
长春大学,工商管理,120201K,254,B,2026
西藏大学,工商管理,120201K,255,B,2026
西安财经大学,工商管理,120201K,256,B,2026
佛山大学,工商管理,120201K,257,B,2026
上海电力大学,工商管理,120201K,258,B,2026
西交利物浦大学,工商管理,120201K,258,B,2026
大连交通大学,工商管理,120201K,260,B,2026
北京农学院,工商管理,120201K,261,B,2026
大连大学,工商管理,120201K,261,B,2026
云南民族大学,工商管理,120201K,261,B,2026
山东农业大学,工商管理,120201K,264,B,2026
广西民族大学,工商管理,120201K,265,B,2026
西华师范大学,工商管理,120201K,265,B,2026
淮安大学,工商管理,120201K,267,B,2026
南通大学,工商管理,120201K,267,B,2026
东莞理工学院,工商管理,120201K,269,B,2026
渤海大学,工商管理,120201K,270,B,2026
江西农业大学,工商管理,120201K,270,B,2026
兰州理工大学,工商管理,120201K,270,B,2026
河南农业大学,工商管理,120201K,273,B,2026
江苏海洋大学,工商管理,120201K,274,B,2026
内蒙古农业大学,工商管理,120201K,275,B,2026
嘉兴大学,工商管理,120201K,276,B,2026
南昌航空大学,工商管理,120201K,277,B,2026
阜阳师范大学,工商管理,120201K,278,B,2026
曲阜师范大学,工商管理,120201K,278,B,2026
陕西理工大学,工商管理,120201K,280,B,2026
西藏民族大学,工商管理,120201K,280,B,2026
北师香港浸会大学,工商管理,120201K,282,B,2026
福建理工大学,工商管理,120201K,282,B,2026
中国人民大学,市场营销,120202,1,A+,2026
北京大学,市场营销,120202,2,A+,2026
重庆大学,市场营销,120202,3,A+,2026
武汉大学,市场营销,120202,4,A+,2026
上海财经大学,市场营销,120202,5,A+,2026
对外经济贸易大学,市场营销,120202,6,A+,2026
南京大学,市场营销,120202,7,A+,2026
复旦大学,市场营销,120202,8,A+,2026
浙江工商大学,市场营销,120202,8,A+,2026
中央财经大学,市场营销,120202,8,A+,2026
湖南大学,市场营销,120202,11,A+,2026
四川大学,市场营销,120202,12,A+,2026
西南财经大学,市场营销,120202,12,A+,2026
华中科技大学,市场营销,120202,14,A,2026
中南财经政法大学,市场营销,120202,15,A,2026
南开大学,市场营销,120202,16,A,2026
吉林大学,市场营销,120202,17,A,2026
暨南大学,市场营销,120202,18,A,2026
厦门大学,市场营销,120202,19,A,2026
东北财经大学,市场营销,120202,20,A,2026
哈尔滨工业大学,市场营销,120202,21,A,2026
河海大学,市场营销,120202,22,A,2026
山东财经大学,市场营销,120202,23,A,2026
华侨大学,市场营销,120202,24,A,2026
首都经济贸易大学,市场营销,120202,25,A,2026
东北大学,市场营销,120202,26,A,2026
江西财经大学,市场营销,120202,27,A,2026
广东外语外贸大学,市场营销,120202,28,A,2026
安徽大学,市场营销,120202,29,A,2026
武汉理工大学,市场营销,120202,29,A,2026
中国海洋大学,市场营销,120202,31,A,2026
华东理工大学,市场营销,120202,32,A,2026
浙江财经大学,市场营销,120202,33,A,2026
福州大学,市场营销,120202,34,A,2026
兰州大学,市场营销,120202,35,A,2026
中国矿业大学,市场营销,120202,35,A,2026
深圳大学,市场营销,120202,37,A,2026
天津财经大学,市场营销,120202,38,A,2026
合肥工业大学,市场营销,120202,39,A,2026
上海对外经贸大学,市场营销,120202,39,A,2026
广东工业大学,市场营销,120202,41,A,2026
华中农业大学,市场营销,120202,41,A,2026
西南大学,市场营销,120202,43,A,2026
东华大学,市场营销,120202,44,A,2026
北京第二外国语学院,市场营销,120202,45,A,2026
上海外国语大学,市场营销,120202,45,A,2026
广东财经大学,市场营销,120202,47,A,2026
重庆工商大学,市场营销,120202,48,A,2026
山西财经大学,市场营销,120202,49,A,2026
北京工商大学,市场营销,120202,50,A,2026
长沙理工大学,市场营销,120202,50,A,2026
辽宁大学,市场营销,120202,52,A,2026
上海工程技术大学,市场营销,120202,52,A,2026
安徽财经大学,市场营销,120202,54,A,2026
广州大学,市场营销,120202,55,A,2026
河南财经政法大学,市场营销,120202,56,A,2026
湖南工商大学,市场营销,120202,57,A,2026
云南财经大学,市场营销,120202,58,A,2026
贵州大学,市场营销,120202,59,A,2026
石河子大学,市场营销,120202,60,A,2026
汕头大学,市场营销,120202,61,A,2026
哈尔滨理工大学,市场营销,120202,62,A,2026
青岛理工大学,市场营销,120202,62,A,2026
南京农业大学,市场营销,120202,64,A,2026
河北经贸大学,市场营销,120202,65,A,2026
重庆理工大学,市场营销,120202,66,A,2026
东北师范大学,市场营销,120202,66,A,2026
中国传媒大学,市场营销,120202,66,A,2026
常州大学,市场营销,120202,69,B+,2026
西南石油大学,市场营销,120202,69,B+,2026
成都理工大学,市场营销,120202,71,B+,2026
湖北大学,市场营销,120202,72,B+,2026
重庆邮电大学,市场营销,120202,73,B+,2026
武汉科技大学,市场营销,120202,73,B+,2026
山东工商学院,市场营销,120202,75,B+,2026
东北农业大学,市场营销,120202,76,B+,2026
哈尔滨商业大学,市场营销,120202,77,B+,2026
湖北工业大学,市场营销,120202,77,B+,2026
中国农业大学,市场营销,120202,79,B+,2026
贵州财经大学,市场营销,120202,80,B+,2026
西安理工大学,市场营销,120202,81,B+,2026
北京物资学院,市场营销,120202,82,B+,2026
内蒙古财经大学,市场营销,120202,83,B+,2026
齐鲁工业大学,市场营销,120202,84,B+,2026
河北地质大学,市场营销,120202,85,B+,2026
华南农业大学,市场营销,120202,85,B+,2026
中北大学,市场营销,120202,87,B+,2026
桂林理工大学,市场营销,120202,88,B+,2026
西安工业大学,市场营销,120202,89,B+,2026
西北农林科技大学,市场营销,120202,90,B+,2026
湖南农业大学,市场营销,120202,91,B+,2026
四川师范大学,市场营销,120202,91,B+,2026
香港中文大学（深圳）,市场营销,120202,91,B+,2026
中南林业科技大学,市场营销,120202,91,B+,2026
新疆财经大学,市场营销,120202,95,B+,2026
郑州航空工业管理学院,市场营销,120202,95,B+,2026
东北林业大学,市场营销,120202,97,B+,2026
昆明理工大学,市场营销,120202,97,B+,2026
沈阳工业大学,市场营销,120202,99,B+,2026
西安财经大学,市场营销,120202,99,B+,2026
扬州大学,市场营销,120202,101,B+,2026
湖南工业大学,市场营销,120202,102,B+,2026
江苏大学,市场营销,120202,102,B+,2026
东华理工大学,市场营销,120202,104,B+,2026
华北水利水电大学,市场营销,120202,104,B+,2026
成都信息工程大学,市场营销,120202,106,B+,2026
吉林财经大学,市场营销,120202,106,B+,2026
上海商学院,市场营销,120202,108,B+,2026
北京服装学院,市场营销,120202,109,B+,2026
长江大学,市场营销,120202,110,B+,2026
兰州理工大学,市场营销,120202,110,B+,2026
天津中医药大学,市场营销,120202,110,B+,2026
桂林电子科技大学,市场营销,120202,113,B+,2026
渤海大学,市场营销,120202,114,B+,2026
上海体育大学,市场营销,120202,115,B+,2026
上海应用技术大学,市场营销,120202,115,B+,2026
南京工程学院,市场营销,120202,117,B+,2026
湖北经济学院,市场营销,120202,118,B+,2026
西安邮电大学,市场营销,120202,118,B+,2026
重庆交通大学,市场营销,120202,120,B+,2026
苏州工学院,市场营销,120202,120,B+,2026
重庆师范大学,市场营销,120202,122,B+,2026
集美大学,市场营销,120202,123,B+,2026
辽宁科技大学,市场营销,120202,124,B+,2026
新疆大学,市场营销,120202,124,B+,2026
北京石油化工学院,市场营销,120202,126,B+,2026
太原科技大学,市场营销,120202,126,B+,2026
温州医科大学,市场营销,120202,126,B+,2026
沈阳农业大学,市场营销,120202,129,B+,2026
成都中医药大学,市场营销,120202,130,B+,2026
兰州财经大学,市场营销,120202,130,B+,2026
西南民族大学,市场营销,120202,130,B+,2026
辽宁工程技术大学,市场营销,120202,133,B+,2026
武汉纺织大学,市场营销,120202,133,B+,2026
西安外国语大学,市场营销,120202,133,B+,2026
石家庄铁道大学,市场营销,120202,136,B+,2026
湖北中医药大学,市场营销,120202,137,B+,2026
安徽工程大学,市场营销,120202,138,B+,2026
沈阳师范大学,市场营销,120202,138,B+,2026
浙江科技大学,市场营销,120202,138,B+,2026
青岛科技大学,市场营销,120202,141,B+,2026
温州肯恩大学,市场营销,120202,141,B+,2026
陕西中医药大学,市场营销,120202,143,B+,2026
安徽工业大学,市场营销,120202,144,B+,2026
广东金融学院,市场营销,120202,144,B+,2026
兰州交通大学,市场营销,120202,144,B+,2026
天津商业大学,市场营销,120202,144,B+,2026
金陵科技学院,市场营销,120202,148,B+,2026
江西水利电力大学,市场营销,120202,149,B+,2026
江苏理工学院,市场营销,120202,150,B+,2026
深圳技术大学,市场营销,120202,150,B+,2026
西交利物浦大学,市场营销,120202,150,B+,2026
黑龙江科技大学,市场营销,120202,153,B+,2026
湖南第一师范学院,市场营销,120202,154,B+,2026
大连大学,市场营销,120202,155,B+,2026
五邑大学,市场营销,120202,155,B+,2026
上海海洋大学,市场营销,120202,157,B+,2026
贵州师范大学,市场营销,120202,158,B+,2026
淮阴师范学院,市场营销,120202,158,B+,2026
吉林农业大学,市场营销,120202,158,B+,2026
广西财经学院,市场营销,120202,161,B+,2026
北师香港浸会大学,市场营销,120202,162,B+,2026
吉林师范大学,市场营销,120202,163,B+,2026
齐齐哈尔大学,市场营销,120202,163,B+,2026
甘肃政法大学,市场营销,120202,165,B+,2026
中原工学院,市场营销,120202,165,B+,2026
上海立信会计金融学院,市场营销,120202,167,B+,2026
西华师范大学,市场营销,120202,168,B+,2026
大连海洋大学,市场营销,120202,169,B+,2026
闽南师范大学,市场营销,120202,169,B+,2026
山东建筑大学,市场营销,120202,171,B+,2026
中国民用航空飞行学院,市场营销,120202,171,B+,2026
山东中医药大学,市场营销,120202,173,B+,2026
赣南师范大学,市场营销,120202,174,B+,2026
江西中医药大学,市场营销,120202,174,B+,2026
佛山大学,市场营销,120202,176,B+,2026
甘肃农业大学,市场营销,120202,176,B+,2026
黄山学院,市场营销,120202,178,B+,2026
龙岩学院,市场营销,120202,179,B+,2026
黑龙江八一农垦大学,市场营销,120202,180,B+,2026
景德镇陶瓷大学,市场营销,120202,180,B+,2026
湖南财政经济学院,市场营销,120202,182,B+,2026
湖南中医药大学,市场营销,120202,182,B+,2026
吉林外国语大学,市场营销,120202,182,B+,2026
山东第一医科大学,市场营销,120202,182,B+,2026
湖北文理学院,市场营销,120202,186,B+,2026
南阳理工学院,市场营销,120202,187,B+,2026
湖北工程学院,市场营销,120202,188,B+,2026
莆田学院,市场营销,120202,188,B+,2026
潍坊学院,市场营销,120202,188,B+,2026
安庆师范大学,市场营销,120202,191,B+,2026
西南医科大学,市场营销,120202,191,B+,2026
徐州工程学院,市场营销,120202,191,B+,2026
长沙学院,市场营销,120202,194,B+,2026
湖北汽车工业学院,市场营销,120202,194,B+,2026
长春大学,市场营销,120202,196,B+,2026
吉林化工大学,市场营销,120202,196,B+,2026
吉林工程技术师范学院,市场营销,120202,198,B+,2026
福建理工大学,市场营销,120202,199,B+,2026
广东技术师范大学,市场营销,120202,199,B+,2026
嘉兴南湖学院,市场营销,120202,199,B+,2026
山东管理学院,市场营销,120202,199,B+,2026
贵州医科大学,市场营销,120202,203,B,2026
黑龙江中医药大学,市场营销,120202,203,B,2026
宁波工程学院,市场营销,120202,203,B,2026
长春中医药大学,市场营销,120202,206,B,2026
福建江夏学院,市场营销,120202,206,B,2026
黑龙江工程学院,市场营销,120202,208,B,2026
山西农业大学,市场营销,120202,208,B,2026
重庆三峡科技大学,市场营销,120202,210,B,2026
苏州城市学院,市场营销,120202,210,B,2026
淮安大学,市场营销,120202,212,B,2026
辽宁中医药大学,市场营销,120202,212,B,2026
山东女子学院,市场营销,120202,212,B,2026
桂林医科大学,市场营销,120202,215,B,2026
泉州师范学院,市场营销,120202,215,B,2026
天津体育学院,市场营销,120202,215,B,2026
铜陵学院,市场营销,120202,218,B,2026
安徽科技工程大学,市场营销,120202,219,B,2026
盐城工学院,市场营销,120202,219,B,2026
大庆师范学院,市场营销,120202,221,B,2026
广东石油化工学院,市场营销,120202,221,B,2026
天津农学院,市场营销,120202,221,B,2026
枣庄学院,市场营销,120202,221,B,2026
嘉应学院,市场营销,120202,225,B,2026
乐山师范学院,市场营销,120202,226,B,2026
宁德师范学院,市场营销,120202,227,B,2026
皖西学院,市场营销,120202,227,B,2026
巢湖学院,市场营销,120202,229,B,2026
滁州学院,市场营销,120202,230,B,2026
河北金融学院,市场营销,120202,230,B,2026
河南牧业经济学院,市场营销,120202,230,B,2026
江苏师范大学科文学院,市场营销,120202,230,B,2026
成都锦城学院,市场营销,120202,234,B,2026
广东药科大学,市场营销,120202,234,B,2026
海南热带海洋学院,市场营销,120202,234,B,2026
渭南师范学院,市场营销,120202,234,B,2026
西安医学院,市场营销,120202,234,B,2026
郑州师范学院,市场营销,120202,234,B,2026
安阳工学院,市场营销,120202,240,B,2026
内蒙古科技大学包头医学院,市场营销,120202,240,B,2026
厦门大学嘉庚学院,市场营销,120202,240,B,2026
贵州商学院,市场营销,120202,243,B,2026
哈尔滨金融学院,市场营销,120202,244,B,2026
吉林工商学院,市场营销,120202,245,B,2026
荆楚理工学院,市场营销,120202,245,B,2026
新疆农业大学,市场营销,120202,247,B,2026
盐城师范学院,市场营销,120202,247,B,2026
中国计量大学现代科技学院,市场营销,120202,247,B,2026
昆明医科大学,市场营销,120202,250,B,2026
浙江树人学院,市场营销,120202,250,B,2026
武昌首义学院,市场营销,120202,252,B,2026
福建商学院,市场营销,120202,253,B,2026
贵州医科大学神奇民族医药学院,市场营销,120202,253,B,2026
湖南科技学院,市场营销,120202,255,B,2026
鞍山师范学院,市场营销,120202,256,B,2026
山东航空学院,市场营销,120202,256,B,2026
新疆理工学院,市场营销,120202,256,B,2026
河南工程学院,市场营销,120202,259,B,2026
福建技术师范学院,市场营销,120202,260,B,2026
河北科技师范学院,市场营销,120202,260,B,2026
湖北经济学院法商学院,市场营销,120202,260,B,2026
信阳农林学院,市场营销,120202,263,B,2026
右江民族医学院,市场营销,120202,263,B,2026
南京财经大学红山学院,市场营销,120202,265,B,2026
泰山学院,市场营销,120202,265,B,2026
长江大学文理学院,市场营销,120202,267,B,2026
辽宁对外经贸学院,市场营销,120202,267,B,2026
牡丹江医科大学,市场营销,120202,267,B,2026
潍坊科技学院,市场营销,120202,267,B,2026
湖南女子学院,市场营销,120202,271,B,2026
吉林农业科技学院,市场营销,120202,271,B,2026
新余学院,市场营销,120202,273,B,2026
郑州经贸学院,市场营销,120202,273,B,2026
常州大学怀德学院,市场营销,120202,275,B,2026
池州学院,市场营销,120202,275,B,2026
廊坊师范学院,市场营销,120202,277,B,2026
九江学院,市场营销,120202,278,B,2026
重庆工程学院,市场营销,120202,279,B,2026
浙江农林大学暨阳学院,市场营销,120202,279,B,2026
茅台学院,市场营销,120202,281,B,2026
山东青年政治学院,市场营销,120202,281,B,2026
太原学院,市场营销,120202,281,B,2026
唐山学院,市场营销,120202,281,B,2026
广西民族师范学院,市场营销,120202,285,B,2026
桂林航天工业学院,市场营销,120202,285,B,2026
山西工学院,市场营销,120202,285,B,2026
无锡太湖学院,市场营销,120202,285,B,2026
济宁医学院,市场营销,120202,289,B,2026
萍乡学院,市场营销,120202,289,B,2026
杭州电子科技大学信息工程学院,市场营销,120202,291,B,2026
河池学院,市场营销,120202,291,B,2026
珠海科技学院,市场营销,120202,291,B,2026
长春财经学院,市场营销,120202,294,B,2026
滇西应用技术大学,市场营销,120202,294,B,2026
赣东学院,市场营销,120202,294,B,2026
天水师范大学,市场营销,120202,297,B,2026
温州商学院,市场营销,120202,297,B,2026
长春光华学院,市场营销,120202,299,B,2026
湖南医药学院,市场营销,120202,299,B,2026
三峡大学科技学院,市场营销,120202,299,B,2026
百色学院,市场营销,120202,302,B,2026
沧州师范学院,市场营销,120202,302,B,2026
桂林旅游学院,市场营销,120202,302,B,2026
楚雄师范学院,市场营销,120202,305,B,2026
河北环境工程学院,市场营销,120202,305,B,2026
东南大学成贤学院,市场营销,120202,307,B,2026
呼伦贝尔学院,市场营销,120202,308,B,2026
邢台学院,市场营销,120202,308,B,2026
扬州大学广陵学院,市场营销,120202,310,B,2026
四川工商学院,市场营销,120202,311,B,2026
绥化学院,市场营销,120202,311,B,2026
新疆科技学院,市场营销,120202,313,B,2026
南京理工大学紫金学院,市场营销,120202,314,B,2026
沈阳工学院,市场营销,120202,314,B,2026
广州工商学院,市场营销,120202,316,B,2026
安徽三联学院,市场营销,120202,317,B,2026
西南财经大学天府学院,市场营销,120202,317,B,2026
浙江工商大学杭州商学院,市场营销,120202,317,B,2026
福建师范大学协和学院,市场营销,120202,320,B,2026
南京理工大学泰州科技学院,市场营销,120202,321,B,2026
山西科技学院,市场营销,120202,321,B,2026
苏州大学应用技术学院,市场营销,120202,321,B,2026
温州医科大学仁济学院,市场营销,120202,321,B,2026
中原科技学院,市场营销,120202,321,B,2026
上海杉达学院,市场营销,120202,326,B,2026
山西工商学院,市场营销,120202,326,B,2026
烟台理工学院,市场营销,120202,326,B,2026
中国矿业大学徐海学院,市场营销,120202,326,B,2026
湖北大学知行学院,市场营销,120202,330,B,2026
天津财经大学珠江学院,市场营销,120202,330,B,2026
南昌航空大学科技学院,市场营销,120202,332,B,2026
南华大学船山学院,市场营销,120202,332,B,2026
山西晋中理工学院,市场营销,120202,332,B,2026
广州城市理工学院,市场营销,120202,335,B,2026
常德学院,市场营销,120202,336,B,2026
武昌理工学院,市场营销,120202,336,B,2026
中国人民大学,会计学,120203K,1,A+,2026
厦门大学,会计学,120203K,2,A+,2026
西安交通大学,会计学,120203K,3,A+,2026
上海财经大学,会计学,120203K,4,A+,2026
中山大学,会计学,120203K,5,A+,2026
对外经济贸易大学,会计学,120203K,6,A+,2026
北京大学,会计学,120203K,7,A+,2026
上海交通大学,会计学,120203K,8,A+,2026
中南财经政法大学,会计学,120203K,9,A+,2026
浙江大学,会计学,120203K,10,A+,2026
中央财经大学,会计学,120203K,11,A+,2026
南开大学,会计学,120203K,12,A+,2026
南京大学,会计学,120203K,13,A+,2026
暨南大学,会计学,120203K,14,A,2026
西南财经大学,会计学,120203K,15,A,2026
重庆大学,会计学,120203K,16,A,2026
复旦大学,会计学,120203K,17,A,2026
山东大学,会计学,120203K,17,A,2026
浙江工商大学,会计学,120203K,19,A,2026
东北财经大学,会计学,120203K,20,A,2026
东南大学,会计学,120203K,20,A,2026
中国海洋大学,会计学,120203K,22,A,2026
武汉大学,会计学,120203K,23,A,2026
华中科技大学,会计学,120203K,24,A,2026
四川大学,会计学,120203K,25,A,2026
同济大学,会计学,120203K,26,A,2026
南京审计大学,会计学,120203K,27,A,2026
哈尔滨工业大学,会计学,120203K,28,A,2026
湖南大学,会计学,120203K,29,A,2026
华南理工大学,会计学,120203K,30,A,2026
北京工商大学,会计学,120203K,31,A,2026
北京师范大学,会计学,120203K,32,A,2026
江西财经大学,会计学,120203K,33,A,2026
首都经济贸易大学,会计学,120203K,34,A,2026
北京理工大学,会计学,120203K,35,A,2026
中南大学,会计学,120203K,36,A,2026
北京交通大学,会计学,120203K,37,A,2026
山东财经大学,会计学,120203K,38,A,2026
广东外语外贸大学,会计学,120203K,39,A,2026
武汉理工大学,会计学,120203K,39,A,2026
河海大学,会计学,120203K,41,A,2026
海南大学,会计学,120203K,42,A,2026
南京财经大学,会计学,120203K,42,A,2026
浙江财经大学,会计学,120203K,44,A,2026
华北电力大学,会计学,120203K,45,A,2026
天津财经大学,会计学,120203K,45,A,2026
北京外国语大学,会计学,120203K,47,A,2026
西北工业大学,会计学,120203K,47,A,2026
上海外国语大学,会计学,120203K,49,A,2026
云南大学,会计学,120203K,49,A,2026
吉林大学,会计学,120203K,51,A,2026
南京理工大学,会计学,120203K,52,A,2026
福州大学,会计学,120203K,53,A,2026
中国矿业大学,会计学,120203K,54,A,2026
东北大学,会计学,120203K,55,A,2026
北京科技大学,会计学,120203K,56,A,2026
安徽财经大学,会计学,120203K,57,A,2026
合肥工业大学,会计学,120203K,58,A,2026
华东师范大学,会计学,120203K,58,A,2026
兰州大学,会计学,120203K,60,A,2026
湖南师范大学,会计学,120203K,61,A,2026
郑州大学,会计学,120203K,62,A,2026
重庆工商大学,会计学,120203K,63,A,2026
广州大学,会计学,120203K,64,A,2026
华东理工大学,会计学,120203K,65,A,2026
长沙理工大学,会计学,120203K,66,A,2026
杭州电子科技大学,会计学,120203K,66,A,2026
河南大学,会计学,120203K,68,B+,2026
西南交通大学,会计学,120203K,68,B+,2026
南昌大学,会计学,120203K,70,B+,2026
南京信息工程大学,会计学,120203K,70,B+,2026
南京师范大学,会计学,120203K,72,B+,2026
深圳大学,会计学,120203K,72,B+,2026
安徽大学,会计学,120203K,74,B+,2026
山西财经大学,会计学,120203K,75,B+,2026
西南大学,会计学,120203K,75,B+,2026
北京工业大学,会计学,120203K,77,B+,2026
广东财经大学,会计学,120203K,78,B+,2026
苏州大学,会计学,120203K,78,B+,2026
上海大学,会计学,120203K,80,B+,2026
华中农业大学,会计学,120203K,81,B+,2026
上海对外经贸大学,会计学,120203K,81,B+,2026
重庆理工大学,会计学,120203K,83,B+,2026
广西大学,会计学,120203K,84,B+,2026
江南大学,会计学,120203K,84,B+,2026
河北工业大学,会计学,120203K,86,B+,2026
华南师范大学,会计学,120203K,86,B+,2026
石河子大学,会计学,120203K,88,B+,2026
江西师范大学,会计学,120203K,89,B+,2026
北京化工大学,会计学,120203K,90,B+,2026
青岛大学,会计学,120203K,90,B+,2026
宁波大学,会计学,120203K,92,B+,2026
北京联合大学,会计学,120203K,93,B+,2026
中国农业大学,会计学,120203K,94,B+,2026
西南政法大学,会计学,120203K,95,B+,2026
中国地质大学（武汉）,会计学,120203K,95,B+,2026
汕头大学,会计学,120203K,97,B+,2026
西北大学,会计学,120203K,97,B+,2026
常州大学,会计学,120203K,99,B+,2026
西安理工大学,会计学,120203K,100,B+,2026
河北经贸大学,会计学,120203K,101,B+,2026
云南财经大学,会计学,120203K,101,B+,2026
哈尔滨商业大学,会计学,120203K,103,B+,2026
南京航空航天大学,会计学,120203K,103,B+,2026
上海海事大学,会计学,120203K,105,B+,2026
河南财经政法大学,会计学,120203K,106,B+,2026
辽宁大学,会计学,120203K,107,B+,2026
山东工商学院,会计学,120203K,107,B+,2026
中国石油大学（北京）,会计学,120203K,109,B+,2026
燕山大学,会计学,120203K,110,B+,2026
江苏科技大学,会计学,120203K,111,B+,2026
南京农业大学,会计学,120203K,112,B+,2026
郑州航空工业管理学院,会计学,120203K,112,B+,2026
东北师范大学,会计学,120203K,114,B+,2026
上海理工大学,会计学,120203K,114,B+,2026
西北农林科技大学,会计学,120203K,114,B+,2026
中国石油大学（华东）,会计学,120203K,117,B+,2026
贵州财经大学,会计学,120203K,118,B+,2026
贵州大学,会计学,120203K,119,B+,2026
南方科技大学,会计学,120203K,119,B+,2026
湘潭大学,会计学,120203K,119,B+,2026
湖南工商大学,会计学,120203K,122,B+,2026
太原理工大学,会计学,120203K,123,B+,2026
北京物资学院,会计学,120203K,124,B+,2026
东华大学,会计学,120203K,125,B+,2026
青岛理工大学,会计学,120203K,125,B+,2026
长安大学,会计学,120203K,127,B+,2026
河南工业大学,会计学,120203K,128,B+,2026
广东工业大学,会计学,120203K,129,B+,2026
中国矿业大学（北京）,会计学,120203K,130,B+,2026
中央民族大学,会计学,120203K,130,B+,2026
沈阳大学,会计学,120203K,132,B+,2026
西南石油大学,会计学,120203K,133,B+,2026
中国地质大学（北京）,会计学,120203K,134,B+,2026
北京林业大学,会计学,120203K,135,B+,2026
华东政法大学,会计学,120203K,135,B+,2026
浙江理工大学,会计学,120203K,135,B+,2026
中南民族大学,会计学,120203K,138,B+,2026
东北农业大学,会计学,120203K,139,B+,2026
内蒙古大学,会计学,120203K,140,B+,2026
新疆财经大学,会计学,120203K,141,B+,2026
北方工业大学,会计学,120203K,142,B+,2026
黑龙江大学,会计学,120203K,142,B+,2026
集美大学,会计学,120203K,142,B+,2026
济南大学,会计学,120203K,142,B+,2026
香港中文大学（深圳）,会计学,120203K,146,B+,2026
河北地质大学,会计学,120203K,147,B+,2026
内蒙古财经大学,会计学,120203K,147,B+,2026
武汉轻工大学,会计学,120203K,149,B+,2026
湖北经济学院,会计学,120203K,150,B+,2026
嘉兴大学,会计学,120203K,150,B+,2026
上海立信会计金融学院,会计学,120203K,150,B+,2026
武汉工程大学,会计学,120203K,153,B+,2026
北京语言大学,会计学,120203K,154,B+,2026
浙江师范大学,会计学,120203K,155,B+,2026
西安财经大学,会计学,120203K,156,B+,2026
扬州大学,会计学,120203K,156,B+,2026
成都理工大学,会计学,120203K,158,B+,2026
华南农业大学,会计学,120203K,159,B+,2026
武汉纺织大学,会计学,120203K,159,B+,2026
西华大学,会计学,120203K,159,B+,2026
西安邮电大学,会计学,120203K,162,B+,2026
昆明理工大学,会计学,120203K,163,B+,2026
西安外国语大学,会计学,120203K,163,B+,2026
成都大学,会计学,120203K,165,B+,2026
东北电力大学,会计学,120203K,166,B+,2026
浙江农林大学,会计学,120203K,166,B+,2026
湖北工业大学,会计学,120203K,168,B+,2026
华东交通大学,会计学,120203K,169,B+,2026
吉林财经大学,会计学,120203K,169,B+,2026
湖南科技大学,会计学,120203K,171,B+,2026
东北林业大学,会计学,120203K,172,B+,2026
青海大学,会计学,120203K,172,B+,2026
长江大学,会计学,120203K,174,B+,2026
山西大学,会计学,120203K,175,B+,2026
山东师范大学,会计学,120203K,176,B+,2026
安徽工业大学,会计学,120203K,177,B+,2026
安徽师范大学,会计学,120203K,177,B+,2026
西南民族大学,会计学,120203K,179,B+,2026
南通大学,会计学,120203K,180,B+,2026
湖南农业大学,会计学,120203K,181,B+,2026
江苏大学,会计学,120203K,181,B+,2026
西安工业大学,会计学,120203K,181,B+,2026
西安石油大学,会计学,120203K,181,B+,2026
河北师范大学,会计学,120203K,185,B+,2026
西北师范大学,会计学,120203K,185,B+,2026
内蒙古农业大学,会计学,120203K,187,B+,2026
南京林业大学,会计学,120203K,188,B+,2026
山东科技大学,会计学,120203K,188,B+,2026
桂林电子科技大学,会计学,120203K,190,B+,2026
金陵科技学院,会计学,120203K,191,B+,2026
石家庄铁道大学,会计学,120203K,191,B+,2026
南华大学,会计学,120203K,193,B+,2026
四川师范大学,会计学,120203K,193,B+,2026
广东金融学院,会计学,120203K,195,B+,2026
湖北大学,会计学,120203K,196,B+,2026
北京信息科技大学,会计学,120203K,197,B+,2026
福建农林大学,会计学,120203K,197,B+,2026
湖南财政经济学院,会计学,120203K,197,B+,2026
华北水利水电大学,会计学,120203K,200,B+,2026
西安建筑科技大学,会计学,120203K,200,B+,2026
西安工程大学,会计学,120203K,202,B+,2026
湖南工业大学,会计学,120203K,203,B,2026
江西理工大学,会计学,120203K,203,B,2026
南京工业大学,会计学,120203K,203,B,2026
沈阳工业大学,会计学,120203K,203,B,2026
四川农业大学,会计学,120203K,207,B,2026
江汉大学,会计学,120203K,208,B,2026
天津工业大学,会计学,120203K,209,B,2026
西安科技大学,会计学,120203K,209,B,2026
成都信息工程大学,会计学,120203K,211,B,2026
河北农业大学,会计学,120203K,211,B,2026
安徽农业大学,会计学,120203K,213,B,2026
沈阳农业大学,会计学,120203K,213,B,2026
西藏民族大学,会计学,120203K,213,B,2026
兰州理工大学,会计学,120203K,216,B,2026
重庆邮电大学,会计学,120203K,217,B,2026
哈尔滨理工大学,会计学,120203K,217,B,2026
大连交通大学,会计学,120203K,219,B,2026
桂林理工大学,会计学,120203K,220,B,2026
兰州交通大学,会计学,120203K,220,B,2026
沈阳理工大学,会计学,120203K,222,B,2026
中南林业科技大学,会计学,120203K,222,B,2026
河北大学,会计学,120203K,224,B,2026
上海商学院,会计学,120203K,224,B,2026
临沂大学,会计学,120203K,226,B,2026
四川轻化工大学,会计学,120203K,226,B,2026
武汉科技大学,会计学,120203K,226,B,2026
西南科技大学,会计学,120203K,226,B,2026
宁夏大学,会计学,120203K,230,B,2026
河南理工大学,会计学,120203K,231,B,2026
山东农业大学,会计学,120203K,231,B,2026
合肥大学,会计学,120203K,233,B,2026
闽江大学,会计学,120203K,233,B,2026
江西农业大学,会计学,120203K,235,B,2026
兰州财经大学,会计学,120203K,235,B,2026
陕西科技大学,会计学,120203K,235,B,2026
山东理工大学,会计学,120203K,238,B,2026
郑州轻工业大学,会计学,120203K,238,B,2026
江西科技师范大学,会计学,120203K,240,B,2026
延边大学,会计学,120203K,240,B,2026
黑龙江科技大学,会计学,120203K,242,B,2026
安徽建筑大学,会计学,120203K,243,B,2026
江苏理工学院,会计学,120203K,244,B,2026
辽宁工程技术大学,会计学,120203K,244,B,2026
河南师范大学,会计学,120203K,246,B,2026
西藏大学,会计学,120203K,246,B,2026
浙江万里学院,会计学,120203K,246,B,2026
湖北民族大学,会计学,120203K,249,B,2026
内蒙古工业大学,会计学,120203K,249,B,2026
北京农学院,会计学,120203K,251,B,2026
北京石油化工学院,会计学,120203K,251,B,2026
太原科技大学,会计学,120203K,251,B,2026
西华师范大学,会计学,120203K,251,B,2026
广西师范大学,会计学,120203K,255,B,2026
齐鲁工业大学,会计学,120203K,255,B,2026
中国民航大学,会计学,120203K,255,B,2026
长春理工大学,会计学,120203K,258,B,2026
南京工程学院,会计学,120203K,258,B,2026
攀枝花学院,会计学,120203K,260,B,2026
甘肃政法大学,会计学,120203K,261,B,2026
大连民族大学,会计学,120203K,262,B,2026
湖南理工大学,会计学,120203K,262,B,2026
重庆交通大学,会计学,120203K,264,B,2026
赣南师范大学,会计学,120203K,265,B,2026
河北工程大学,会计学,120203K,265,B,2026
辽宁工业大学,会计学,120203K,265,B,2026
山东建筑大学,会计学,120203K,265,B,2026
辽宁石油化工大学,会计学,120203K,269,B,2026
天津师范大学,会计学,120203K,269,B,2026
云南民族大学,会计学,120203K,269,B,2026
广西财经学院,会计学,120203K,272,B,2026
上海海洋大学,会计学,120203K,273,B,2026
长春大学,会计学,120203K,274,B,2026
西南林业大学,会计学,120203K,274,B,2026
烟台大学,会计学,120203K,274,B,2026
黑龙江八一农垦大学,会计学,120203K,277,B,2026
天津商业大学,会计学,120203K,277,B,2026
辽宁师范大学,会计学,120203K,279,B,2026
沈阳建筑大学,会计学,120203K,280,B,2026
东北石油大学,会计学,120203K,281,B,2026
吉首大学,会计学,120203K,281,B,2026
无锡学院,会计学,120203K,281,B,2026
重庆科技大学,会计学,120203K,284,B,2026
哈尔滨金融学院,会计学,120203K,285,B,2026
上海应用技术大学,会计学,120203K,285,B,2026
北方民族大学,会计学,120203K,287,B,2026
广东技术师范大学,会计学,120203K,287,B,2026
信阳师范大学,会计学,120203K,287,B,2026
安徽理工大学,会计学,120203K,290,B,2026
大连大学,会计学,120203K,290,B,2026
贵州民族大学,会计学,120203K,290,B,2026
河南科技大学,会计学,120203K,290,B,2026
铜陵学院,会计学,120203K,290,B,2026
淮北师范大学,会计学,120203K,295,B,2026
海南师范大学,会计学,120203K,296,B,2026
天津农学院,会计学,120203K,296,B,2026
北华航天工业学院,会计学,120203K,298,B,2026
华北理工大学,会计学,120203K,298,B,2026
广西民族大学,会计学,120203K,300,B,2026
温州肯恩大学,会计学,120203K,300,B,2026
西京学院,会计学,120203K,302,B,2026
绍兴大学,会计学,120203K,303,B,2026
东莞理工学院,会计学,120203K,304,B,2026
青海民族大学,会计学,120203K,304,B,2026
辽宁科技大学,会计学,120203K,306,B,2026
徐州工程学院,会计学,120203K,306,B,2026
陕西理工大学,会计学,120203K,308,B,2026
天津理工大学,会计学,120203K,308,B,2026
东华理工大学,会计学,120203K,310,B,2026
河南工程学院,会计学,120203K,310,B,2026
江苏海洋大学,会计学,120203K,310,B,2026
内蒙古师范大学,会计学,120203K,310,B,2026
沈阳化工大学,会计学,120203K,310,B,2026
西交利物浦大学,会计学,120203K,315,B,2026
大连海洋大学,会计学,120203K,316,B,2026
延安大学,会计学,120203K,317,B,2026
广东海洋大学,会计学,120203K,318,B,2026
黑龙江工程学院,会计学,120203K,318,B,2026
嘉兴南湖学院,会计学,120203K,320,B,2026
盐城工学院,会计学,120203K,320,B,2026
北华大学,会计学,120203K,322,B,2026
长春工业大学,会计学,120203K,322,B,2026
佳木斯大学,会计学,120203K,322,B,2026
云南师范大学,会计学,120203K,325,B,2026
宁波工程学院,会计学,120203K,326,B,2026
青岛农业大学,会计学,120203K,326,B,2026
盐城师范学院,会计学,120203K,328,B,2026
宿迁学院,会计学,120203K,329,B,2026
渤海大学,会计学,120203K,330,B,2026
福建江夏学院,会计学,120203K,330,B,2026
淮安大学,会计学,120203K,332,B,2026
五邑大学,会计学,120203K,333,B,2026
北师香港浸会大学,会计学,120203K,334,B,2026
哈尔滨师范大学,会计学,120203K,334,B,2026
赤峰大学,会计学,120203K,336,B,2026
重庆财经学院,会计学,120203K,336,B,2026
佛山大学,会计学,120203K,336,B,2026
中国人民大学,财务管理,120204,1,A+,2026
厦门大学,财务管理,120204,2,A+,2026
南开大学,财务管理,120204,3,A+,2026
南京大学,财务管理,120204,4,A+,2026
西南财经大学,财务管理,120204,5,A+,2026
重庆大学,财务管理,120204,6,A+,2026
浙江工商大学,财务管理,120204,6,A+,2026
对外经济贸易大学,财务管理,120204,8,A+,2026
复旦大学,财务管理,120204,9,A+,2026
上海财经大学,财务管理,120204,10,A+,2026
四川大学,财务管理,120204,11,A+,2026
中央财经大学,财务管理,120204,11,A+,2026
东北财经大学,财务管理,120204,13,A+,2026
武汉大学,财务管理,120204,14,A+,2026
中南财经政法大学,财务管理,120204,15,A,2026
湖南大学,财务管理,120204,16,A,2026
天津大学,财务管理,120204,17,A,2026
哈尔滨工业大学,财务管理,120204,18,A,2026
北京交通大学,财务管理,120204,19,A,2026
南京财经大学,财务管理,120204,19,A,2026
吉林大学,财务管理,120204,21,A,2026
首都经济贸易大学,财务管理,120204,21,A,2026
江西财经大学,财务管理,120204,23,A,2026
浙江工业大学,财务管理,120204,23,A,2026
南京审计大学,财务管理,120204,25,A,2026
北京工商大学,财务管理,120204,26,A,2026
中国海洋大学,财务管理,120204,27,A,2026
山东财经大学,财务管理,120204,28,A,2026
华南理工大学,财务管理,120204,29,A,2026
天津财经大学,财务管理,120204,30,A,2026
浙江财经大学,财务管理,120204,31,A,2026
北京第二外国语学院,财务管理,120204,32,A,2026
广东外语外贸大学,财务管理,120204,32,A,2026
杭州电子科技大学,财务管理,120204,34,A,2026
南京信息工程大学,财务管理,120204,35,A,2026
云南大学,财务管理,120204,36,A,2026
广东财经大学,财务管理,120204,37,A,2026
华侨大学,财务管理,120204,38,A,2026
山西财经大学,财务管理,120204,38,A,2026
河海大学,财务管理,120204,40,A,2026
陕西师范大学,财务管理,120204,41,A,2026
上海对外经贸大学,财务管理,120204,42,A,2026
长沙理工大学,财务管理,120204,43,A,2026
重庆工商大学,财务管理,120204,43,A,2026
华南师范大学,财务管理,120204,45,A,2026
安徽财经大学,财务管理,120204,46,A,2026
南京邮电大学,财务管理,120204,47,A,2026
上海外国语大学,财务管理,120204,48,A,2026
石河子大学,财务管理,120204,49,A,2026
北京联合大学,财务管理,120204,50,A,2026
北京外国语大学,财务管理,120204,51,A,2026
中央民族大学,财务管理,120204,52,A,2026
华东理工大学,财务管理,120204,53,A,2026
南京师范大学,财务管理,120204,53,A,2026
北京化工大学,财务管理,120204,55,A,2026
华中农业大学,财务管理,120204,56,A,2026
河北经贸大学,财务管理,120204,57,A,2026
哈尔滨商业大学,财务管理,120204,58,A,2026
河南财经政法大学,财务管理,120204,58,A,2026
云南财经大学,财务管理,120204,58,A,2026
重庆理工大学,财务管理,120204,61,A,2026
浙江师范大学,财务管理,120204,62,A,2026
大连海事大学,财务管理,120204,63,A,2026
三峡大学,财务管理,120204,63,A,2026
山东工商学院,财务管理,120204,63,A,2026
北京信息科技大学,财务管理,120204,66,A,2026
湖南工商大学,财务管理,120204,66,A,2026
郑州航空工业管理学院,财务管理,120204,68,A,2026
东华大学,财务管理,120204,69,A,2026
中国石油大学（北京）,财务管理,120204,70,A,2026
北京物资学院,财务管理,120204,71,A,2026
上海工程技术大学,财务管理,120204,72,A,2026
贵州财经大学,财务管理,120204,73,B+,2026
贵州大学,财务管理,120204,74,B+,2026
四川农业大学,财务管理,120204,75,B+,2026
内蒙古财经大学,财务管理,120204,76,B+,2026
新疆财经大学,财务管理,120204,77,B+,2026
宁波诺丁汉大学,财务管理,120204,78,B+,2026
上海师范大学,财务管理,120204,79,B+,2026
四川师范大学,财务管理,120204,80,B+,2026
天津科技大学,财务管理,120204,81,B+,2026
西安电子科技大学,财务管理,120204,82,B+,2026
青岛科技大学,财务管理,120204,83,B+,2026
武汉纺织大学,财务管理,120204,84,B+,2026
中国计量大学,财务管理,120204,85,B+,2026
安徽师范大学,财务管理,120204,86,B+,2026
河北大学,财务管理,120204,86,B+,2026
西安石油大学,财务管理,120204,86,B+,2026
吉林财经大学,财务管理,120204,89,B+,2026
上海海事大学,财务管理,120204,89,B+,2026
河南师范大学,财务管理,120204,91,B+,2026
青岛理工大学,财务管理,120204,91,B+,2026
中南民族大学,财务管理,120204,91,B+,2026
山东师范大学,财务管理,120204,94,B+,2026
天津商业大学,财务管理,120204,94,B+,2026
西安财经大学,财务管理,120204,94,B+,2026
江苏大学,财务管理,120204,97,B+,2026
江西科技师范大学,财务管理,120204,98,B+,2026
贵州师范大学,财务管理,120204,99,B+,2026
湖北经济学院,财务管理,120204,99,B+,2026
河南理工大学,财务管理,120204,101,B+,2026
昆明理工大学,财务管理,120204,101,B+,2026
北京印刷学院,财务管理,120204,103,B+,2026
西南石油大学,财务管理,120204,103,B+,2026
重庆师范大学,财务管理,120204,105,B+,2026
沈阳大学,财务管理,120204,106,B+,2026
西北政法大学,财务管理,120204,106,B+,2026
东华理工大学,财务管理,120204,108,B+,2026
中北大学,财务管理,120204,108,B+,2026
成都理工大学,财务管理,120204,110,B+,2026
上海立信会计金融学院,财务管理,120204,111,B+,2026
成都大学,财务管理,120204,112,B+,2026
扬州大学,财务管理,120204,112,B+,2026
福建师范大学,财务管理,120204,114,B+,2026
北京语言大学,财务管理,120204,115,B+,2026
甘肃政法大学,财务管理,120204,115,B+,2026
兰州财经大学,财务管理,120204,115,B+,2026
兰州理工大学,财务管理,120204,115,B+,2026
湖南财政经济学院,财务管理,120204,119,B+,2026
长江大学,财务管理,120204,120,B+,2026
上海电机学院,财务管理,120204,120,B+,2026
青岛农业大学,财务管理,120204,122,B+,2026
齐鲁工业大学,财务管理,120204,123,B+,2026
四川外国语大学,财务管理,120204,124,B+,2026
内蒙古工业大学,财务管理,120204,125,B+,2026
哈尔滨理工大学,财务管理,120204,126,B+,2026
青海大学,财务管理,120204,126,B+,2026
苏州科技大学,财务管理,120204,126,B+,2026
西安邮电大学,财务管理,120204,126,B+,2026
福建农林大学,财务管理,120204,130,B+,2026
广东技术师范大学,财务管理,120204,131,B+,2026
广东金融学院,财务管理,120204,132,B+,2026
曲阜师范大学,财务管理,120204,132,B+,2026
成都信息工程大学,财务管理,120204,134,B+,2026
江苏师范大学,财务管理,120204,134,B+,2026
金陵科技学院,财务管理,120204,134,B+,2026
辽宁科技大学,财务管理,120204,137,B+,2026
西华大学,财务管理,120204,138,B+,2026
西南民族大学,财务管理,120204,138,B+,2026
中国民航大学,财务管理,120204,140,B+,2026
阜阳师范大学,财务管理,120204,141,B+,2026
山东农业大学,财务管理,120204,141,B+,2026
嘉兴大学,财务管理,120204,143,B+,2026
浙大城市学院,财务管理,120204,143,B+,2026
盐城工学院,财务管理,120204,145,B+,2026
江西理工大学,财务管理,120204,146,B+,2026
桂林电子科技大学,财务管理,120204,147,B+,2026
云南民族大学,财务管理,120204,147,B+,2026
安徽建筑大学,财务管理,120204,149,B+,2026
辽宁工程技术大学,财务管理,120204,149,B+,2026
石家庄铁道大学,财务管理,120204,151,B+,2026
黑龙江科技大学,财务管理,120204,152,B+,2026
浙江科技大学,财务管理,120204,152,B+,2026
郑州轻工业大学,财务管理,120204,152,B+,2026
兰州交通大学,财务管理,120204,155,B+,2026
南京工程学院,财务管理,120204,155,B+,2026
上海商学院,财务管理,120204,155,B+,2026
河北农业大学,财务管理,120204,158,B+,2026
合肥大学,财务管理,120204,158,B+,2026
温州大学,财务管理,120204,158,B+,2026
浙江万里学院,财务管理,120204,158,B+,2026
河南农业大学,财务管理,120204,162,B+,2026
苏州工学院,财务管理,120204,162,B+,2026
中国劳动关系学院,财务管理,120204,162,B+,2026
内蒙古农业大学,财务管理,120204,165,B+,2026
山东建筑大学,财务管理,120204,165,B+,2026
南京晓庄学院,财务管理,120204,167,B+,2026
徐州工程学院,财务管理,120204,167,B+,2026
厦门理工学院,财务管理,120204,169,B+,2026
重庆文理学院,财务管理,120204,170,B+,2026
河北科技大学,财务管理,120204,170,B+,2026
安徽科技工程大学,财务管理,120204,172,B+,2026
广东海洋大学,财务管理,120204,173,B+,2026
长春大学,财务管理,120204,174,B+,2026
深圳技术大学,财务管理,120204,175,B+,2026
广西财经学院,财务管理,120204,176,B+,2026
上海政法学院,财务管理,120204,176,B+,2026
宿迁学院,财务管理,120204,176,B+,2026
闽江大学,财务管理,120204,179,B+,2026
安徽农业大学,财务管理,120204,180,B+,2026
山西师范大学,财务管理,120204,180,B+,2026
江西水利电力大学,财务管理,120204,182,B+,2026
齐齐哈尔大学,财务管理,120204,182,B+,2026
浙江海洋大学,财务管理,120204,182,B+,2026
北方民族大学,财务管理,120204,185,B+,2026
西南林业大学,财务管理,120204,185,B+,2026
西藏民族大学,财务管理,120204,187,B+,2026
北华航天工业学院,财务管理,120204,188,B+,2026
湖南人文科技学院,财务管理,120204,188,B+,2026
丽水学院,财务管理,120204,188,B+,2026
上海第二工业大学,财务管理,120204,188,B+,2026
合肥师范学院,财务管理,120204,192,B+,2026
攀枝花学院,财务管理,120204,192,B+,2026
江苏理工学院,财务管理,120204,194,B+,2026
北师香港浸会大学,财务管理,120204,195,B+,2026
长江师范学院,财务管理,120204,195,B+,2026
福建江夏学院,财务管理,120204,197,B+,2026
吉林农业大学,财务管理,120204,197,B+,2026
景德镇陶瓷大学,财务管理,120204,197,B+,2026
淮安大学,财务管理,120204,200,B+,2026
江苏海洋大学,财务管理,120204,200,B+,2026
滁州学院,财务管理,120204,202,B+,2026
山东管理学院,财务管理,120204,202,B+,2026
天津外国语大学,财务管理,120204,202,B+,2026
吉林建筑大学,财务管理,120204,205,B+,2026
吉林师范大学,财务管理,120204,205,B+,2026
浙大宁波理工学院,财务管理,120204,205,B+,2026
大连外国语大学,财务管理,120204,208,B+,2026
湖北第二师范学院,财务管理,120204,208,B+,2026
西北民族大学,财务管理,120204,210,B+,2026
甘肃农业大学,财务管理,120204,211,B+,2026
皖西学院,财务管理,120204,212,B+,2026
湖州师范大学,财务管理,120204,213,B+,2026
铜陵学院,财务管理,120204,214,B+,2026
广西科技大学,财务管理,120204,215,B+,2026
台州学院,财务管理,120204,215,B+,2026
青海民族大学,财务管理,120204,217,B+,2026
哈尔滨金融学院,财务管理,120204,218,B,2026
黑龙江工程学院,财务管理,120204,218,B,2026
福建商学院,财务管理,120204,220,B,2026
湖北师范大学,财务管理,120204,220,B,2026
海南热带海洋学院,财务管理,120204,222,B,2026
山东交通学院,财务管理,120204,222,B,2026
河南牧业经济学院,财务管理,120204,224,B,2026
昆明学院,财务管理,120204,225,B,2026
运城学院,财务管理,120204,225,B,2026
湖北汽车工业学院,财务管理,120204,227,B,2026
南阳理工学院,财务管理,120204,227,B,2026
山东政法学院,财务管理,120204,227,B,2026
嘉兴南湖学院,财务管理,120204,230,B,2026
南阳师范学院,财务管理,120204,230,B,2026
温州理工学院,财务管理,120204,230,B,2026
贵州商学院,财务管理,120204,233,B,2026
河北北方学院,财务管理,120204,233,B,2026
菏泽学院,财务管理,120204,235,B,2026
安康学院,财务管理,120204,236,B,2026
宜春学院,财务管理,120204,236,B,2026
大理大学,财务管理,120204,238,B,2026
盐城师范学院,财务管理,120204,238,B,2026
吉林工程技术师范学院,财务管理,120204,240,B,2026
闽南师范大学,财务管理,120204,240,B,2026
武汉商学院,财务管理,120204,240,B,2026
湖北文理学院,财务管理,120204,243,B,2026
沈阳工程学院,财务管理,120204,243,B,2026
太原师范学院,财务管理,120204,243,B,2026
玉林师范学院,财务管理,120204,243,B,2026
常州工学院,财务管理,120204,247,B,2026
黄山学院,财务管理,120204,247,B,2026
安庆师范大学,财务管理,120204,249,B,2026
吉林警察学院,财务管理,120204,249,B,2026
内蒙古民族大学,财务管理,120204,249,B,2026
仲恺农业工程学院,财务管理,120204,249,B,2026
长沙学院,财务管理,120204,253,B,2026
齐鲁师范学院,财务管理,120204,254,B,2026
天津中德应用技术大学,财务管理,120204,254,B,2026
咸阳师范学院,财务管理,120204,254,B,2026
广州航海学院,财务管理,120204,257,B,2026
山东航空学院,财务管理,120204,257,B,2026
泰山学院,财务管理,120204,257,B,2026
宜宾学院,财务管理,120204,257,B,2026
惠州学院,财务管理,120204,261,B,2026
新疆科技学院,财务管理,120204,261,B,2026
贵州师范学院,财务管理,120204,263,B,2026
莆田学院,财务管理,120204,263,B,2026
张家口学院,财务管理,120204,263,B,2026
长沙师范学院,财务管理,120204,266,B,2026
湖北理工学院,财务管理,120204,266,B,2026
安阳师范学院,财务管理,120204,268,B,2026
岭南师范学院,财务管理,120204,268,B,2026
南京特殊教育师范学院,财务管理,120204,268,B,2026
黑龙江工业学院,财务管理,120204,271,B,2026
河南工程学院,财务管理,120204,271,B,2026
衡阳师范学院,财务管理,120204,271,B,2026
淮南师范学院,财务管理,120204,271,B,2026
山东石油化工学院,财务管理,120204,271,B,2026
遵义师范学院,财务管理,120204,271,B,2026
河北科技师范学院,财务管理,120204,277,B,2026
湖北科技学院,财务管理,120204,277,B,2026
吉林农业科技学院,财务管理,120204,279,B,2026
西京学院,财务管理,120204,279,B,2026
渭南师范学院,财务管理,120204,281,B,2026
广西民族师范学院,财务管理,120204,282,B,2026
河北金融学院,财务管理,120204,282,B,2026
山东青年政治学院,财务管理,120204,282,B,2026
四川文理学院,财务管理,120204,282,B,2026
塔里木大学,财务管理,120204,282,B,2026
湘南学院,财务管理,120204,282,B,2026
北部湾大学,财务管理,120204,288,B,2026
河北农业大学现代科技学院,财务管理,120204,288,B,2026
商丘师范学院,财务管理,120204,288,B,2026
巢湖学院,财务管理,120204,291,B,2026
川北医学院,财务管理,120204,291,B,2026
桂林航天工业学院,财务管理,120204,291,B,2026
龙岩学院,财务管理,120204,291,B,2026
洛阳理工学院,财务管理,120204,291,B,2026
河南财政金融学院,财务管理,120204,296,B,2026
太原学院,财务管理,120204,296,B,2026
哈尔滨学院,财务管理,120204,298,B,2026
湖南城市学院,财务管理,120204,298,B,2026
景德镇学院,财务管理,120204,298,B,2026
江苏第二师范学院,财务管理,120204,301,B,2026
集宁师范学院,财务管理,120204,301,B,2026
宁夏理工学院,财务管理,120204,301,B,2026
陕西学前师范学院,财务管理,120204,301,B,2026
泰州学院,财务管理,120204,301,B,2026
河套学院,财务管理,120204,306,B,2026
唐山学院,财务管理,120204,306,B,2026
湖南科技学院,财务管理,120204,308,B,2026
凯里学院,财务管理,120204,308,B,2026
韩山师范学院,财务管理,120204,310,B,2026
怀化学院,财务管理,120204,310,B,2026
山东农业工程学院,财务管理,120204,310,B,2026
兴义民族师范学院,财务管理,120204,310,B,2026
安阳工学院,财务管理,120204,314,B,2026
福建技术师范学院,财务管理,120204,314,B,2026
邯郸学院,财务管理,120204,314,B,2026
兰州工业学院,财务管理,120204,314,B,2026
三明学院,财务管理,120204,314,B,2026
山东女子学院,财务管理,120204,314,B,2026
信阳农林学院,财务管理,120204,314,B,2026
长春工程学院,财务管理,120204,321,B,2026
河南工学院,财务管理,120204,321,B,2026
太原工业学院,财务管理,120204,321,B,2026
枣庄学院,财务管理,120204,321,B,2026
兰州文理学院,财务管理,120204,325,B,2026
辽东学院,财务管理,120204,325,B,2026
山东财经大学燕山学院,财务管理,120204,325,B,2026
晋中学院,财务管理,120204,328,B,2026
三江学院,财务管理,120204,328,B,2026
豫章师范学院,财务管理,120204,328,B,2026
保山学院,财务管理,120204,331,B,2026
荆楚理工学院,财务管理,120204,331,B,2026
新余学院,财务管理,120204,331,B,2026
郑州工程技术学院,财务管理,120204,331,B,2026
贵州工程应用技术学院,财务管理,120204,335,B,2026
河南城建学院,财务管理,120204,335,B,2026
兰州城市学院,财务管理,120204,335,B,2026
西安欧亚学院,财务管理,120204,335,B,2026
东南大学成贤学院,财务管理,120204,339,B,2026
晋中信息学院,财务管理,120204,339,B,2026
通化师范学院,财务管理,120204,339,B,2026
沧州师范学院,财务管理,120204,342,B,2026
嘉应学院,财务管理,120204,342,B,2026
石家庄铁道大学四方学院,财务管理,120204,342,B,2026
长治学院,财务管理,120204,345,B,2026
吉林工商学院,财务管理,120204,345,B,2026
山西能源学院,财务管理,120204,345,B,2026
忻州师范学院,财务管理,120204,348,B,2026
榆林大学,财务管理,120204,348,B,2026
重庆工商大学派斯学院,财务管理,120204,350,B,2026
赣东学院,财务管理,120204,350,B,2026
蚌埠学院,财务管理,120204,352,B,2026
池州学院,财务管理,120204,352,B,2026
鄂尔多斯应用技术学院,财务管理,120204,352,B,2026
广西科技师范学院,财务管理,120204,352,B,2026
衡水学院,财务管理,120204,352,B,2026
宿州学院,财务管理,120204,352,B,2026
西昌学院,财务管理,120204,352,B,2026
昌吉学院,财务管理,120204,359,B,2026
萍乡学院,财务管理,120204,359,B,2026
琼台师范学院,财务管理,120204,359,B,2026
商洛学院,财务管理,120204,359,B,2026
潍坊科技学院,财务管理,120204,359,B,2026
厦门大学,国际商务,120205,1,A+,2026
对外经济贸易大学,国际商务,120205,2,A+,2026
暨南大学,国际商务,120205,3,A+,2026
中央财经大学,国际商务,120205,4,A,2026
浙江工商大学,国际商务,120205,5,A,2026
华中科技大学,国际商务,120205,6,A,2026
中南财经政法大学,国际商务,120205,6,A,2026
西南财经大学,国际商务,120205,8,A,2026
广东外语外贸大学,国际商务,120205,9,A,2026
江西财经大学,国际商务,120205,10,A,2026
中国政法大学,国际商务,120205,11,A,2026
山东财经大学,国际商务,120205,12,A,2026
天津财经大学,国际商务,120205,13,A,2026
北京外国语大学,国际商务,120205,14,A,2026
安徽财经大学,国际商务,120205,15,A,2026
华侨大学,国际商务,120205,16,B+,2026
上海对外经贸大学,国际商务,120205,17,B+,2026
杭州师范大学,国际商务,120205,18,B+,2026
广东财经大学,国际商务,120205,19,B+,2026
重庆工商大学,国际商务,120205,20,B+,2026
云南财经大学,国际商务,120205,21,B+,2026
香港中文大学（深圳）,国际商务,120205,22,B+,2026
辽宁大学,国际商务,120205,23,B+,2026
山西财经大学,国际商务,120205,24,B+,2026
河南财经政法大学,国际商务,120205,25,B+,2026
天津外国语大学,国际商务,120205,25,B+,2026
新疆财经大学,国际商务,120205,27,B+,2026
北京联合大学,国际商务,120205,28,B+,2026
西交利物浦大学,国际商务,120205,29,B+,2026
上海海关学院,国际商务,120205,30,B+,2026
吉林财经大学,国际商务,120205,31,B+,2026
宁波诺丁汉大学,国际商务,120205,32,B+,2026
上海第二工业大学,国际商务,120205,32,B+,2026
山东科技大学,国际商务,120205,34,B+,2026
温州肯恩大学,国际商务,120205,35,B+,2026
浙江科技大学,国际商务,120205,36,B+,2026
上海立信会计金融学院,国际商务,120205,37,B+,2026
扬州大学,国际商务,120205,38,B+,2026
湖南财政经济学院,国际商务,120205,39,B+,2026
深圳技术大学,国际商务,120205,40,B+,2026
宁波工程学院,国际商务,120205,41,B+,2026
贵州财经大学,国际商务,120205,42,B+,2026
闽南师范大学,国际商务,120205,43,B+,2026
浙江中医药大学,国际商务,120205,43,B+,2026
辽宁师范大学,国际商务,120205,45,B+,2026
厦门理工学院,国际商务,120205,46,B,2026
闽江大学,国际商务,120205,47,B,2026
浙江外国语学院,国际商务,120205,48,B,2026
绍兴大学,国际商务,120205,49,B,2026
浙大宁波理工学院,国际商务,120205,50,B,2026
浙江水利水电学院,国际商务,120205,51,B,2026
广东金融学院,国际商务,120205,52,B,2026
浙江越秀外国语学院,国际商务,120205,53,B,2026
兰州财经大学,国际商务,120205,54,B,2026
湖北中医药大学,国际商务,120205,55,B,2026
新疆师范大学,国际商务,120205,55,B,2026
山东财经大学燕山学院,国际商务,120205,57,B,2026
成都工业学院,国际商务,120205,58,B,2026
河北水利电力学院,国际商务,120205,59,B,2026
福建理工大学,国际商务,120205,60,B,2026
福建江夏学院,国际商务,120205,61,B,2026
福建商学院,国际商务,120205,62,B,2026
广西财经学院,国际商务,120205,63,B,2026
武汉商学院,国际商务,120205,64,B,2026
福建师范大学协和学院,国际商务,120205,65,B,2026
广州航海学院,国际商务,120205,65,B,2026
沧州师范学院,国际商务,120205,67,B,2026
滇西科技师范学院,国际商务,120205,68,B,2026
河南财政金融学院,国际商务,120205,69,B,2026
山西大同大学,国际商务,120205,69,B,2026
桂林航天工业学院,国际商务,120205,71,B,2026
贵州商学院,国际商务,120205,72,B,2026
天津财经大学珠江学院,国际商务,120205,72,B,2026
宁德师范学院,国际商务,120205,74,B,2026
河北环境工程学院,国际商务,120205,75,B,2026
中国人民大学,人力资源管理,120206,1,A+,2026
南开大学,人力资源管理,120206,2,A+,2026
厦门大学,人力资源管理,120206,3,A+,2026
武汉大学,人力资源管理,120206,4,A+,2026
四川大学,人力资源管理,120206,5,A+,2026
上海交通大学,人力资源管理,120206,6,A+,2026
对外经济贸易大学,人力资源管理,120206,7,A+,2026
西南财经大学,人力资源管理,120206,8,A+,2026
北京师范大学,人力资源管理,120206,9,A+,2026
中央财经大学,人力资源管理,120206,10,A,2026
东北财经大学,人力资源管理,120206,11,A,2026
吉林大学,人力资源管理,120206,12,A,2026
浙江工商大学,人力资源管理,120206,13,A,2026
中南财经政法大学,人力资源管理,120206,14,A,2026
上海财经大学,人力资源管理,120206,15,A,2026
武汉理工大学,人力资源管理,120206,16,A,2026
河海大学,人力资源管理,120206,17,A,2026
首都经济贸易大学,人力资源管理,120206,18,A,2026
江西财经大学,人力资源管理,120206,19,A,2026
华侨大学,人力资源管理,120206,20,A,2026
南京财经大学,人力资源管理,120206,21,A,2026
华东师范大学,人力资源管理,120206,22,A,2026
云南大学,人力资源管理,120206,23,A,2026
广东外语外贸大学,人力资源管理,120206,24,A,2026
安徽大学,人力资源管理,120206,25,A,2026
南京审计大学,人力资源管理,120206,25,A,2026
南京信息工程大学,人力资源管理,120206,27,A,2026
兰州大学,人力资源管理,120206,28,A,2026
南京师范大学,人力资源管理,120206,28,A,2026
浙江财经大学,人力资源管理,120206,30,A,2026
山东财经大学,人力资源管理,120206,31,A,2026
苏州大学,人力资源管理,120206,31,A,2026
西北大学,人力资源管理,120206,31,A,2026
华南师范大学,人力资源管理,120206,34,A,2026
深圳大学,人力资源管理,120206,35,A,2026
天津财经大学,人力资源管理,120206,35,A,2026
中国矿业大学,人力资源管理,120206,37,A,2026
南京邮电大学,人力资源管理,120206,38,A,2026
辽宁大学,人力资源管理,120206,39,A,2026
南昌大学,人力资源管理,120206,40,A,2026
杭州电子科技大学,人力资源管理,120206,41,A,2026
浙江理工大学,人力资源管理,120206,42,A,2026
华中农业大学,人力资源管理,120206,43,A,2026
长沙理工大学,人力资源管理,120206,44,A,2026
广东财经大学,人力资源管理,120206,44,A,2026
南京理工大学,人力资源管理,120206,46,B+,2026
陕西师范大学,人力资源管理,120206,46,B+,2026
广东工业大学,人力资源管理,120206,48,B+,2026
安徽财经大学,人力资源管理,120206,49,B+,2026
中央民族大学,人力资源管理,120206,50,B+,2026
上海对外经贸大学,人力资源管理,120206,51,B+,2026
常州大学,人力资源管理,120206,52,B+,2026
山西财经大学,人力资源管理,120206,53,B+,2026
湘潭大学,人力资源管理,120206,54,B+,2026
贵州大学,人力资源管理,120206,55,B+,2026
石河子大学,人力资源管理,120206,56,B+,2026
北京联合大学,人力资源管理,120206,57,B+,2026
东北师范大学,人力资源管理,120206,57,B+,2026
贵州财经大学,人力资源管理,120206,59,B+,2026
河北经贸大学,人力资源管理,120206,60,B+,2026
南京农业大学,人力资源管理,120206,61,B+,2026
湖北大学,人力资源管理,120206,62,B+,2026
上海工程技术大学,人力资源管理,120206,62,B+,2026
北京信息科技大学,人力资源管理,120206,64,B+,2026
重庆工商大学,人力资源管理,120206,64,B+,2026
郑州航空工业管理学院,人力资源管理,120206,66,B+,2026
北京物资学院,人力资源管理,120206,67,B+,2026
东北农业大学,人力资源管理,120206,68,B+,2026
哈尔滨理工大学,人力资源管理,120206,69,B+,2026
云南财经大学,人力资源管理,120206,70,B+,2026
河南财经政法大学,人力资源管理,120206,71,B+,2026
湖南工商大学,人力资源管理,120206,72,B+,2026
上海师范大学,人力资源管理,120206,73,B+,2026
北京林业大学,人力资源管理,120206,74,B+,2026
华中师范大学,人力资源管理,120206,74,B+,2026
湖北工业大学,人力资源管理,120206,76,B+,2026
西安理工大学,人力资源管理,120206,76,B+,2026
西安工业大学,人力资源管理,120206,78,B+,2026
华东交通大学,人力资源管理,120206,79,B+,2026
华南农业大学,人力资源管理,120206,80,B+,2026
西安石油大学,人力资源管理,120206,81,B+,2026
山东工商学院,人力资源管理,120206,82,B+,2026
齐鲁工业大学,人力资源管理,120206,83,B+,2026
西南民族大学,人力资源管理,120206,83,B+,2026
福建农林大学,人力资源管理,120206,85,B+,2026
内蒙古财经大学,人力资源管理,120206,85,B+,2026
中国劳动关系学院,人力资源管理,120206,87,B+,2026
成都理工大学,人力资源管理,120206,88,B+,2026
安徽师范大学,人力资源管理,120206,89,B+,2026
三峡大学,人力资源管理,120206,89,B+,2026
江苏大学,人力资源管理,120206,91,B+,2026
西北政法大学,人力资源管理,120206,92,B+,2026
四川农业大学,人力资源管理,120206,93,B+,2026
陕西科技大学,人力资源管理,120206,94,B+,2026
西北师范大学,人力资源管理,120206,94,B+,2026
成都信息工程大学,人力资源管理,120206,96,B+,2026
大连工业大学,人力资源管理,120206,96,B+,2026
河北师范大学,人力资源管理,120206,98,B+,2026
重庆理工大学,人力资源管理,120206,99,B+,2026
桂林理工大学,人力资源管理,120206,100,B+,2026
海南师范大学,人力资源管理,120206,100,B+,2026
河北大学,人力资源管理,120206,100,B+,2026
河南理工大学,人力资源管理,120206,103,B+,2026
哈尔滨商业大学,人力资源管理,120206,104,B+,2026
河北地质大学,人力资源管理,120206,105,B+,2026
吉林财经大学,人力资源管理,120206,106,B+,2026
长江大学,人力资源管理,120206,107,B+,2026
新疆财经大学,人力资源管理,120206,108,B+,2026
北京石油化工学院,人力资源管理,120206,109,B+,2026
青海大学,人力资源管理,120206,109,B+,2026
重庆师范大学,人力资源管理,120206,111,B+,2026
天津科技大学,人力资源管理,120206,112,B+,2026
苏州科技大学,人力资源管理,120206,113,B+,2026
北京语言大学,人力资源管理,120206,114,B+,2026
哈尔滨师范大学,人力资源管理,120206,115,B+,2026
嘉兴大学,人力资源管理,120206,115,B+,2026
安徽建筑大学,人力资源管理,120206,117,B+,2026
西安工程大学,人力资源管理,120206,118,B+,2026
中南林业科技大学,人力资源管理,120206,119,B+,2026
沈阳航空航天大学,人力资源管理,120206,120,B+,2026
西安财经大学,人力资源管理,120206,120,B+,2026
天津外国语大学,人力资源管理,120206,122,B+,2026
西华师范大学,人力资源管理,120206,123,B+,2026
桂林电子科技大学,人力资源管理,120206,124,B+,2026
兰州财经大学,人力资源管理,120206,124,B+,2026
天津商业大学,人力资源管理,120206,124,B+,2026
西交利物浦大学,人力资源管理,120206,127,B+,2026
湖南理工大学,人力资源管理,120206,128,B+,2026
烟台大学,人力资源管理,120206,129,B+,2026
吉林师范大学,人力资源管理,120206,130,B+,2026
贵州民族大学,人力资源管理,120206,131,B+,2026
江西理工大学,人力资源管理,120206,131,B+,2026
西华大学,人力资源管理,120206,133,B+,2026
内蒙古师范大学,人力资源管理,120206,134,B+,2026
淮北师范大学,人力资源管理,120206,135,B+,2026
北师香港浸会大学,人力资源管理,120206,136,B,2026
浙江水利水电学院,人力资源管理,120206,137,B,2026
上海立信会计金融学院,人力资源管理,120206,138,B,2026
西藏民族大学,人力资源管理,120206,139,B,2026
天津职业技术师范大学,人力资源管理,120206,140,B,2026
北方民族大学,人力资源管理,120206,141,B,2026
大连海洋大学,人力资源管理,120206,142,B,2026
广东金融学院,人力资源管理,120206,143,B,2026
湖南工程学院,人力资源管理,120206,144,B,2026
吉首大学,人力资源管理,120206,144,B,2026
甘肃政法大学,人力资源管理,120206,146,B,2026
佛山大学,人力资源管理,120206,147,B,2026
中华女子学院,人力资源管理,120206,148,B,2026
黑龙江八一农垦大学,人力资源管理,120206,149,B,2026
福建江夏学院,人力资源管理,120206,150,B,2026
衢州学院,人力资源管理,120206,151,B,2026
东莞理工学院,人力资源管理,120206,152,B,2026
江西水利电力大学,人力资源管理,120206,153,B,2026
天津农学院,人力资源管理,120206,154,B,2026
云南民族大学,人力资源管理,120206,155,B,2026
大连民族大学,人力资源管理,120206,156,B,2026
四川轻化工大学,人力资源管理,120206,157,B,2026
江西科技师范大学,人力资源管理,120206,158,B,2026
湖南财政经济学院,人力资源管理,120206,159,B,2026
苏州工学院,人力资源管理,120206,160,B,2026
新疆师范大学,人力资源管理,120206,160,B,2026
山东第一医科大学,人力资源管理,120206,162,B,2026
重庆科技大学,人力资源管理,120206,163,B,2026
安阳师范学院,人力资源管理,120206,164,B,2026
青海师范大学,人力资源管理,120206,165,B,2026
嘉兴南湖学院,人力资源管理,120206,166,B,2026
山东政法学院,人力资源管理,120206,167,B,2026
桂林航天工业学院,人力资源管理,120206,168,B,2026
湖南女子学院,人力资源管理,120206,169,B,2026
河北北方学院,人力资源管理,120206,170,B,2026
江苏理工学院,人力资源管理,120206,170,B,2026
闽南师范大学,人力资源管理,120206,172,B,2026
衡水学院,人力资源管理,120206,173,B,2026
山东青年政治学院,人力资源管理,120206,173,B,2026
苏州城市学院,人力资源管理,120206,173,B,2026
吉林外国语大学,人力资源管理,120206,176,B,2026
山东女子学院,人力资源管理,120206,176,B,2026
新乡学院,人力资源管理,120206,176,B,2026
广东药科大学,人力资源管理,120206,179,B,2026
盐城师范学院,人力资源管理,120206,179,B,2026
赣南师范大学,人力资源管理,120206,181,B,2026
广东技术师范大学,人力资源管理,120206,181,B,2026
淮阴师范学院,人力资源管理,120206,183,B,2026
武汉商学院,人力资源管理,120206,184,B,2026
塔里木大学,人力资源管理,120206,185,B,2026
周口师范学院,人力资源管理,120206,185,B,2026
合肥师范学院,人力资源管理,120206,187,B,2026
乐山师范学院,人力资源管理,120206,187,B,2026
大连东软信息学院,人力资源管理,120206,189,B,2026
宿迁学院,人力资源管理,120206,189,B,2026
广西财经学院,人力资源管理,120206,191,B,2026
山东管理学院,人力资源管理,120206,192,B,2026
淮安大学,人力资源管理,120206,193,B,2026
北华航天工业学院,人力资源管理,120206,194,B,2026
河南工程学院,人力资源管理,120206,195,B,2026
南宁师范大学,人力资源管理,120206,196,B,2026
四川旅游学院,人力资源管理,120206,196,B,2026
新疆科技学院,人力资源管理,120206,198,B,2026
福建师范大学协和学院,人力资源管理,120206,199,B,2026
仲恺农业工程学院,人力资源管理,120206,199,B,2026
莆田学院,人力资源管理,120206,201,B,2026
山东交通学院,人力资源管理,120206,201,B,2026
河北金融学院,人力资源管理,120206,203,B,2026
岭南师范学院,人力资源管理,120206,204,B,2026
河北科技师范学院,人力资源管理,120206,205,B,2026
贵州商学院,人力资源管理,120206,206,B,2026
吉林工程技术师范学院,人力资源管理,120206,206,B,2026
泰山学院,人力资源管理,120206,206,B,2026
韩山师范学院,人力资源管理,120206,209,B,2026
四川文理学院,人力资源管理,120206,209,B,2026
宝鸡文理学院,人力资源管理,120206,211,B,2026
河北民族师范学院,人力资源管理,120206,211,B,2026
宿州学院,人力资源管理,120206,211,B,2026
铜陵学院,人力资源管理,120206,214,B,2026
许昌学院,人力资源管理,120206,214,B,2026
珠海科技学院,人力资源管理,120206,214,B,2026
哈尔滨金融学院,人力资源管理,120206,217,B,2026
晋中学院,人力资源管理,120206,217,B,2026
吉林工商学院,人力资源管理,120206,219,B,2026
韶关学院,人力资源管理,120206,219,B,2026
河北师范大学汇华学院,人力资源管理,120206,221,B,2026
河南科技学院,人力资源管理,120206,221,B,2026
福建商学院,人力资源管理,120206,223,B,2026
廊坊师范学院,人力资源管理,120206,223,B,2026
内蒙古科技大学包头师范学院,人力资源管理,120206,223,B,2026
河南财政金融学院,人力资源管理,120206,226,B,2026
潍坊科技学院,人力资源管理,120206,226,B,2026
厦门大学,审计学,120207,1,A+,2026
南京财经大学,审计学,120207,2,A+,2026
南京审计大学,审计学,120207,3,A+,2026
浙江工商大学,审计学,120207,4,A+,2026
西南财经大学,审计学,120207,5,A,2026
东北财经大学,审计学,120207,6,A,2026
上海财经大学,审计学,120207,7,A,2026
浙江财经大学,审计学,120207,8,A,2026
广东外语外贸大学,审计学,120207,9,A,2026
山东财经大学,审计学,120207,9,A,2026
山西财经大学,审计学,120207,11,A,2026
上海对外经贸大学,审计学,120207,12,A,2026
天津财经大学,审计学,120207,12,A,2026
杭州电子科技大学,审计学,120207,14,A,2026
重庆工商大学,审计学,120207,15,A,2026
安徽财经大学,审计学,120207,16,A,2026
贵州财经大学,审计学,120207,17,A,2026
云南财经大学,审计学,120207,18,A,2026
广东财经大学,审计学,120207,19,A,2026
西南政法大学,审计学,120207,20,A,2026
海南大学,审计学,120207,21,A,2026
河北经贸大学,审计学,120207,22,A,2026
石河子大学,审计学,120207,23,A,2026
哈尔滨商业大学,审计学,120207,24,B+,2026
湖南工商大学,审计学,120207,25,B+,2026
山东工商学院,审计学,120207,26,B+,2026
郑州航空工业管理学院,审计学,120207,27,B+,2026
重庆理工大学,审计学,120207,28,B+,2026
河南财经政法大学,审计学,120207,29,B+,2026
新疆财经大学,审计学,120207,30,B+,2026
北京信息科技大学,审计学,120207,31,B+,2026
上海立信会计金融学院,审计学,120207,32,B+,2026
西北政法大学,审计学,120207,33,B+,2026
内蒙古财经大学,审计学,120207,34,B+,2026
上海政法学院,审计学,120207,35,B+,2026
集美大学,审计学,120207,36,B+,2026
吉林财经大学,审计学,120207,37,B+,2026
湖北经济学院,审计学,120207,38,B+,2026
北京物资学院,审计学,120207,39,B+,2026
河北地质大学,审计学,120207,39,B+,2026
四川农业大学,审计学,120207,41,B+,2026
成都大学,审计学,120207,42,B+,2026
四川师范大学,审计学,120207,43,B+,2026
兰州财经大学,审计学,120207,44,B+,2026
山东科技大学,审计学,120207,45,B+,2026
西安外国语大学,审计学,120207,46,B+,2026
广东金融学院,审计学,120207,47,B+,2026
西安财经大学,审计学,120207,48,B+,2026
四川外国语大学,审计学,120207,49,B+,2026
广西财经学院,审计学,120207,50,B+,2026
西藏民族大学,审计学,120207,51,B+,2026
云南师范大学,审计学,120207,52,B+,2026
西华大学,审计学,120207,53,B+,2026
北京石油化工学院,审计学,120207,54,B+,2026
山东管理学院,审计学,120207,55,B+,2026
江西水利电力大学,审计学,120207,56,B+,2026
黑龙江八一农垦大学,审计学,120207,57,B+,2026
西京学院,审计学,120207,57,B+,2026
惠州学院,审计学,120207,59,B+,2026
金陵科技学院,审计学,120207,59,B+,2026
福建理工大学,审计学,120207,61,B+,2026
铜陵学院,审计学,120207,62,B+,2026
兰州城市学院,审计学,120207,63,B+,2026
南京审计大学金审学院,审计学,120207,64,B+,2026
山东政法学院,审计学,120207,64,B+,2026
山东青年政治学院,审计学,120207,66,B+,2026
绵阳师范学院,审计学,120207,67,B+,2026
吉林工商学院,审计学,120207,68,B+,2026
湖南财政经济学院,审计学,120207,69,B+,2026
内蒙古师范大学,审计学,120207,69,B+,2026
河北金融学院,审计学,120207,71,B,2026
滁州学院,审计学,120207,72,B,2026
武汉商学院,审计学,120207,73,B,2026
哈尔滨金融学院,审计学,120207,74,B,2026
淮阴师范学院,审计学,120207,75,B,2026
河南工程学院,审计学,120207,76,B,2026
安阳师范学院,审计学,120207,77,B,2026
洛阳理工学院,审计学,120207,78,B,2026
山东交通学院,审计学,120207,78,B,2026
贵州商学院,审计学,120207,80,B,2026
唐山学院,审计学,120207,80,B,2026
河南财政金融学院,审计学,120207,82,B,2026
福建商学院,审计学,120207,83,B,2026
山东农业工程学院,审计学,120207,83,B,2026
四川文理学院,审计学,120207,85,B,2026
韩山师范学院,审计学,120207,86,B,2026
九江学院,审计学,120207,86,B,2026
河套学院,审计学,120207,88,B,2026
太原学院,审计学,120207,89,B,2026
西安航空学院,审计学,120207,90,B,2026
山东女子学院,审计学,120207,91,B,2026
忻州师范学院,审计学,120207,91,B,2026
安阳工学院,审计学,120207,93,B,2026
河北水利电力学院,审计学,120207,94,B,2026
张家口学院,审计学,120207,95,B,2026
池州学院,审计学,120207,96,B,2026
信阳农林学院,审计学,120207,97,B,2026
重庆财经学院,审计学,120207,98,B,2026
滇西科技师范学院,审计学,120207,98,B,2026
河南牧业经济学院,审计学,120207,98,B,2026
汉江师范学院,审计学,120207,101,B,2026
沧州师范学院,审计学,120207,102,B,2026
泰山学院,审计学,120207,102,B,2026
无锡太湖学院,审计学,120207,102,B,2026
燕京理工学院,审计学,120207,105,B,2026
河北经贸大学经济管理学院,审计学,120207,106,B,2026
广西职业师范学院,审计学,120207,107,B,2026
成都文理学院,审计学,120207,108,B,2026
四川大学锦江学院,审计学,120207,109,B,2026
成都锦城学院,审计学,120207,110,B,2026
南京理工大学泰州科技学院,审计学,120207,110,B,2026
电子科技大学成都学院,审计学,120207,112,B,2026
武汉学院,审计学,120207,113,B,2026
西南财经大学天府学院,审计学,120207,114,B,2026
晋中信息学院,审计学,120207,115,B,2026
中央财经大学,资产评估,120208,1,A+,2026
东北财经大学,资产评估,120208,2,A+,2026
南京财经大学,资产评估,120208,3,A,2026
首都经济贸易大学,资产评估,120208,4,A,2026
山东财经大学,资产评估,120208,5,A,2026
山西财经大学,资产评估,120208,6,A,2026
上海对外经贸大学,资产评估,120208,7,A,2026
安徽财经大学,资产评估,120208,8,A,2026
广东财经大学,资产评估,120208,9,B+,2026
河北经贸大学,资产评估,120208,10,B+,2026
云南财经大学,资产评估,120208,11,B+,2026
山东工商学院,资产评估,120208,12,B+,2026
内蒙古财经大学,资产评估,120208,13,B+,2026
上海立信会计金融学院,资产评估,120208,14,B+,2026
西华大学,资产评估,120208,15,B+,2026
广东金融学院,资产评估,120208,16,B+,2026
吉林财经大学,资产评估,120208,17,B+,2026
兰州财经大学,资产评估,120208,18,B+,2026
福建江夏学院,资产评估,120208,19,B+,2026
成都师范学院,资产评估,120208,20,B+,2026
南京审计大学金审学院,资产评估,120208,21,B+,2026
河南财政金融学院,资产评估,120208,22,B+,2026
嘉应学院,资产评估,120208,23,B+,2026
吉林工商学院,资产评估,120208,24,B+,2026
唐山师范学院,资产评估,120208,25,B,2026
山东管理学院,资产评估,120208,26,B,2026
铜陵学院,资产评估,120208,27,B,2026
重庆财经学院,资产评估,120208,28,B,2026
广西职业师范学院,资产评估,120208,28,B,2026
山东青年政治学院,资产评估,120208,30,B,2026
中原科技学院,资产评估,120208,31,B,2026
晋中信息学院,资产评估,120208,32,B,2026
运城学院,资产评估,120208,33,B,2026
大连财经学院,资产评估,120208,34,B,2026
江西财经大学现代经济管理学院,资产评估,120208,35,B,2026
西南财经大学天府学院,资产评估,120208,36,B,2026
郑州商学院,资产评估,120208,36,B,2026
辽宁对外经贸学院,资产评估,120208,38,B,2026
四川工商学院,资产评估,120208,38,B,2026
贵州黔南经济学院,资产评估,120208,40,B,2026
北京林业大学,物业管理,120209,1,A+,2026
石家庄学院,物业管理,120209,2,A+,2026
福建商学院,物业管理,120209,3,A,2026
福建江夏学院,物业管理,120209,4,B+,2026
山东青年政治学院,物业管理,120209,5,B+,2026
佳木斯大学,物业管理,120209,6,B+,2026
宿州学院,物业管理,120209,7,B+,2026
四川文理学院,物业管理,120209,8,B+,2026
沈阳工程学院,物业管理,120209,9,B+,2026
通化师范学院,物业管理,120209,10,B,2026
新乡学院,物业管理,120209,11,B,2026
吕梁学院,物业管理,120209,12,B,2026
河南牧业经济学院,物业管理,120209,13,B,2026
桂林学院,物业管理,120209,14,B,2026
重庆财经学院,物业管理,120209,15,B,2026
福建师范大学协和学院,物业管理,120209,15,B,2026
上海交通大学,文化产业管理,120210,1,A+,2026
同济大学,文化产业管理,120210,2,A+,2026
中央财经大学,文化产业管理,120210,3,A+,2026
对外经济贸易大学,文化产业管理,120210,4,A,2026
暨南大学,文化产业管理,120210,5,A,2026
贵州大学,文化产业管理,120210,6,A,2026
西南大学,文化产业管理,120210,6,A,2026
中国传媒大学,文化产业管理,120210,6,A,2026
浙江工商大学,文化产业管理,120210,9,A,2026
湖南师范大学,文化产业管理,120210,10,A,2026
河南大学,文化产业管理,120210,11,A,2026
山东财经大学,文化产业管理,120210,12,A,2026
首都师范大学,文化产业管理,120210,13,A,2026
华东政法大学,文化产业管理,120210,14,A,2026
上海对外经贸大学,文化产业管理,120210,15,A,2026
山西财经大学,文化产业管理,120210,16,A,2026
西安建筑科技大学,文化产业管理,120210,16,A,2026
江西师范大学,文化产业管理,120210,18,B+,2026
北京联合大学,文化产业管理,120210,19,B+,2026
北京电影学院,文化产业管理,120210,20,B+,2026
广东财经大学,文化产业管理,120210,20,B+,2026
浙江师范大学,文化产业管理,120210,22,B+,2026
浙江传媒学院,文化产业管理,120210,23,B+,2026
广西师范大学,文化产业管理,120210,24,B+,2026
福建师范大学,文化产业管理,120210,25,B+,2026
贵州师范大学,文化产业管理,120210,25,B+,2026
北京印刷学院,文化产业管理,120210,27,B+,2026
成都大学,文化产业管理,120210,28,B+,2026
中央美术学院,文化产业管理,120210,28,B+,2026
南京艺术学院,文化产业管理,120210,30,B+,2026
济南大学,文化产业管理,120210,31,B+,2026
中国戏曲学院,文化产业管理,120210,31,B+,2026
云南财经大学,文化产业管理,120210,33,B+,2026
浙江农林大学,文化产业管理,120210,34,B+,2026
厦门理工学院,文化产业管理,120210,35,B+,2026
北师香港浸会大学,文化产业管理,120210,36,B+,2026
江苏师范大学,文化产业管理,120210,36,B+,2026
武汉轻工大学,文化产业管理,120210,36,B+,2026
四川师范大学,文化产业管理,120210,39,B+,2026
山东农业大学,文化产业管理,120210,40,B+,2026
内蒙古财经大学,文化产业管理,120210,41,B+,2026
西北师范大学,文化产业管理,120210,41,B+,2026
北京服装学院,文化产业管理,120210,43,B+,2026
西华大学,文化产业管理,120210,44,B+,2026
曲阜师范大学,文化产业管理,120210,45,B+,2026
西藏民族大学,文化产业管理,120210,45,B+,2026
南宁师范大学,文化产业管理,120210,47,B+,2026
上海应用技术大学,文化产业管理,120210,48,B+,2026
贵州师范学院,文化产业管理,120210,49,B+,2026
湖南财政经济学院,文化产业管理,120210,50,B+,2026
延安大学,文化产业管理,120210,51,B,2026
景德镇陶瓷大学,文化产业管理,120210,52,B,2026
临沂大学,文化产业管理,120210,52,B,2026
山西传媒学院,文化产业管理,120210,54,B,2026
山东工艺美术学院,文化产业管理,120210,55,B,2026
东莞理工学院,文化产业管理,120210,56,B,2026
山东艺术学院,文化产业管理,120210,56,B,2026
天津农学院,文化产业管理,120210,56,B,2026
贵州民族大学,文化产业管理,120210,59,B,2026
福建江夏学院,文化产业管理,120210,60,B,2026
苏州城市学院,文化产业管理,120210,61,B,2026
四川旅游学院,文化产业管理,120210,62,B,2026
湖北美术学院,文化产业管理,120210,63,B,2026
宁波财经学院,文化产业管理,120210,63,B,2026
新疆艺术学院,文化产业管理,120210,65,B,2026
商洛学院,文化产业管理,120210,66,B,2026
重庆三峡科技大学,文化产业管理,120210,67,B,2026
武夷学院,文化产业管理,120210,68,B,2026
河北民族师范学院,文化产业管理,120210,69,B,2026
商丘师范学院,文化产业管理,120210,69,B,2026
内蒙古艺术学院,文化产业管理,120210,71,B,2026
广西艺术学院,文化产业管理,120210,72,B,2026
南京传媒学院,文化产业管理,120210,72,B,2026
亳州学院,文化产业管理,120210,74,B,2026
池州学院,文化产业管理,120210,74,B,2026
山东管理学院,文化产业管理,120210,74,B,2026
四川文理学院,文化产业管理,120210,77,B,2026
大连艺术学院,文化产业管理,120210,78,B,2026
黔南民族师范学院,文化产业管理,120210,79,B,2026
吕梁学院,文化产业管理,120210,80,B,2026
宿州学院,文化产业管理,120210,80,B,2026
淮南师范学院,文化产业管理,120210,82,B,2026
湖南科技学院,文化产业管理,120210,82,B,2026
唐山师范学院,文化产业管理,120210,82,B,2026
中国人民大学,劳动关系,120211T,1,A+,2026
首都经济贸易大学,劳动关系,120211T,2,A+,2026
中南财经政法大学,劳动关系,120211T,3,B,2026
中央财经大学,体育经济与管理,120212T,1,A+,2026
山东财经大学,体育经济与管理,120212T,2,A+,2026
上海体育大学,体育经济与管理,120212T,3,A,2026
山西财经大学,体育经济与管理,120212T,4,B+,2026
北京体育大学,体育经济与管理,120212T,5,B+,2026
河南财经政法大学,体育经济与管理,120212T,6,B+,2026
首都体育学院,体育经济与管理,120212T,7,B+,2026
武汉体育学院,体育经济与管理,120212T,8,B+,2026
哈尔滨商业大学,体育经济与管理,120212T,9,B+,2026
贵州财经大学,体育经济与管理,120212T,10,B+,2026
成都体育学院,体育经济与管理,120212T,11,B+,2026
天津体育学院,体育经济与管理,120212T,12,B,2026
山东体育学院,体育经济与管理,120212T,13,B,2026
南京体育学院,体育经济与管理,120212T,14,B,2026
沈阳体育学院,体育经济与管理,120212T,15,B,2026
武汉商学院,体育经济与管理,120212T,16,B,2026
广州体育学院,体育经济与管理,120212T,17,B,2026
湖南财政经济学院,体育经济与管理,120212T,18,B,2026
华中师范大学,财务会计教育,120213T,1,A+,2026
广东技术师范大学,财务会计教育,120213T,2,A+,2026
天津职业技术师范大学,财务会计教育,120213T,3,B+,2026
湖北师范大学,财务会计教育,120213T,4,B+,2026
河北科技师范学院,财务会计教育,120213T,5,B,2026
广西职业师范学院,财务会计教育,120213T,6,B,2026
阿坝师范学院,财务会计教育,120213T,7,B,2026
重庆第二师范学院,财务会计教育,120213T,8,B,2026
广西职业师范学院,市场营销教育,120214T,,,2026
内蒙古农业大学,市场营销教育,120214T,,,2026
上海商学院,零售业管理,120215T,1,A+,2026
武汉商学院,零售业管理,120215T,2,A+,2026
武汉理工大学,创业管理,120216T,1,A+,2026
广东财经大学,创业管理,120216T,2,A+,2026
温州理工学院,创业管理,120216T,3,B+,2026
浙江万里学院,创业管理,120216T,4,B+,2026
贵州中医药大学时珍学院,创业管理,120216T,5,B+,2026
广东金融学院,创业管理,120216T,6,B,2026
宁波财经学院,创业管理,120216T,7,B,2026
上海财经大学浙江学院,创业管理,120216T,8,B,2026
南京审计大学,内部审计,120218T,,,2026
南京审计大学金审学院,内部审计,120218T,,,2026
中国人民大学,农林经济管理,120301,1,A+,2026
南京农业大学,农林经济管理,120301,2,A+,2026
中国农业大学,农林经济管理,120301,3,A,2026
华中农业大学,农林经济管理,120301,4,A,2026
浙江大学,农林经济管理,120301,5,A,2026
西北农林科技大学,农林经济管理,120301,6,A,2026
北京林业大学,农林经济管理,120301,7,B+,2026
西南大学,农林经济管理,120301,8,B+,2026
东北农业大学,农林经济管理,120301,9,B+,2026
华南农业大学,农林经济管理,120301,10,B+,2026
四川农业大学,农林经济管理,120301,11,B+,2026
贵州大学,农林经济管理,120301,12,B+,2026
南京林业大学,农林经济管理,120301,13,B+,2026
浙江农林大学,农林经济管理,120301,14,B+,2026
吉林大学,农林经济管理,120301,15,B+,2026
安徽农业大学,农林经济管理,120301,16,B+,2026
东北林业大学,农林经济管理,120301,17,B+,2026
山东农业大学,农林经济管理,120301,18,B+,2026
沈阳农业大学,农林经济管理,120301,19,B+,2026
海南大学,农林经济管理,120301,20,B+,2026
河南农业大学,农林经济管理,120301,21,B,2026
兰州大学,农林经济管理,120301,22,B,2026
上海海洋大学,农林经济管理,120301,23,B,2026
福建农林大学,农林经济管理,120301,24,B,2026
石河子大学,农林经济管理,120301,24,B,2026
河北农业大学,农林经济管理,120301,26,B,2026
吉林农业大学,农林经济管理,120301,27,B,2026
中南林业科技大学,农林经济管理,120301,28,B,2026
内蒙古农业大学,农林经济管理,120301,29,B,2026
江西农业大学,农林经济管理,120301,30,B,2026
青岛农业大学,农林经济管理,120301,31,B,2026
北京农学院,农林经济管理,120301,32,B,2026
扬州大学,农林经济管理,120301,33,B,2026
中国人民大学,农村区域发展,120302,1,A+,2026
中国农业大学,农村区域发展,120302,2,A+,2026
南京农业大学,农村区域发展,120302,3,A,2026
华中农业大学,农村区域发展,120302,4,B+,2026
四川农业大学,农村区域发展,120302,5,B+,2026
福建农林大学,农村区域发展,120302,6,B+,2026
扬州大学,农村区域发展,120302,7,B+,2026
贵州财经大学,农村区域发展,120302,8,B+,2026
湖南农业大学,农村区域发展,120302,9,B+,2026
北京农学院,农村区域发展,120302,10,B,2026
铜仁学院,农村区域发展,120302,11,B,2026
山西农业大学,农村区域发展,120302,12,B,2026
四川轻化工大学,农村区域发展,120302,13,B,2026
西南林业大学,农村区域发展,120302,14,B,2026
河北农业大学,农村区域发展,120302,15,B,2026
复旦大学,公共事业管理,120401,1,A+,2026
华中科技大学,公共事业管理,120401,2,A+,2026
北京师范大学,公共事业管理,120401,3,A+,2026
武汉大学,公共事业管理,120401,4,A+,2026
华东师范大学,公共事业管理,120401,5,A+,2026
东北大学,公共事业管理,120401,6,A+,2026
大连理工大学,公共事业管理,120401,7,A,2026
兰州大学,公共事业管理,120401,8,A,2026
中央财经大学,公共事业管理,120401,9,A,2026
云南大学,公共事业管理,120401,10,A,2026
浙江工业大学,公共事业管理,120401,11,A,2026
北京邮电大学,公共事业管理,120401,12,A,2026
中国海洋大学,公共事业管理,120401,13,A,2026
中央民族大学,公共事业管理,120401,14,A,2026
杭州师范大学,公共事业管理,120401,15,A,2026
首都医科大学,公共事业管理,120401,16,A,2026
中国农业大学,公共事业管理,120401,17,A,2026
广西大学,公共事业管理,120401,18,A,2026
华南师范大学,公共事业管理,120401,19,A,2026
南方医科大学,公共事业管理,120401,20,A,2026
南京医科大学,公共事业管理,120401,21,A,2026
哈尔滨医科大学,公共事业管理,120401,22,A,2026
华东理工大学,公共事业管理,120401,23,A,2026
对外经济贸易大学,公共事业管理,120401,24,A,2026
华东政法大学,公共事业管理,120401,25,A,2026
北京化工大学,公共事业管理,120401,26,A,2026
湖南农业大学,公共事业管理,120401,26,A,2026
西南交通大学,公共事业管理,120401,28,A,2026
中国政法大学,公共事业管理,120401,28,A,2026
北京理工大学,公共事业管理,120401,30,A,2026
华南农业大学,公共事业管理,120401,31,A,2026
北京中医药大学,公共事业管理,120401,32,B+,2026
江西师范大学,公共事业管理,120401,33,B+,2026
安徽医科大学,公共事业管理,120401,34,B+,2026
广州医科大学,公共事业管理,120401,35,B+,2026
温州医科大学,公共事业管理,120401,36,B+,2026
福州大学,公共事业管理,120401,37,B+,2026
南京师范大学,公共事业管理,120401,37,B+,2026
燕山大学,公共事业管理,120401,39,B+,2026
南京理工大学,公共事业管理,120401,40,B+,2026
首都师范大学,公共事业管理,120401,41,B+,2026
江苏大学,公共事业管理,120401,42,B+,2026
天津医科大学,公共事业管理,120401,42,B+,2026
北京体育大学,公共事业管理,120401,44,B+,2026
西安财经大学,公共事业管理,120401,45,B+,2026
中国医科大学,公共事业管理,120401,46,B+,2026
广州中医药大学,公共事业管理,120401,47,B+,2026
成都中医药大学,公共事业管理,120401,48,B+,2026
西安建筑科技大学,公共事业管理,120401,49,B+,2026
西北农林科技大学,公共事业管理,120401,50,B+,2026
大连海事大学,公共事业管理,120401,51,B+,2026
浙江中医药大学,公共事业管理,120401,52,B+,2026
重庆医科大学,公共事业管理,120401,53,B+,2026
华北电力大学,公共事业管理,120401,54,B+,2026
福建农林大学,公共事业管理,120401,55,B+,2026
上海中医药大学,公共事业管理,120401,56,B+,2026
河北工业大学,公共事业管理,120401,57,B+,2026
福建医科大学,公共事业管理,120401,58,B+,2026
江苏科技大学,公共事业管理,120401,59,B+,2026
上海理工大学,公共事业管理,120401,59,B+,2026
湖北中医药大学,公共事业管理,120401,61,B+,2026
江西农业大学,公共事业管理,120401,62,B+,2026
华东交通大学,公共事业管理,120401,63,B+,2026
上海工程技术大学,公共事业管理,120401,64,B+,2026
甘肃政法大学,公共事业管理,120401,65,B+,2026
安徽中医药大学,公共事业管理,120401,66,B+,2026
陕西中医药大学,公共事业管理,120401,66,B+,2026
南京中医药大学,公共事业管理,120401,68,B+,2026
湖南中医药大学,公共事业管理,120401,69,B+,2026
贵州医科大学,公共事业管理,120401,70,B+,2026
河南中医药大学,公共事业管理,120401,70,B+,2026
河南理工大学,公共事业管理,120401,72,B+,2026
贵州师范大学,公共事业管理,120401,73,B+,2026
大连医科大学,公共事业管理,120401,74,B+,2026
福建中医药大学,公共事业管理,120401,74,B+,2026
湖南科技大学,公共事业管理,120401,74,B+,2026
宁夏医科大学,公共事业管理,120401,74,B+,2026
西南医科大学,公共事业管理,120401,74,B+,2026
四川师范大学,公共事业管理,120401,79,B+,2026
河南医药大学,公共事业管理,120401,80,B+,2026
天津科技大学,公共事业管理,120401,81,B+,2026
山东医药大学,公共事业管理,120401,82,B+,2026
华北理工大学,公共事业管理,120401,83,B+,2026
山东第二医科大学,公共事业管理,120401,84,B+,2026
内蒙古师范大学,公共事业管理,120401,85,B+,2026
成都理工大学,公共事业管理,120401,86,B+,2026
常州大学,公共事业管理,120401,87,B+,2026
郑州轻工业大学,公共事业管理,120401,88,B+,2026
徐州医科大学,公共事业管理,120401,89,B+,2026
江西中医药大学,公共事业管理,120401,90,B+,2026
安徽工业大学,公共事业管理,120401,91,B+,2026
南昌航空大学,公共事业管理,120401,92,B+,2026
天津商业大学,公共事业管理,120401,92,B+,2026
西藏大学,公共事业管理,120401,94,B,2026
广西医科大学,公共事业管理,120401,95,B,2026
云南中医药大学,公共事业管理,120401,95,B,2026
广东医科大学,公共事业管理,120401,97,B,2026
天津中医药大学,公共事业管理,120401,97,B,2026
长春工业大学,公共事业管理,120401,99,B,2026
首都体育学院,公共事业管理,120401,100,B,2026
吉林财经大学,公共事业管理,120401,101,B,2026
辽宁师范大学,公共事业管理,120401,102,B,2026
内蒙古医科大学,公共事业管理,120401,102,B,2026
山西医科大学,公共事业管理,120401,104,B,2026
南宁师范大学,公共事业管理,120401,105,B,2026
绍兴大学,公共事业管理,120401,106,B,2026
新疆医科大学,公共事业管理,120401,106,B,2026
云南财经大学,公共事业管理,120401,106,B,2026
福建理工大学,公共事业管理,120401,109,B,2026
湖北医药学院,公共事业管理,120401,109,B,2026
长沙学院,公共事业管理,120401,111,B,2026
桂林医科大学,公共事业管理,120401,112,B,2026
兰州财经大学,公共事业管理,120401,113,B,2026
吉首大学,公共事业管理,120401,114,B,2026
山东第一医科大学,公共事业管理,120401,115,B,2026
西华大学,公共事业管理,120401,116,B,2026
贵州中医药大学,公共事业管理,120401,117,B,2026
山西农业大学,公共事业管理,120401,117,B,2026
上海健康医学院,公共事业管理,120401,119,B,2026
海南医科大学,公共事业管理,120401,120,B,2026
南京特殊教育师范学院,公共事业管理,120401,120,B,2026
遵义医科大学,公共事业管理,120401,120,B,2026
右江民族医学院,公共事业管理,120401,123,B,2026
西南林业大学,公共事业管理,120401,124,B,2026
辽宁中医药大学,公共事业管理,120401,125,B,2026
广西中医药大学,公共事业管理,120401,126,B,2026
福建江夏学院,公共事业管理,120401,127,B,2026
昆明医科大学,公共事业管理,120401,128,B,2026
山东中医药大学,公共事业管理,120401,128,B,2026
武汉体育学院,公共事业管理,120401,128,B,2026
广西财经学院,公共事业管理,120401,131,B,2026
新疆农业大学,公共事业管理,120401,131,B,2026
青岛农业大学,公共事业管理,120401,133,B,2026
成都医学院,公共事业管理,120401,134,B,2026
盐城师范学院,公共事业管理,120401,134,B,2026
赣南医科大学,公共事业管理,120401,136,B,2026
中国民用航空飞行学院,公共事业管理,120401,137,B,2026
川北医学院,公共事业管理,120401,138,B,2026
吉林体育学院,公共事业管理,120401,139,B,2026
浙江树人学院,公共事业管理,120401,139,B,2026
新疆师范大学,公共事业管理,120401,141,B,2026
天津体育学院,公共事业管理,120401,142,B,2026
皖南医科大学,公共事业管理,120401,142,B,2026
黑龙江中医药大学,公共事业管理,120401,144,B,2026
大理大学,公共事业管理,120401,145,B,2026
温州医科大学仁济学院,公共事业管理,120401,146,B,2026
新疆第二医学院,公共事业管理,120401,147,B,2026
山东青年政治学院,公共事业管理,120401,148,B,2026
吉林医药学院,公共事业管理,120401,149,B,2026
天津农学院,公共事业管理,120401,149,B,2026
南京理工大学紫金学院,公共事业管理,120401,151,B,2026
广东药科大学,公共事业管理,120401,152,B,2026
长江师范学院,公共事业管理,120401,153,B,2026
贵州商学院,公共事业管理,120401,153,B,2026
锦州医科大学,公共事业管理,120401,155,B,2026
黑龙江八一农垦大学,公共事业管理,120401,156,B,2026
中国人民大学,行政管理,120402,1,A+,2026
北京大学,行政管理,120402,2,A+,2026
复旦大学,行政管理,120402,3,A+,2026
中山大学,行政管理,120402,4,A+,2026
浙江大学,行政管理,120402,5,A+,2026
上海交通大学,行政管理,120402,6,A+,2026
四川大学,行政管理,120402,7,A,2026
西安交通大学,行政管理,120402,8,A,2026
南京大学,行政管理,120402,9,A,2026
厦门大学,行政管理,120402,10,A,2026
重庆大学,行政管理,120402,11,A,2026
武汉大学,行政管理,120402,12,A,2026
北京航空航天大学,行政管理,120402,13,A,2026
华中科技大学,行政管理,120402,14,A,2026
南开大学,行政管理,120402,15,A,2026
电子科技大学,行政管理,120402,16,A,2026
华东师范大学,行政管理,120402,17,A,2026
山东大学,行政管理,120402,17,A,2026
华南理工大学,行政管理,120402,19,A,2026
兰州大学,行政管理,120402,20,A,2026
上海财经大学,行政管理,120402,21,A,2026
中南财经政法大学,行政管理,120402,22,A,2026
南京农业大学,行政管理,120402,23,A,2026
吉林大学,行政管理,120402,24,A,2026
暨南大学,行政管理,120402,24,A,2026
东北大学,行政管理,120402,26,A,2026
华中师范大学,行政管理,120402,26,A,2026
西南财经大学,行政管理,120402,28,A,2026
中南大学,行政管理,120402,28,A,2026
中央财经大学,行政管理,120402,30,A,2026
湖南大学,行政管理,120402,31,A,2026
郑州大学,行政管理,120402,32,A,2026
中国海洋大学,行政管理,120402,33,B+,2026
广州大学,行政管理,120402,34,B+,2026
云南大学,行政管理,120402,35,B+,2026
对外经济贸易大学,行政管理,120402,36,B+,2026
苏州大学,行政管理,120402,37,B+,2026
中央民族大学,行政管理,120402,37,B+,2026
华中农业大学,行政管理,120402,39,B+,2026
浙江工业大学,行政管理,120402,40,B+,2026
华南师范大学,行政管理,120402,41,B+,2026
西北大学,行政管理,120402,41,B+,2026
中国地质大学（武汉）,行政管理,120402,41,B+,2026
深圳大学,行政管理,120402,44,B+,2026
华东政法大学,行政管理,120402,45,B+,2026
中国矿业大学,行政管理,120402,46,B+,2026
浙江工商大学,行政管理,120402,47,B+,2026
湘潭大学,行政管理,120402,48,B+,2026
西南大学,行政管理,120402,49,B+,2026
海南大学,行政管理,120402,50,B+,2026
西北工业大学,行政管理,120402,50,B+,2026
湖北大学,行政管理,120402,52,B+,2026
江西财经大学,行政管理,120402,53,B+,2026
南京师范大学,行政管理,120402,53,B+,2026
浙江财经大学,行政管理,120402,55,B+,2026
贵州大学,行政管理,120402,56,B+,2026
华东理工大学,行政管理,120402,56,B+,2026
华南农业大学,行政管理,120402,56,B+,2026
中国政法大学,行政管理,120402,56,B+,2026
首都经济贸易大学,行政管理,120402,60,B+,2026
南昌大学,行政管理,120402,61,B+,2026
宁波大学,行政管理,120402,61,B+,2026
武汉科技大学,行政管理,120402,61,B+,2026
东北财经大学,行政管理,120402,64,B+,2026
南京财经大学,行政管理,120402,65,B+,2026
北京科技大学,行政管理,120402,66,B+,2026
中国矿业大学（北京）,行政管理,120402,67,B+,2026
南京审计大学,行政管理,120402,68,B+,2026
北京化工大学,行政管理,120402,69,B+,2026
中国传媒大学,行政管理,120402,70,B+,2026
东北师范大学,行政管理,120402,71,B+,2026
陕西师范大学,行政管理,120402,72,B+,2026
西南政法大学,行政管理,120402,73,B+,2026
湖南农业大学,行政管理,120402,74,B+,2026
南京航空航天大学,行政管理,120402,74,B+,2026
新疆大学,行政管理,120402,74,B+,2026
天津师范大学,行政管理,120402,77,B+,2026
杭州师范大学,行政管理,120402,78,B+,2026
山东师范大学,行政管理,120402,78,B+,2026
长安大学,行政管理,120402,80,B+,2026
河南大学,行政管理,120402,81,B+,2026
广西师范大学,行政管理,120402,82,B+,2026
福州大学,行政管理,120402,83,B+,2026
华侨大学,行政管理,120402,84,B+,2026
南通大学,行政管理,120402,84,B+,2026
内蒙古大学,行政管理,120402,86,B+,2026
燕山大学,行政管理,120402,86,B+,2026
北京电子科技学院,行政管理,120402,88,B+,2026
大连海事大学,行政管理,120402,89,B+,2026
黑龙江大学,行政管理,120402,90,B+,2026
安徽大学,行政管理,120402,91,B+,2026
辽宁大学,行政管理,120402,91,B+,2026
西北政法大学,行政管理,120402,93,B+,2026
江西师范大学,行政管理,120402,94,B+,2026
青岛大学,行政管理,120402,95,B+,2026
上海师范大学,行政管理,120402,96,B+,2026
东华大学,行政管理,120402,97,B+,2026
山西大学,行政管理,120402,98,B,2026
华北电力大学,行政管理,120402,99,B,2026
广东外语外贸大学,行政管理,120402,100,B,2026
宁夏大学,行政管理,120402,101,B,2026
东北农业大学,行政管理,120402,102,B,2026
南京信息工程大学,行政管理,120402,103,B,2026
天津财经大学,行政管理,120402,104,B,2026
山东财经大学,行政管理,120402,105,B,2026
山西财经大学,行政管理,120402,105,B,2026
贵州财经大学,行政管理,120402,107,B,2026
浙江师范大学,行政管理,120402,107,B,2026
湖南师范大学,行政管理,120402,109,B,2026
中南民族大学,行政管理,120402,110,B,2026
安徽工业大学,行政管理,120402,111,B,2026
江苏师范大学,行政管理,120402,111,B,2026
湖北工业大学,行政管理,120402,113,B,2026
国际关系学院,行政管理,120402,114,B,2026
山东农业大学,行政管理,120402,115,B,2026
汕头大学,行政管理,120402,116,B,2026
南京邮电大学,行政管理,120402,117,B,2026
武汉工程大学,行政管理,120402,118,B,2026
广东财经大学,行政管理,120402,119,B,2026
内蒙古财经大学,行政管理,120402,120,B,2026
扬州大学,行政管理,120402,121,B,2026
浙江海洋大学,行政管理,120402,122,B,2026
安徽财经大学,行政管理,120402,123,B,2026
湖南工商大学,行政管理,120402,124,B,2026
上海政法学院,行政管理,120402,124,B,2026
河北师范大学,行政管理,120402,126,B,2026
西北师范大学,行政管理,120402,127,B,2026
南京工业大学,行政管理,120402,128,B,2026
浙江理工大学,行政管理,120402,128,B,2026
中国计量大学,行政管理,120402,128,B,2026
太原理工大学,行政管理,120402,131,B,2026
福建师范大学,行政管理,120402,132,B,2026
贵州民族大学,行政管理,120402,132,B,2026
济南大学,行政管理,120402,132,B,2026
安徽工程大学,行政管理,120402,135,B,2026
河南师范大学,行政管理,120402,136,B,2026
华北水利水电大学,行政管理,120402,136,B,2026
西安财经大学,行政管理,120402,138,B,2026
中国劳动关系学院,行政管理,120402,139,B,2026
安徽师范大学,行政管理,120402,140,B,2026
西南民族大学,行政管理,120402,141,B,2026
聊城大学,行政管理,120402,142,B,2026
天津商业大学,行政管理,120402,143,B,2026
江苏海洋大学,行政管理,120402,144,B,2026
福建江夏学院,行政管理,120402,145,B,2026
河北经贸大学,行政管理,120402,145,B,2026
江西理工大学,行政管理,120402,147,B,2026
沈阳师范大学,行政管理,120402,147,B,2026
河南财经政法大学,行政管理,120402,149,B,2026
三峡大学,行政管理,120402,150,B,2026
云南民族大学,行政管理,120402,151,B,2026
福建农林大学,行政管理,120402,152,B,2026
温州大学,行政管理,120402,153,B,2026
山东工商学院,行政管理,120402,154,B,2026
广西民族大学,行政管理,120402,155,B,2026
西安邮电大学,行政管理,120402,156,B,2026
云南财经大学,行政管理,120402,157,B,2026
西华师范大学,行政管理,120402,158,B,2026
山西农业大学,行政管理,120402,159,B,2026
桂林理工大学,行政管理,120402,160,B,2026
辽宁师范大学,行政管理,120402,160,B,2026
吉林财经大学,行政管理,120402,162,B,2026
西藏民族大学,行政管理,120402,163,B,2026
中国人民大学,劳动与社会保障,120403,1,A+,2026
浙江大学,劳动与社会保障,120403,2,A+,2026
南京大学,劳动与社会保障,120403,3,A,2026
西安交通大学,劳动与社会保障,120403,4,A,2026
武汉大学,劳动与社会保障,120403,5,A,2026
四川大学,劳动与社会保障,120403,6,A,2026
上海财经大学,劳动与社会保障,120403,7,A,2026
南京农业大学,劳动与社会保障,120403,8,A,2026
中南财经政法大学,劳动与社会保障,120403,9,A,2026
中央财经大学,劳动与社会保障,120403,10,A,2026
西南财经大学,劳动与社会保障,120403,11,A,2026
东南大学,劳动与社会保障,120403,12,A,2026
河海大学,劳动与社会保障,120403,13,A,2026
对外经济贸易大学,劳动与社会保障,120403,14,A,2026
华中师范大学,劳动与社会保障,120403,15,B+,2026
西北大学,劳动与社会保障,120403,16,B+,2026
江西财经大学,劳动与社会保障,120403,17,B+,2026
浙江财经大学,劳动与社会保障,120403,17,B+,2026
东北财经大学,劳动与社会保障,120403,19,B+,2026
首都经济贸易大学,劳动与社会保障,120403,20,B+,2026
南京审计大学,劳动与社会保障,120403,21,B+,2026
南京财经大学,劳动与社会保障,120403,22,B+,2026
华东政法大学,劳动与社会保障,120403,23,B+,2026
山东师范大学,劳动与社会保障,120403,24,B+,2026
湖南农业大学,劳动与社会保障,120403,25,B+,2026
南京师范大学,劳动与社会保障,120403,26,B+,2026
贵州大学,劳动与社会保障,120403,27,B+,2026
内蒙古大学,劳动与社会保障,120403,28,B+,2026
河南大学,劳动与社会保障,120403,29,B+,2026
新疆大学,劳动与社会保障,120403,30,B+,2026
首都师范大学,劳动与社会保障,120403,31,B+,2026
华南农业大学,劳动与社会保障,120403,32,B+,2026
辽宁大学,劳动与社会保障,120403,33,B+,2026
西北政法大学,劳动与社会保障,120403,34,B+,2026
西北农林科技大学,劳动与社会保障,120403,35,B+,2026
山东财经大学,劳动与社会保障,120403,36,B+,2026
安徽财经大学,劳动与社会保障,120403,37,B+,2026
山西财经大学,劳动与社会保障,120403,37,B+,2026
贵州财经大学,劳动与社会保障,120403,39,B+,2026
广西师范大学,劳动与社会保障,120403,40,B+,2026
福建师范大学,劳动与社会保障,120403,41,B+,2026
河北大学,劳动与社会保障,120403,42,B+,2026
上海政法学院,劳动与社会保障,120403,43,B,2026
福建农林大学,劳动与社会保障,120403,44,B,2026
上海工程技术大学,劳动与社会保障,120403,45,B,2026
中国劳动关系学院,劳动与社会保障,120403,45,B,2026
上海应用技术大学,劳动与社会保障,120403,47,B,2026
华北水利水电大学,劳动与社会保障,120403,48,B,2026
天津财经大学,劳动与社会保障,120403,48,B,2026
安徽工业大学,劳动与社会保障,120403,50,B,2026
济南大学,劳动与社会保障,120403,51,B,2026
河南财经政法大学,劳动与社会保障,120403,52,B,2026
内蒙古师范大学,劳动与社会保障,120403,52,B,2026
吉林财经大学,劳动与社会保障,120403,54,B,2026
云南财经大学,劳动与社会保障,120403,55,B,2026
重庆工商大学,劳动与社会保障,120403,56,B,2026
甘肃政法大学,劳动与社会保障,120403,57,B,2026
贵州民族大学,劳动与社会保障,120403,58,B,2026
河北经贸大学,劳动与社会保障,120403,58,B,2026
广东财经大学,劳动与社会保障,120403,60,B,2026
西北师范大学,劳动与社会保障,120403,60,B,2026
北京物资学院,劳动与社会保障,120403,62,B,2026
重庆理工大学,劳动与社会保障,120403,63,B,2026
安徽建筑大学,劳动与社会保障,120403,64,B,2026
天津中医药大学,劳动与社会保障,120403,65,B,2026
沈阳师范大学,劳动与社会保障,120403,66,B,2026
山东工商学院,劳动与社会保障,120403,67,B,2026
河南师范大学,劳动与社会保障,120403,68,B,2026
昆明医科大学,劳动与社会保障,120403,68,B,2026
西南医科大学,劳动与社会保障,120403,68,B,2026
重庆科技大学,劳动与社会保障,120403,71,B,2026
中国人民大学,土地资源管理,120404,1,A+,2026
浙江大学,土地资源管理,120404,2,A+,2026
武汉大学,土地资源管理,120404,3,A,2026
南京农业大学,土地资源管理,120404,4,A,2026
四川大学,土地资源管理,120404,5,A,2026
中国农业大学,土地资源管理,120404,6,A,2026
吉林大学,土地资源管理,120404,7,A,2026
中国地质大学（武汉）,土地资源管理,120404,8,A,2026
中国地质大学（北京）,土地资源管理,120404,9,A,2026
河海大学,土地资源管理,120404,10,A,2026
华中农业大学,土地资源管理,120404,11,B+,2026
中国矿业大学,土地资源管理,120404,12,B+,2026
海南大学,土地资源管理,120404,13,B+,2026
华中师范大学,土地资源管理,120404,14,B+,2026
东北大学,土地资源管理,120404,15,B+,2026
浙江工商大学,土地资源管理,120404,15,B+,2026
华南农业大学,土地资源管理,120404,17,B+,2026
西北农林科技大学,土地资源管理,120404,18,B+,2026
湖南师范大学,土地资源管理,120404,19,B+,2026
浙江财经大学,土地资源管理,120404,20,B+,2026
东北农业大学,土地资源管理,120404,21,B+,2026
四川农业大学,土地资源管理,120404,22,B+,2026
广东工业大学,土地资源管理,120404,23,B+,2026
湖南农业大学,土地资源管理,120404,24,B+,2026
内蒙古师范大学,土地资源管理,120404,25,B+,2026
长安大学,土地资源管理,120404,26,B+,2026
安徽师范大学,土地资源管理,120404,27,B+,2026
重庆工商大学,土地资源管理,120404,27,B+,2026
江西农业大学,土地资源管理,120404,29,B+,2026
贵州财经大学,土地资源管理,120404,30,B+,2026
广东财经大学,土地资源管理,120404,31,B+,2026
天津工业大学,土地资源管理,120404,32,B,2026
内蒙古大学,土地资源管理,120404,33,B,2026
安徽财经大学,土地资源管理,120404,34,B,2026
东华理工大学,土地资源管理,120404,34,B,2026
沈阳农业大学,土地资源管理,120404,36,B,2026
山西财经大学,土地资源管理,120404,37,B,2026
河北地质大学,土地资源管理,120404,38,B,2026
山西农业大学,土地资源管理,120404,38,B,2026
河北农业大学,土地资源管理,120404,40,B,2026
中南民族大学,土地资源管理,120404,41,B,2026
甘肃农业大学,土地资源管理,120404,42,B,2026
南宁师范大学,土地资源管理,120404,43,B,2026
河南农业大学,土地资源管理,120404,44,B,2026
曲阜师范大学,土地资源管理,120404,45,B,2026
内蒙古财经大学,土地资源管理,120404,46,B,2026
河北经贸大学,土地资源管理,120404,47,B,2026
安徽农业大学,土地资源管理,120404,48,B,2026
福建农林大学,土地资源管理,120404,49,B,2026
中南林业科技大学,土地资源管理,120404,50,B,2026
云南农业大学,土地资源管理,120404,51,B,2026
山东农业大学,土地资源管理,120404,52,B,2026
新疆农业大学,土地资源管理,120404,52,B,2026
北京大学,城市管理,120405,1,A+,2026
中国人民大学,城市管理,120405,2,A+,2026
重庆大学,城市管理,120405,3,A,2026
电子科技大学,城市管理,120405,4,A,2026
南开大学,城市管理,120405,5,A,2026
中央财经大学,城市管理,120405,6,A,2026
中南财经政法大学,城市管理,120405,7,B+,2026
湖南大学,城市管理,120405,8,B+,2026
首都经济贸易大学,城市管理,120405,9,B+,2026
苏州大学,城市管理,120405,10,B+,2026
浙江财经大学,城市管理,120405,11,B+,2026
山东财经大学,城市管理,120405,12,B+,2026
西安建筑科技大学,城市管理,120405,13,B+,2026
香港中文大学（深圳）,城市管理,120405,14,B+,2026
贵州财经大学,城市管理,120405,15,B+,2026
西安财经大学,城市管理,120405,15,B+,2026
广东财经大学,城市管理,120405,17,B+,2026
浙江农林大学,城市管理,120405,18,B+,2026
河南师范大学,城市管理,120405,19,B+,2026
重庆工商大学,城市管理,120405,20,B,2026
沈阳建筑大学,城市管理,120405,21,B,2026
天津城建大学,城市管理,120405,22,B,2026
内蒙古财经大学,城市管理,120405,23,B,2026
安徽建筑大学,城市管理,120405,24,B,2026
湖南城市学院,城市管理,120405,25,B,2026
北京建筑大学,城市管理,120405,26,B,2026
山东工商学院,城市管理,120405,27,B,2026
厦门理工学院,城市管理,120405,28,B,2026
宁波工程学院,城市管理,120405,29,B,2026
新疆财经大学,城市管理,120405,30,B,2026
衢州学院,城市管理,120405,31,B,2026
兰州城市学院,城市管理,120405,32,B,2026
吉林建筑大学,城市管理,120405,33,B,2026
大连海事大学,交通管理,120407T,1,A+,2026
上海海事大学,交通管理,120407T,2,A+,2026
中国民航大学,交通管理,120407T,3,B+,2026
上海工程技术大学,交通管理,120407T,4,B,2026
内蒙古师范大学,交通管理,120407T,5,B,2026
浙江海洋大学,交通管理,120407T,6,B,2026
武汉理工大学,海事管理,120408T,1,A+,2026
大连海事大学,海事管理,120408T,2,A+,2026
中国传媒大学,公共关系学,120409T,1,A+,2026
上海外国语大学,公共关系学,120409T,2,A+,2026
东华大学,公共关系学,120409T,3,B+,2026
内蒙古财经大学,公共关系学,120409T,4,B+,2026
上海第二工业大学,公共关系学,120409T,5,B+,2026
浙江传媒学院,公共关系学,120409T,6,B,2026
大理大学,公共关系学,120409T,7,B,2026
广州新华学院,公共关系学,120409T,8,B,2026
杭州师范大学,健康服务与管理,120410T,1,A+,2026
东北大学,健康服务与管理,120410T,2,A+,2026
南方医科大学,健康服务与管理,120410T,3,A+,2026
哈尔滨医科大学,健康服务与管理,120410T,4,A,2026
温州医科大学,健康服务与管理,120410T,5,A,2026
浙江中医药大学,健康服务与管理,120410T,6,A,2026
安徽医科大学,健康服务与管理,120410T,7,A,2026
中国药科大学,健康服务与管理,120410T,8,A,2026
陕西中医药大学,健康服务与管理,120410T,9,A,2026
中国医科大学,健康服务与管理,120410T,10,A,2026
广州中医药大学,健康服务与管理,120410T,11,A,2026
石河子大学,健康服务与管理,120410T,12,A,2026
成都医学院,健康服务与管理,120410T,13,A,2026
湖北中医药大学,健康服务与管理,120410T,14,A,2026
西南医科大学,健康服务与管理,120410T,15,A,2026
湖南工商大学,健康服务与管理,120410T,16,B+,2026
广西医科大学,健康服务与管理,120410T,17,B+,2026
成都中医药大学,健康服务与管理,120410T,18,B+,2026
北京语言大学,健康服务与管理,120410T,19,B+,2026
江西中医药大学,健康服务与管理,120410T,20,B+,2026
贵州医科大学,健康服务与管理,120410T,21,B+,2026
山东医药大学,健康服务与管理,120410T,21,B+,2026
河南医药大学,健康服务与管理,120410T,23,B+,2026
河南中医药大学,健康服务与管理,120410T,24,B+,2026
广东医科大学,健康服务与管理,120410T,25,B+,2026
河北医科大学,健康服务与管理,120410T,25,B+,2026
贵州中医药大学,健康服务与管理,120410T,27,B+,2026
海南医科大学,健康服务与管理,120410T,27,B+,2026
天津中医药大学,健康服务与管理,120410T,29,B+,2026
内蒙古医科大学,健康服务与管理,120410T,30,B+,2026
昆明医科大学,健康服务与管理,120410T,31,B+,2026
新疆医科大学,健康服务与管理,120410T,32,B+,2026
山西中医药大学,健康服务与管理,120410T,33,B+,2026
桂林医科大学,健康服务与管理,120410T,34,B+,2026
西华大学,健康服务与管理,120410T,34,B+,2026
湖北医药学院,健康服务与管理,120410T,36,B+,2026
福建中医药大学,健康服务与管理,120410T,37,B+,2026
山西医科大学,健康服务与管理,120410T,37,B+,2026
上海健康医学院,健康服务与管理,120410T,39,B+,2026
广西中医药大学,健康服务与管理,120410T,40,B+,2026
广东药科大学,健康服务与管理,120410T,41,B+,2026
河北中医药大学,健康服务与管理,120410T,42,B+,2026
蚌埠医科大学,健康服务与管理,120410T,43,B+,2026
沈阳医学院,健康服务与管理,120410T,43,B+,2026
山西医药学院,健康服务与管理,120410T,45,B+,2026
右江民族医学院,健康服务与管理,120410T,46,B+,2026
赣南医科大学,健康服务与管理,120410T,47,B,2026
湖南医药学院,健康服务与管理,120410T,48,B,2026
苏州城市学院,健康服务与管理,120410T,49,B,2026
莆田学院,健康服务与管理,120410T,50,B,2026
西安医学院,健康服务与管理,120410T,50,B,2026
贵州医科大学神奇民族医药学院,健康服务与管理,120410T,52,B,2026
辽宁中医药大学,健康服务与管理,120410T,53,B,2026
佳木斯大学,健康服务与管理,120410T,54,B,2026
长春中医药大学,健康服务与管理,120410T,55,B,2026
锦州医科大学,健康服务与管理,120410T,56,B,2026
攀枝花学院,健康服务与管理,120410T,57,B,2026
山东体育学院,健康服务与管理,120410T,58,B,2026
四川文理学院,健康服务与管理,120410T,58,B,2026
牡丹江医科大学,健康服务与管理,120410T,60,B,2026
四川旅游学院,健康服务与管理,120410T,61,B,2026
甘肃中医药大学,健康服务与管理,120410T,62,B,2026
鞍山师范学院,健康服务与管理,120410T,63,B,2026
信阳师范大学,健康服务与管理,120410T,64,B,2026
长治医学院,健康服务与管理,120410T,65,B,2026
吉林医药学院,健康服务与管理,120410T,66,B,2026
齐齐哈尔医学院,健康服务与管理,120410T,66,B,2026
菏泽学院,健康服务与管理,120410T,68,B,2026
新余学院,健康服务与管理,120410T,69,B,2026
珠海科技学院,健康服务与管理,120410T,70,B,2026
新乡学院,健康服务与管理,120410T,71,B,2026
河南财政金融学院,健康服务与管理,120410T,72,B,2026
山东女子学院,健康服务与管理,120410T,72,B,2026
山东青年政治学院,健康服务与管理,120410T,74,B,2026
滇西应用技术大学,健康服务与管理,120410T,75,B,2026
枣庄学院,健康服务与管理,120410T,76,B,2026
天津医科大学临床医学院,健康服务与管理,120410T,77,B,2026
黄淮学院,健康服务与管理,120410T,78,B,2026
张家口学院,健康服务与管理,120410T,78,B,2026
中国药科大学,医疗产品管理,120412T,1,A+,2026
沈阳药科大学,医疗产品管理,120412T,2,A+,2026
上海健康医学院,医疗产品管理,120412T,3,B,2026
南京医科大学,医疗保险,120413T,1,A+,2026
安徽医科大学,医疗保险,120413T,2,A+,2026
南京信息工程大学,医疗保险,120413T,3,B+,2026
福建医科大学,医疗保险,120413T,4,B+,2026
湖北经济学院,医疗保险,120413T,5,B+,2026
安徽中医药大学,医疗保险,120413T,6,B+,2026
广东医科大学,医疗保险,120413T,7,B+,2026
湖南中医药大学,医疗保险,120413T,8,B,2026
广西医科大学,医疗保险,120413T,9,B,2026
华北理工大学,医疗保险,120413T,10,B,2026
内蒙古医科大学,医疗保险,120413T,11,B,2026
贵州中医药大学,医疗保险,120413T,12,B,2026
南京中医药大学,养老服务管理,120414T,1,A+,2026
安徽医科大学,养老服务管理,120414T,2,A+,2026
上海工程技术大学,养老服务管理,120414T,3,A,2026
吉林财经大学,养老服务管理,120414T,4,A,2026
安徽中医药大学,养老服务管理,120414T,5,B+,2026
湖南中医药大学,养老服务管理,120414T,6,B+,2026
广西医科大学,养老服务管理,120414T,7,B+,2026
贵州中医药大学,养老服务管理,120414T,8,B+,2026
桂林医科大学,养老服务管理,120414T,9,B+,2026
中华女子学院,养老服务管理,120414T,10,B+,2026
山东政法学院,养老服务管理,120414T,11,B+,2026
沈阳医学院,养老服务管理,120414T,12,B+,2026
石家庄学院,养老服务管理,120414T,13,B+,2026
西安文理学院,养老服务管理,120414T,14,B,2026
南昌医学院,养老服务管理,120414T,15,B,2026
乐山师范学院,养老服务管理,120414T,16,B,2026
贵州医科大学神奇民族医药学院,养老服务管理,120414T,17,B,2026
河西学院,养老服务管理,120414T,18,B,2026
新乡学院,养老服务管理,120414T,19,B,2026
鞍山师范学院,养老服务管理,120414T,20,B,2026
山东女子学院,养老服务管理,120414T,20,B,2026
四川文理学院,养老服务管理,120414T,22,B,2026
齐鲁医药学院,养老服务管理,120414T,23,B,2026
内蒙古财经大学,自然资源登记与管理,120417T,,,2026
中国地质大学（北京）,自然资源登记与管理,120417T,,,2026
浙江工商大学,慈善管理,120418T,1,A+,2026
山东工商学院,慈善管理,120418T,2,A+,2026
武汉大学,图书馆学,120501,1,A+,2026
北京大学,图书馆学,120501,2,A+,2026
南京大学,图书馆学,120501,3,B+,2026
南开大学,图书馆学,120501,4,B+,2026
中山大学,图书馆学,120501,5,B+,2026
河北大学,图书馆学,120501,6,B+,2026
湘潭大学,图书馆学,120501,7,B,2026
安徽大学,图书馆学,120501,8,B,2026
黑龙江大学,图书馆学,120501,9,B,2026
福建师范大学,图书馆学,120501,10,B,2026
中国人民大学,档案学,120502,1,A+,2026
南京大学,档案学,120502,2,A+,2026
武汉大学,档案学,120502,3,A,2026
上海大学,档案学,120502,4,B+,2026
中山大学,档案学,120502,5,B+,2026
南开大学,档案学,120502,6,B+,2026
吉林大学,档案学,120502,7,B+,2026
苏州大学,档案学,120502,8,B+,2026
山东大学,档案学,120502,9,B+,2026
湘潭大学,档案学,120502,10,B+,2026
安徽大学,档案学,120502,11,B,2026
云南大学,档案学,120502,12,B,2026
黑龙江大学,档案学,120502,13,B,2026
郑州航空工业管理学院,档案学,120502,13,B,2026
天津师范大学,档案学,120502,15,B,2026
辽宁大学,档案学,120502,16,B,2026
湖北大学,档案学,120502,17,B,2026
南昌大学,档案学,120502,18,B,2026
中国人民大学,信息资源管理,120503,1,A+,2026
上海大学,信息资源管理,120503,2,A+,2026
四川大学,信息资源管理,120503,3,B+,2026
华中师范大学,信息资源管理,120503,4,B+,2026
苏州大学,信息资源管理,120503,5,B+,2026
南京农业大学,信息资源管理,120503,6,B+,2026
云南大学,信息资源管理,120503,7,B,2026
徐州医科大学,信息资源管理,120503,8,B,2026
湖北医药学院,信息资源管理,120503,9,B,2026
天津财经大学,信息资源管理,120503,10,B,2026
山东医药大学,信息资源管理,120503,11,B,2026
东南大学,物流管理,120601,1,A+,2026
北京交通大学,物流管理,120601,2,A+,2026
南开大学,物流管理,120601,3,A+,2026
东北财经大学,物流管理,120601,4,A+,2026
对外经济贸易大学,物流管理,120601,5,A+,2026
吉林大学,物流管理,120601,6,A+,2026
合肥工业大学,物流管理,120601,7,A+,2026
西南交通大学,物流管理,120601,7,A+,2026
武汉理工大学,物流管理,120601,9,A+,2026
武汉大学,物流管理,120601,10,A,2026
浙江工商大学,物流管理,120601,11,A,2026
北京物资学院,物流管理,120601,12,A,2026
重庆大学,物流管理,120601,12,A,2026
长安大学,物流管理,120601,14,A,2026
华东理工大学,物流管理,120601,15,A,2026
上海海事大学,物流管理,120601,16,A,2026
中南财经政法大学,物流管理,120601,16,A,2026
西南财经大学,物流管理,120601,18,A,2026
广州大学,物流管理,120601,19,A,2026
海南大学,物流管理,120601,20,A,2026
山东财经大学,物流管理,120601,21,A,2026
安徽大学,物流管理,120601,22,A,2026
南京财经大学,物流管理,120601,22,A,2026
南京信息工程大学,物流管理,120601,22,A,2026
大连海事大学,物流管理,120601,25,A,2026
江西财经大学,物流管理,120601,26,A,2026
福州大学,物流管理,120601,27,A,2026
云南大学,物流管理,120601,27,A,2026
宁波大学,物流管理,120601,29,A,2026
中国海洋大学,物流管理,120601,29,A,2026
上海对外经贸大学,物流管理,120601,31,A,2026
北京工商大学,物流管理,120601,32,A,2026
南京审计大学,物流管理,120601,32,A,2026
南京邮电大学,物流管理,120601,34,A,2026
重庆工商大学,物流管理,120601,35,A,2026
郑州大学,物流管理,120601,35,A,2026
太原理工大学,物流管理,120601,37,A,2026
湖南工商大学,物流管理,120601,38,A,2026
华南师范大学,物流管理,120601,39,A,2026
天津财经大学,物流管理,120601,40,A,2026
西安邮电大学,物流管理,120601,40,A,2026
苏州大学,物流管理,120601,42,A,2026
广东财经大学,物流管理,120601,43,A,2026
上海第二工业大学,物流管理,120601,44,A,2026
贵州大学,物流管理,120601,45,A,2026
重庆交通大学,物流管理,120601,46,A,2026
江苏科技大学,物流管理,120601,46,A,2026
江苏大学,物流管理,120601,48,A,2026
山西财经大学,物流管理,120601,49,B+,2026
长江大学,物流管理,120601,50,B+,2026
上海工程技术大学,物流管理,120601,51,B+,2026
武汉纺织大学,物流管理,120601,52,B+,2026
河南工业大学,物流管理,120601,53,B+,2026
武汉科技大学,物流管理,120601,53,B+,2026
西南科技大学,物流管理,120601,55,B+,2026
安徽财经大学,物流管理,120601,56,B+,2026
哈尔滨商业大学,物流管理,120601,57,B+,2026
云南财经大学,物流管理,120601,57,B+,2026
华东交通大学,物流管理,120601,59,B+,2026
集美大学,物流管理,120601,59,B+,2026
大连交通大学,物流管理,120601,61,B+,2026
兰州交通大学,物流管理,120601,61,B+,2026
武汉轻工大学,物流管理,120601,63,B+,2026
中南林业科技大学,物流管理,120601,64,B+,2026
河北经贸大学,物流管理,120601,65,B+,2026
石家庄铁道大学,物流管理,120601,66,B+,2026
天津科技大学,物流管理,120601,67,B+,2026
重庆邮电大学,物流管理,120601,68,B+,2026
山东师范大学,物流管理,120601,69,B+,2026
郑州轻工业大学,物流管理,120601,69,B+,2026
郑州航空工业管理学院,物流管理,120601,71,B+,2026
沈阳航空航天大学,物流管理,120601,72,B+,2026
厦门理工学院,物流管理,120601,72,B+,2026
常州大学,物流管理,120601,74,B+,2026
河南财经政法大学,物流管理,120601,74,B+,2026
上海商学院,物流管理,120601,76,B+,2026
贵州财经大学,物流管理,120601,77,B+,2026
南京工程学院,物流管理,120601,78,B+,2026
安徽工程大学,物流管理,120601,79,B+,2026
江苏师范大学,物流管理,120601,80,B+,2026
西安工业大学,物流管理,120601,81,B+,2026
内蒙古财经大学,物流管理,120601,82,B+,2026
新疆大学,物流管理,120601,82,B+,2026
成都信息工程大学,物流管理,120601,84,B+,2026
成都理工大学,物流管理,120601,85,B+,2026
宁波工程学院,物流管理,120601,86,B+,2026
西安财经大学,物流管理,120601,86,B+,2026
重庆理工大学,物流管理,120601,88,B+,2026
曲阜师范大学,物流管理,120601,89,B+,2026
南京晓庄学院,物流管理,120601,90,B+,2026
湖北经济学院,物流管理,120601,91,B+,2026
上海电机学院,物流管理,120601,92,B+,2026
东北师范大学,物流管理,120601,93,B+,2026
天津师范大学,物流管理,120601,93,B+,2026
合肥大学,物流管理,120601,95,B+,2026
南宁师范大学,物流管理,120601,96,B+,2026
西南民族大学,物流管理,120601,96,B+,2026
浙大宁波理工学院,物流管理,120601,96,B+,2026
淮北师范大学,物流管理,120601,99,B+,2026
上海立信会计金融学院,物流管理,120601,99,B+,2026
深圳技术大学,物流管理,120601,101,B+,2026
湖北汽车工业学院,物流管理,120601,102,B+,2026
上海海关学院,物流管理,120601,102,B+,2026
浙江万里学院,物流管理,120601,102,B+,2026
中国民航大学,物流管理,120601,102,B+,2026
河北地质大学,物流管理,120601,106,B+,2026
内蒙古大学,物流管理,120601,106,B+,2026
北华航天工业学院,物流管理,120601,108,B+,2026
华北水利水电大学,物流管理,120601,109,B+,2026
长沙学院,物流管理,120601,110,B+,2026
青岛理工大学,物流管理,120601,111,B+,2026
浙江科技大学,物流管理,120601,111,B+,2026
新疆财经大学,物流管理,120601,113,B+,2026
西安科技大学,物流管理,120601,114,B+,2026
大连工业大学,物流管理,120601,115,B+,2026
安庆师范大学,物流管理,120601,116,B+,2026
湖北中医药大学,物流管理,120601,116,B+,2026
临沂大学,物流管理,120601,116,B+,2026
青岛科技大学,物流管理,120601,119,B+,2026
成都工业学院,物流管理,120601,120,B+,2026
浙江海洋大学,物流管理,120601,121,B+,2026
沈阳师范大学,物流管理,120601,122,B+,2026
惠州学院,物流管理,120601,123,B+,2026
无锡学院,物流管理,120601,123,B+,2026
苏州科技大学,物流管理,120601,125,B+,2026
湖北第二师范学院,物流管理,120601,126,B+,2026
江苏海洋大学,物流管理,120601,126,B+,2026
福建理工大学,物流管理,120601,128,B+,2026
宿迁学院,物流管理,120601,128,B+,2026
天津商业大学,物流管理,120601,128,B+,2026
西北师范大学,物流管理,120601,128,B+,2026
广西科技大学,物流管理,120601,132,B+,2026
江汉大学,物流管理,120601,133,B+,2026
湖南工学院,物流管理,120601,134,B+,2026
泰州学院,物流管理,120601,135,B+,2026
辽宁石油化工大学,物流管理,120601,136,B+,2026
常州工学院,物流管理,120601,137,B+,2026
北华大学,物流管理,120601,138,B+,2026
广东药科大学,物流管理,120601,139,B+,2026
吉林财经大学,物流管理,120601,139,B+,2026
渤海大学,物流管理,120601,141,B+,2026
成都师范学院,物流管理,120601,142,B+,2026
重庆科技大学,物流管理,120601,142,B+,2026
桂林电子科技大学,物流管理,120601,144,B+,2026
内蒙古工业大学,物流管理,120601,144,B+,2026
四川外国语大学,物流管理,120601,144,B+,2026
武夷学院,物流管理,120601,147,B,2026
怀化学院,物流管理,120601,148,B,2026
北部湾大学,物流管理,120601,149,B,2026
金陵科技学院,物流管理,120601,149,B,2026
湖南财政经济学院,物流管理,120601,151,B,2026
哈尔滨师范大学,物流管理,120601,152,B,2026
苏州工学院,物流管理,120601,152,B,2026
重庆第二师范学院,物流管理,120601,154,B,2026
河北科技师范学院,物流管理,120601,154,B,2026
绵阳师范学院,物流管理,120601,156,B,2026
内蒙古农业大学,物流管理,120601,156,B,2026
廊坊师范学院,物流管理,120601,158,B,2026
河北环境工程学院,物流管理,120601,159,B,2026
山西农业大学,物流管理,120601,159,B,2026
宜宾学院,物流管理,120601,159,B,2026
吉林工商学院,物流管理,120601,162,B,2026
天津职业技术师范大学,物流管理,120601,162,B,2026
盐城师范学院,物流管理,120601,164,B,2026
湖南女子学院,物流管理,120601,165,B,2026
郑州工程技术学院,物流管理,120601,165,B,2026
贵州商学院,物流管理,120601,167,B,2026
吉林工程技术师范学院,物流管理,120601,167,B,2026
珠海科技学院,物流管理,120601,167,B,2026
海南热带海洋学院,物流管理,120601,170,B,2026
广西民族大学,物流管理,120601,171,B,2026
黄冈师范学院,物流管理,120601,171,B,2026
湖南工程学院,物流管理,120601,171,B,2026
吉林建筑大学,物流管理,120601,171,B,2026
新乡学院,物流管理,120601,171,B,2026
贵阳学院,物流管理,120601,176,B,2026
湖北理工学院,物流管理,120601,176,B,2026
营口理工学院,物流管理,120601,176,B,2026
湖北文理学院,物流管理,120601,179,B,2026
武汉商学院,物流管理,120601,179,B,2026
长春大学,物流管理,120601,181,B,2026
河南牧业经济学院,物流管理,120601,182,B,2026
南阳师范学院,物流管理,120601,182,B,2026
厦门大学嘉庚学院,物流管理,120601,182,B,2026
山东管理学院,物流管理,120601,185,B,2026
兰州工业学院,物流管理,120601,186,B,2026
攀枝花学院,物流管理,120601,186,B,2026
桂林航天工业学院,物流管理,120601,188,B,2026
河南工学院,物流管理,120601,189,B,2026
牡丹江医科大学,物流管理,120601,189,B,2026
安徽科技工程大学,物流管理,120601,191,B,2026
黑河学院,物流管理,120601,191,B,2026
重庆财经学院,物流管理,120601,193,B,2026
河南财政金融学院,物流管理,120601,193,B,2026
安阳工学院,物流管理,120601,195,B,2026
天津农学院,物流管理,120601,195,B,2026
西安航空学院,物流管理,120601,195,B,2026
沈阳工程学院,物流管理,120601,198,B,2026
四川文理学院,物流管理,120601,198,B,2026
天津中德应用技术大学,物流管理,120601,198,B,2026
黔南民族师范学院,物流管理,120601,201,B,2026
青岛农业大学,物流管理,120601,201,B,2026
山西大同大学,物流管理,120601,201,B,2026
福建商学院,物流管理,120601,204,B,2026
广西财经学院,物流管理,120601,204,B,2026
河南工程学院,物流管理,120601,204,B,2026
九江学院,物流管理,120601,204,B,2026
商丘师范学院,物流管理,120601,204,B,2026
皖西学院,物流管理,120601,204,B,2026
亳州学院,物流管理,120601,210,B,2026
荆楚理工学院,物流管理,120601,210,B,2026
内蒙古师范大学,物流管理,120601,210,B,2026
信阳农林学院,物流管理,120601,210,B,2026
曲靖师范学院,物流管理,120601,214,B,2026
遵义师范学院,物流管理,120601,214,B,2026
唐山学院,物流管理,120601,216,B,2026
广东金融学院,物流管理,120601,217,B,2026
广州航海学院,物流管理,120601,217,B,2026
铜陵学院,物流管理,120601,217,B,2026
景德镇学院,物流管理,120601,220,B,2026
内蒙古民族大学,物流管理,120601,220,B,2026
广西科技师范学院,物流管理,120601,222,B,2026
福州大学至诚学院,物流管理,120601,223,B,2026
运城学院,物流管理,120601,223,B,2026
滇西应用技术大学,物流管理,120601,225,B,2026
常州大学怀德学院,物流管理,120601,226,B,2026
广州软件学院,物流管理,120601,226,B,2026
汉江师范学院,物流管理,120601,226,B,2026
邢台学院,物流管理,120601,229,B,2026
福州外语外贸学院,物流管理,120601,230,B,2026
广西民族师范学院,物流管理,120601,230,B,2026
泰山学院,物流管理,120601,230,B,2026
武汉工商学院,物流管理,120601,230,B,2026
咸阳师范学院,物流管理,120601,230,B,2026
电子科技大学中山学院,物流管理,120601,235,B,2026
青岛黄海学院,物流管理,120601,236,B,2026
郑州财经学院,物流管理,120601,236,B,2026
周口师范学院,物流管理,120601,236,B,2026
河南科技学院,物流管理,120601,239,B,2026
唐山师范学院,物流管理,120601,239,B,2026
文山学院,物流管理,120601,241,B,2026
西安外事学院,物流管理,120601,241,B,2026
重庆人文科技学院,物流管理,120601,243,B,2026
南京审计大学金审学院,物流管理,120601,243,B,2026
天津大学,物流工程,120602,1,A+,2026
武汉理工大学,物流工程,120602,2,A+,2026
西南交通大学,物流工程,120602,3,A,2026
北京交通大学,物流工程,120602,4,A,2026
北京科技大学,物流工程,120602,5,A,2026
大连海事大学,物流工程,120602,6,A,2026
浙江工业大学,物流工程,120602,7,A,2026
长安大学,物流工程,120602,8,A,2026
上海海事大学,物流工程,120602,9,A,2026
北京物资学院,物流工程,120602,10,A,2026
长沙理工大学,物流工程,120602,11,A,2026
昆明理工大学,物流工程,120602,12,A,2026
中南林业科技大学,物流工程,120602,13,B+,2026
华北理工大学,物流工程,120602,14,B+,2026
安徽工业大学,物流工程,120602,15,B+,2026
安徽农业大学,物流工程,120602,16,B+,2026
河北科技大学,物流工程,120602,17,B+,2026
南京农业大学,物流工程,120602,18,B+,2026
北京联合大学,物流工程,120602,19,B+,2026
华东交通大学,物流工程,120602,20,B+,2026
天津科技大学,物流工程,120602,20,B+,2026
福建农林大学,物流工程,120602,22,B+,2026
中原工学院,物流工程,120602,23,B+,2026
云南财经大学,物流工程,120602,24,B+,2026
重庆文理学院,物流工程,120602,25,B+,2026
大连交通大学,物流工程,120602,25,B+,2026
山东交通学院,物流工程,120602,27,B+,2026
东北农业大学,物流工程,120602,28,B+,2026
淮安大学,物流工程,120602,29,B+,2026
徐州工程学院,物流工程,120602,29,B+,2026
南华大学,物流工程,120602,31,B+,2026
西华大学,物流工程,120602,32,B+,2026
中国民用航空飞行学院,物流工程,120602,33,B+,2026
四川旅游学院,物流工程,120602,34,B+,2026
哈尔滨商业大学,物流工程,120602,35,B+,2026
沈阳工业大学,物流工程,120602,36,B+,2026
闽江大学,物流工程,120602,37,B,2026
宁波工程学院,物流工程,120602,37,B,2026
太原科技大学,物流工程,120602,39,B,2026
桂林航天工业学院,物流工程,120602,40,B,2026
浙江水利水电学院,物流工程,120602,41,B,2026
南宁师范大学,物流工程,120602,42,B,2026
山东农业工程学院,物流工程,120602,43,B,2026
山东航空学院,物流工程,120602,44,B,2026
广东石油化工学院,物流工程,120602,45,B,2026
新疆农业大学,物流工程,120602,46,B,2026
太原学院,物流工程,120602,47,B,2026
保定学院,物流工程,120602,48,B,2026
长江师范学院,物流工程,120602,48,B,2026
吉林化工大学,物流工程,120602,50,B,2026
湖南工学院,物流工程,120602,51,B,2026
厦门华厦学院,物流工程,120602,52,B,2026
新疆理工学院,物流工程,120602,52,B,2026
滁州学院,物流工程,120602,54,B,2026
重庆财经学院,物流工程,120602,55,B,2026
西南交通大学希望学院,物流工程,120602,56,B,2026
郑州工程技术学院,物流工程,120602,57,B,2026
安顺学院,物流工程,120602,58,B,2026
营口理工学院,物流工程,120602,59,B,2026
喀什大学,物流工程,120602,60,B,2026
青岛恒星科技学院,物流工程,120602,61,B,2026
北京物资学院,采购管理,120603T,1,A+,2026
天津大学,供应链管理,120604T,1,A+,2026
中央财经大学,供应链管理,120604T,2,A+,2026
山东大学,供应链管理,120604T,3,A,2026
重庆大学,供应链管理,120604T,4,A,2026
华中科技大学,供应链管理,120604T,4,A,2026
对外经济贸易大学,供应链管理,120604T,6,A,2026
西南财经大学,供应链管理,120604T,7,A,2026
北京交通大学,供应链管理,120604T,8,A,2026
华北电力大学,供应链管理,120604T,9,A,2026
首都经济贸易大学,供应链管理,120604T,10,A,2026
深圳大学,供应链管理,120604T,11,A,2026
东华大学,供应链管理,120604T,12,B+,2026
南京信息工程大学,供应链管理,120604T,13,B+,2026
广东外语外贸大学,供应链管理,120604T,14,B+,2026
湖南工商大学,供应链管理,120604T,14,B+,2026
浙江财经大学,供应链管理,120604T,16,B+,2026
上海海事大学,供应链管理,120604T,17,B+,2026
北京工商大学,供应链管理,120604T,18,B+,2026
大连海事大学,供应链管理,120604T,19,B+,2026
广东财经大学,供应链管理,120604T,20,B+,2026
北京物资学院,供应链管理,120604T,21,B+,2026
青岛大学,供应链管理,120604T,21,B+,2026
安徽财经大学,供应链管理,120604T,23,B+,2026
三峡大学,供应链管理,120604T,24,B+,2026
山东科技大学,供应链管理,120604T,25,B+,2026
云南财经大学,供应链管理,120604T,25,B+,2026
青岛理工大学,供应链管理,120604T,27,B+,2026
河南工业大学,供应链管理,120604T,28,B+,2026
安徽师范大学,供应链管理,120604T,29,B+,2026
哈尔滨理工大学,供应链管理,120604T,30,B+,2026
成都信息工程大学,供应链管理,120604T,31,B+,2026
中南林业科技大学,供应链管理,120604T,32,B+,2026
北京石油化工学院,供应链管理,120604T,33,B+,2026
西交利物浦大学,供应链管理,120604T,34,B,2026
新疆财经大学,供应链管理,120604T,34,B,2026
重庆科技大学,供应链管理,120604T,36,B,2026
西安财经大学,供应链管理,120604T,37,B,2026
湖北中医药大学,供应链管理,120604T,38,B,2026
兰州财经大学,供应链管理,120604T,39,B,2026
湖北汽车工业学院,供应链管理,120604T,40,B,2026
合肥大学,供应链管理,120604T,41,B,2026
江西水利电力大学,供应链管理,120604T,41,B,2026
黑龙江八一农垦大学,供应链管理,120604T,43,B,2026
湖北经济学院,供应链管理,120604T,43,B,2026
苏州工学院,供应链管理,120604T,45,B,2026
浙江万里学院,供应链管理,120604T,46,B,2026
成都工业学院,供应链管理,120604T,47,B,2026
福建江夏学院,供应链管理,120604T,48,B,2026
湖州学院,供应链管理,120604T,49,B,2026
湖南财政经济学院,供应链管理,120604T,50,B,2026
武夷学院,供应链管理,120604T,51,B,2026
广东技术师范大学,供应链管理,120604T,52,B,2026
湘南学院,供应链管理,120604T,53,B,2026
福建商学院,供应链管理,120604T,54,B,2026
潍坊学院,供应链管理,120604T,55,B,2026
营口理工学院,供应链管理,120604T,55,B,2026
清华大学,工业工程,120701,1,A+,2026
上海交通大学,工业工程,120701,2,A+,2026
西安交通大学,工业工程,120701,3,A+,2026
北京理工大学,工业工程,120701,4,A,2026
天津大学,工业工程,120701,5,A,2026
华中科技大学,工业工程,120701,6,A,2026
哈尔滨工业大学,工业工程,120701,7,A,2026
西北工业大学,工业工程,120701,8,A,2026
南京大学,工业工程,120701,9,A,2026
南京航空航天大学,工业工程,120701,10,A,2026
北京航空航天大学,工业工程,120701,11,A,2026
重庆大学,工业工程,120701,12,A,2026
电子科技大学,工业工程,120701,13,A,2026
四川大学,工业工程,120701,14,A,2026
湖南大学,工业工程,120701,15,A,2026
合肥工业大学,工业工程,120701,16,A,2026
吉林大学,工业工程,120701,17,A,2026
西南交通大学,工业工程,120701,18,B+,2026
南京理工大学,工业工程,120701,19,B+,2026
东北大学,工业工程,120701,20,B+,2026
北京交通大学,工业工程,120701,21,B+,2026
西安电子科技大学,工业工程,120701,22,B+,2026
杭州电子科技大学,工业工程,120701,23,B+,2026
武汉理工大学,工业工程,120701,24,B+,2026
浙江工业大学,工业工程,120701,25,B+,2026
中国矿业大学,工业工程,120701,25,B+,2026
河北工业大学,工业工程,120701,27,B+,2026
南方科技大学,工业工程,120701,28,B+,2026
上海大学,工业工程,120701,29,B+,2026
南昌大学,工业工程,120701,30,B+,2026
武汉科技大学,工业工程,120701,30,B+,2026
广东工业大学,工业工程,120701,32,B+,2026
郑州大学,工业工程,120701,33,B+,2026
福州大学,工业工程,120701,34,B+,2026
西安理工大学,工业工程,120701,35,B+,2026
上海理工大学,工业工程,120701,36,B+,2026
江苏大学,工业工程,120701,37,B+,2026
上海海事大学,工业工程,120701,38,B+,2026
燕山大学,工业工程,120701,38,B+,2026
江苏科技大学,工业工程,120701,40,B+,2026
中国计量大学,工业工程,120701,41,B+,2026
暨南大学,工业工程,120701,42,B+,2026
昆明理工大学,工业工程,120701,43,B+,2026
西安工业大学,工业工程,120701,44,B+,2026
华北电力大学,工业工程,120701,45,B+,2026
山东科技大学,工业工程,120701,46,B+,2026
中国矿业大学（北京）,工业工程,120701,47,B+,2026
沈阳工业大学,工业工程,120701,48,B+,2026
桂林电子科技大学,工业工程,120701,49,B+,2026
南昌航空大学,工业工程,120701,49,B+,2026
西安邮电大学,工业工程,120701,51,B+,2026
宁波大学,工业工程,120701,52,B+,2026
南京工业大学,工业工程,120701,53,B+,2026
中北大学,工业工程,120701,54,B,2026
首都经济贸易大学,工业工程,120701,55,B,2026
北京建筑大学,工业工程,120701,56,B,2026
太原科技大学,工业工程,120701,57,B,2026
天津工业大学,工业工程,120701,58,B,2026
安徽工业大学,工业工程,120701,59,B,2026
西南科技大学,工业工程,120701,60,B,2026
河南科技大学,工业工程,120701,61,B,2026
大连交通大学,工业工程,120701,62,B,2026
青岛理工大学,工业工程,120701,62,B,2026
湖南工商大学,工业工程,120701,64,B,2026
天津理工大学,工业工程,120701,65,B,2026
山东理工大学,工业工程,120701,66,B,2026
新疆大学,工业工程,120701,66,B,2026
湖北工业大学,工业工程,120701,68,B,2026
上海工程技术大学,工业工程,120701,69,B,2026
兰州交通大学,工业工程,120701,70,B,2026
温州大学,工业工程,120701,71,B,2026
郑州航空工业管理学院,工业工程,120701,72,B,2026
南京农业大学,工业工程,120701,73,B,2026
东北农业大学,工业工程,120701,74,B,2026
兰州理工大学,工业工程,120701,74,B,2026
南京工程学院,工业工程,120701,76,B,2026
天津科技大学,工业工程,120701,77,B,2026
上海第二工业大学,工业工程,120701,78,B,2026
石河子大学,工业工程,120701,79,B,2026
湖北汽车工业学院,工业工程,120701,80,B,2026
长春工业大学,工业工程,120701,81,B,2026
东莞理工学院,工业工程,120701,81,B,2026
山东建筑大学,工业工程,120701,83,B,2026
佛山大学,工业工程,120701,84,B,2026
山东工商学院,工业工程,120701,85,B,2026
河南理工大学,工业工程,120701,86,B,2026
厦门理工学院,工业工程,120701,87,B,2026
河北科技大学,工业工程,120701,88,B,2026
中国计量大学,标准化工程,120702T,1,A+,2026
青岛大学,标准化工程,120702T,2,A+,2026
济南大学,标准化工程,120702T,3,B+,2026
上海第二工业大学,标准化工程,120702T,4,B,2026
辽宁工业大学,标准化工程,120702T,5,B,2026
宜宾学院,标准化工程,120702T,6,B,2026
中国计量大学,质量管理工程,120703T,1,A+,2026
南京财经大学,质量管理工程,120703T,2,A+,2026
北京信息科技大学,质量管理工程,120703T,3,B+,2026
北京物资学院,质量管理工程,120703T,4,B+,2026
昆明理工大学,质量管理工程,120703T,5,B+,2026
河北大学,质量管理工程,120703T,6,B+,2026
郑州航空工业管理学院,质量管理工程,120703T,7,B+,2026
哈尔滨商业大学,质量管理工程,120703T,8,B,2026
聊城大学,质量管理工程,120703T,9,B,2026
东莞理工学院,质量管理工程,120703T,10,B,2026
辽宁石油化工大学,质量管理工程,120703T,11,B,2026
湖北汽车工业学院,质量管理工程,120703T,12,B,2026
宜宾学院,质量管理工程,120703T,13,B,2026
西安交通大学,电子商务,120801,1,A+,2026
对外经济贸易大学,电子商务,120801,2,A+,2026
南京大学,电子商务,120801,3,A+,2026
厦门大学,电子商务,120801,4,A+,2026
中央财经大学,电子商务,120801,5,A+,2026
上海财经大学,电子商务,120801,6,A+,2026
浙江工商大学,电子商务,120801,7,A+,2026
武汉大学,电子商务,120801,8,A+,2026
大连理工大学,电子商务,120801,9,A+,2026
湖南大学,电子商务,120801,10,A+,2026
东北财经大学,电子商务,120801,11,A,2026
哈尔滨工业大学,电子商务,120801,12,A,2026
电子科技大学,电子商务,120801,13,A,2026
天津大学,电子商务,120801,14,A,2026
北京交通大学,电子商务,120801,15,A,2026
暨南大学,电子商务,120801,16,A,2026
南京财经大学,电子商务,120801,17,A,2026
首都经济贸易大学,电子商务,120801,18,A,2026
上海对外经贸大学,电子商务,120801,19,A,2026
广州大学,电子商务,120801,20,A,2026
华侨大学,电子商务,120801,20,A,2026
江西财经大学,电子商务,120801,22,A,2026
浙江财经大学,电子商务,120801,22,A,2026
南京审计大学,电子商务,120801,24,A,2026
合肥工业大学,电子商务,120801,25,A,2026
北京工商大学,电子商务,120801,26,A,2026
河南大学,电子商务,120801,26,A,2026
南京农业大学,电子商务,120801,28,A,2026
安徽大学,电子商务,120801,29,A,2026
北京外国语大学,电子商务,120801,29,A,2026
东华大学,电子商务,120801,29,A,2026
广东外语外贸大学,电子商务,120801,29,A,2026
重庆工商大学,电子商务,120801,33,A,2026
广东财经大学,电子商务,120801,34,A,2026
福州大学,电子商务,120801,35,A,2026
北京联合大学,电子商务,120801,36,A,2026
北京邮电大学,电子商务,120801,37,A,2026
中国矿业大学,电子商务,120801,38,A,2026
中国农业大学,电子商务,120801,38,A,2026
华中师范大学,电子商务,120801,40,A,2026
南昌大学,电子商务,120801,41,A,2026
安徽财经大学,电子商务,120801,42,A,2026
大连海事大学,电子商务,120801,43,A,2026
深圳大学,电子商务,120801,44,A,2026
杭州电子科技大学,电子商务,120801,45,A,2026
天津财经大学,电子商务,120801,46,A,2026
海南大学,电子商务,120801,47,A,2026
湖北经济学院,电子商务,120801,48,A,2026
广东工业大学,电子商务,120801,49,A,2026
湘潭大学,电子商务,120801,49,A,2026
杭州师范大学,电子商务,120801,51,B+,2026
浙江师范大学,电子商务,120801,51,B+,2026
燕山大学,电子商务,120801,53,B+,2026
河南财经政法大学,电子商务,120801,54,B+,2026
东北大学,电子商务,120801,55,B+,2026
河南工业大学,电子商务,120801,56,B+,2026
山西财经大学,电子商务,120801,57,B+,2026
江西师范大学,电子商务,120801,58,B+,2026
成都理工大学,电子商务,120801,59,B+,2026
云南财经大学,电子商务,120801,59,B+,2026
山东工商学院,电子商务,120801,61,B+,2026
吉林财经大学,电子商务,120801,62,B+,2026
北京物资学院,电子商务,120801,63,B+,2026
重庆邮电大学,电子商务,120801,63,B+,2026
河北地质大学,电子商务,120801,65,B+,2026
成都信息工程大学,电子商务,120801,66,B+,2026
西安邮电大学,电子商务,120801,66,B+,2026
兰州财经大学,电子商务,120801,68,B+,2026
武汉工程大学,电子商务,120801,69,B+,2026
西安财经大学,电子商务,120801,70,B+,2026
西安科技大学,电子商务,120801,71,B+,2026
新疆财经大学,电子商务,120801,72,B+,2026
湖北工业大学,电子商务,120801,73,B+,2026
重庆师范大学,电子商务,120801,74,B+,2026
广西财经学院,电子商务,120801,75,B+,2026
闽江大学,电子商务,120801,76,B+,2026
黑龙江大学,电子商务,120801,77,B+,2026
贵州财经大学,电子商务,120801,78,B+,2026
河南科技大学,电子商务,120801,79,B+,2026
广东金融学院,电子商务,120801,80,B+,2026
西华大学,电子商务,120801,81,B+,2026
广西师范大学,电子商务,120801,82,B+,2026
河北科技大学,电子商务,120801,83,B+,2026
哈尔滨商业大学,电子商务,120801,84,B+,2026
集美大学,电子商务,120801,85,B+,2026
上海商学院,电子商务,120801,85,B+,2026
西南科技大学,电子商务,120801,87,B+,2026
西南石油大学,电子商务,120801,88,B+,2026
天津商业大学,电子商务,120801,89,B+,2026
郑州轻工业大学,电子商务,120801,89,B+,2026
扬州大学,电子商务,120801,91,B+,2026
桂林理工大学,电子商务,120801,92,B+,2026
四川师范大学,电子商务,120801,93,B+,2026
武汉纺织大学,电子商务,120801,93,B+,2026
江西科技师范大学,电子商务,120801,95,B+,2026
南昌航空大学,电子商务,120801,95,B+,2026
湖州师范大学,电子商务,120801,97,B+,2026
青岛理工大学,电子商务,120801,98,B+,2026
贵州师范大学,电子商务,120801,99,B+,2026
长春工业大学,电子商务,120801,100,B+,2026
陕西理工大学,电子商务,120801,101,B+,2026
浙大宁波理工学院,电子商务,120801,101,B+,2026
厦门理工学院,电子商务,120801,103,B+,2026
安徽农业大学,电子商务,120801,104,B+,2026
丽水学院,电子商务,120801,104,B+,2026
四川外国语大学,电子商务,120801,104,B+,2026
上海第二工业大学,电子商务,120801,107,B+,2026
北京石油化工学院,电子商务,120801,108,B+,2026
北京信息科技大学,电子商务,120801,109,B+,2026
湖南农业大学,电子商务,120801,109,B+,2026
中南民族大学,电子商务,120801,111,B+,2026
安徽理工大学,电子商务,120801,112,B+,2026
南华大学,电子商务,120801,112,B+,2026
海南师范大学,电子商务,120801,114,B+,2026
桂林电子科技大学,电子商务,120801,115,B+,2026
五邑大学,电子商务,120801,115,B+,2026
西昌学院,电子商务,120801,115,B+,2026
徐州工程学院,电子商务,120801,115,B+,2026
湖南工业大学,电子商务,120801,119,B+,2026
吉首大学,电子商务,120801,120,B+,2026
安庆师范大学,电子商务,120801,121,B+,2026
内蒙古农业大学,电子商务,120801,121,B+,2026
许昌学院,电子商务,120801,123,B+,2026
洛阳师范学院,电子商务,120801,124,B+,2026
阜阳师范大学,电子商务,120801,125,B+,2026
山东交通学院,电子商务,120801,125,B+,2026
沈阳工业大学,电子商务,120801,125,B+,2026
海南热带海洋学院,电子商务,120801,128,B+,2026
江西农业大学,电子商务,120801,129,B+,2026
云南农业大学,电子商务,120801,129,B+,2026
湖北工程学院,电子商务,120801,131,B+,2026
景德镇陶瓷大学,电子商务,120801,131,B+,2026
西南林业大学,电子商务,120801,131,B+,2026
山东建筑大学,电子商务,120801,134,B+,2026
浙江万里学院,电子商务,120801,134,B+,2026
湖南人文科技学院,电子商务,120801,136,B+,2026
临沂大学,电子商务,120801,136,B+,2026
上海立信会计金融学院,电子商务,120801,138,B+,2026
河南财政金融学院,电子商务,120801,139,B+,2026
江西水利电力大学,电子商务,120801,140,B+,2026
宁波工程学院,电子商务,120801,140,B+,2026
宿州学院,电子商务,120801,140,B+,2026
泉州师范学院,电子商务,120801,143,B+,2026
天津职业技术师范大学,电子商务,120801,143,B+,2026
浙江外国语学院,电子商务,120801,145,B+,2026
金陵科技学院,电子商务,120801,146,B+,2026
广东技术师范大学,电子商务,120801,147,B+,2026
青岛农业大学,电子商务,120801,147,B+,2026
淮阴师范学院,电子商务,120801,149,B+,2026
北方民族大学,电子商务,120801,150,B+,2026
内江师范学院,电子商务,120801,151,B+,2026
洛阳理工学院,电子商务,120801,152,B+,2026
宿迁学院,电子商务,120801,152,B+,2026
池州学院,电子商务,120801,154,B,2026
东南大学成贤学院,电子商务,120801,155,B,2026
四川轻化工大学,电子商务,120801,155,B,2026
武汉工商学院,电子商务,120801,155,B,2026
福建江夏学院,电子商务,120801,158,B,2026
山东管理学院,电子商务,120801,159,B,2026
衢州学院,电子商务,120801,160,B,2026
福建理工大学,电子商务,120801,161,B,2026
北华航天工业学院,电子商务,120801,162,B,2026
淮安大学,电子商务,120801,163,B,2026
湖北科技学院,电子商务,120801,163,B,2026
武汉商学院,电子商务,120801,165,B,2026
湖南工程学院,电子商务,120801,166,B,2026
皖西学院,电子商务,120801,166,B,2026
新余学院,电子商务,120801,166,B,2026
盐城工学院,电子商务,120801,166,B,2026
常州工学院,电子商务,120801,170,B,2026
淮北师范大学,电子商务,120801,170,B,2026
广东药科大学,电子商务,120801,172,B,2026
河北金融学院,电子商务,120801,172,B,2026
盐城师范学院,电子商务,120801,174,B,2026
河西学院,电子商务,120801,175,B,2026
南昌师范学院,电子商务,120801,175,B,2026
玉林师范学院,电子商务,120801,175,B,2026
贵州商学院,电子商务,120801,178,B,2026
新乡学院,电子商务,120801,179,B,2026
杭州电子科技大学信息工程学院,电子商务,120801,180,B,2026
广东第二师范学院,电子商务,120801,181,B,2026
莆田学院,电子商务,120801,181,B,2026
肇庆学院,电子商务,120801,181,B,2026
岭南师范学院,电子商务,120801,184,B,2026
铜陵学院,电子商务,120801,184,B,2026
赣南科技学院,电子商务,120801,186,B,2026
信阳农林学院,电子商务,120801,186,B,2026
桂林旅游学院,电子商务,120801,188,B,2026
成都东软学院,电子商务,120801,189,B,2026
厦门大学嘉庚学院,电子商务,120801,189,B,2026
福建商学院,电子商务,120801,191,B,2026
西安航空学院,电子商务,120801,191,B,2026
西京学院,电子商务,120801,191,B,2026
长沙师范学院,电子商务,120801,194,B,2026
西安培华学院,电子商务,120801,194,B,2026
河南工程学院,电子商务,120801,196,B,2026
衡阳师范学院,电子商务,120801,196,B,2026
吉林农业科技学院,电子商务,120801,196,B,2026
吉林外国语大学,电子商务,120801,199,B,2026
唐山学院,电子商务,120801,199,B,2026
安阳工学院,电子商务,120801,201,B,2026
巢湖学院,电子商务,120801,201,B,2026
运城学院,电子商务,120801,203,B,2026
沧州师范学院,电子商务,120801,204,B,2026
安康学院,电子商务,120801,205,B,2026
河南牧业经济学院,电子商务,120801,205,B,2026
赤峰大学,电子商务,120801,207,B,2026
萍乡学院,电子商务,120801,207,B,2026
武汉东湖学院,电子商务,120801,207,B,2026
三明学院,电子商务,120801,210,B,2026
四川工商学院,电子商务,120801,210,B,2026
蚌埠学院,电子商务,120801,212,B,2026
黄淮学院,电子商务,120801,212,B,2026
吉林工商学院,电子商务,120801,212,B,2026
哈尔滨金融学院,电子商务,120801,215,B,2026
武昌理工学院,电子商务,120801,215,B,2026
河北民族师范学院,电子商务,120801,217,B,2026
集美大学诚毅学院,电子商务,120801,217,B,2026
景德镇学院,电子商务,120801,219,B,2026
商洛学院,电子商务,120801,219,B,2026
山西工程技术学院,电子商务,120801,219,B,2026
淮南师范学院,电子商务,120801,222,B,2026
泰山学院,电子商务,120801,222,B,2026
绥化学院,电子商务,120801,224,B,2026
重庆财经学院,电子商务,120801,225,B,2026
文山学院,电子商务,120801,225,B,2026
浙江财经大学东方学院,电子商务,120801,225,B,2026
广东东软学院,电子商务,120801,228,B,2026
珠海科技学院,电子商务,120801,228,B,2026
湖北经济学院法商学院,电子商务,120801,230,B,2026
唐山师范学院,电子商务,120801,230,B,2026
兰州工业学院,电子商务,120801,232,B,2026
浙江工商大学杭州商学院,电子商务,120801,232,B,2026
山西科技学院,电子商务,120801,234,B,2026
九江学院,电子商务,120801,235,B,2026
商丘师范学院,电子商务,120801,235,B,2026
梧州学院,电子商务,120801,235,B,2026
大连东软信息学院,电子商务,120801,238,B,2026
青岛黄海学院,电子商务,120801,238,B,2026
长沙工业学院,电子商务,120801,240,B,2026
电子科技大学中山学院,电子商务,120801,240,B,2026
四川大学锦江学院,电子商务,120801,242,B,2026
甘肃民族师范学院,电子商务,120801,243,B,2026
成都理工大学工程技术学院,电子商务,120801,244,B,2026
广州南方学院,电子商务,120801,244,B,2026
河北经贸大学经济管理学院,电子商务,120801,244,B,2026
宁波大学科学技术学院,电子商务,120801,244,B,2026
湖北工业大学工程技术学院,电子商务,120801,248,B,2026
成都文理学院,电子商务,120801,249,B,2026
苏州大学应用技术学院,电子商务,120801,249,B,2026
武汉城市学院,电子商务,120801,251,B,2026
上海建桥学院,电子商务,120801,252,B,2026
亳州学院,电子商务,120801,253,B,2026
成都锦城学院,电子商务,120801,253,B,2026
宁波财经学院,电子商务,120801,253,B,2026
浙江师范大学行知学院,电子商务,120801,253,B,2026
西北政法大学,电子商务及法律,120802T,1,A+,2026
西南政法大学,电子商务及法律,120802T,2,A+,2026
上海政法学院,电子商务及法律,120802T,3,B+,2026
河南财经政法大学,电子商务及法律,120802T,4,B+,2026
重庆理工大学,电子商务及法律,120802T,5,B+,2026
广东金融学院,电子商务及法律,120802T,6,B,2026
安徽工程大学,电子商务及法律,120802T,7,B,2026
湖南文理学院,电子商务及法律,120802T,8,B,2026
济宁学院,电子商务及法律,120802T,9,B,2026
山东财经大学,跨境电子商务,120803T,1,A+,2026
广东财经大学,跨境电子商务,120803T,2,A+,2026
西安理工大学,跨境电子商务,120803T,3,A,2026
湖南工商大学,跨境电子商务,120803T,4,A,2026
中国传媒大学,跨境电子商务,120803T,5,A,2026
哈尔滨理工大学,跨境电子商务,120803T,6,A,2026
西安外国语大学,跨境电子商务,120803T,7,A,2026
吉林财经大学,跨境电子商务,120803T,8,A,2026
嘉兴大学,跨境电子商务,120803T,9,A,2026
西北政法大学,跨境电子商务,120803T,10,A,2026
浙江外国语学院,跨境电子商务,120803T,11,A,2026
哈尔滨师范大学,跨境电子商务,120803T,12,A,2026
兰州财经大学,跨境电子商务,120803T,13,B+,2026
大连外国语大学,跨境电子商务,120803T,14,B+,2026
临沂大学,跨境电子商务,120803T,15,B+,2026
江苏理工学院,跨境电子商务,120803T,16,B+,2026
齐鲁师范学院,跨境电子商务,120803T,16,B+,2026
温州理工学院,跨境电子商务,120803T,18,B+,2026
嘉兴南湖学院,跨境电子商务,120803T,19,B+,2026
山东女子学院,跨境电子商务,120803T,20,B+,2026
广州航海学院,跨境电子商务,120803T,21,B+,2026
湖州学院,跨境电子商务,120803T,22,B+,2026
重庆三峡科技大学,跨境电子商务,120803T,23,B+,2026
长春师范大学,跨境电子商务,120803T,24,B+,2026
太原工业学院,跨境电子商务,120803T,25,B+,2026
浙江万里学院,跨境电子商务,120803T,26,B+,2026
菏泽学院,跨境电子商务,120803T,27,B+,2026
南昌师范学院,跨境电子商务,120803T,27,B+,2026
怀化学院,跨境电子商务,120803T,29,B+,2026
湖南科技学院,跨境电子商务,120803T,30,B+,2026
福建商学院,跨境电子商务,120803T,31,B+,2026
河南工学院,跨境电子商务,120803T,32,B+,2026
天水师范大学,跨境电子商务,120803T,33,B+,2026
黑河学院,跨境电子商务,120803T,34,B+,2026
河北水利电力学院,跨境电子商务,120803T,35,B+,2026
山东财经大学燕山学院,跨境电子商务,120803T,35,B+,2026
喀什大学,跨境电子商务,120803T,37,B+,2026
滇西应用技术大学,跨境电子商务,120803T,38,B,2026
湖南女子学院,跨境电子商务,120803T,39,B,2026
九江学院,跨境电子商务,120803T,40,B,2026
红河学院,跨境电子商务,120803T,41,B,2026
太原学院,跨境电子商务,120803T,41,B,2026
辽东学院,跨境电子商务,120803T,43,B,2026
北京城市学院,跨境电子商务,120803T,44,B,2026
百色学院,跨境电子商务,120803T,45,B,2026
贺州学院,跨境电子商务,120803T,46,B,2026
广西民族师范学院,跨境电子商务,120803T,47,B,2026
伊犁师范大学,跨境电子商务,120803T,47,B,2026
中国矿业大学徐海学院,跨境电子商务,120803T,49,B,2026
武汉学院,跨境电子商务,120803T,50,B,2026
烟台理工学院,跨境电子商务,120803T,50,B,2026
上海财经大学浙江学院,跨境电子商务,120803T,52,B,2026
南京传媒学院,跨境电子商务,120803T,53,B,2026
郑州升达经贸管理学院,跨境电子商务,120803T,54,B,2026
齐鲁理工学院,跨境电子商务,120803T,55,B,2026
新疆政法学院,跨境电子商务,120803T,56,B,2026
重庆城市科技学院,跨境电子商务,120803T,57,B,2026
赣南师范大学科技学院,跨境电子商务,120803T,58,B,2026
浙江工商大学杭州商学院,跨境电子商务,120803T,59,B,2026
湖北经济学院法商学院,跨境电子商务,120803T,60,B,2026
广西民族大学相思湖学院,跨境电子商务,120803T,61,B,2026
中原科技学院,跨境电子商务,120803T,61,B,2026
杭州电子科技大学信息工程学院,跨境电子商务,120803T,63,B,2026
潍坊科技学院,跨境电子商务,120803T,63,B,2026
郑州科技学院,跨境电子商务,120803T,63,B,2026
中山大学,旅游管理,120901K,1,A+,2026
南开大学,旅游管理,120901K,2,A+,2026
云南大学,旅游管理,120901K,3,A+,2026
厦门大学,旅游管理,120901K,4,A+,2026
华南理工大学,旅游管理,120901K,5,A+,2026
复旦大学,旅游管理,120901K,6,A+,2026
暨南大学,旅游管理,120901K,7,A+,2026
四川大学,旅游管理,120901K,8,A+,2026
北京第二外国语学院,旅游管理,120901K,9,A+,2026
西南财经大学,旅游管理,120901K,10,A,2026
中南财经政法大学,旅游管理,120901K,11,A,2026
浙江工商大学,旅游管理,120901K,12,A,2026
中国海洋大学,旅游管理,120901K,13,A,2026
东北财经大学,旅游管理,120901K,14,A,2026
湖南师范大学,旅游管理,120901K,14,A,2026
华侨大学,旅游管理,120901K,16,A,2026
海南大学,旅游管理,120901K,17,A,2026
广州大学,旅游管理,120901K,18,A,2026
南京财经大学,旅游管理,120901K,19,A,2026
河南大学,旅游管理,120901K,20,A,2026
南昌大学,旅游管理,120901K,21,A,2026
安徽大学,旅游管理,120901K,22,A,2026
湖北大学,旅游管理,120901K,22,A,2026
南京师范大学,旅游管理,120901K,22,A,2026
江西财经大学,旅游管理,120901K,25,A,2026
湘潭大学,旅游管理,120901K,26,A,2026
华南师范大学,旅游管理,120901K,27,A,2026
广西大学,旅游管理,120901K,28,A,2026
上海师范大学,旅游管理,120901K,29,A,2026
燕山大学,旅游管理,120901K,29,A,2026
天津财经大学,旅游管理,120901K,31,A,2026
北京联合大学,旅游管理,120901K,32,A,2026
西北大学,旅游管理,120901K,33,A,2026
山东师范大学,旅游管理,120901K,34,A,2026
四川农业大学,旅游管理,120901K,35,A,2026
贵州大学,旅游管理,120901K,36,A,2026
青岛大学,旅游管理,120901K,37,A,2026
安徽财经大学,旅游管理,120901K,38,A,2026
南京农业大学,旅游管理,120901K,38,A,2026
上海对外经贸大学,旅游管理,120901K,40,A,2026
宁波大学,旅游管理,120901K,41,A,2026
山西财经大学,旅游管理,120901K,41,A,2026
广东财经大学,旅游管理,120901K,43,A,2026
河北经贸大学,旅游管理,120901K,43,A,2026
西安外国语大学,旅游管理,120901K,43,A,2026
重庆师范大学,旅游管理,120901K,46,A,2026
成都理工大学,旅游管理,120901K,47,A,2026
三峡大学,旅游管理,120901K,47,A,2026
河南财经政法大学,旅游管理,120901K,49,B+,2026
贵州财经大学,旅游管理,120901K,50,B+,2026
重庆交通大学,旅游管理,120901K,51,B+,2026
山西大学,旅游管理,120901K,52,B+,2026
成都大学,旅游管理,120901K,53,B+,2026
南京林业大学,旅游管理,120901K,53,B+,2026
安徽师范大学,旅游管理,120901K,55,B+,2026
内蒙古大学,旅游管理,120901K,55,B+,2026
武汉轻工大学,旅游管理,120901K,57,B+,2026
集美大学,旅游管理,120901K,58,B+,2026
四川师范大学,旅游管理,120901K,58,B+,2026
新疆大学,旅游管理,120901K,60,B+,2026
扬州大学,旅游管理,120901K,61,B+,2026
桂林理工大学,旅游管理,120901K,62,B+,2026
首都师范大学,旅游管理,120901K,62,B+,2026
西南民族大学,旅游管理,120901K,64,B+,2026
中央民族大学,旅游管理,120901K,65,B+,2026
湖南工商大学,旅游管理,120901K,66,B+,2026
成都信息工程大学,旅游管理,120901K,67,B+,2026
河北地质大学,旅游管理,120901K,68,B+,2026
宁夏大学,旅游管理,120901K,68,B+,2026
上海工程技术大学,旅游管理,120901K,68,B+,2026
福建师范大学,旅游管理,120901K,71,B+,2026
延边大学,旅游管理,120901K,71,B+,2026
重庆工商大学,旅游管理,120901K,73,B+,2026
中南林业科技大学,旅游管理,120901K,73,B+,2026
海南师范大学,旅游管理,120901K,75,B+,2026
大连海事大学,旅游管理,120901K,76,B+,2026
上海商学院,旅游管理,120901K,76,B+,2026
河北大学,旅游管理,120901K,78,B+,2026
河南师范大学,旅游管理,120901K,78,B+,2026
西北师范大学,旅游管理,120901K,78,B+,2026
天津商业大学,旅游管理,120901K,81,B+,2026
哈尔滨商业大学,旅游管理,120901K,82,B+,2026
吉首大学,旅游管理,120901K,82,B+,2026
浙大城市学院,旅游管理,120901K,82,B+,2026
广西师范大学,旅游管理,120901K,85,B+,2026
浙江师范大学,旅游管理,120901K,85,B+,2026
江西科技师范大学,旅游管理,120901K,87,B+,2026
曲阜师范大学,旅游管理,120901K,88,B+,2026
西藏大学,旅游管理,120901K,89,B+,2026
合肥大学,旅游管理,120901K,90,B+,2026
台州学院,旅游管理,120901K,91,B+,2026
福建农林大学,旅游管理,120901K,92,B+,2026
贵州民族大学,旅游管理,120901K,92,B+,2026
内蒙古财经大学,旅游管理,120901K,92,B+,2026
北京体育大学,旅游管理,120901K,95,B+,2026
黑龙江大学,旅游管理,120901K,95,B+,2026
大连外国语大学,旅游管理,120901K,97,B+,2026
湖北经济学院,旅游管理,120901K,98,B+,2026
金陵科技学院,旅游管理,120901K,98,B+,2026
沈阳大学,旅游管理,120901K,100,B+,2026
浙江海洋大学,旅游管理,120901K,101,B+,2026
西安财经大学,旅游管理,120901K,102,B+,2026
浙江外国语学院,旅游管理,120901K,102,B+,2026
山东工商学院,旅游管理,120901K,104,B+,2026
新疆财经大学,旅游管理,120901K,104,B+,2026
重庆理工大学,旅游管理,120901K,106,B+,2026
济南大学,旅游管理,120901K,106,B+,2026
河南科技大学,旅游管理,120901K,108,B+,2026
洛阳师范学院,旅游管理,120901K,108,B+,2026
青海大学,旅游管理,120901K,110,B+,2026
青海民族大学,旅游管理,120901K,110,B+,2026
鲁东大学,旅游管理,120901K,112,B+,2026
赣南师范大学,旅游管理,120901K,113,B+,2026
衡阳师范学院,旅游管理,120901K,113,B+,2026
大理大学,旅游管理,120901K,115,B+,2026
河南农业大学,旅游管理,120901K,116,B+,2026
西藏民族大学,旅游管理,120901K,116,B+,2026
云南民族大学,旅游管理,120901K,118,B+,2026
沈阳师范大学,旅游管理,120901K,119,B+,2026
北京石油化工学院,旅游管理,120901K,120,B+,2026
南宁师范大学,旅游管理,120901K,120,B+,2026
四川外国语大学,旅游管理,120901K,122,B+,2026
北方民族大学,旅游管理,120901K,123,B+,2026
长沙学院,旅游管理,120901K,124,B+,2026
辽宁师范大学,旅游管理,120901K,124,B+,2026
江汉大学,旅游管理,120901K,126,B+,2026
南京晓庄学院,旅游管理,120901K,127,B+,2026
江苏师范大学,旅游管理,120901K,128,B+,2026
山西师范大学,旅游管理,120901K,129,B+,2026
哈尔滨理工大学,旅游管理,120901K,130,B+,2026
新疆师范大学,旅游管理,120901K,131,B+,2026
大连大学,旅游管理,120901K,132,B+,2026
安徽农业大学,旅游管理,120901K,133,B+,2026
渤海大学,旅游管理,120901K,133,B+,2026
长江师范学院,旅游管理,120901K,135,B+,2026
陕西师范大学,旅游管理,120901K,136,B+,2026
云南财经大学,旅游管理,120901K,136,B+,2026
成都体育学院,旅游管理,120901K,138,B+,2026
青海师范大学,旅游管理,120901K,138,B+,2026
西安文理学院,旅游管理,120901K,140,B+,2026
北京农学院,旅游管理,120901K,141,B+,2026
黄山学院,旅游管理,120901K,141,B+,2026
贵州师范大学,旅游管理,120901K,143,B+,2026
惠州学院,旅游管理,120901K,143,B+,2026
东北石油大学,旅游管理,120901K,145,B+,2026
临沂大学,旅游管理,120901K,146,B,2026
五邑大学,旅游管理,120901K,146,B,2026
湖北民族大学,旅游管理,120901K,148,B,2026
塔里木大学,旅游管理,120901K,149,B,2026
吉林财经大学,旅游管理,120901K,150,B,2026
江西农业大学,旅游管理,120901K,151,B,2026
石家庄学院,旅游管理,120901K,151,B,2026
沈阳农业大学,旅游管理,120901K,153,B,2026
西华师范大学,旅游管理,120901K,154,B,2026
安庆师范大学,旅游管理,120901K,155,B,2026
内蒙古师范大学,旅游管理,120901K,155,B,2026
云南师范大学,旅游管理,120901K,155,B,2026
淮北师范大学,旅游管理,120901K,158,B,2026
吉林农业大学,旅游管理,120901K,158,B,2026
榆林大学,旅游管理,120901K,158,B,2026
贺州学院,旅游管理,120901K,161,B,2026
广东海洋大学,旅游管理,120901K,162,B,2026
莆田学院,旅游管理,120901K,162,B,2026
湖北文理学院,旅游管理,120901K,164,B,2026
泰山学院,旅游管理,120901K,164,B,2026
桂林旅游学院,旅游管理,120901K,166,B,2026
乐山师范学院,旅游管理,120901K,167,B,2026
丽水学院,旅游管理,120901K,167,B,2026
云南农业大学,旅游管理,120901K,167,B,2026
闽南师范大学,旅游管理,120901K,170,B,2026
天津农学院,旅游管理,120901K,171,B,2026
西南林业大学,旅游管理,120901K,171,B,2026
安康学院,旅游管理,120901K,173,B,2026
北华大学,旅游管理,120901K,173,B,2026
长春大学,旅游管理,120901K,173,B,2026
湖南第一师范学院,旅游管理,120901K,173,B,2026
湖州师范大学,旅游管理,120901K,173,B,2026
四川轻化工大学,旅游管理,120901K,173,B,2026
信阳师范大学,旅游管理,120901K,173,B,2026
佛山大学,旅游管理,120901K,180,B,2026
海南热带海洋学院,旅游管理,120901K,180,B,2026
湖南文理学院,旅游管理,120901K,182,B,2026
井冈山大学,旅游管理,120901K,182,B,2026
九江学院,旅游管理,120901K,182,B,2026
昆明学院,旅游管理,120901K,182,B,2026
中国劳动关系学院,旅游管理,120901K,186,B,2026
广西民族大学,旅游管理,120901K,187,B,2026
呼伦贝尔学院,旅游管理,120901K,187,B,2026
牡丹江师范学院,旅游管理,120901K,187,B,2026
武夷学院,旅游管理,120901K,190,B,2026
运城学院,旅游管理,120901K,190,B,2026
重庆三峡科技大学,旅游管理,120901K,192,B,2026
广州航海学院,旅游管理,120901K,192,B,2026
巢湖学院,旅游管理,120901K,194,B,2026
哈尔滨师范大学,旅游管理,120901K,194,B,2026
吉林工程技术师范学院,旅游管理,120901K,194,B,2026
湖南科技学院,旅游管理,120901K,197,B,2026
湖南女子学院,旅游管理,120901K,197,B,2026
江苏理工学院,旅游管理,120901K,197,B,2026
潍坊学院,旅游管理,120901K,197,B,2026
兰州文理学院,旅游管理,120901K,201,B,2026
闽江大学,旅游管理,120901K,201,B,2026
四川旅游学院,旅游管理,120901K,201,B,2026
咸阳师范学院,旅游管理,120901K,204,B,2026
广西民族师范学院,旅游管理,120901K,205,B,2026
珠海科技学院,旅游管理,120901K,205,B,2026
吉林工商学院,旅游管理,120901K,207,B,2026
铜仁学院,旅游管理,120901K,208,B,2026
安顺学院,旅游管理,120901K,209,B,2026
重庆第二师范学院,旅游管理,120901K,209,B,2026
湖南财政经济学院,旅游管理,120901K,211,B,2026
西北民族大学,旅游管理,120901K,211,B,2026
广西财经学院,旅游管理,120901K,213,B,2026
河西学院,旅游管理,120901K,214,B,2026
太原师范学院,旅游管理,120901K,214,B,2026
湘南学院,旅游管理,120901K,214,B,2026
贵州师范学院,旅游管理,120901K,217,B,2026
池州学院,旅游管理,120901K,218,B,2026
安阳师范学院,旅游管理,120901K,219,B,2026
遵义师范学院,旅游管理,120901K,219,B,2026
赤峰大学,旅游管理,120901K,221,B,2026
河北民族师范学院,旅游管理,120901K,221,B,2026
伊犁师范大学,旅游管理,120901K,223,B,2026
兰州财经大学,旅游管理,120901K,224,B,2026
内蒙古民族大学,旅游管理,120901K,224,B,2026
邵阳学院,旅游管理,120901K,226,B,2026
怀化学院,旅游管理,120901K,227,B,2026
皖西学院,旅游管理,120901K,227,B,2026
许昌学院,旅游管理,120901K,227,B,2026
辽东学院,旅游管理,120901K,230,B,2026
宝鸡文理学院,旅游管理,120901K,231,B,2026
韶关学院,旅游管理,120901K,231,B,2026
贵阳学院,旅游管理,120901K,233,B,2026
四川民族学院,旅游管理,120901K,233,B,2026
北部湾大学,旅游管理,120901K,235,B,2026
北京城市学院,旅游管理,120901K,235,B,2026
淮阴师范学院,旅游管理,120901K,235,B,2026
晋中学院,旅游管理,120901K,238,B,2026
绵阳师范学院,旅游管理,120901K,238,B,2026
唐山师范学院,旅游管理,120901K,238,B,2026
宜宾学院,旅游管理,120901K,238,B,2026
吉林师范大学,旅游管理,120901K,242,B,2026
海南大学,酒店管理,120902,1,A+,2026
浙江工商大学,酒店管理,120902,2,A+,2026
暨南大学,酒店管理,120902,3,A+,2026
华侨大学,酒店管理,120902,4,A+,2026
中山大学,酒店管理,120902,5,A,2026
北京第二外国语学院,酒店管理,120902,6,A,2026
湖南师范大学,酒店管理,120902,7,A,2026
广东财经大学,酒店管理,120902,8,A,2026
湖南工商大学,酒店管理,120902,9,A,2026
北京联合大学,酒店管理,120902,10,A,2026
上海商学院,酒店管理,120902,11,A,2026
河北经贸大学,酒店管理,120902,12,A,2026
天津商业大学,酒店管理,120902,12,A,2026
上海师范大学,酒店管理,120902,14,A,2026
成都大学,酒店管理,120902,15,A,2026
桂林理工大学,酒店管理,120902,16,A,2026
昆明理工大学,酒店管理,120902,17,A,2026
四川师范大学,酒店管理,120902,17,A,2026
江苏理工学院,酒店管理,120902,19,A,2026
贵州财经大学,酒店管理,120902,20,A,2026
贵州师范大学,酒店管理,120902,21,A,2026
重庆科技大学,酒店管理,120902,22,B+,2026
武汉商学院,酒店管理,120902,23,B+,2026
中国劳动关系学院,酒店管理,120902,23,B+,2026
海南师范大学,酒店管理,120902,25,B+,2026
大连大学,酒店管理,120902,26,B+,2026
哈尔滨商业大学,酒店管理,120902,27,B+,2026
昆明学院,酒店管理,120902,27,B+,2026
合肥大学,酒店管理,120902,29,B+,2026
青海师范大学,酒店管理,120902,30,B+,2026
湖北经济学院,酒店管理,120902,31,B+,2026
四川旅游学院,酒店管理,120902,32,B+,2026
长沙师范学院,酒店管理,120902,33,B+,2026
大理大学,酒店管理,120902,33,B+,2026
山东青年政治学院,酒店管理,120902,33,B+,2026
新疆财经大学,酒店管理,120902,36,B+,2026
云南财经大学,酒店管理,120902,37,B+,2026
沈阳师范大学,酒店管理,120902,38,B+,2026
江西科技师范大学,酒店管理,120902,39,B+,2026
江苏第二师范学院,酒店管理,120902,40,B+,2026
闽江大学,酒店管理,120902,41,B+,2026
桂林旅游学院,酒店管理,120902,42,B+,2026
贵州医科大学神奇民族医药学院,酒店管理,120902,43,B+,2026
鞍山师范学院,酒店管理,120902,44,B+,2026
信阳师范大学,酒店管理,120902,44,B+,2026
河南财政金融学院,酒店管理,120902,46,B+,2026
福建商学院,酒店管理,120902,47,B+,2026
海南热带海洋学院,酒店管理,120902,47,B+,2026
内蒙古农业大学,酒店管理,120902,49,B+,2026
武夷学院,酒店管理,120902,49,B+,2026
红河学院,酒店管理,120902,51,B+,2026
池州学院,酒店管理,120902,52,B+,2026
玉林师范学院,酒店管理,120902,53,B+,2026
韩山师范学院,酒店管理,120902,54,B+,2026
广东第二师范学院,酒店管理,120902,55,B+,2026
呼伦贝尔学院,酒店管理,120902,55,B+,2026
太原学院,酒店管理,120902,55,B+,2026
黄山学院,酒店管理,120902,58,B+,2026
辽东学院,酒店管理,120902,58,B+,2026
九江学院,酒店管理,120902,60,B+,2026
四川文理学院,酒店管理,120902,60,B+,2026
吉林工商学院,酒店管理,120902,62,B+,2026
湖南女子学院,酒店管理,120902,63,B+,2026
运城学院,酒店管理,120902,64,B+,2026
滇西应用技术大学,酒店管理,120902,65,B+,2026
信阳农林学院,酒店管理,120902,66,B,2026
河南牧业经济学院,酒店管理,120902,67,B,2026
内蒙古师范大学,酒店管理,120902,67,B,2026
曲靖师范学院,酒店管理,120902,69,B,2026
遵义师范学院,酒店管理,120902,69,B,2026
河西学院,酒店管理,120902,71,B,2026
兰州文理学院,酒店管理,120902,71,B,2026
宁德师范学院,酒店管理,120902,73,B,2026
贵州商学院,酒店管理,120902,74,B,2026
长治学院,酒店管理,120902,75,B,2026
贺州学院,酒店管理,120902,75,B,2026
桂林航天工业学院,酒店管理,120902,77,B,2026
喀什大学,酒店管理,120902,77,B,2026
沧州师范学院,酒店管理,120902,79,B,2026
枣庄学院,酒店管理,120902,80,B,2026
安顺学院,酒店管理,120902,81,B,2026
兰州城市学院,酒店管理,120902,81,B,2026
珠海科技学院,酒店管理,120902,81,B,2026
成都银杏酒店管理学院,酒店管理,120902,84,B,2026
琼台师范学院,酒店管理,120902,84,B,2026
景德镇学院,酒店管理,120902,86,B,2026
天津财经大学珠江学院,酒店管理,120902,86,B,2026
百色学院,酒店管理,120902,88,B,2026
上海杉达学院,酒店管理,120902,88,B,2026
沈阳城市学院,酒店管理,120902,88,B,2026
茅台学院,酒店管理,120902,91,B,2026
晋中学院,酒店管理,120902,92,B,2026
文山学院,酒店管理,120902,92,B,2026
吉林外国语大学,酒店管理,120902,94,B,2026
河北北方学院,酒店管理,120902,95,B,2026
巢湖学院,酒店管理,120902,96,B,2026
重庆人文科技学院,酒店管理,120902,96,B,2026
北京第二外国语学院中瑞酒店管理学院,酒店管理,120902,98,B,2026
浙江越秀外国语学院,酒店管理,120902,99,B,2026
三峡大学科技学院,酒店管理,120902,100,B,2026
丽江文化旅游学院,酒店管理,120902,101,B,2026
青岛黄海学院,酒店管理,120902,102,B,2026
四川工商学院,酒店管理,120902,103,B,2026
山西应用科技学院,酒店管理,120902,104,B,2026
普洱学院,酒店管理,120902,105,B,2026
保山学院,酒店管理,120902,106,B,2026
山东协和学院,酒店管理,120902,107,B,2026
苏州大学应用技术学院,酒店管理,120902,108,B,2026
天津商业大学宝德学院,酒店管理,120902,109,B,2026
中山大学,会展经济与管理,120903,1,A+,2026
南开大学,会展经济与管理,120903,2,A+,2026
四川大学,会展经济与管理,120903,3,A,2026
海南大学,会展经济与管理,120903,4,A,2026
上海对外经贸大学,会展经济与管理,120903,5,A,2026
华侨大学,会展经济与管理,120903,6,A,2026
北京第二外国语学院,会展经济与管理,120903,7,A,2026
湖南师范大学,会展经济与管理,120903,8,A,2026
广东财经大学,会展经济与管理,120903,9,A,2026
上海师范大学,会展经济与管理,120903,10,A,2026
南昌大学,会展经济与管理,120903,11,A,2026
北京联合大学,会展经济与管理,120903,12,A,2026
天津财经大学,会展经济与管理,120903,12,A,2026
云南财经大学,会展经济与管理,120903,14,B+,2026
上海理工大学,会展经济与管理,120903,15,B+,2026
成都大学,会展经济与管理,120903,16,B+,2026
河北经贸大学,会展经济与管理,120903,17,B+,2026
北京农学院,会展经济与管理,120903,18,B+,2026
湖南工商大学,会展经济与管理,120903,19,B+,2026
重庆文理学院,会展经济与管理,120903,20,B+,2026
河南财经政法大学,会展经济与管理,120903,20,B+,2026
福建师范大学,会展经济与管理,120903,22,B+,2026
天津商业大学,会展经济与管理,120903,23,B+,2026
浙大城市学院,会展经济与管理,120903,24,B+,2026
浙江外国语学院,会展经济与管理,120903,25,B+,2026
合肥大学,会展经济与管理,120903,26,B+,2026
浙江传媒学院,会展经济与管理,120903,27,B+,2026
上海第二工业大学,会展经济与管理,120903,28,B+,2026
浙江万里学院,会展经济与管理,120903,29,B+,2026
厦门理工学院,会展经济与管理,120903,30,B+,2026
哈尔滨商业大学,会展经济与管理,120903,31,B+,2026
新疆财经大学,会展经济与管理,120903,32,B+,2026
贵州民族大学,会展经济与管理,120903,33,B+,2026
桂林理工大学,会展经济与管理,120903,34,B+,2026
福建商学院,会展经济与管理,120903,35,B+,2026
重庆第二师范学院,会展经济与管理,120903,36,B+,2026
桂林旅游学院,会展经济与管理,120903,36,B+,2026
仲恺农业工程学院,会展经济与管理,120903,38,B,2026
武汉商学院,会展经济与管理,120903,39,B,2026
南昌师范学院,会展经济与管理,120903,40,B,2026
苏州城市学院,会展经济与管理,120903,41,B,2026
洛阳师范学院,会展经济与管理,120903,42,B,2026
海南热带海洋学院,会展经济与管理,120903,43,B,2026
四川旅游学院,会展经济与管理,120903,44,B,2026
中原工学院,会展经济与管理,120903,45,B,2026
黄山学院,会展经济与管理,120903,46,B,2026
山东女子学院,会展经济与管理,120903,46,B,2026
贵州商学院,会展经济与管理,120903,48,B,2026
伊犁师范大学,会展经济与管理,120903,49,B,2026
信阳农林学院,会展经济与管理,120903,50,B,2026
河南财政金融学院,会展经济与管理,120903,51,B,2026
珠海科技学院,会展经济与管理,120903,51,B,2026
北京城市学院,会展经济与管理,120903,53,B,2026
重庆财经学院,会展经济与管理,120903,53,B,2026
辽宁对外经贸学院,会展经济与管理,120903,53,B,2026
吉林工商学院,会展经济与管理,120903,56,B,2026
河北环境工程学院,会展经济与管理,120903,57,B,2026
山西传媒学院,会展经济与管理,120903,58,B,2026
太原学院,会展经济与管理,120903,59,B,2026
昌吉学院,会展经济与管理,120903,60,B,2026
河北师范大学,旅游管理与服务教育,120904T,1,A+,2026
湖北师范大学,旅游管理与服务教育,120904T,2,A+,2026
三明学院,旅游管理与服务教育,120904T,3,A,2026
江苏理工学院,旅游管理与服务教育,120904T,4,A,2026
湖州学院,旅游管理与服务教育,120904T,5,B+,2026
武汉商学院,旅游管理与服务教育,120904T,6,B+,2026
衢州学院,旅游管理与服务教育,120904T,7,B+,2026
阿坝师范学院,旅游管理与服务教育,120904T,8,B+,2026
广东第二师范学院,旅游管理与服务教育,120904T,8,B+,2026
福建商学院,旅游管理与服务教育,120904T,10,B+,2026
内蒙古农业大学,旅游管理与服务教育,120904T,11,B+,2026
山东管理学院,旅游管理与服务教育,120904T,12,B+,2026
福建技术师范学院,旅游管理与服务教育,120904T,13,B+,2026
安顺学院,旅游管理与服务教育,120904T,14,B,2026
六盘水师范学院,旅游管理与服务教育,120904T,15,B,2026
济宁学院,旅游管理与服务教育,120904T,16,B,2026
兴义民族师范学院,旅游管理与服务教育,120904T,17,B,2026
豫章师范学院,旅游管理与服务教育,120904T,17,B,2026
保定学院,旅游管理与服务教育,120904T,19,B,2026
桂林航天工业学院,旅游管理与服务教育,120904T,20,B,2026
桂林旅游学院,旅游管理与服务教育,120904T,21,B,2026
太原学院,旅游管理与服务教育,120904T,22,B,2026
萍乡学院,旅游管理与服务教育,120904T,23,B,2026
北京大学,艺术史论,130101,1,A+,2026
中国美术学院,艺术史论,130101,2,A+,2026
中央美术学院,艺术史论,130101,3,B+,2026
南京艺术学院,艺术史论,130101,4,B+,2026
东南大学,艺术史论,130101,5,B+,2026
清华大学,艺术史论,130101,6,B,2026
四川美术学院,艺术史论,130101,7,B,2026
山东艺术学院,艺术史论,130101,8,B,2026
上海戏剧学院,艺术管理,130102T,1,A+,2026
中国美术学院,艺术管理,130102T,2,A+,2026
中央美术学院,艺术管理,130102T,2,A+,2026
南京艺术学院,艺术管理,130102T,4,A,2026
中央戏剧学院,艺术管理,130102T,5,B+,2026
上海音乐学院,艺术管理,130102T,6,B+,2026
中国传媒大学,艺术管理,130102T,7,B+,2026
北京舞蹈学院,艺术管理,130102T,8,B+,2026
中国音乐学院,艺术管理,130102T,9,B+,2026
上海大学,艺术管理,130102T,10,B+,2026
广州美术学院,艺术管理,130102T,11,B+,2026
中国戏曲学院,艺术管理,130102T,12,B+,2026
中国人民大学,艺术管理,130102T,13,B,2026
云南艺术学院,艺术管理,130102T,14,B,2026
山东艺术学院,艺术管理,130102T,15,B,2026
上海师范大学,艺术管理,130102T,16,B,2026
哈尔滨音乐学院,艺术管理,130102T,17,B,2026
广西艺术学院,艺术管理,130102T,18,B,2026
西安美术学院,艺术管理,130102T,19,B,2026
吉林艺术学院,艺术管理,130102T,20,B,2026
中央美术学院,非物质文化遗产保护,130103T,1,A+,2026
南京艺术学院,非物质文化遗产保护,130103T,2,A+,2026
山东艺术学院,非物质文化遗产保护,130103T,3,B+,2026
山西师范大学,非物质文化遗产保护,130103T,3,B+,2026
浙江师范大学,非物质文化遗产保护,130103T,5,B+,2026
云南艺术学院,非物质文化遗产保护,130103T,6,B+,2026
西安美术学院,非物质文化遗产保护,130103T,7,B+,2026
大连工业大学,非物质文化遗产保护,130103T,8,B,2026
西安音乐学院,非物质文化遗产保护,130103T,9,B,2026
山东工艺美术学院,非物质文化遗产保护,130103T,10,B,2026
新疆艺术学院,非物质文化遗产保护,130103T,11,B,2026
凯里学院,非物质文化遗产保护,130103T,12,B,2026
北京联合大学,非物质文化遗产保护,130103T,13,B,2026
上海音乐学院,音乐表演,130201,1,A+,2026
中国音乐学院,音乐表演,130201,2,A+,2026
中央音乐学院,音乐表演,130201,3,A+,2026
浙江音乐学院,音乐表演,130201,4,A+,2026
四川音乐学院,音乐表演,130201,5,A+,2026
武汉音乐学院,音乐表演,130201,6,A,2026
星海音乐学院,音乐表演,130201,7,A,2026
沈阳音乐学院,音乐表演,130201,8,A,2026
湖南师范大学,音乐表演,130201,9,A,2026
天津音乐学院,音乐表演,130201,10,A,2026
中国传媒大学,音乐表演,130201,11,A,2026
西安音乐学院,音乐表演,130201,12,A,2026
贵州民族大学,音乐表演,130201,13,A,2026
中央民族大学,音乐表演,130201,14,A,2026
哈尔滨音乐学院,音乐表演,130201,15,A,2026
广西艺术学院,音乐表演,130201,16,A,2026
厦门大学,音乐表演,130201,16,A,2026
中山大学,音乐表演,130201,18,A,2026
山东师范大学,音乐表演,130201,19,A,2026
西南大学,音乐表演,130201,19,A,2026
郑州大学,音乐表演,130201,21,A,2026
南京艺术学院,音乐表演,130201,22,A,2026
四川师范大学,音乐表演,130201,23,A,2026
河南大学,音乐表演,130201,24,A,2026
安徽师范大学,音乐表演,130201,25,A,2026
河北师范大学,音乐表演,130201,26,A,2026
山东艺术学院,音乐表演,130201,27,A,2026
江西师范大学,音乐表演,130201,28,A,2026
云南艺术学院,音乐表演,130201,29,B+,2026
中国戏曲学院,音乐表演,130201,30,B+,2026
华南理工大学,音乐表演,130201,31,B+,2026
山西大学,音乐表演,130201,31,B+,2026
贵州大学,音乐表演,130201,33,B+,2026
南京航空航天大学,音乐表演,130201,33,B+,2026
浙江传媒学院,音乐表演,130201,35,B+,2026
吉林艺术学院,音乐表演,130201,36,B+,2026
西北民族大学,音乐表演,130201,36,B+,2026
中南大学,音乐表演,130201,38,B+,2026
北方民族大学,音乐表演,130201,39,B+,2026
海南大学,音乐表演,130201,39,B+,2026
新疆艺术学院,音乐表演,130201,41,B+,2026
内蒙古艺术学院,音乐表演,130201,42,B+,2026
哈尔滨师范大学,音乐表演,130201,43,B+,2026
兰州大学,音乐表演,130201,44,B+,2026
齐齐哈尔大学,音乐表演,130201,44,B+,2026
中南林业科技大学,音乐表演,130201,44,B+,2026
重庆师范大学,音乐表演,130201,47,B+,2026
首都师范大学,音乐表演,130201,47,B+,2026
青岛大学,音乐表演,130201,49,B+,2026
长春大学,音乐表演,130201,50,B+,2026
集美大学,音乐表演,130201,51,B+,2026
陕西师范大学,音乐表演,130201,51,B+,2026
燕山大学,音乐表演,130201,51,B+,2026
华东师范大学,音乐表演,130201,54,B+,2026
沈阳师范大学,音乐表演,130201,55,B+,2026
四川大学,音乐表演,130201,55,B+,2026
中北大学,音乐表演,130201,57,B+,2026
云南民族大学,音乐表演,130201,58,B+,2026
青海师范大学,音乐表演,130201,59,B+,2026
上海大学,音乐表演,130201,59,B+,2026
苏州大学,音乐表演,130201,61,B+,2026
重庆大学,音乐表演,130201,62,B+,2026
洛阳师范学院,音乐表演,130201,63,B+,2026
三亚学院,音乐表演,130201,64,B+,2026
上海师范大学,音乐表演,130201,64,B+,2026
广西民族大学,音乐表演,130201,66,B+,2026
兰州文理学院,音乐表演,130201,66,B+,2026
深圳大学,音乐表演,130201,66,B+,2026
盐城师范学院,音乐表演,130201,66,B+,2026
扬州大学,音乐表演,130201,66,B+,2026
安徽艺术学院,音乐表演,130201,71,B+,2026
大连艺术学院,音乐表演,130201,71,B+,2026
延边大学,音乐表演,130201,73,B+,2026
河南师范大学,音乐表演,130201,74,B+,2026
江西科技师范大学,音乐表演,130201,74,B+,2026
东北大学,音乐表演,130201,76,B+,2026
曲阜师范大学,音乐表演,130201,76,B+,2026
西北师范大学,音乐表演,130201,76,B+,2026
黄淮学院,音乐表演,130201,79,B+,2026
惠州学院,音乐表演,130201,79,B+,2026
同济大学,音乐表演,130201,81,B+,2026
广东外语外贸大学,音乐表演,130201,82,B+,2026
黄冈师范学院,音乐表演,130201,82,B+,2026
山西应用科技学院,音乐表演,130201,82,B+,2026
天津师范大学,音乐表演,130201,82,B+,2026
西华师范大学,音乐表演,130201,86,B,2026
河西学院,音乐表演,130201,87,B,2026
华中科技大学,音乐表演,130201,88,B,2026
荆楚理工学院,音乐表演,130201,88,B,2026
天津传媒学院,音乐表演,130201,90,B,2026
西南交通大学,音乐表演,130201,90,B,2026
周口师范学院,音乐表演,130201,90,B,2026
新疆师范大学,音乐表演,130201,93,B,2026
长江大学,音乐表演,130201,94,B,2026
海口经济学院,音乐表演,130201,95,B,2026
黑龙江大学,音乐表演,130201,95,B,2026
西南科技大学,音乐表演,130201,95,B,2026
安徽大学,音乐表演,130201,98,B,2026
中国海洋大学,音乐表演,130201,98,B,2026
东北石油大学,音乐表演,130201,100,B,2026
南通大学,音乐表演,130201,100,B,2026
昆明传媒学院,音乐表演,130201,102,B,2026
太原师范学院,音乐表演,130201,102,B,2026
成都大学,音乐表演,130201,104,B,2026
江汉大学,音乐表演,130201,104,B,2026
青岛科技大学,音乐表演,130201,104,B,2026
四川轻化工大学,音乐表演,130201,104,B,2026
香港中文大学（深圳）,音乐表演,130201,104,B,2026
郑州西亚斯学院,音乐表演,130201,104,B,2026
辽宁师范大学,音乐表演,130201,110,B,2026
宁夏师范大学,音乐表演,130201,110,B,2026
湖北师范大学,音乐表演,130201,112,B,2026
辽宁大学,音乐表演,130201,112,B,2026
齐鲁工业大学,音乐表演,130201,112,B,2026
海南热带海洋学院,音乐表演,130201,115,B,2026
河北经贸大学,音乐表演,130201,115,B,2026
内蒙古师范大学,音乐表演,130201,115,B,2026
西藏大学,音乐表演,130201,115,B,2026
贵州师范大学,音乐表演,130201,119,B,2026
河南理工大学,音乐表演,130201,119,B,2026
淮北师范大学,音乐表演,130201,119,B,2026
沈阳大学,音乐表演,130201,119,B,2026
江苏师范大学,音乐表演,130201,123,B,2026
内蒙古科技大学包头师范学院,音乐表演,130201,123,B,2026
内蒙古民族大学,音乐表演,130201,123,B,2026
西南民族大学,音乐表演,130201,123,B,2026
阜阳师范大学,音乐表演,130201,127,B,2026
华南农业大学,音乐表演,130201,127,B,2026
吉林师范大学,音乐表演,130201,127,B,2026
佳木斯大学,音乐表演,130201,130,B,2026
昆明学院,音乐表演,130201,131,B,2026
渤海大学,音乐表演,130201,132,B,2026
南阳师范学院,音乐表演,130201,132,B,2026
北师香港浸会大学,音乐表演,130201,134,B,2026
长江师范学院,音乐表演,130201,134,B,2026
牡丹江师范学院,音乐表演,130201,134,B,2026
广东石油化工学院,音乐表演,130201,137,B,2026
信阳师范大学,音乐表演,130201,137,B,2026
伊犁师范大学,音乐表演,130201,137,B,2026
珠海科技学院,音乐表演,130201,137,B,2026
太原理工大学,音乐表演,130201,141,B,2026
韩山师范学院,音乐表演,130201,142,B,2026
黄河科技学院,音乐表演,130201,142,B,2026
湖北文理学院,音乐表演,130201,142,B,2026
呼伦贝尔学院,音乐表演,130201,142,B,2026
湖南工商大学,音乐表演,130201,142,B,2026
中央音乐学院,音乐学,130202,1,A+,2026
中国音乐学院,音乐学,130202,2,A+,2026
浙江音乐学院,音乐学,130202,3,A+,2026
宁波大学,音乐学,130202,4,A+,2026
上海音乐学院,音乐学,130202,4,A+,2026
华东师范大学,音乐学,130202,6,A+,2026
南京师范大学,音乐学,130202,7,A+,2026
福建师范大学,音乐学,130202,8,A+,2026
湖南师范大学,音乐学,130202,8,A+,2026
陕西师范大学,音乐学,130202,10,A,2026
浙江师范大学,音乐学,130202,11,A,2026
天津音乐学院,音乐学,130202,12,A,2026
北京师范大学,音乐学,130202,13,A,2026
山东大学,音乐学,130202,13,A,2026
武汉音乐学院,音乐学,130202,15,A,2026
哈尔滨音乐学院,音乐学,130202,16,A,2026
东北师范大学,音乐学,130202,17,A,2026
星海音乐学院,音乐学,130202,17,A,2026
四川师范大学,音乐学,130202,19,A,2026
西安音乐学院,音乐学,130202,20,A,2026
泉州师范学院,音乐学,130202,21,A,2026
华南师范大学,音乐学,130202,22,A,2026
苏州大学,音乐学,130202,23,A,2026
中国传媒大学,音乐学,130202,23,A,2026
杭州师范大学,音乐学,130202,25,A,2026
山东师范大学,音乐学,130202,25,A,2026
首都师范大学,音乐学,130202,25,A,2026
华中师范大学,音乐学,130202,28,A,2026
四川音乐学院,音乐学,130202,29,A,2026
西南大学,音乐学,130202,29,A,2026
中央民族大学,音乐学,130202,31,A,2026
上海师范大学,音乐学,130202,32,A,2026
延边大学,音乐学,130202,33,A,2026
沈阳音乐学院,音乐学,130202,34,A,2026
广西艺术学院,音乐学,130202,35,A,2026
温州大学,音乐学,130202,35,A,2026
河南大学,音乐学,130202,37,A,2026
吉林艺术学院,音乐学,130202,38,A,2026
山西师范大学,音乐学,130202,38,A,2026
南京艺术学院,音乐学,130202,40,A,2026
安徽师范大学,音乐学,130202,41,A,2026
广州大学,音乐学,130202,42,B+,2026
河北师范大学,音乐学,130202,43,B+,2026
江西师范大学,音乐学,130202,44,B+,2026
中南民族大学,音乐学,130202,44,B+,2026
海南师范大学,音乐学,130202,46,B+,2026
曲阜师范大学,音乐学,130202,47,B+,2026
山东艺术学院,音乐学,130202,47,B+,2026
重庆师范大学,音乐学,130202,49,B+,2026
赣南师范大学,音乐学,130202,49,B+,2026
广西师范大学,音乐学,130202,49,B+,2026
绍兴大学,音乐学,130202,49,B+,2026
扬州大学,音乐学,130202,49,B+,2026
集美大学,音乐学,130202,54,B+,2026
河南师范大学,音乐学,130202,55,B+,2026
黄冈师范学院,音乐学,130202,56,B+,2026
湖州师范大学,音乐学,130202,56,B+,2026
辽宁师范大学,音乐学,130202,58,B+,2026
丽水学院,音乐学,130202,58,B+,2026
苏州科技大学,音乐学,130202,60,B+,2026
吉首大学,音乐学,130202,61,B+,2026
云南艺术学院,音乐学,130202,62,B+,2026
西北师范大学,音乐学,130202,63,B+,2026
宁夏大学,音乐学,130202,64,B+,2026
沈阳师范大学,音乐学,130202,65,B+,2026
长春师范大学,音乐学,130202,66,B+,2026
长江大学,音乐学,130202,67,B+,2026
哈尔滨师范大学,音乐学,130202,67,B+,2026
天津师范大学,音乐学,130202,67,B+,2026
新疆师范大学,音乐学,130202,67,B+,2026
贵州民族大学,音乐学,130202,71,B+,2026
临沂大学,音乐学,130202,71,B+,2026
信阳师范大学,音乐学,130202,71,B+,2026
西藏大学,音乐学,130202,74,B+,2026
江南大学,音乐学,130202,75,B+,2026
闽南师范大学,音乐学,130202,75,B+,2026
云南师范大学,音乐学,130202,77,B+,2026
郑州大学,音乐学,130202,77,B+,2026
江西科技师范大学,音乐学,130202,79,B+,2026
青海师范大学,音乐学,130202,79,B+,2026
内蒙古师范大学,音乐学,130202,81,B+,2026
延安大学,音乐学,130202,81,B+,2026
南通大学,音乐学,130202,83,B+,2026
沈阳大学,音乐学,130202,83,B+,2026
贵州师范学院,音乐学,130202,85,B+,2026
湖南第一师范学院,音乐学,130202,85,B+,2026
佳木斯大学,音乐学,130202,85,B+,2026
长江师范学院,音乐学,130202,88,B+,2026
昆明学院,音乐学,130202,88,B+,2026
三峡大学,音乐学,130202,88,B+,2026
江汉大学,音乐学,130202,91,B+,2026
江苏师范大学,音乐学,130202,91,B+,2026
济南大学,音乐学,130202,91,B+,2026
西华师范大学,音乐学,130202,91,B+,2026
周口师范学院,音乐学,130202,91,B+,2026
内蒙古艺术学院,音乐学,130202,96,B+,2026
莆田学院,音乐学,130202,96,B+,2026
广西大学,音乐学,130202,98,B+,2026
贵州师范大学,音乐学,130202,98,B+,2026
湖北师范大学,音乐学,130202,100,B+,2026
湖南科技大学,音乐学,130202,100,B+,2026
绵阳师范学院,音乐学,130202,100,B+,2026
内蒙古民族大学,音乐学,130202,100,B+,2026
广东技术师范大学,音乐学,130202,104,B+,2026
衡阳师范学院,音乐学,130202,104,B+,2026
淮北师范大学,音乐学,130202,104,B+,2026
湖南城市学院,音乐学,130202,104,B+,2026
齐齐哈尔大学,音乐学,130202,104,B+,2026
吉林师范大学,音乐学,130202,109,B+,2026
石河子大学,音乐学,130202,109,B+,2026
铜仁学院,音乐学,130202,109,B+,2026
重庆文理学院,音乐学,130202,112,B+,2026
怀化学院,音乐学,130202,112,B+,2026
南京晓庄学院,音乐学,130202,112,B+,2026
郑州师范学院,音乐学,130202,112,B+,2026
湖南工业大学,音乐学,130202,116,B+,2026
鲁东大学,音乐学,130202,116,B+,2026
台州学院,音乐学,130202,116,B+,2026
成都师范学院,音乐学,130202,119,B+,2026
井冈山大学,音乐学,130202,119,B+,2026
宁夏师范大学,音乐学,130202,119,B+,2026
皖西学院,音乐学,130202,119,B+,2026
浙江外国语学院,音乐学,130202,119,B+,2026
北华大学,音乐学,130202,124,B+,2026
长沙学院,音乐学,130202,124,B+,2026
牡丹江师范学院,音乐学,130202,124,B+,2026
潍坊学院,音乐学,130202,124,B+,2026
合肥师范学院,音乐学,130202,128,B,2026
晋中学院,音乐学,130202,128,B,2026
商丘师范学院,音乐学,130202,128,B,2026
兴义民族师范学院,音乐学,130202,128,B,2026
北部湾大学,音乐学,130202,132,B,2026
河北科技师范学院,音乐学,130202,132,B,2026
齐鲁师范学院,音乐学,130202,132,B,2026
青岛大学,音乐学,130202,132,B,2026
安庆师范大学,音乐学,130202,136,B,2026
南阳师范学院,音乐学,130202,136,B,2026
苏州工学院,音乐学,130202,136,B,2026
湘南学院,音乐学,130202,136,B,2026
中北大学,音乐学,130202,136,B,2026
湖北第二师范学院,音乐学,130202,141,B,2026
湖北民族大学,音乐学,130202,141,B,2026
宁德师范学院,音乐学,130202,141,B,2026
太原师范学院,音乐学,130202,141,B,2026
中国矿业大学,音乐学,130202,141,B,2026
江苏第二师范学院,音乐学,130202,146,B,2026
南昌师范学院,音乐学,130202,146,B,2026
上饶师范学院,音乐学,130202,146,B,2026
厦门大学,音乐学,130202,146,B,2026
重庆人文科技学院,音乐学,130202,150,B,2026
三明学院,音乐学,130202,150,B,2026
南昌大学,音乐学,130202,152,B,2026
鞍山师范学院,音乐学,130202,153,B,2026
长治学院,音乐学,130202,153,B,2026
哈尔滨学院,音乐学,130202,153,B,2026
湖北文理学院,音乐学,130202,153,B,2026
廊坊师范学院,音乐学,130202,153,B,2026
上海大学,音乐学,130202,153,B,2026
西安文理学院,音乐学,130202,153,B,2026
长春人文学院,音乐学,130202,160,B,2026
衡水学院,音乐学,130202,160,B,2026
山东航空学院,音乐学,130202,160,B,2026
通化师范学院,音乐学,130202,160,B,2026
宜宾学院,音乐学,130202,160,B,2026
淮南师范学院,音乐学,130202,165,B,2026
江西财经大学,音乐学,130202,165,B,2026
乐山师范学院,音乐学,130202,165,B,2026
陕西理工大学,音乐学,130202,165,B,2026
长沙师范学院,音乐学,130202,169,B,2026
河北北方学院,音乐学,130202,169,B,2026
河北民族师范学院,音乐学,130202,169,B,2026
内江师范学院,音乐学,130202,169,B,2026
运城学院,音乐学,130202,169,B,2026
云南大学,音乐学,130202,169,B,2026
阿坝师范学院,音乐学,130202,175,B,2026
河南科技学院,音乐学,130202,175,B,2026
曲靖师范学院,音乐学,130202,175,B,2026
宜春学院,音乐学,130202,175,B,2026
保山学院,音乐学,130202,179,B,2026
沧州师范学院,音乐学,130202,179,B,2026
贵州工程应用技术学院,音乐学,130202,179,B,2026
淮阴师范学院,音乐学,130202,179,B,2026
泰州学院,音乐学,130202,179,B,2026
安阳师范学院,音乐学,130202,184,B,2026
贵阳学院,音乐学,130202,184,B,2026
邯郸学院,音乐学,130202,184,B,2026
文山学院,音乐学,130202,187,B,2026
伊犁师范大学,音乐学,130202,187,B,2026
湖南理工大学,音乐学,130202,189,B,2026
华东交通大学,音乐学,130202,190,B,2026
深圳大学,音乐学,130202,190,B,2026
四川文理学院,音乐学,130202,190,B,2026
南京特殊教育师范学院,音乐学,130202,193,B,2026
渭南师范学院,音乐学,130202,193,B,2026
中国戏曲学院,音乐学,130202,193,B,2026
新疆艺术学院,音乐学,130202,196,B,2026
盐城师范学院,音乐学,130202,196,B,2026
阜阳师范大学,音乐学,130202,198,B,2026
滁州学院,音乐学,130202,199,B,2026
湖北科技学院,音乐学,130202,199,B,2026
湖南文理学院,音乐学,130202,199,B,2026
黔南民族师范学院,音乐学,130202,202,B,2026
邵阳学院,音乐学,130202,202,B,2026
赤峰大学,音乐学,130202,204,B,2026
邢台学院,音乐学,130202,204,B,2026
常州大学,音乐学,130202,206,B,2026
德州学院,音乐学,130202,206,B,2026
惠州学院,音乐学,130202,206,B,2026
上海音乐学院,作曲与作曲技术理论,130203,1,A+,2026
中国音乐学院,作曲与作曲技术理论,130203,2,A+,2026
中央音乐学院,作曲与作曲技术理论,130203,3,A,2026
浙江音乐学院,作曲与作曲技术理论,130203,4,A,2026
沈阳音乐学院,作曲与作曲技术理论,130203,5,B+,2026
四川音乐学院,作曲与作曲技术理论,130203,6,B+,2026
星海音乐学院,作曲与作曲技术理论,130203,7,B+,2026
西安音乐学院,作曲与作曲技术理论,130203,8,B+,2026
武汉音乐学院,作曲与作曲技术理论,130203,9,B+,2026
中央民族大学,作曲与作曲技术理论,130203,9,B+,2026
南京艺术学院,作曲与作曲技术理论,130203,11,B+,2026
中国传媒大学,作曲与作曲技术理论,130203,12,B+,2026
天津音乐学院,作曲与作曲技术理论,130203,13,B,2026
中国戏曲学院,作曲与作曲技术理论,130203,14,B,2026
云南艺术学院,作曲与作曲技术理论,130203,15,B,2026
北京电影学院,作曲与作曲技术理论,130203,16,B,2026
西北民族大学,作曲与作曲技术理论,130203,17,B,2026
哈尔滨音乐学院,作曲与作曲技术理论,130203,18,B,2026
广西艺术学院,作曲与作曲技术理论,130203,19,B,2026
山东艺术学院,作曲与作曲技术理论,130203,20,B,2026
北京舞蹈学院,舞蹈表演,130204,1,A+,2026
中央民族大学,舞蹈表演,130204,2,A+,2026
上海戏剧学院,舞蹈表演,130204,3,A+,2026
西北民族大学,舞蹈表演,130204,4,A,2026
四川大学,舞蹈表演,130204,5,A,2026
南京艺术学院,舞蹈表演,130204,6,A,2026
重庆大学,舞蹈表演,130204,7,A,2026
云南艺术学院,舞蹈表演,130204,8,A,2026
内蒙古艺术学院,舞蹈表演,130204,9,A,2026
星海音乐学院,舞蹈表演,130204,10,A,2026
沈阳音乐学院,舞蹈表演,130204,11,A,2026
安徽师范大学,舞蹈表演,130204,12,A,2026
山东艺术学院,舞蹈表演,130204,12,A,2026
广西艺术学院,舞蹈表演,130204,14,A,2026
浙江音乐学院,舞蹈表演,130204,14,A,2026
武汉音乐学院,舞蹈表演,130204,16,A,2026
首都体育学院,舞蹈表演,130204,17,A,2026
中南民族大学,舞蹈表演,130204,17,A,2026
西北师范大学,舞蹈表演,130204,19,B+,2026
西南民族大学,舞蹈表演,130204,19,B+,2026
贵州大学,舞蹈表演,130204,21,B+,2026
延边大学,舞蹈表演,130204,21,B+,2026
吉林艺术学院,舞蹈表演,130204,23,B+,2026
河北师范大学,舞蹈表演,130204,24,B+,2026
北京体育大学,舞蹈表演,130204,25,B+,2026
贵州民族大学,舞蹈表演,130204,26,B+,2026
南京体育学院,舞蹈表演,130204,26,B+,2026
天津音乐学院,舞蹈表演,130204,28,B+,2026
厦门大学,舞蹈表演,130204,29,B+,2026
燕山大学,舞蹈表演,130204,30,B+,2026
湖南科技大学,舞蹈表演,130204,31,B+,2026
西藏大学,舞蹈表演,130204,32,B+,2026
武汉体育学院,舞蹈表演,130204,33,B+,2026
河南大学,舞蹈表演,130204,34,B+,2026
四川师范大学,舞蹈表演,130204,34,B+,2026
成都体育学院,舞蹈表演,130204,36,B+,2026
西安音乐学院,舞蹈表演,130204,36,B+,2026
哈尔滨体育学院,舞蹈表演,130204,38,B+,2026
山东工艺美术学院,舞蹈表演,130204,39,B+,2026
大连艺术学院,舞蹈表演,130204,40,B+,2026
红河学院,舞蹈表演,130204,41,B+,2026
新疆艺术学院,舞蹈表演,130204,41,B+,2026
西安体育学院,舞蹈表演,130204,43,B+,2026
郑州大学,舞蹈表演,130204,44,B+,2026
广州体育学院,舞蹈表演,130204,45,B+,2026
河北经贸大学,舞蹈表演,130204,45,B+,2026
华南理工大学,舞蹈表演,130204,47,B+,2026
哈尔滨音乐学院,舞蹈表演,130204,48,B+,2026
河北体育学院,舞蹈表演,130204,48,B+,2026
四川音乐学院,舞蹈表演,130204,48,B+,2026
山东体育学院,舞蹈表演,130204,51,B+,2026
宁夏大学,舞蹈表演,130204,52,B+,2026
昆明传媒学院,舞蹈表演,130204,53,B+,2026
华中科技大学,舞蹈表演,130204,54,B+,2026
中南大学,舞蹈表演,130204,54,B+,2026
重庆师范大学,舞蹈表演,130204,56,B,2026
沈阳师范大学,舞蹈表演,130204,57,B,2026
成都大学,舞蹈表演,130204,58,B,2026
山东青年政治学院,舞蹈表演,130204,58,B,2026
西华师范大学,舞蹈表演,130204,58,B,2026
湖南工业大学,舞蹈表演,130204,61,B,2026
江汉大学,舞蹈表演,130204,61,B,2026
集美大学,舞蹈表演,130204,61,B,2026
齐鲁理工学院,舞蹈表演,130204,64,B,2026
广东外语外贸大学,舞蹈表演,130204,65,B,2026
吉首大学,舞蹈表演,130204,65,B,2026
江西财经大学,舞蹈表演,130204,67,B,2026
兰州文理学院,舞蹈表演,130204,67,B,2026
长春大学,舞蹈表演,130204,69,B,2026
湖北师范大学,舞蹈表演,130204,69,B,2026
湖南农业大学,舞蹈表演,130204,69,B,2026
沈阳体育学院,舞蹈表演,130204,72,B,2026
安徽艺术学院,舞蹈表演,130204,73,B,2026
湖北科技学院,舞蹈表演,130204,73,B,2026
呼伦贝尔学院,舞蹈表演,130204,73,B,2026
宁夏师范大学,舞蹈表演,130204,73,B,2026
浙江越秀外国语学院,舞蹈表演,130204,73,B,2026
河北科技师范学院,舞蹈表演,130204,78,B,2026
河北农业大学,舞蹈表演,130204,78,B,2026
华东交通大学,舞蹈表演,130204,78,B,2026
黄冈师范学院,舞蹈表演,130204,78,B,2026
绵阳师范学院,舞蹈表演,130204,82,B,2026
西华大学,舞蹈表演,130204,82,B,2026
安庆师范大学,舞蹈表演,130204,84,B,2026
北部湾大学,舞蹈表演,130204,84,B,2026
常州大学,舞蹈表演,130204,84,B,2026
湖北理工学院,舞蹈表演,130204,84,B,2026
湖北文理学院,舞蹈表演,130204,84,B,2026
湖南第一师范学院,舞蹈表演,130204,84,B,2026
牡丹江师范学院,舞蹈表演,130204,84,B,2026
太原师范学院,舞蹈表演,130204,84,B,2026
宜宾学院,舞蹈表演,130204,84,B,2026
北京舞蹈学院,舞蹈学,130205,1,A+,2026
中央民族大学,舞蹈学,130205,2,A+,2026
北京师范大学,舞蹈学,130205,3,A+,2026
首都师范大学,舞蹈学,130205,4,A+,2026
福建师范大学,舞蹈学,130205,5,A,2026
南京艺术学院,舞蹈学,130205,6,A,2026
杭州师范大学,舞蹈学,130205,7,A,2026
华南师范大学,舞蹈学,130205,8,A,2026
南京师范大学,舞蹈学,130205,9,A,2026
浙江音乐学院,舞蹈学,130205,10,A,2026
浙江师范大学,舞蹈学,130205,11,A,2026
西北民族大学,舞蹈学,130205,12,A,2026
陕西师范大学,舞蹈学,130205,13,A,2026
山东师范大学,舞蹈学,130205,14,A,2026
上海师范大学,舞蹈学,130205,14,A,2026
华中师范大学,舞蹈学,130205,16,A,2026
湖南师范大学,舞蹈学,130205,17,A,2026
新疆艺术学院,舞蹈学,130205,18,A,2026
四川音乐学院,舞蹈学,130205,19,A,2026
星海音乐学院,舞蹈学,130205,20,A,2026
四川师范大学,舞蹈学,130205,21,A,2026
江西师范大学,舞蹈学,130205,22,B+,2026
西北师范大学,舞蹈学,130205,23,B+,2026
南昌大学,舞蹈学,130205,24,B+,2026
山东艺术学院,舞蹈学,130205,24,B+,2026
沈阳音乐学院,舞蹈学,130205,26,B+,2026
云南艺术学院,舞蹈学,130205,27,B+,2026
重庆师范大学,舞蹈学,130205,28,B+,2026
新疆师范大学,舞蹈学,130205,29,B+,2026
内蒙古艺术学院,舞蹈学,130205,30,B+,2026
天津体育学院,舞蹈学,130205,30,B+,2026
赣南师范大学,舞蹈学,130205,32,B+,2026
西安音乐学院,舞蹈学,130205,33,B+,2026
长治学院,舞蹈学,130205,34,B+,2026
淮阴师范学院,舞蹈学,130205,34,B+,2026
湖北第二师范学院,舞蹈学,130205,34,B+,2026
昆明学院,舞蹈学,130205,34,B+,2026
贵州师范大学,舞蹈学,130205,38,B+,2026
南昌师范学院,舞蹈学,130205,38,B+,2026
青海师范大学,舞蹈学,130205,38,B+,2026
云南民族大学,舞蹈学,130205,41,B+,2026
山西师范大学,舞蹈学,130205,42,B+,2026
吉首大学,舞蹈学,130205,43,B+,2026
西南大学,舞蹈学,130205,44,B+,2026
广西大学,舞蹈学,130205,45,B+,2026
广西艺术学院,舞蹈学,130205,46,B+,2026
武汉音乐学院,舞蹈学,130205,47,B+,2026
广西师范大学,舞蹈学,130205,48,B+,2026
邢台学院,舞蹈学,130205,48,B+,2026
长沙师范学院,舞蹈学,130205,50,B+,2026
郑州大学,舞蹈学,130205,50,B+,2026
红河学院,舞蹈学,130205,52,B+,2026
湖南第一师范学院,舞蹈学,130205,53,B+,2026
天津师范大学,舞蹈学,130205,54,B+,2026
吉林艺术学院,舞蹈学,130205,55,B+,2026
天津音乐学院,舞蹈学,130205,55,B+,2026
河北大学,舞蹈学,130205,57,B+,2026
山西大同大学,舞蹈学,130205,57,B+,2026
海南师范大学,舞蹈学,130205,59,B+,2026
泉州师范学院,舞蹈学,130205,59,B+,2026
长江大学,舞蹈学,130205,61,B+,2026
曲阜师范大学,舞蹈学,130205,62,B+,2026
云南大学,舞蹈学,130205,62,B+,2026
淮北师范大学,舞蹈学,130205,64,B+,2026
华侨大学,舞蹈学,130205,65,B+,2026
辽宁大学,舞蹈学,130205,65,B+,2026
长春师范大学,舞蹈学,130205,67,B,2026
武汉体育学院,舞蹈学,130205,67,B,2026
重庆文理学院,舞蹈学,130205,69,B,2026
辽宁师范大学,舞蹈学,130205,69,B,2026
内蒙古师范大学,舞蹈学,130205,69,B,2026
西安体育学院,舞蹈学,130205,69,B,2026
西华师范大学,舞蹈学,130205,69,B,2026
太原师范学院,舞蹈学,130205,74,B,2026
成都体育学院,舞蹈学,130205,75,B,2026
济南大学,舞蹈学,130205,75,B,2026
贵州师范学院,舞蹈学,130205,77,B,2026
三峡大学,舞蹈学,130205,77,B,2026
贵州民族大学,舞蹈学,130205,79,B,2026
长沙学院,舞蹈学,130205,80,B,2026
临沂大学,舞蹈学,130205,80,B,2026
延安大学,舞蹈学,130205,80,B,2026
湖南理工大学,舞蹈学,130205,83,B,2026
阜阳师范大学,舞蹈学,130205,84,B,2026
湖北民族大学,舞蹈学,130205,84,B,2026
荆楚理工学院,舞蹈学,130205,84,B,2026
长江师范学院,舞蹈学,130205,87,B,2026
广东技术师范大学,舞蹈学,130205,87,B,2026
广州体育学院,舞蹈学,130205,87,B,2026
湖北师范大学,舞蹈学,130205,87,B,2026
廊坊师范学院,舞蹈学,130205,87,B,2026
青岛大学,舞蹈学,130205,87,B,2026
山东女子学院,舞蹈学,130205,87,B,2026
山东青年政治学院,舞蹈学,130205,87,B,2026
武昌理工学院,舞蹈学,130205,87,B,2026
湘南学院,舞蹈学,130205,87,B,2026
保山学院,舞蹈学,130205,97,B,2026
广西民族大学,舞蹈学,130205,97,B,2026
贵州财经大学,舞蹈学,130205,97,B,2026
内蒙古科技大学包头师范学院,舞蹈学,130205,97,B,2026
韶关学院,舞蹈学,130205,97,B,2026
石家庄学院,舞蹈学,130205,97,B,2026
北华大学,舞蹈学,130205,103,B,2026
内蒙古民族大学,舞蹈学,130205,103,B,2026
玉溪师范学院,舞蹈学,130205,103,B,2026
阿坝师范学院,舞蹈学,130205,106,B,2026
东华理工大学,舞蹈学,130205,106,B,2026
河北师范大学汇华学院,舞蹈学,130205,106,B,2026
衡阳师范学院,舞蹈学,130205,106,B,2026
湖北工程学院,舞蹈学,130205,106,B,2026
凯里学院,舞蹈学,130205,106,B,2026
南京特殊教育师范学院,舞蹈学,130205,106,B,2026
渭南师范学院,舞蹈学,130205,106,B,2026
伊犁师范大学,舞蹈学,130205,106,B,2026
北京舞蹈学院,舞蹈编导,130206,1,A+,2026
东北师范大学,舞蹈编导,130206,2,A+,2026
上海戏剧学院,舞蹈编导,130206,3,A,2026
中央民族大学,舞蹈编导,130206,4,A,2026
山东大学,舞蹈编导,130206,5,A,2026
南京艺术学院,舞蹈编导,130206,6,A,2026
新疆艺术学院,舞蹈编导,130206,7,A,2026
天津音乐学院,舞蹈编导,130206,8,A,2026
内蒙古艺术学院,舞蹈编导,130206,9,B+,2026
浙江音乐学院,舞蹈编导,130206,9,B+,2026
沈阳音乐学院,舞蹈编导,130206,11,B+,2026
武汉音乐学院,舞蹈编导,130206,12,B+,2026
河南大学,舞蹈编导,130206,13,B+,2026
太原师范学院,舞蹈编导,130206,14,B+,2026
星海音乐学院,舞蹈编导,130206,15,B+,2026
江南大学,舞蹈编导,130206,16,B+,2026
云南艺术学院,舞蹈编导,130206,17,B+,2026
山西大学,舞蹈编导,130206,18,B+,2026
海南大学,舞蹈编导,130206,19,B+,2026
西安音乐学院,舞蹈编导,130206,20,B+,2026
浙江传媒学院,舞蹈编导,130206,21,B+,2026
上海体育大学,舞蹈编导,130206,22,B+,2026
深圳大学,舞蹈编导,130206,23,B+,2026
西北民族大学,舞蹈编导,130206,24,B+,2026
山东艺术学院,舞蹈编导,130206,25,B,2026
广州大学,舞蹈编导,130206,26,B,2026
湖南女子学院,舞蹈编导,130206,27,B,2026
河北传媒学院,舞蹈编导,130206,28,B,2026
山西工商学院,舞蹈编导,130206,28,B,2026
四川音乐学院,舞蹈编导,130206,30,B,2026
四川传媒学院,舞蹈编导,130206,31,B,2026
吉林艺术学院,舞蹈编导,130206,32,B,2026
山东青年政治学院,舞蹈编导,130206,32,B,2026
东北石油大学,舞蹈编导,130206,34,B,2026
广西艺术学院,舞蹈编导,130206,34,B,2026
齐齐哈尔大学,舞蹈编导,130206,36,B,2026
江苏师范大学,舞蹈编导,130206,37,B,2026
西南民族大学,舞蹈编导,130206,37,B,2026
河南师范大学,舞蹈编导,130206,39,B,2026
佳木斯大学,舞蹈编导,130206,39,B,2026
烟台大学,舞蹈编导,130206,41,B,2026
北京舞蹈学院,舞蹈教育,130207T,1,A+,2026
南京艺术学院,舞蹈教育,130207T,2,A+,2026
温州大学,舞蹈教育,130207T,3,B+,2026
西北师范大学,舞蹈教育,130207T,3,B+,2026
深圳北理莫斯科大学,舞蹈教育,130207T,5,B+,2026
淮北师范大学,舞蹈教育,130207T,6,B,2026
石河子大学,舞蹈教育,130207T,7,B,2026
丽水学院,舞蹈教育,130207T,8,B,2026
成都师范学院,舞蹈教育,130207T,9,B,2026
南京艺术学院,流行音乐,130209T,1,A+,2026
武汉音乐学院,流行音乐,130209T,2,A+,2026
四川音乐学院,流行音乐,130209T,3,B+,2026
山东艺术学院,流行音乐,130209T,4,B,2026
广西艺术学院,流行音乐,130209T,5,B,2026
武汉音乐学院,音乐治疗,130210T,1,A+,2026
四川音乐学院,音乐治疗,130210T,2,A+,2026
江西中医药大学,音乐治疗,130210T,3,B,2026
武汉体育学院,流行舞蹈,130211T,1,A+,2026
沈阳城市学院,流行舞蹈,130211T,2,A+,2026
天津体育学院,流行舞蹈,130211T,2,A+,2026
西华大学,流行舞蹈,130211T,4,B,2026
中国音乐学院,音乐教育,130212T,1,A+,2026
星海音乐学院,音乐教育,130212T,2,A+,2026
上海音乐学院,音乐教育,130212T,3,A,2026
中央民族大学,音乐教育,130212T,4,A,2026
沈阳音乐学院,音乐教育,130212T,5,B+,2026
武汉音乐学院,音乐教育,130212T,6,B+,2026
西安音乐学院,音乐教育,130212T,6,B+,2026
四川音乐学院,音乐教育,130212T,8,B+,2026
天津音乐学院,音乐教育,130212T,9,B+,2026
南京艺术学院,音乐教育,130212T,10,B+,2026
广西艺术学院,音乐教育,130212T,11,B+,2026
山东艺术学院,音乐教育,130212T,12,B+,2026
云南艺术学院,音乐教育,130212T,12,B+,2026
成都大学,音乐教育,130212T,14,B+,2026
湖南理工大学,音乐教育,130212T,15,B,2026
南宁师范大学,音乐教育,130212T,15,B,2026
新疆艺术学院,音乐教育,130212T,17,B,2026
铜陵学院,音乐教育,130212T,18,B,2026
青岛黄海学院,音乐教育,130212T,19,B,2026
兰州文理学院,音乐教育,130212T,20,B,2026
青岛滨海学院,音乐教育,130212T,20,B,2026
北京城市学院,音乐教育,130212T,22,B,2026
山东女子学院,音乐教育,130212T,22,B,2026
潍坊科技学院,音乐教育,130212T,22,B,2026
南京艺术学院,音乐科技,130215T,,,2026
中央戏剧学院,表演,130301,1,A+,2026
上海戏剧学院,表演,130301,2,A+,2026
北京电影学院,表演,130301,3,A+,2026
中国戏曲学院,表演,130301,4,A,2026
浙江音乐学院,表演,130301,5,A,2026
吉林艺术学院,表演,130301,6,A,2026
中国传媒大学,表演,130301,7,A,2026
南京艺术学院,表演,130301,8,A,2026
成都理工大学,表演,130301,9,A,2026
浙江理工大学,表演,130301,9,A,2026
武汉大学,表演,130301,11,A,2026
云南艺术学院,表演,130301,12,A,2026
河南大学,表演,130301,13,A,2026
安庆师范大学,表演,130301,14,A,2026
浙江传媒学院,表演,130301,15,A,2026
贵州大学,表演,130301,16,A,2026
北京服装学院,表演,130301,17,A,2026
沈阳师范大学,表演,130301,18,B+,2026
延边大学,表演,130301,18,B+,2026
南昌大学,表演,130301,20,B+,2026
辽宁大学,表演,130301,21,B+,2026
山东工艺美术学院,表演,130301,22,B+,2026
山东艺术学院,表演,130301,22,B+,2026
西安外国语大学,表演,130301,24,B+,2026
天津音乐学院,表演,130301,25,B+,2026
同济大学,表演,130301,26,B+,2026
西安工程大学,表演,130301,26,B+,2026
内蒙古艺术学院,表演,130301,28,B+,2026
上海大学,表演,130301,28,B+,2026
武汉纺织大学,表演,130301,28,B+,2026
安徽工程大学,表演,130301,31,B+,2026
重庆大学,表演,130301,31,B+,2026
南京传媒学院,表演,130301,33,B+,2026
深圳大学,表演,130301,34,B+,2026
上海师范大学,表演,130301,35,B+,2026
邢台学院,表演,130301,36,B+,2026
河北传媒学院,表演,130301,37,B+,2026
山西师范大学,表演,130301,37,B+,2026
四川师范大学,表演,130301,39,B+,2026
西安外事学院,表演,130301,39,B+,2026
安徽艺术学院,表演,130301,41,B+,2026
天津工业大学,表演,130301,42,B+,2026
天津师范大学,表演,130301,42,B+,2026
西南石油大学,表演,130301,42,B+,2026
湖南师范大学,表演,130301,45,B+,2026
新疆艺术学院,表演,130301,45,B+,2026
上海视觉艺术学院,表演,130301,47,B+,2026
广西艺术学院,表演,130301,48,B+,2026
江西师范大学,表演,130301,48,B+,2026
四川电影电视学院,表演,130301,48,B+,2026
吉林体育学院,表演,130301,51,B+,2026
武汉传媒学院,表演,130301,52,B,2026
华南农业大学,表演,130301,53,B,2026
吉林动画学院,表演,130301,53,B,2026
四川音乐学院,表演,130301,53,B,2026
常州大学,表演,130301,56,B,2026
西安美术学院,表演,130301,56,B,2026
东华大学,表演,130301,58,B,2026
海南大学,表演,130301,58,B,2026
北京联合大学,表演,130301,60,B,2026
辽宁师范大学,表演,130301,60,B,2026
厦门理工学院,表演,130301,60,B,2026
长春师范大学,表演,130301,63,B,2026
江汉大学,表演,130301,63,B,2026
大连工业大学,表演,130301,65,B,2026
黄冈师范学院,表演,130301,66,B,2026
河北科技大学,表演,130301,67,B,2026
辽宁传媒学院,表演,130301,68,B,2026
鲁迅美术学院,表演,130301,68,B,2026
青岛大学,表演,130301,68,B,2026
西南民族大学,表演,130301,68,B,2026
哈尔滨师范大学,表演,130301,72,B,2026
南京农业大学,表演,130301,72,B,2026
沈阳音乐学院,表演,130301,72,B,2026
武汉体育学院,表演,130301,72,B,2026
北京城市学院,表演,130301,76,B,2026
淮北师范大学,表演,130301,76,B,2026
湖北美术学院,表演,130301,76,B,2026
东北电力大学,表演,130301,79,B,2026
天津科技大学,表演,130301,79,B,2026
广东工业大学,表演,130301,81,B,2026
中原工学院,表演,130301,81,B,2026
沈阳城市学院,表演,130301,83,B,2026
上海工程技术大学,表演,130301,84,B,2026
燕京理工学院,表演,130301,84,B,2026
浙江科技大学,表演,130301,84,B,2026
上海戏剧学院,戏剧学,130302,1,A+,2026
中央戏剧学院,戏剧学,130302,2,A+,2026
云南艺术学院,戏剧学,130302,3,B,2026
北京电影学院,电影学,130303,1,A+,2026
山东艺术学院,电影学,130303,2,A+,2026
中南财经政法大学,电影学,130303,3,B+,2026
西北大学现代学院,电影学,130303,4,B,2026
首都师范大学科德学院,电影学,130303,5,B,2026
山西传媒学院,电影学,130303,6,B,2026
北京师范大学,戏剧影视文学,130304,1,A+,2026
上海戏剧学院,戏剧影视文学,130304,2,A+,2026
南京大学,戏剧影视文学,130304,3,A,2026
中央戏剧学院,戏剧影视文学,130304,3,A,2026
中国传媒大学,戏剧影视文学,130304,5,A,2026
中国戏曲学院,戏剧影视文学,130304,6,A,2026
武汉大学,戏剧影视文学,130304,7,A,2026
浙江传媒学院,戏剧影视文学,130304,8,A,2026
北京电影学院,戏剧影视文学,130304,9,A,2026
云南艺术学院,戏剧影视文学,130304,10,A,2026
厦门大学,戏剧影视文学,130304,11,B+,2026
南京艺术学院,戏剧影视文学,130304,12,B+,2026
西南大学,戏剧影视文学,130304,13,B+,2026
山东师范大学,戏剧影视文学,130304,14,B+,2026
山西师范大学,戏剧影视文学,130304,15,B+,2026
浙江师范大学,戏剧影视文学,130304,15,B+,2026
上海师范大学,戏剧影视文学,130304,17,B+,2026
西北大学,戏剧影视文学,130304,18,B+,2026
湖南师范大学,戏剧影视文学,130304,19,B+,2026
首都师范大学,戏剧影视文学,130304,20,B+,2026
天津师范大学,戏剧影视文学,130304,21,B+,2026
河北大学,戏剧影视文学,130304,22,B+,2026
辽宁大学,戏剧影视文学,130304,23,B+,2026
山西大学,戏剧影视文学,130304,24,B+,2026
海南大学,戏剧影视文学,130304,25,B+,2026
河南大学,戏剧影视文学,130304,25,B+,2026
四川师范大学,戏剧影视文学,130304,27,B+,2026
兰州大学,戏剧影视文学,130304,28,B+,2026
上海大学,戏剧影视文学,130304,29,B+,2026
重庆大学,戏剧影视文学,130304,30,B+,2026
暨南大学,戏剧影视文学,130304,30,B+,2026
西北政法大学,戏剧影视文学,130304,32,B,2026
河南师范大学,戏剧影视文学,130304,33,B,2026
信阳师范大学,戏剧影视文学,130304,34,B,2026
吉林艺术学院,戏剧影视文学,130304,35,B,2026
南京传媒学院,戏剧影视文学,130304,36,B,2026
山东艺术学院,戏剧影视文学,130304,37,B,2026
广西艺术学院,戏剧影视文学,130304,38,B,2026
河北北方学院,戏剧影视文学,130304,39,B,2026
西安外国语大学,戏剧影视文学,130304,40,B,2026
四川电影电视学院,戏剧影视文学,130304,41,B,2026
天水师范大学,戏剧影视文学,130304,41,B,2026
长安大学,戏剧影视文学,130304,43,B,2026
洛阳师范学院,戏剧影视文学,130304,43,B,2026
四川音乐学院,戏剧影视文学,130304,45,B,2026
内蒙古艺术学院,戏剧影视文学,130304,46,B,2026
长春师范大学,戏剧影视文学,130304,47,B,2026
安徽艺术学院,戏剧影视文学,130304,48,B,2026
辽宁传媒学院,戏剧影视文学,130304,49,B,2026
沈阳音乐学院,戏剧影视文学,130304,50,B,2026
湖南工业大学,戏剧影视文学,130304,51,B,2026
北京大学,广播电视编导,130305,1,A+,2026
中国传媒大学,广播电视编导,130305,2,A+,2026
上海戏剧学院,广播电视编导,130305,3,A+,2026
浙江传媒学院,广播电视编导,130305,4,A+,2026
华东师范大学,广播电视编导,130305,5,A,2026
南京师范大学,广播电视编导,130305,6,A,2026
东北师范大学,广播电视编导,130305,7,A,2026
南京艺术学院,广播电视编导,130305,8,A,2026
同济大学,广播电视编导,130305,9,A,2026
北京电影学院,广播电视编导,130305,10,A,2026
中国美术学院,广播电视编导,130305,10,A,2026
山东师范大学,广播电视编导,130305,12,A,2026
西南大学,广播电视编导,130305,12,A,2026
上海交通大学,广播电视编导,130305,14,A,2026
陕西师范大学,广播电视编导,130305,15,A,2026
山东艺术学院,广播电视编导,130305,16,A,2026
福建师范大学,广播电视编导,130305,17,A,2026
四川大学,广播电视编导,130305,18,A,2026
四川师范大学,广播电视编导,130305,18,A,2026
西北大学,广播电视编导,130305,18,A,2026
西北师范大学,广播电视编导,130305,18,A,2026
上海大学,广播电视编导,130305,22,A,2026
吉林艺术学院,广播电视编导,130305,23,A,2026
云南艺术学院,广播电视编导,130305,23,A,2026
上海师范大学,广播电视编导,130305,25,B+,2026
广州大学,广播电视编导,130305,26,B+,2026
天津工业大学,广播电视编导,130305,27,B+,2026
哈尔滨师范大学,广播电视编导,130305,28,B+,2026
成都大学,广播电视编导,130305,29,B+,2026
江西师范大学,广播电视编导,130305,29,B+,2026
重庆文理学院,广播电视编导,130305,31,B+,2026
长沙学院,广播电视编导,130305,32,B+,2026
河北师范大学,广播电视编导,130305,32,B+,2026
成都理工大学,广播电视编导,130305,34,B+,2026
西南石油大学,广播电视编导,130305,35,B+,2026
四川外国语大学,广播电视编导,130305,36,B+,2026
山西师范大学,广播电视编导,130305,37,B+,2026
辽宁师范大学,广播电视编导,130305,38,B+,2026
重庆邮电大学,广播电视编导,130305,39,B+,2026
广西艺术学院,广播电视编导,130305,39,B+,2026
河北传媒学院,广播电视编导,130305,41,B+,2026
湖南大学,广播电视编导,130305,41,B+,2026
山西传媒学院,广播电视编导,130305,41,B+,2026
中原工学院,广播电视编导,130305,41,B+,2026
安阳师范学院,广播电视编导,130305,45,B+,2026
新疆艺术学院,广播电视编导,130305,45,B+,2026
沈阳城市学院,广播电视编导,130305,47,B+,2026
辽宁大学,广播电视编导,130305,48,B+,2026
黄冈师范学院,广播电视编导,130305,49,B+,2026
山东工艺美术学院,广播电视编导,130305,49,B+,2026
新乡学院,广播电视编导,130305,51,B+,2026
池州学院,广播电视编导,130305,52,B+,2026
杭州师范大学,广播电视编导,130305,52,B+,2026
四川电影电视学院,广播电视编导,130305,54,B+,2026
西安工程大学,广播电视编导,130305,55,B+,2026
长春工业大学,广播电视编导,130305,56,B+,2026
荆楚理工学院,广播电视编导,130305,57,B+,2026
南京传媒学院,广播电视编导,130305,57,B+,2026
四川传媒学院,广播电视编导,130305,59,B+,2026
长春师范大学,广播电视编导,130305,60,B+,2026
重庆大学,广播电视编导,130305,60,B+,2026
广西民族大学,广播电视编导,130305,62,B+,2026
渤海大学,广播电视编导,130305,63,B+,2026
青岛农业大学,广播电视编导,130305,63,B+,2026
贺州学院,广播电视编导,130305,65,B+,2026
西北民族大学,广播电视编导,130305,65,B+,2026
西北大学现代学院,广播电视编导,130305,67,B+,2026
重庆师范大学,广播电视编导,130305,68,B+,2026
临沂大学,广播电视编导,130305,68,B+,2026
西北政法大学,广播电视编导,130305,68,B+,2026
云南师范大学,广播电视编导,130305,68,B+,2026
常州工学院,广播电视编导,130305,72,B+,2026
重庆人文科技学院,广播电视编导,130305,72,B+,2026
黄河科技学院,广播电视编导,130305,74,B+,2026
天津师范大学,广播电视编导,130305,75,B,2026
宝鸡文理学院,广播电视编导,130305,76,B,2026
湖南师范大学,广播电视编导,130305,76,B,2026
兰州城市学院,广播电视编导,130305,76,B,2026
贵州民族大学,广播电视编导,130305,79,B,2026
湖北文理学院,广播电视编导,130305,79,B,2026
闽南师范大学,广播电视编导,130305,79,B,2026
上海政法学院,广播电视编导,130305,79,B,2026
聊城大学,广播电视编导,130305,83,B,2026
首都师范大学科德学院,广播电视编导,130305,83,B,2026
武汉传媒学院,广播电视编导,130305,85,B,2026
江苏师范大学,广播电视编导,130305,86,B,2026
平顶山学院,广播电视编导,130305,86,B,2026
长安大学,广播电视编导,130305,88,B,2026
成都文理学院,广播电视编导,130305,88,B,2026
河北美术学院,广播电视编导,130305,88,B,2026
潍坊理工学院,广播电视编导,130305,88,B,2026
西安外事学院,广播电视编导,130305,88,B,2026
内蒙古鸿德文理学院,广播电视编导,130305,93,B,2026
商丘师范学院,广播电视编导,130305,93,B,2026
陕西科技大学,广播电视编导,130305,93,B,2026
黄淮学院,广播电视编导,130305,96,B,2026
内蒙古师范大学,广播电视编导,130305,96,B,2026
内蒙古艺术学院,广播电视编导,130305,98,B,2026
四川音乐学院,广播电视编导,130305,98,B,2026
西安外国语大学,广播电视编导,130305,98,B,2026
广东财经大学,广播电视编导,130305,101,B,2026
海南师范大学,广播电视编导,130305,101,B,2026
沈阳大学,广播电视编导,130305,103,B,2026
东北农业大学,广播电视编导,130305,104,B,2026
辽宁传媒学院,广播电视编导,130305,105,B,2026
青岛大学,广播电视编导,130305,106,B,2026
华南农业大学,广播电视编导,130305,107,B,2026
吉林师范大学,广播电视编导,130305,108,B,2026
北京城市学院,广播电视编导,130305,109,B,2026
长春光华学院,广播电视编导,130305,109,B,2026
淮阴师范学院,广播电视编导,130305,109,B,2026
东北电力大学,广播电视编导,130305,112,B,2026
沈阳音乐学院,广播电视编导,130305,113,B,2026
武汉体育学院,广播电视编导,130305,113,B,2026
赣南师范大学,广播电视编导,130305,115,B,2026
信阳师范大学,广播电视编导,130305,115,B,2026
西安培华学院,广播电视编导,130305,117,B,2026
湖北科技学院,广播电视编导,130305,118,B,2026
燕京理工学院,广播电视编导,130305,118,B,2026
南京晓庄学院,广播电视编导,130305,120,B,2026
武夷学院,广播电视编导,130305,120,B,2026
西京学院,广播电视编导,130305,120,B,2026
鲁东大学,广播电视编导,130305,123,B,2026
渭南师范学院,广播电视编导,130305,123,B,2026
宜宾学院,广播电视编导,130305,123,B,2026
中央戏剧学院,戏剧影视导演,130306,1,A+,2026
上海戏剧学院,戏剧影视导演,130306,2,A+,2026
中国传媒大学,戏剧影视导演,130306,3,A,2026
北京电影学院,戏剧影视导演,130306,4,A,2026
中国戏曲学院,戏剧影视导演,130306,5,B+,2026
暨南大学,戏剧影视导演,130306,6,B+,2026
吉林艺术学院,戏剧影视导演,130306,7,B+,2026
四川师范大学,戏剧影视导演,130306,8,B+,2026
中国美术学院,戏剧影视导演,130306,9,B+,2026
南京艺术学院,戏剧影视导演,130306,10,B+,2026
浙江传媒学院,戏剧影视导演,130306,11,B+,2026
安徽大学,戏剧影视导演,130306,12,B+,2026
重庆大学,戏剧影视导演,130306,13,B+,2026
上海大学,戏剧影视导演,130306,14,B,2026
河南大学,戏剧影视导演,130306,15,B,2026
山东艺术学院,戏剧影视导演,130306,15,B,2026
云南艺术学院,戏剧影视导演,130306,17,B,2026
贵州大学,戏剧影视导演,130306,18,B,2026
青岛电影学院,戏剧影视导演,130306,19,B,2026
河北科技大学,戏剧影视导演,130306,20,B,2026
辽宁传媒学院,戏剧影视导演,130306,21,B,2026
鲁迅美术学院,戏剧影视导演,130306,22,B,2026
河北传媒学院,戏剧影视导演,130306,23,B,2026
上海戏剧学院,戏剧影视美术设计,130307,1,A+,2026
中央戏剧学院,戏剧影视美术设计,130307,2,A+,2026
中国传媒大学,戏剧影视美术设计,130307,3,A,2026
北京电影学院,戏剧影视美术设计,130307,4,A,2026
中国戏曲学院,戏剧影视美术设计,130307,5,A,2026
四川美术学院,戏剧影视美术设计,130307,6,A,2026
浙江传媒学院,戏剧影视美术设计,130307,7,B+,2026
南京艺术学院,戏剧影视美术设计,130307,8,B+,2026
中国美术学院,戏剧影视美术设计,130307,9,B+,2026
四川音乐学院,戏剧影视美术设计,130307,10,B+,2026
北京舞蹈学院,戏剧影视美术设计,130307,11,B+,2026
山东艺术学院,戏剧影视美术设计,130307,12,B+,2026
南京航空航天大学,戏剧影视美术设计,130307,13,B+,2026
山东工艺美术学院,戏剧影视美术设计,130307,14,B+,2026
四川师范大学,戏剧影视美术设计,130307,14,B+,2026
上海大学,戏剧影视美术设计,130307,16,B+,2026
西安美术学院,戏剧影视美术设计,130307,16,B+,2026
重庆大学,戏剧影视美术设计,130307,18,B+,2026
广州美术学院,戏剧影视美术设计,130307,19,B+,2026
河北传媒学院,戏剧影视美术设计,130307,20,B,2026
吉林艺术学院,戏剧影视美术设计,130307,21,B,2026
云南艺术学院,戏剧影视美术设计,130307,21,B,2026
广西艺术学院,戏剧影视美术设计,130307,23,B,2026
天津美术学院,戏剧影视美术设计,130307,23,B,2026
四川传媒学院,戏剧影视美术设计,130307,25,B,2026
沈阳师范大学,戏剧影视美术设计,130307,26,B,2026
鲁迅美术学院,戏剧影视美术设计,130307,27,B,2026
湖北美术学院,戏剧影视美术设计,130307,28,B,2026
辽宁传媒学院,戏剧影视美术设计,130307,28,B,2026
沈阳音乐学院,戏剧影视美术设计,130307,28,B,2026
西安工程大学,戏剧影视美术设计,130307,31,B,2026
北京城市学院,戏剧影视美术设计,130307,32,B,2026
新疆艺术学院,戏剧影视美术设计,130307,32,B,2026
北京电影学院,录音艺术,130308,1,A+,2026
中国传媒大学,录音艺术,130308,1,A+,2026
上海音乐学院,录音艺术,130308,3,A,2026
南京艺术学院,录音艺术,130308,4,B+,2026
武汉音乐学院,录音艺术,130308,5,B+,2026
四川音乐学院,录音艺术,130308,6,B+,2026
浙江传媒学院,录音艺术,130308,7,B+,2026
星海音乐学院,录音艺术,130308,8,B+,2026
云南艺术学院,录音艺术,130308,9,B+,2026
中央戏剧学院,录音艺术,130308,10,B+,2026
河北传媒学院,录音艺术,130308,11,B+,2026
暨南大学,录音艺术,130308,11,B+,2026
中国戏曲学院,录音艺术,130308,13,B,2026
西安音乐学院,录音艺术,130308,14,B,2026
上海师范大学,录音艺术,130308,15,B,2026
山西传媒学院,录音艺术,130308,16,B,2026
西安电子科技大学,录音艺术,130308,17,B,2026
沈阳音乐学院,录音艺术,130308,18,B,2026
广西艺术学院,录音艺术,130308,19,B,2026
中国传媒大学,播音与主持艺术,130309,1,A+,2026
浙江传媒学院,播音与主持艺术,130309,2,A+,2026
上海戏剧学院,播音与主持艺术,130309,3,A+,2026
陕西师范大学,播音与主持艺术,130309,4,A+,2026
华东师范大学,播音与主持艺术,130309,5,A+,2026
中央戏剧学院,播音与主持艺术,130309,6,A,2026
重庆大学,播音与主持艺术,130309,7,A,2026
暨南大学,播音与主持艺术,130309,8,A,2026
西南大学,播音与主持艺术,130309,9,A,2026
福建师范大学,播音与主持艺术,130309,10,A,2026
南京师范大学,播音与主持艺术,130309,11,A,2026
贵州民族大学,播音与主持艺术,130309,12,A,2026
广州大学,播音与主持艺术,130309,13,A,2026
吉林大学,播音与主持艺术,130309,14,A,2026
南京艺术学院,播音与主持艺术,130309,14,A,2026
南昌大学,播音与主持艺术,130309,16,A,2026
四川师范大学,播音与主持艺术,130309,17,A,2026
河北大学,播音与主持艺术,130309,18,A,2026
湖南师范大学,播音与主持艺术,130309,19,A,2026
广西大学,播音与主持艺术,130309,20,A,2026
辽宁大学,播音与主持艺术,130309,21,A,2026
江苏师范大学,播音与主持艺术,130309,22,A,2026
江西师范大学,播音与主持艺术,130309,22,A,2026
河南大学,播音与主持艺术,130309,24,A,2026
辽宁师范大学,播音与主持艺术,130309,24,A,2026
浙江工业大学,播音与主持艺术,130309,26,A,2026
安徽师范大学,播音与主持艺术,130309,27,A,2026
哈尔滨师范大学,播音与主持艺术,130309,27,A,2026
成都理工大学,播音与主持艺术,130309,29,B+,2026
吉林艺术学院,播音与主持艺术,130309,29,B+,2026
武汉大学,播音与主持艺术,130309,31,B+,2026
西南石油大学,播音与主持艺术,130309,31,B+,2026
中华女子学院,播音与主持艺术,130309,33,B+,2026
长沙学院,播音与主持艺术,130309,34,B+,2026
广东外语外贸大学,播音与主持艺术,130309,34,B+,2026
河北传媒学院,播音与主持艺术,130309,34,B+,2026
山东青年政治学院,播音与主持艺术,130309,34,B+,2026
四川电影电视学院,播音与主持艺术,130309,34,B+,2026
天津师范大学,播音与主持艺术,130309,34,B+,2026
云南艺术学院,播音与主持艺术,130309,40,B+,2026
内蒙古艺术学院,播音与主持艺术,130309,41,B+,2026
山西传媒学院,播音与主持艺术,130309,41,B+,2026
河海大学,播音与主持艺术,130309,43,B+,2026
北京电影学院,播音与主持艺术,130309,44,B+,2026
平顶山学院,播音与主持艺术,130309,45,B+,2026
安徽艺术学院,播音与主持艺术,130309,46,B+,2026
华中科技大学,播音与主持艺术,130309,47,B+,2026
广东财经大学,播音与主持艺术,130309,48,B+,2026
内蒙古大学,播音与主持艺术,130309,48,B+,2026
上海体育大学,播音与主持艺术,130309,50,B+,2026
湖南大学,播音与主持艺术,130309,51,B+,2026
上海师范大学,播音与主持艺术,130309,51,B+,2026
深圳大学,播音与主持艺术,130309,51,B+,2026
苏州大学,播音与主持艺术,130309,51,B+,2026
西安明德理工学院,播音与主持艺术,130309,51,B+,2026
广西艺术学院,播音与主持艺术,130309,56,B+,2026
四川传媒学院,播音与主持艺术,130309,57,B+,2026
西北师范大学,播音与主持艺术,130309,57,B+,2026
广西民族大学,播音与主持艺术,130309,59,B+,2026
山西师范大学,播音与主持艺术,130309,59,B+,2026
西北大学,播音与主持艺术,130309,59,B+,2026
西北大学现代学院,播音与主持艺术,130309,59,B+,2026
河南工业大学,播音与主持艺术,130309,63,B+,2026
华中师范大学,播音与主持艺术,130309,63,B+,2026
云南师范大学,播音与主持艺术,130309,65,B+,2026
南阳师范学院,播音与主持艺术,130309,66,B+,2026
西藏民族大学,播音与主持艺术,130309,66,B+,2026
山东艺术学院,播音与主持艺术,130309,68,B+,2026
武汉体育学院,播音与主持艺术,130309,68,B+,2026
南宁师范大学,播音与主持艺术,130309,70,B+,2026
南阳理工学院,播音与主持艺术,130309,70,B+,2026
广西外国语学院,播音与主持艺术,130309,72,B+,2026
湖南女子学院,播音与主持艺术,130309,72,B+,2026
南京传媒学院,播音与主持艺术,130309,72,B+,2026
广州体育学院,播音与主持艺术,130309,75,B+,2026
河北民族师范学院,播音与主持艺术,130309,75,B+,2026
山西应用科技学院,播音与主持艺术,130309,75,B+,2026
兰州城市学院,播音与主持艺术,130309,78,B+,2026
新疆艺术学院,播音与主持艺术,130309,79,B+,2026
北京语言大学,播音与主持艺术,130309,80,B+,2026
上海视觉艺术学院,播音与主持艺术,130309,81,B+,2026
武汉晴川学院,播音与主持艺术,130309,81,B+,2026
沧州师范学院,播音与主持艺术,130309,83,B,2026
西安外国语大学,播音与主持艺术,130309,83,B,2026
周口师范学院,播音与主持艺术,130309,83,B,2026
贵州大学,播音与主持艺术,130309,86,B,2026
河北美术学院,播音与主持艺术,130309,86,B,2026
湖北大学,播音与主持艺术,130309,86,B,2026
四川音乐学院,播音与主持艺术,130309,89,B,2026
厦门理工学院,播音与主持艺术,130309,89,B,2026
西安工程大学,播音与主持艺术,130309,91,B,2026
陕西科技大学,播音与主持艺术,130309,92,B,2026
昆明理工大学,播音与主持艺术,130309,93,B,2026
沈阳大学,播音与主持艺术,130309,93,B,2026
中原工学院,播音与主持艺术,130309,93,B,2026
沈阳师范大学,播音与主持艺术,130309,96,B,2026
长春师范大学,播音与主持艺术,130309,97,B,2026
青海师范大学,播音与主持艺术,130309,97,B,2026
沈阳音乐学院,播音与主持艺术,130309,97,B,2026
佳木斯大学,播音与主持艺术,130309,100,B,2026
安阳师范学院,播音与主持艺术,130309,101,B,2026
北华大学,播音与主持艺术,130309,101,B,2026
辽宁传媒学院,播音与主持艺术,130309,101,B,2026
北京体育大学,播音与主持艺术,130309,104,B,2026
渤海大学,播音与主持艺术,130309,104,B,2026
长江师范学院,播音与主持艺术,130309,104,B,2026
贵州师范大学,播音与主持艺术,130309,107,B,2026
北京城市学院,播音与主持艺术,130309,108,B,2026
长江大学,播音与主持艺术,130309,108,B,2026
齐齐哈尔大学,播音与主持艺术,130309,108,B,2026
四川外国语大学,播音与主持艺术,130309,108,B,2026
黄冈师范学院,播音与主持艺术,130309,112,B,2026
绵阳师范学院,播音与主持艺术,130309,112,B,2026
三峡大学,播音与主持艺术,130309,112,B,2026
沈阳城市学院,播音与主持艺术,130309,112,B,2026
武汉传媒学院,播音与主持艺术,130309,112,B,2026
长春光华学院,播音与主持艺术,130309,117,B,2026
吉林外国语大学,播音与主持艺术,130309,118,B,2026
信阳师范大学,播音与主持艺术,130309,118,B,2026
西华师范大学,播音与主持艺术,130309,120,B,2026
赣南师范大学,播音与主持艺术,130309,121,B,2026
苏州城市学院,播音与主持艺术,130309,121,B,2026
武昌理工学院,播音与主持艺术,130309,121,B,2026
燕京理工学院,播音与主持艺术,130309,121,B,2026
黄河科技学院,播音与主持艺术,130309,125,B,2026
呼和浩特民族学院,播音与主持艺术,130309,125,B,2026
宁波财经学院,播音与主持艺术,130309,125,B,2026
河北师范大学汇华学院,播音与主持艺术,130309,128,B,2026
湖北经济学院法商学院,播音与主持艺术,130309,128,B,2026
青岛黄海学院,播音与主持艺术,130309,128,B,2026
三明学院,播音与主持艺术,130309,128,B,2026
三峡大学科技学院,播音与主持艺术,130309,128,B,2026
浙江越秀外国语学院,播音与主持艺术,130309,128,B,2026
辽宁科技大学,播音与主持艺术,130309,134,B,2026
曲靖师范学院,播音与主持艺术,130309,134,B,2026
山西工商学院,播音与主持艺术,130309,134,B,2026
许昌学院,播音与主持艺术,130309,134,B,2026
中国传媒大学,动画,130310,1,A+,2026
北京电影学院,动画,130310,2,A+,2026
四川美术学院,动画,130310,3,A+,2026
中国美术学院,动画,130310,4,A+,2026
同济大学,动画,130310,5,A+,2026
东南大学,动画,130310,6,A+,2026
南京艺术学院,动画,130310,7,A,2026
浙江传媒学院,动画,130310,7,A,2026
中央美术学院,动画,130310,9,A,2026
天津工业大学,动画,130310,10,A,2026
杭州师范大学,动画,130310,11,A,2026
西安美术学院,动画,130310,12,A,2026
吉林动画学院,动画,130310,13,A,2026
上海大学,动画,130310,13,A,2026
武汉理工大学,动画,130310,13,A,2026
清华大学,动画,130310,16,A,2026
浙江师范大学,动画,130310,16,A,2026
河南大学,动画,130310,18,A,2026
辽宁师范大学,动画,130310,19,A,2026
天津美术学院,动画,130310,20,A,2026
成都大学,动画,130310,21,A,2026
广州美术学院,动画,130310,21,A,2026
长沙学院,动画,130310,23,A,2026
景德镇陶瓷大学,动画,130310,24,A,2026
吉林艺术学院,动画,130310,25,A,2026
青岛科技大学,动画,130310,25,A,2026
南京信息工程大学,动画,130310,27,A,2026
金陵科技学院,动画,130310,28,A,2026
山东艺术学院,动画,130310,28,A,2026
陕西科技大学,动画,130310,30,A,2026
安徽建筑大学,动画,130310,31,B+,2026
湖北美术学院,动画,130310,31,B+,2026
江西师范大学,动画,130310,31,B+,2026
山东工艺美术学院,动画,130310,34,B+,2026
中国戏曲学院,动画,130310,34,B+,2026
黄淮学院,动画,130310,36,B+,2026
内蒙古艺术学院,动画,130310,36,B+,2026
上海师范大学,动画,130310,36,B+,2026
北京服装学院,动画,130310,39,B+,2026
北京印刷学院,动画,130310,39,B+,2026
鲁迅美术学院,动画,130310,41,B+,2026
青岛农业大学,动画,130310,41,B+,2026
西北大学,动画,130310,41,B+,2026
哈尔滨师范大学,动画,130310,44,B+,2026
湖北经济学院,动画,130310,44,B+,2026
重庆邮电大学,动画,130310,46,B+,2026
华南农业大学,动画,130310,46,B+,2026
西安工程大学,动画,130310,46,B+,2026
湘潭大学,动画,130310,46,B+,2026
广西师范大学,动画,130310,50,B+,2026
安徽师范大学,动画,130310,51,B+,2026
新疆艺术学院,动画,130310,51,B+,2026
上海戏剧学院,动画,130310,53,B+,2026
天津理工大学,动画,130310,53,B+,2026
大连交通大学,动画,130310,55,B+,2026
北方民族大学,动画,130310,56,B+,2026
辽宁传媒学院,动画,130310,56,B+,2026
南京传媒学院,动画,130310,56,B+,2026
暨南大学,动画,130310,59,B+,2026
山西传媒学院,动画,130310,59,B+,2026
沈阳建筑大学,动画,130310,61,B+,2026
天津职业技术师范大学,动画,130310,62,B+,2026
郑州轻工业大学,动画,130310,62,B+,2026
四川传媒学院,动画,130310,64,B+,2026
大连东软信息学院,动画,130310,65,B+,2026
桂林电子科技大学,动画,130310,65,B+,2026
安徽财经大学,动画,130310,67,B+,2026
安徽工程大学,动画,130310,68,B+,2026
浙江科技大学,动画,130310,68,B+,2026
河北科技大学,动画,130310,70,B+,2026
辽宁科技大学,动画,130310,70,B+,2026
南昌航空大学,动画,130310,70,B+,2026
渭南师范学院,动画,130310,73,B+,2026
三明学院,动画,130310,74,B+,2026
太原师范学院,动画,130310,75,B+,2026
芜湖学院,动画,130310,76,B+,2026
三江学院,动画,130310,77,B+,2026
福建农林大学,动画,130310,78,B+,2026
合肥大学,动画,130310,78,B+,2026
福州外语外贸学院,动画,130310,80,B+,2026
福建江夏学院,动画,130310,81,B+,2026
河北大学,动画,130310,81,B+,2026
湖北工业大学工程技术学院,动画,130310,81,B+,2026
桂林理工大学,动画,130310,84,B+,2026
河北师范大学汇华学院,动画,130310,84,B+,2026
牡丹江师范学院,动画,130310,84,B+,2026
武汉商学院,动画,130310,84,B+,2026
西华大学,动画,130310,84,B+,2026
安徽文达信息工程学院,动画,130310,89,B+,2026
成都东软学院,动画,130310,90,B+,2026
河北美术学院,动画,130310,90,B+,2026
合肥师范学院,动画,130310,90,B+,2026
安徽新华学院,动画,130310,93,B,2026
贵州民族大学,动画,130310,93,B,2026
天津外国语大学,动画,130310,93,B,2026
宁波财经学院,动画,130310,96,B,2026
江苏大学,动画,130310,97,B,2026
北海艺术设计学院,动画,130310,98,B,2026
浙江理工大学科技与艺术学院,动画,130310,99,B,2026
安徽三联学院,动画,130310,100,B,2026
广州华立学院,动画,130310,101,B,2026
上海视觉艺术学院,动画,130310,101,B,2026
武汉纺织大学,动画,130310,101,B,2026
四川音乐学院,动画,130310,104,B,2026
郑州商学院,动画,130310,104,B,2026
北京林业大学,动画,130310,106,B,2026
集美大学,动画,130310,106,B,2026
阜阳理工学院,动画,130310,108,B,2026
广西艺术学院,动画,130310,108,B,2026
广西民族大学相思湖学院,动画,130310,110,B,2026
安阳师范学院,动画,130310,111,B,2026
长春工业大学,动画,130310,112,B,2026
兰州交通大学,动画,130310,112,B,2026
内蒙古师范大学,动画,130310,112,B,2026
贵州师范大学,动画,130310,115,B,2026
上海理工大学,动画,130310,115,B,2026
中原工学院,动画,130310,115,B,2026
西南民族大学,动画,130310,118,B,2026
南京财经大学,动画,130310,119,B,2026
安徽理工大学,动画,130310,120,B,2026
北京城市学院,动画,130310,120,B,2026
吉林师范大学,动画,130310,120,B,2026
信阳师范大学,动画,130310,120,B,2026
重庆文理学院,动画,130310,124,B,2026
河北传媒学院,动画,130310,124,B,2026
黄冈师范学院,动画,130310,124,B,2026
四川文化艺术学院,动画,130310,124,B,2026
天津科技大学,动画,130310,124,B,2026
西安理工大学,动画,130310,124,B,2026
广东财经大学,动画,130310,130,B,2026
哈尔滨学院,动画,130310,130,B,2026
南京工程学院,动画,130310,130,B,2026
天津商业大学,动画,130310,130,B,2026
中南民族大学,动画,130310,130,B,2026
黑龙江东方学院,动画,130310,135,B,2026
武汉工程大学,动画,130310,135,B,2026
衡水学院,动画,130310,137,B,2026
浙江万里学院,动画,130310,137,B,2026
珠海科技学院,动画,130310,137,B,2026
广东东软学院,动画,130310,140,B,2026
江西科技师范大学,动画,130310,140,B,2026
燕京理工学院,动画,130310,140,B,2026
黄河科技学院,动画,130310,143,B,2026
长春师范大学,动画,130310,144,B,2026
青岛黄海学院,动画,130310,144,B,2026
天津仁爱学院,动画,130310,144,B,2026
厦门工学院,动画,130310,144,B,2026
西京学院,动画,130310,144,B,2026
中南财经政法大学,动画,130310,144,B,2026
重庆移通学院,动画,130310,150,B,2026
哈尔滨理工大学,动画,130310,150,B,2026
湖北经济学院法商学院,动画,130310,150,B,2026
宁波大学科学技术学院,动画,130310,150,B,2026
潍坊学院,动画,130310,150,B,2026
武昌理工学院,动画,130310,150,B,2026
武汉东湖学院,动画,130310,150,B,2026
郑州科技学院,动画,130310,150,B,2026
中国传媒大学,影视摄影与制作,130311T,1,A+,2026
北京电影学院,影视摄影与制作,130311T,2,A+,2026
浙江传媒学院,影视摄影与制作,130311T,3,A,2026
中国美术学院,影视摄影与制作,130311T,4,A,2026
南京艺术学院,影视摄影与制作,130311T,5,A,2026
上海戏剧学院,影视摄影与制作,130311T,6,A,2026
四川美术学院,影视摄影与制作,130311T,7,A,2026
山东工艺美术学院,影视摄影与制作,130311T,8,A,2026
云南艺术学院,影视摄影与制作,130311T,9,A,2026
广州美术学院,影视摄影与制作,130311T,10,B+,2026
山西传媒学院,影视摄影与制作,130311T,11,B+,2026
中央戏剧学院,影视摄影与制作,130311T,12,B+,2026
中央美术学院,影视摄影与制作,130311T,13,B+,2026
大连东软信息学院,影视摄影与制作,130311T,14,B+,2026
西安美术学院,影视摄影与制作,130311T,14,B+,2026
上海大学,影视摄影与制作,130311T,16,B+,2026
安徽师范大学,影视摄影与制作,130311T,17,B+,2026
山东艺术学院,影视摄影与制作,130311T,17,B+,2026
河北传媒学院,影视摄影与制作,130311T,19,B+,2026
南京传媒学院,影视摄影与制作,130311T,20,B+,2026
广西艺术学院,影视摄影与制作,130311T,21,B+,2026
吉林艺术学院,影视摄影与制作,130311T,22,B+,2026
长沙学院,影视摄影与制作,130311T,23,B+,2026
四川电影电视学院,影视摄影与制作,130311T,23,B+,2026
江苏师范大学,影视摄影与制作,130311T,25,B+,2026
江苏师范大学科文学院,影视摄影与制作,130311T,26,B+,2026
四川音乐学院,影视摄影与制作,130311T,27,B+,2026
厦门理工学院,影视摄影与制作,130311T,28,B,2026
安阳师范学院,影视摄影与制作,130311T,29,B,2026
青岛电影学院,影视摄影与制作,130311T,29,B,2026
辽宁传媒学院,影视摄影与制作,130311T,31,B,2026
河北科技大学,影视摄影与制作,130311T,32,B,2026
湖北美术学院,影视摄影与制作,130311T,33,B,2026
重庆师范大学,影视摄影与制作,130311T,34,B,2026
沈阳音乐学院,影视摄影与制作,130311T,34,B,2026
北京城市学院,影视摄影与制作,130311T,36,B,2026
长春光华学院,影视摄影与制作,130311T,36,B,2026
鲁迅美术学院,影视摄影与制作,130311T,38,B,2026
新疆艺术学院,影视摄影与制作,130311T,38,B,2026
浙江越秀外国语学院,影视摄影与制作,130311T,40,B,2026
西交利物浦大学,影视摄影与制作,130311T,41,B,2026
青岛黄海学院,影视摄影与制作,130311T,42,B,2026
武昌理工学院,影视摄影与制作,130311T,43,B,2026
四川传媒学院,影视摄影与制作,130311T,44,B,2026
安徽艺术学院,影视摄影与制作,130311T,45,B,2026
重庆工商大学,影视摄影与制作,130311T,45,B,2026
哈尔滨华德学院,影视摄影与制作,130311T,45,B,2026
上海师范大学天华学院,影视摄影与制作,130311T,45,B,2026
北京电影学院,影视技术,130312T,1,A+,2026
河北传媒学院,影视技术,130312T,2,A+,2026
燕京理工学院,影视技术,130312T,3,B+,2026
四川电影电视学院,影视技术,130312T,4,B,2026
海口经济学院,影视技术,130312T,5,B,2026
中央戏剧学院,戏剧教育,130313T,1,A+,2026
上海戏剧学院,戏剧教育,130313T,2,A+,2026
重庆第二师范学院,戏剧教育,130313T,3,B,2026
中央戏剧学院,数字戏剧,130316T,,,2026
上海戏剧学院,数字演艺设计,130317T,,,2026
中国传媒大学,智能影像艺术,130318T,,,2026
中央美术学院,美术学,130401,1,A+,2026
广州美术学院,美术学,130401,2,A+,2026
中国美术学院,美术学,130401,3,A+,2026
首都师范大学,美术学,130401,4,A+,2026
四川大学,美术学,130401,5,A+,2026
北京师范大学,美术学,130401,6,A+,2026
山东师范大学,美术学,130401,7,A+,2026
福建师范大学,美术学,130401,8,A,2026
陕西师范大学,美术学,130401,8,A,2026
华东师范大学,美术学,130401,10,A,2026
西安美术学院,美术学,130401,10,A,2026
南京师范大学,美术学,130401,12,A,2026
东北师范大学,美术学,130401,13,A,2026
东南大学,美术学,130401,13,A,2026
南京艺术学院,美术学,130401,15,A,2026
上海大学,美术学,130401,16,A,2026
新疆师范大学,美术学,130401,17,A,2026
山东大学,美术学,130401,18,A,2026
山东工艺美术学院,美术学,130401,19,A,2026
湖南师范大学,美术学,130401,20,A,2026
西南大学,美术学,130401,21,A,2026
华南师范大学,美术学,130401,22,A,2026
内蒙古师范大学,美术学,130401,23,A,2026
鲁迅美术学院,美术学,130401,24,A,2026
四川美术学院,美术学,130401,24,A,2026
浙江师范大学,美术学,130401,24,A,2026
哈尔滨师范大学,美术学,130401,27,A,2026
河南大学,美术学,130401,27,A,2026
华中师范大学,美术学,130401,29,A,2026
西北师范大学,美术学,130401,29,A,2026
山西师范大学,美术学,130401,31,A,2026
四川师范大学,美术学,130401,31,A,2026
山东艺术学院,美术学,130401,33,A,2026
杭州师范大学,美术学,130401,34,A,2026
上海师范大学,美术学,130401,35,A,2026
河北师范大学,美术学,130401,36,B+,2026
安徽师范大学,美术学,130401,37,B+,2026
扬州大学,美术学,130401,37,B+,2026
苏州大学,美术学,130401,39,B+,2026
温州大学,美术学,130401,40,B+,2026
中南民族大学,美术学,130401,41,B+,2026
广西艺术学院,美术学,130401,42,B+,2026
吉林师范大学,美术学,130401,43,B+,2026
天津美术学院,美术学,130401,43,B+,2026
云南艺术学院,美术学,130401,43,B+,2026
宁波大学,美术学,130401,46,B+,2026
广州大学,美术学,130401,47,B+,2026
江西师范大学,美术学,130401,47,B+,2026
南通大学,美术学,130401,47,B+,2026
天津师范大学,美术学,130401,50,B+,2026
湖北大学,美术学,130401,51,B+,2026
绍兴大学,美术学,130401,51,B+,2026
中央民族大学,美术学,130401,53,B+,2026
西藏大学,美术学,130401,54,B+,2026
河南师范大学,美术学,130401,55,B+,2026
云南师范大学,美术学,130401,55,B+,2026
江苏师范大学,美术学,130401,57,B+,2026
浙江大学,美术学,130401,57,B+,2026
长江大学,美术学,130401,59,B+,2026
沈阳师范大学,美术学,130401,59,B+,2026
石河子大学,美术学,130401,59,B+,2026
宁夏师范大学,美术学,130401,62,B+,2026
苏州科技大学,美术学,130401,62,B+,2026
湖南科技大学,美术学,130401,64,B+,2026
西北大学,美术学,130401,64,B+,2026
吉林艺术学院,美术学,130401,66,B+,2026
西华师范大学,美术学,130401,66,B+,2026
玉溪师范学院,美术学,130401,66,B+,2026
黄冈师范学院,美术学,130401,69,B+,2026
重庆师范大学,美术学,130401,70,B+,2026
青海师范大学,美术学,130401,70,B+,2026
江西科技师范大学,美术学,130401,72,B+,2026
集美大学,美术学,130401,72,B+,2026
北华大学,美术学,130401,74,B+,2026
海南师范大学,美术学,130401,74,B+,2026
湖南理工大学,美术学,130401,74,B+,2026
云南大学,美术学,130401,77,B+,2026
淮阴师范学院,美术学,130401,78,B+,2026
佳木斯大学,美术学,130401,79,B+,2026
江汉大学,美术学,130401,79,B+,2026
景德镇陶瓷大学,美术学,130401,79,B+,2026
泉州师范学院,美术学,130401,79,B+,2026
长江师范学院,美术学,130401,83,B+,2026
广西师范大学,美术学,130401,83,B+,2026
黔南民族师范学院,美术学,130401,83,B+,2026
太原师范学院,美术学,130401,83,B+,2026
绵阳师范学院,美术学,130401,87,B+,2026
闽南师范大学,美术学,130401,87,B+,2026
曲阜师范大学,美术学,130401,87,B+,2026
阜阳师范大学,美术学,130401,90,B+,2026
广西大学,美术学,130401,90,B+,2026
贵州师范学院,美术学,130401,90,B+,2026
赣南师范大学,美术学,130401,93,B+,2026
呼伦贝尔学院,美术学,130401,93,B+,2026
湖州师范大学,美术学,130401,93,B+,2026
贵阳学院,美术学,130401,96,B+,2026
贵州民族大学,美术学,130401,96,B+,2026
衡阳师范学院,美术学,130401,96,B+,2026
辽宁师范大学,美术学,130401,96,B+,2026
井冈山大学,美术学,130401,100,B+,2026
成都师范学院,美术学,130401,101,B+,2026
华侨大学,美术学,130401,101,B+,2026
台州学院,美术学,130401,101,B+,2026
常州大学,美术学,130401,104,B+,2026
贵州师范大学,美术学,130401,104,B+,2026
江苏理工学院,美术学,130401,104,B+,2026
龙岩学院,美术学,130401,104,B+,2026
南宁师范大学,美术学,130401,104,B+,2026
内蒙古科技大学包头师范学院,美术学,130401,104,B+,2026
山西大学,美术学,130401,104,B+,2026
广东技术师范大学,美术学,130401,111,B,2026
吉首大学,美术学,130401,111,B,2026
洛阳师范学院,美术学,130401,111,B,2026
铜仁学院,美术学,130401,111,B,2026
浙江外国语学院,美术学,130401,111,B,2026
湖北第二师范学院,美术学,130401,116,B,2026
阿坝师范学院,美术学,130401,117,B,2026
乐山师范学院,美术学,130401,117,B,2026
六盘水师范学院,美术学,130401,117,B,2026
三明学院,美术学,130401,117,B,2026
山东财经大学,美术学,130401,117,B,2026
潍坊学院,美术学,130401,117,B,2026
长春师范大学,美术学,130401,123,B,2026
河北北方学院,美术学,130401,123,B,2026
内江师范学院,美术学,130401,123,B,2026
曲靖师范学院,美术学,130401,123,B,2026
渭南师范学院,美术学,130401,123,B,2026
湖北工程学院,美术学,130401,128,B,2026
莆田学院,美术学,130401,128,B,2026
鞍山师范学院,美术学,130401,130,B,2026
重庆人文科技学院,美术学,130401,130,B,2026
衡水学院,美术学,130401,130,B,2026
南昌师范学院,美术学,130401,130,B,2026
泰山学院,美术学,130401,130,B,2026
保山学院,美术学,130401,135,B,2026
楚雄师范学院,美术学,130401,135,B,2026
吉林工程技术师范学院,美术学,130401,135,B,2026
昆明学院,美术学,130401,135,B,2026
济宁学院,美术学,130401,139,B,2026
宜春学院,美术学,130401,139,B,2026
淮北师范大学,美术学,130401,141,B,2026
丽水学院,美术学,130401,141,B,2026
山东航空学院,美术学,130401,141,B,2026
邵阳学院,美术学,130401,141,B,2026
四川民族学院,美术学,130401,141,B,2026
合肥师范学院,美术学,130401,146,B,2026
湖北师范大学,美术学,130401,146,B,2026
上饶师范学院,美术学,130401,146,B,2026
河北科技师范学院,美术学,130401,149,B,2026
周口师范学院,美术学,130401,149,B,2026
商丘师范学院,美术学,130401,151,B,2026
唐山师范学院,美术学,130401,151,B,2026
长治学院,美术学,130401,153,B,2026
巢湖学院,美术学,130401,153,B,2026
淮南师范学院,美术学,130401,153,B,2026
湖南第一师范学院,美术学,130401,153,B,2026
齐鲁师范学院,美术学,130401,153,B,2026
四川文理学院,美术学,130401,153,B,2026
文山学院,美术学,130401,153,B,2026
安阳师范学院,美术学,130401,160,B,2026
聊城大学,美术学,130401,160,B,2026
深圳大学,美术学,130401,160,B,2026
西安工程大学,美术学,130401,160,B,2026
长沙师范学院,美术学,130401,164,B,2026
渤海大学,美术学,130401,165,B,2026
河北民族师范学院,美术学,130401,165,B,2026
江苏第二师范学院,美术学,130401,165,B,2026
景德镇学院,美术学,130401,165,B,2026
琼台师范学院,美术学,130401,165,B,2026
武夷学院,美术学,130401,165,B,2026
盐城师范学院,美术学,130401,165,B,2026
九江学院,美术学,130401,172,B,2026
牡丹江师范学院,美术学,130401,172,B,2026
浙江理工大学,美术学,130401,174,B,2026
邢台学院,美术学,130401,175,B,2026
长春科技学院,美术学,130401,176,B,2026
湖南文理学院,美术学,130401,177,B,2026
内蒙古艺术学院,美术学,130401,178,B,2026
河南科技学院,美术学,130401,179,B,2026
湖北民族大学,美术学,130401,179,B,2026
阳光学院,美术学,130401,179,B,2026
中国美术学院,绘画,130402,1,A+,2026
四川美术学院,绘画,130402,2,A+,2026
中央美术学院,绘画,130402,2,A+,2026
清华大学,绘画,130402,4,A,2026
广州美术学院,绘画,130402,5,A,2026
天津美术学院,绘画,130402,6,A,2026
西安美术学院,绘画,130402,6,A,2026
湖北美术学院,绘画,130402,8,A,2026
鲁迅美术学院,绘画,130402,8,A,2026
南京艺术学院,绘画,130402,10,A,2026
首都师范大学,绘画,130402,11,A,2026
中国人民大学,绘画,130402,12,A,2026
云南艺术学院,绘画,130402,13,A,2026
广西艺术学院,绘画,130402,14,A,2026
山东艺术学院,绘画,130402,14,A,2026
重庆大学,绘画,130402,16,A,2026
南京师范大学,绘画,130402,16,A,2026
陕西师范大学,绘画,130402,16,A,2026
上海大学,绘画,130402,19,B+,2026
厦门大学,绘画,130402,20,B+,2026
西南大学,绘画,130402,21,B+,2026
湖南师范大学,绘画,130402,22,B+,2026
上海师范大学,绘画,130402,23,B+,2026
四川大学,绘画,130402,23,B+,2026
上海戏剧学院,绘画,130402,25,B+,2026
北京语言大学,绘画,130402,26,B+,2026
贵州大学,绘画,130402,27,B+,2026
华中师范大学,绘画,130402,28,B+,2026
景德镇陶瓷大学,绘画,130402,28,B+,2026
吉林艺术学院,绘画,130402,30,B+,2026
山西大学,绘画,130402,31,B+,2026
云南大学,绘画,130402,32,B+,2026
海南大学,绘画,130402,33,B+,2026
杭州师范大学,绘画,130402,33,B+,2026
安徽大学,绘画,130402,35,B+,2026
吉林大学,绘画,130402,35,B+,2026
西北民族大学,绘画,130402,35,B+,2026
内蒙古师范大学,绘画,130402,38,B+,2026
河南大学,绘画,130402,39,B+,2026
北京服装学院,绘画,130402,40,B+,2026
四川师范大学,绘画,130402,41,B+,2026
郑州大学,绘画,130402,41,B+,2026
内蒙古艺术学院,绘画,130402,43,B+,2026
安徽师范大学,绘画,130402,44,B+,2026
哈尔滨师范大学,绘画,130402,44,B+,2026
四川音乐学院,绘画,130402,44,B+,2026
广西师范大学,绘画,130402,47,B+,2026
山东工艺美术学院,绘画,130402,47,B+,2026
南开大学,绘画,130402,49,B+,2026
西南民族大学,绘画,130402,49,B+,2026
青岛大学,绘画,130402,51,B+,2026
新疆艺术学院,绘画,130402,51,B+,2026
河南师范大学,绘画,130402,53,B+,2026
沈阳大学,绘画,130402,53,B+,2026
北京航空航天大学,绘画,130402,55,B+,2026
北京印刷学院,绘画,130402,55,B+,2026
黑龙江大学,绘画,130402,55,B+,2026
黑河学院,绘画,130402,58,B,2026
长春大学,绘画,130402,59,B,2026
成都大学,绘画,130402,60,B,2026
南昌大学,绘画,130402,60,B,2026
河北农业大学,绘画,130402,62,B,2026
北京工业大学,绘画,130402,63,B,2026
重庆师范大学,绘画,130402,63,B,2026
北京联合大学,绘画,130402,65,B,2026
齐齐哈尔大学,绘画,130402,65,B,2026
太原理工大学,绘画,130402,65,B,2026
广东培正学院,绘画,130402,68,B,2026
渤海大学,绘画,130402,69,B,2026
宁夏师范大学,绘画,130402,69,B,2026
福州大学,绘画,130402,71,B,2026
新疆师范大学,绘画,130402,72,B,2026
大理大学,绘画,130402,73,B,2026
中央民族大学,绘画,130402,73,B,2026
大连艺术学院,绘画,130402,75,B,2026
衡阳师范学院,绘画,130402,75,B,2026
闽江大学,绘画,130402,75,B,2026
青岛农业大学,绘画,130402,75,B,2026
泰州学院,绘画,130402,75,B,2026
河北大学,绘画,130402,80,B,2026
安徽艺术学院,绘画,130402,81,B,2026
红河学院,绘画,130402,81,B,2026
宁夏大学,绘画,130402,81,B,2026
上海视觉艺术学院,绘画,130402,84,B,2026
天津师范大学,绘画,130402,85,B,2026
西南交通大学,绘画,130402,86,B,2026
内蒙古大学创业学院,绘画,130402,87,B,2026
郑州轻工业大学,绘画,130402,87,B,2026
大庆师范学院,绘画,130402,89,B,2026
吉林师范大学,绘画,130402,89,B,2026
曲阜师范大学,绘画,130402,91,B,2026
青岛科技大学,绘画,130402,92,B,2026
昆明传媒学院,绘画,130402,93,B,2026
西安建筑科技大学,绘画,130402,93,B,2026
清华大学,雕塑,130403,1,A+,2026
中央美术学院,雕塑,130403,1,A+,2026
中国美术学院,雕塑,130403,3,A,2026
四川美术学院,雕塑,130403,4,A,2026
广州美术学院,雕塑,130403,5,A,2026
湖北美术学院,雕塑,130403,6,A,2026
上海大学,雕塑,130403,7,B+,2026
西安美术学院,雕塑,130403,7,B+,2026
鲁迅美术学院,雕塑,130403,9,B+,2026
南京艺术学院,雕塑,130403,10,B+,2026
景德镇陶瓷大学,雕塑,130403,11,B+,2026
东北师范大学,雕塑,130403,12,B+,2026
天津美术学院,雕塑,130403,13,B+,2026
郑州大学,雕塑,130403,14,B+,2026
吉林艺术学院,雕塑,130403,15,B+,2026
广西艺术学院,雕塑,130403,16,B+,2026
云南艺术学院,雕塑,130403,17,B+,2026
西安建筑科技大学,雕塑,130403,18,B+,2026
北京服装学院,雕塑,130403,19,B,2026
山东艺术学院,雕塑,130403,20,B,2026
大连理工大学,雕塑,130403,21,B,2026
山东工艺美术学院,雕塑,130403,22,B,2026
四川音乐学院,雕塑,130403,23,B,2026
山西大学,雕塑,130403,24,B,2026
内蒙古师范大学,雕塑,130403,25,B,2026
西南大学,雕塑,130403,26,B,2026
北京工业大学,雕塑,130403,27,B,2026
上海师范大学,雕塑,130403,28,B,2026
新疆艺术学院,雕塑,130403,28,B,2026
福州大学,雕塑,130403,30,B,2026
安徽师范大学,雕塑,130403,31,B,2026
河北美术学院,雕塑,130403,31,B,2026
中国传媒大学,摄影,130404,1,A+,2026
北京电影学院,摄影,130404,2,A+,2026
浙江传媒学院,摄影,130404,3,A,2026
中央美术学院,摄影,130404,4,A,2026
广州美术学院,摄影,130404,5,A,2026
清华大学,摄影,130404,6,A,2026
中国美术学院,摄影,130404,6,A,2026
鲁迅美术学院,摄影,130404,8,A,2026
西安美术学院,摄影,130404,9,B+,2026
南京艺术学院,摄影,130404,10,B+,2026
四川美术学院,摄影,130404,11,B+,2026
北京服装学院,摄影,130404,12,B+,2026
山东工艺美术学院,摄影,130404,13,B+,2026
云南艺术学院,摄影,130404,14,B+,2026
吉林艺术学院,摄影,130404,15,B+,2026
天津美术学院,摄影,130404,16,B+,2026
浙江财经大学,摄影,130404,17,B+,2026
山东艺术学院,摄影,130404,18,B+,2026
沈阳城市学院,摄影,130404,19,B+,2026
大连医科大学,摄影,130404,20,B+,2026
哈尔滨师范大学,摄影,130404,21,B+,2026
南京传媒学院,摄影,130404,21,B+,2026
河北传媒学院,摄影,130404,23,B+,2026
哈尔滨学院,摄影,130404,24,B+,2026
四川传媒学院,摄影,130404,25,B+,2026
辽宁传媒学院,摄影,130404,26,B+,2026
西安理工大学,摄影,130404,27,B,2026
长春光华学院,摄影,130404,28,B,2026
丽水学院,摄影,130404,29,B,2026
浙江科技大学,摄影,130404,29,B,2026
湖南科技学院,摄影,130404,31,B,2026
燕京理工学院,摄影,130404,31,B,2026
黄河科技学院,摄影,130404,33,B,2026
中原工学院,摄影,130404,34,B,2026
上海视觉艺术学院,摄影,130404,35,B,2026
北京城市学院,摄影,130404,36,B,2026
首都师范大学科德学院,摄影,130404,36,B,2026
西北大学现代学院,摄影,130404,36,B,2026
鞍山师范学院,摄影,130404,39,B,2026
海口经济学院,摄影,130404,39,B,2026
湛江科技学院,摄影,130404,39,B,2026
北京金融科技学院,摄影,130404,42,B,2026
南昌师范学院,摄影,130404,42,B,2026
南宁理工学院,摄影,130404,42,B,2026
南京艺术学院,书法学,130405T,1,A+,2026
中国美术学院,书法学,130405T,2,A+,2026
中央美术学院,书法学,130405T,3,A+,2026
广州美术学院,书法学,130405T,4,A,2026
北京师范大学,书法学,130405T,5,A,2026
首都师范大学,书法学,130405T,6,A,2026
西安交通大学,书法学,130405T,7,A,2026
四川美术学院,书法学,130405T,8,A,2026
山东艺术学院,书法学,130405T,9,A,2026
绍兴大学,书法学,130405T,10,A,2026
四川大学,书法学,130405T,10,A,2026
湖北美术学院,书法学,130405T,12,A,2026
暨南大学,书法学,130405T,13,A,2026
西安美术学院,书法学,130405T,14,A,2026
天津美术学院,书法学,130405T,15,A,2026
中央财经大学,书法学,130405T,16,B+,2026
山东工艺美术学院,书法学,130405T,17,B+,2026
曲阜师范大学,书法学,130405T,18,B+,2026
西安工业大学,书法学,130405T,19,B+,2026
上海大学,书法学,130405T,20,B+,2026
南京师范大学,书法学,130405T,21,B+,2026
陕西师范大学,书法学,130405T,21,B+,2026
云南师范大学,书法学,130405T,23,B+,2026
杭州师范大学,书法学,130405T,24,B+,2026
鲁迅美术学院,书法学,130405T,25,B+,2026
贵州师范大学,书法学,130405T,26,B+,2026
齐鲁理工学院,书法学,130405T,27,B+,2026
临沂大学,书法学,130405T,28,B+,2026
内蒙古师范大学,书法学,130405T,28,B+,2026
淮北师范大学,书法学,130405T,30,B+,2026
河南大学,书法学,130405T,31,B+,2026
泉州师范学院,书法学,130405T,31,B+,2026
上海师范大学,书法学,130405T,33,B+,2026
河北大学,书法学,130405T,34,B+,2026
郑州大学,书法学,130405T,34,B+,2026
广西艺术学院,书法学,130405T,36,B+,2026
山西师范大学,书法学,130405T,36,B+,2026
四川师范大学,书法学,130405T,38,B+,2026
温州大学,书法学,130405T,39,B+,2026
咸阳师范学院,书法学,130405T,39,B+,2026
安徽师范大学,书法学,130405T,41,B+,2026
景德镇陶瓷大学,书法学,130405T,42,B+,2026
西北师范大学,书法学,130405T,42,B+,2026
北京语言大学,书法学,130405T,44,B+,2026
广西师范大学,书法学,130405T,44,B+,2026
河北美术学院,书法学,130405T,46,B,2026
新疆师范大学,书法学,130405T,46,B,2026
哈尔滨师范大学,书法学,130405T,48,B,2026
江苏师范大学,书法学,130405T,49,B,2026
湖南人文科技学院,书法学,130405T,50,B,2026
吉林艺术学院,书法学,130405T,50,B,2026
吉林师范大学,书法学,130405T,52,B,2026
上饶师范学院,书法学,130405T,53,B,2026
洛阳师范学院,书法学,130405T,54,B,2026
曲靖师范学院,书法学,130405T,54,B,2026
山西大学,书法学,130405T,54,B,2026
海南师范大学,书法学,130405T,57,B,2026
聊城大学,书法学,130405T,58,B,2026
重庆师范大学,书法学,130405T,59,B,2026
贵州民族大学,书法学,130405T,60,B,2026
浙江财经大学,书法学,130405T,60,B,2026
辽宁传媒学院,书法学,130405T,62,B,2026
西华师范大学,书法学,130405T,62,B,2026
宁夏师范大学,书法学,130405T,64,B,2026
淮阴师范学院,书法学,130405T,65,B,2026
内蒙古艺术学院,书法学,130405T,65,B,2026
呼伦贝尔学院,书法学,130405T,67,B,2026
太原师范学院,书法学,130405T,68,B,2026
内蒙古科技大学包头师范学院,书法学,130405T,69,B,2026
长春师范大学,书法学,130405T,70,B,2026
成都师范学院,书法学,130405T,71,B,2026
吉林建筑科技学院,书法学,130405T,71,B,2026
新疆艺术学院,书法学,130405T,73,B,2026
吉林建筑大学,书法学,130405T,74,B,2026
泰山学院,书法学,130405T,74,B,2026
中国美术学院,中国画,130406T,1,A+,2026
广州美术学院,中国画,130406T,2,A+,2026
中央美术学院,中国画,130406T,3,A,2026
四川美术学院,中国画,130406T,4,B+,2026
湖北美术学院,中国画,130406T,5,B+,2026
南京师范大学,中国画,130406T,6,B+,2026
上海大学,中国画,130406T,7,B+,2026
天津美术学院,中国画,130406T,7,B+,2026
西安美术学院,中国画,130406T,9,B+,2026
南京艺术学院,中国画,130406T,10,B+,2026
鲁迅美术学院,中国画,130406T,11,B+,2026
清华大学,中国画,130406T,12,B,2026
北京服装学院,中国画,130406T,13,B,2026
四川大学,中国画,130406T,14,B,2026
广西艺术学院,中国画,130406T,15,B,2026
哈尔滨师范大学,中国画,130406T,16,B,2026
山东艺术学院,中国画,130406T,17,B,2026
云南艺术学院,中国画,130406T,18,B,2026
吉林艺术学院,中国画,130406T,19,B,2026
中国美术学院,文物保护与修复,130409T,1,A+,2026
广州美术学院,文物保护与修复,130409T,2,A+,2026
中央美术学院,文物保护与修复,130409T,3,B+,2026
南京艺术学院,文物保护与修复,130409T,4,B+,2026
天津美术学院,文物保护与修复,130409T,5,B+,2026
鲁迅美术学院,文物保护与修复,130409T,6,B,2026
西安美术学院,文物保护与修复,130409T,7,B,2026
山东艺术学院,文物保护与修复,130409T,8,B,2026
北京电影学院,漫画,130410T,1,A+,2026
中国传媒大学,漫画,130410T,2,A+,2026
吉林动画学院,漫画,130410T,3,B+,2026
河北传媒学院,漫画,130410T,4,B,2026
河北美术学院,漫画,130410T,5,B,2026
中国美术学院,纤维艺术,130411T,1,A+,2026
广州美术学院,纤维艺术,130411T,2,A+,2026
北京电影学院,虚拟空间艺术,130414T,,,2026
山东工艺美术学院,艺术设计学,130501,1,A+,2026
四川美术学院,艺术设计学,130501,2,A+,2026
中国美术学院,艺术设计学,130501,2,A+,2026
南京艺术学院,艺术设计学,130501,4,A,2026
鲁迅美术学院,艺术设计学,130501,5,A,2026
武汉理工大学,艺术设计学,130501,5,A,2026
山东艺术学院,艺术设计学,130501,7,B+,2026
中央美术学院,艺术设计学,130501,7,B+,2026
北京师范大学,艺术设计学,130501,9,B+,2026
湖南师范大学,艺术设计学,130501,10,B+,2026
同济大学,艺术设计学,130501,11,B+,2026
天津美术学院,艺术设计学,130501,12,B+,2026
苏州大学,艺术设计学,130501,13,B+,2026
西安美术学院,艺术设计学,130501,14,B+,2026
湘潭大学,艺术设计学,130501,15,B+,2026
喀什大学,艺术设计学,130501,16,B+,2026
吉林大学,艺术设计学,130501,17,B+,2026
景德镇陶瓷大学,艺术设计学,130501,18,B+,2026
辽宁大学,艺术设计学,130501,18,B+,2026
吉林艺术学院,艺术设计学,130501,20,B,2026
广州美术学院,艺术设计学,130501,21,B,2026
南开大学,艺术设计学,130501,22,B,2026
大连艺术学院,艺术设计学,130501,23,B,2026
广西大学,艺术设计学,130501,23,B,2026
湖北美术学院,艺术设计学,130501,25,B,2026
内蒙古艺术学院,艺术设计学,130501,26,B,2026
银川科技学院,艺术设计学,130501,27,B,2026
成都师范学院,艺术设计学,130501,28,B,2026
辽宁传媒学院,艺术设计学,130501,28,B,2026
汕头大学,艺术设计学,130501,30,B,2026
广西艺术学院,艺术设计学,130501,31,B,2026
甘肃民族师范学院,艺术设计学,130501,32,B,2026
福建江夏学院,艺术设计学,130501,33,B,2026
清华大学,视觉传达设计,130502,1,A+,2026
中国美术学院,视觉传达设计,130502,2,A+,2026
上海交通大学,视觉传达设计,130502,3,A+,2026
同济大学,视觉传达设计,130502,4,A+,2026
中国传媒大学,视觉传达设计,130502,5,A+,2026
江南大学,视觉传达设计,130502,6,A+,2026
中央美术学院,视觉传达设计,130502,7,A+,2026
东华大学,视觉传达设计,130502,8,A+,2026
陕西科技大学,视觉传达设计,130502,9,A+,2026
广东工业大学,视觉传达设计,130502,10,A+,2026
南京艺术学院,视觉传达设计,130502,10,A+,2026
山东工艺美术学院,视觉传达设计,130502,10,A+,2026
北京服装学院,视觉传达设计,130502,13,A+,2026
广州美术学院,视觉传达设计,130502,13,A+,2026
南京师范大学,视觉传达设计,130502,15,A+,2026
北京理工大学,视觉传达设计,130502,16,A,2026
四川美术学院,视觉传达设计,130502,16,A,2026
苏州大学,视觉传达设计,130502,18,A,2026
华东师范大学,视觉传达设计,130502,19,A,2026
四川大学,视觉传达设计,130502,19,A,2026
上海大学,视觉传达设计,130502,21,A,2026
南京理工大学,视觉传达设计,130502,22,A,2026
武汉理工大学,视觉传达设计,130502,22,A,2026
南京林业大学,视觉传达设计,130502,24,A,2026
西安建筑科技大学,视觉传达设计,130502,25,A,2026
湖南工业大学,视觉传达设计,130502,26,A,2026
鲁迅美术学院,视觉传达设计,130502,27,A,2026
湖北工业大学,视觉传达设计,130502,28,A,2026
中国人民大学,视觉传达设计,130502,28,A,2026
首都师范大学,视觉传达设计,130502,30,A,2026
安徽工程大学,视觉传达设计,130502,31,A,2026
山东艺术学院,视觉传达设计,130502,32,A,2026
浙江理工大学,视觉传达设计,130502,32,A,2026
浙江传媒学院,视觉传达设计,130502,34,A,2026
广西艺术学院,视觉传达设计,130502,35,A,2026
山东大学,视觉传达设计,130502,36,A,2026
吉林艺术学院,视觉传达设计,130502,37,A,2026
湖北美术学院,视觉传达设计,130502,38,A,2026
北京航空航天大学,视觉传达设计,130502,39,A,2026
景德镇陶瓷大学,视觉传达设计,130502,40,A,2026
深圳大学,视觉传达设计,130502,40,A,2026
云南艺术学院,视觉传达设计,130502,42,A,2026
福建师范大学,视觉传达设计,130502,43,A,2026
中央民族大学,视觉传达设计,130502,43,A,2026
河南大学,视觉传达设计,130502,45,A,2026
上海工程技术大学,视觉传达设计,130502,46,A,2026
西南大学,视觉传达设计,130502,46,A,2026
郑州大学,视觉传达设计,130502,48,A,2026
华东理工大学,视觉传达设计,130502,49,A,2026
四川师范大学,视觉传达设计,130502,50,A,2026
北京印刷学院,视觉传达设计,130502,51,A,2026
东北师范大学,视觉传达设计,130502,52,A,2026
浙江工业大学,视觉传达设计,130502,52,A,2026
上海师范大学,视觉传达设计,130502,54,A,2026
北京交通大学,视觉传达设计,130502,55,A,2026
西安美术学院,视觉传达设计,130502,55,A,2026
浙江工商大学,视觉传达设计,130502,55,A,2026
长沙理工大学,视觉传达设计,130502,58,A,2026
杭州师范大学,视觉传达设计,130502,59,A,2026
齐鲁工业大学,视觉传达设计,130502,59,A,2026
山西师范大学,视觉传达设计,130502,61,A,2026
北京工业大学,视觉传达设计,130502,62,A,2026
中国地质大学（武汉）,视觉传达设计,130502,63,A,2026
中南民族大学,视觉传达设计,130502,64,A,2026
华中师范大学,视觉传达设计,130502,65,A,2026
天津美术学院,视觉传达设计,130502,66,A,2026
内蒙古师范大学,视觉传达设计,130502,67,A,2026
厦门大学,视觉传达设计,130502,67,A,2026
西安理工大学,视觉传达设计,130502,69,A,2026
重庆大学,视觉传达设计,130502,70,A,2026
内蒙古艺术学院,视觉传达设计,130502,70,A,2026
燕山大学,视觉传达设计,130502,72,A,2026
宁波大学,视觉传达设计,130502,73,A,2026
武汉纺织大学,视觉传达设计,130502,74,A,2026
东北大学,视觉传达设计,130502,75,A,2026
太原理工大学,视觉传达设计,130502,75,A,2026
浙江师范大学,视觉传达设计,130502,77,A,2026
海南师范大学,视觉传达设计,130502,78,A,2026
浙江农林大学,视觉传达设计,130502,79,B+,2026
中国戏曲学院,视觉传达设计,130502,80,B+,2026
福州大学,视觉传达设计,130502,81,B+,2026
江西师范大学,视觉传达设计,130502,82,B+,2026
大连理工大学,视觉传达设计,130502,83,B+,2026
山西大学,视觉传达设计,130502,83,B+,2026
桂林电子科技大学,视觉传达设计,130502,85,B+,2026
郑州轻工业大学,视觉传达设计,130502,85,B+,2026
中南林业科技大学,视觉传达设计,130502,85,B+,2026
广西师范大学,视觉传达设计,130502,88,B+,2026
河北大学,视觉传达设计,130502,89,B+,2026
武汉工程大学,视觉传达设计,130502,90,B+,2026
西藏大学,视觉传达设计,130502,90,B+,2026
湖北大学,视觉传达设计,130502,92,B+,2026
青岛大学,视觉传达设计,130502,93,B+,2026
湖南师范大学,视觉传达设计,130502,94,B+,2026
兰州财经大学,视觉传达设计,130502,94,B+,2026
西华大学,视觉传达设计,130502,94,B+,2026
浙江科技大学,视觉传达设计,130502,97,B+,2026
成都大学,视觉传达设计,130502,98,B+,2026
上海理工大学,视觉传达设计,130502,98,B+,2026
温州大学,视觉传达设计,130502,98,B+,2026
江苏大学,视觉传达设计,130502,101,B+,2026
海南大学,视觉传达设计,130502,102,B+,2026
青岛理工大学,视觉传达设计,130502,102,B+,2026
黑龙江大学,视觉传达设计,130502,104,B+,2026
安徽师范大学,视觉传达设计,130502,105,B+,2026
河南工业大学,视觉传达设计,130502,105,B+,2026
汕头大学,视觉传达设计,130502,105,B+,2026
天津工业大学,视觉传达设计,130502,105,B+,2026
云南大学,视觉传达设计,130502,105,B+,2026
中央财经大学,视觉传达设计,130502,105,B+,2026
贵州大学,视觉传达设计,130502,111,B+,2026
天津师范大学,视觉传达设计,130502,112,B+,2026
上海应用技术大学,视觉传达设计,130502,113,B+,2026
天津科技大学,视觉传达设计,130502,114,B+,2026
大连工业大学,视觉传达设计,130502,115,B+,2026
南通大学,视觉传达设计,130502,115,B+,2026
曲阜师范大学,视觉传达设计,130502,117,B+,2026
四川音乐学院,视觉传达设计,130502,118,B+,2026
苏州科技大学,视觉传达设计,130502,118,B+,2026
北京科技大学,视觉传达设计,130502,120,B+,2026
兰州交通大学,视觉传达设计,130502,120,B+,2026
北京林业大学,视觉传达设计,130502,122,B+,2026
河北师范大学,视觉传达设计,130502,122,B+,2026
湖南理工大学,视觉传达设计,130502,122,B+,2026
武汉轻工大学,视觉传达设计,130502,122,B+,2026
南京财经大学,视觉传达设计,130502,126,B+,2026
昆明理工大学,视觉传达设计,130502,127,B+,2026
华北理工大学,视觉传达设计,130502,128,B+,2026
济南大学,视觉传达设计,130502,128,B+,2026
广东财经大学,视觉传达设计,130502,130,B+,2026
淮安大学,视觉传达设计,130502,130,B+,2026
湖南工商大学,视觉传达设计,130502,130,B+,2026
南京工程学院,视觉传达设计,130502,133,B+,2026
中北大学,视觉传达设计,130502,134,B+,2026
安徽大学,视觉传达设计,130502,135,B+,2026
中国计量大学,视觉传达设计,130502,135,B+,2026
华侨大学,视觉传达设计,130502,137,B+,2026
江苏师范大学,视觉传达设计,130502,137,B+,2026
青岛科技大学,视觉传达设计,130502,137,B+,2026
四川农业大学,视觉传达设计,130502,140,B+,2026
西安石油大学,视觉传达设计,130502,140,B+,2026
北方工业大学,视觉传达设计,130502,142,B+,2026
云南民族大学,视觉传达设计,130502,142,B+,2026
沈阳航空航天大学,视觉传达设计,130502,144,B+,2026
新疆师范大学,视觉传达设计,130502,145,B+,2026
江汉大学,视觉传达设计,130502,146,B+,2026
安徽财经大学,视觉传达设计,130502,147,B+,2026
安徽工业大学,视觉传达设计,130502,148,B+,2026
常州大学,视觉传达设计,130502,148,B+,2026
天津财经大学,视觉传达设计,130502,150,B+,2026
肇庆学院,视觉传达设计,130502,151,B+,2026
兰州大学,视觉传达设计,130502,152,B+,2026
大连民族大学,视觉传达设计,130502,153,B+,2026
吉林建筑大学,视觉传达设计,130502,153,B+,2026
西京学院,视觉传达设计,130502,155,B+,2026
河北经贸大学,视觉传达设计,130502,156,B+,2026
广东技术师范大学,视觉传达设计,130502,157,B+,2026
兰州理工大学,视觉传达设计,130502,157,B+,2026
青海师范大学,视觉传达设计,130502,157,B+,2026
大连外国语大学,视觉传达设计,130502,160,B+,2026
东华理工大学,视觉传达设计,130502,161,B+,2026
黑龙江工程学院,视觉传达设计,130502,161,B+,2026
吉林工程技术师范学院,视觉传达设计,130502,161,B+,2026
仲恺农业工程学院,视觉传达设计,130502,161,B+,2026
聊城大学,视觉传达设计,130502,165,B+,2026
沈阳理工大学,视觉传达设计,130502,166,B+,2026
长春理工大学,视觉传达设计,130502,167,B+,2026
北部湾大学,视觉传达设计,130502,168,B+,2026
湖南城市学院,视觉传达设计,130502,168,B+,2026
江西科技师范大学,视觉传达设计,130502,168,B+,2026
内蒙古科技大学包头师范学院,视觉传达设计,130502,168,B+,2026
北京城市学院,视觉传达设计,130502,172,B+,2026
辽宁工业大学,视觉传达设计,130502,173,B+,2026
南京工业大学,视觉传达设计,130502,174,B+,2026
成都理工大学,视觉传达设计,130502,175,B+,2026
厦门理工学院,视觉传达设计,130502,176,B+,2026
铜仁学院,视觉传达设计,130502,177,B+,2026
武汉科技大学,视觉传达设计,130502,178,B+,2026
延边大学,视觉传达设计,130502,178,B+,2026
长江大学,视觉传达设计,130502,180,B+,2026
云南师范大学,视觉传达设计,130502,180,B+,2026
兰州文理学院,视觉传达设计,130502,182,B+,2026
天津理工大学,视觉传达设计,130502,182,B+,2026
徐州工程学院,视觉传达设计,130502,182,B+,2026
重庆文理学院,视觉传达设计,130502,185,B+,2026
广东外语外贸大学,视觉传达设计,130502,185,B+,2026
华南农业大学,视觉传达设计,130502,185,B+,2026
湖州师范大学,视觉传达设计,130502,185,B+,2026
内蒙古大学,视觉传达设计,130502,185,B+,2026
绍兴大学,视觉传达设计,130502,185,B+,2026
湘潭大学,视觉传达设计,130502,185,B+,2026
西安外国语大学,视觉传达设计,130502,185,B+,2026
浙大城市学院,视觉传达设计,130502,185,B+,2026
宁夏大学,视觉传达设计,130502,194,B+,2026
山东科技大学,视觉传达设计,130502,194,B+,2026
苏州工学院,视觉传达设计,130502,194,B+,2026
安徽建筑大学,视觉传达设计,130502,197,B+,2026
沈阳师范大学,视觉传达设计,130502,197,B+,2026
温州肯恩大学,视觉传达设计,130502,197,B+,2026
长沙学院,视觉传达设计,130502,200,B+,2026
东北电力大学,视觉传达设计,130502,200,B+,2026
佛山大学,视觉传达设计,130502,200,B+,2026
集美大学,视觉传达设计,130502,200,B+,2026
合肥大学,视觉传达设计,130502,204,B+,2026
台州学院,视觉传达设计,130502,204,B+,2026
河南科技大学,视觉传达设计,130502,206,B+,2026
上海视觉艺术学院,视觉传达设计,130502,206,B+,2026
福建理工大学,视觉传达设计,130502,208,B+,2026
甘肃政法大学,视觉传达设计,130502,208,B+,2026
贵州民族大学,视觉传达设计,130502,208,B+,2026
海南热带海洋学院,视觉传达设计,130502,208,B+,2026
内蒙古农业大学,视觉传达设计,130502,208,B+,2026
沈阳建筑大学,视觉传达设计,130502,208,B+,2026
南华大学,视觉传达设计,130502,214,B+,2026
西安工业大学,视觉传达设计,130502,214,B+,2026
浙江万里学院,视觉传达设计,130502,214,B+,2026
北华大学,视觉传达设计,130502,217,B+,2026
北京联合大学,视觉传达设计,130502,217,B+,2026
长春师范大学,视觉传达设计,130502,217,B+,2026
重庆师范大学,视觉传达设计,130502,217,B+,2026
上海第二工业大学,视觉传达设计,130502,217,B+,2026
天津城建大学,视觉传达设计,130502,217,B+,2026
西安科技大学,视觉传达设计,130502,217,B+,2026
金陵科技学院,视觉传达设计,130502,224,B+,2026
西北民族大学,视觉传达设计,130502,224,B+,2026
哈尔滨商业大学,视觉传达设计,130502,226,B+,2026
湖北师范大学,视觉传达设计,130502,226,B+,2026
西安工程大学,视觉传达设计,130502,226,B+,2026
延安大学,视觉传达设计,130502,226,B+,2026
郑州航空工业管理学院,视觉传达设计,130502,226,B+,2026
河北科技大学,视觉传达设计,130502,231,B+,2026
河北农业大学,视觉传达设计,130502,231,B+,2026
江苏理工学院,视觉传达设计,130502,231,B+,2026
南昌航空大学,视觉传达设计,130502,231,B+,2026
宁波财经学院,视觉传达设计,130502,231,B+,2026
新疆大学,视觉传达设计,130502,231,B+,2026
燕京理工学院,视觉传达设计,130502,231,B+,2026
长春大学,视觉传达设计,130502,238,B,2026
重庆工商大学,视觉传达设计,130502,238,B,2026
河北地质大学,视觉传达设计,130502,238,B,2026
华北水利水电大学,视觉传达设计,130502,238,B,2026
淮北师范大学,视觉传达设计,130502,238,B,2026
山东财经大学,视觉传达设计,130502,238,B,2026
西南林业大学,视觉传达设计,130502,238,B,2026
西南民族大学,视觉传达设计,130502,238,B,2026
盐城工学院,视觉传达设计,130502,238,B,2026
大理大学,视觉传达设计,130502,247,B,2026
江苏海洋大学,视觉传达设计,130502,247,B,2026
吉林动画学院,视觉传达设计,130502,247,B,2026
石家庄铁道大学,视觉传达设计,130502,247,B,2026
宿州学院,视觉传达设计,130502,247,B,2026
长春工业大学,视觉传达设计,130502,252,B,2026
河南理工大学,视觉传达设计,130502,252,B,2026
吉林师范大学,视觉传达设计,130502,252,B,2026
兰州工业学院,视觉传达设计,130502,252,B,2026
内蒙古科技大学,视觉传达设计,130502,252,B,2026
攀枝花学院,视觉传达设计,130502,252,B,2026
山东建筑大学,视觉传达设计,130502,252,B,2026
中原工学院,视觉传达设计,130502,252,B,2026
广西民族大学,视觉传达设计,130502,260,B,2026
佳木斯大学,视觉传达设计,130502,260,B,2026
山东航空学院,视觉传达设计,130502,260,B,2026
太原科技大学,视觉传达设计,130502,260,B,2026
武汉体育学院,视觉传达设计,130502,260,B,2026
无锡太湖学院,视觉传达设计,130502,260,B,2026
贵州师范大学,视觉传达设计,130502,266,B,2026
吉首大学,视觉传达设计,130502,266,B,2026
榆林大学,视觉传达设计,130502,266,B,2026
河南财经政法大学,视觉传达设计,130502,269,B,2026
河南师范大学,视觉传达设计,130502,269,B,2026
湖北民族大学,视觉传达设计,130502,269,B,2026
湖南科技大学,视觉传达设计,130502,269,B,2026
江西水利电力大学,视觉传达设计,130502,269,B,2026
上海杉达学院,视觉传达设计,130502,269,B,2026
哈尔滨师范大学,视觉传达设计,130502,275,B,2026
湖北文理学院,视觉传达设计,130502,275,B,2026
牡丹江师范学院,视觉传达设计,130502,275,B,2026
齐齐哈尔大学,视觉传达设计,130502,275,B,2026
湖北第二师范学院,视觉传达设计,130502,279,B,2026
湖州学院,视觉传达设计,130502,279,B,2026
江苏第二师范学院,视觉传达设计,130502,279,B,2026
三亚学院,视觉传达设计,130502,279,B,2026
四川轻化工大学,视觉传达设计,130502,279,B,2026
太原师范学院,视觉传达设计,130502,279,B,2026
合肥经济学院,视觉传达设计,130502,285,B,2026
河南科技学院,视觉传达设计,130502,285,B,2026
三江学院,视觉传达设计,130502,285,B,2026
武夷学院,视觉传达设计,130502,285,B,2026
哈尔滨理工大学,视觉传达设计,130502,289,B,2026
上海建桥学院,视觉传达设计,130502,290,B,2026
河南工程学院,视觉传达设计,130502,291,B,2026
湖南工程学院,视觉传达设计,130502,291,B,2026
新疆艺术学院,视觉传达设计,130502,291,B,2026
浙江树人学院,视觉传达设计,130502,291,B,2026
重庆交通大学,视觉传达设计,130502,295,B,2026
昆明学院,视觉传达设计,130502,295,B,2026
塔里木大学,视觉传达设计,130502,295,B,2026
温州理工学院,视觉传达设计,130502,295,B,2026
武昌首义学院,视觉传达设计,130502,295,B,2026
邵阳学院,视觉传达设计,130502,300,B,2026
广西财经学院,视觉传达设计,130502,301,B,2026
沈阳工学院,视觉传达设计,130502,301,B,2026
黑龙江外国语学院,视觉传达设计,130502,303,B,2026
黄淮学院,视觉传达设计,130502,303,B,2026
湖南女子学院,视觉传达设计,130502,303,B,2026
南京传媒学院,视觉传达设计,130502,303,B,2026
上海师范大学天华学院,视觉传达设计,130502,303,B,2026
哈尔滨学院,视觉传达设计,130502,308,B,2026
云南财经大学,视觉传达设计,130502,308,B,2026
广东东软学院,视觉传达设计,130502,310,B,2026
山西大同大学,视觉传达设计,130502,310,B,2026
河北民族师范学院,视觉传达设计,130502,312,B,2026
武汉华夏理工学院,视觉传达设计,130502,312,B,2026
大连艺术学院,视觉传达设计,130502,314,B,2026
湖南应用技术学院,视觉传达设计,130502,314,B,2026
北海艺术设计学院,视觉传达设计,130502,316,B,2026
河北传媒学院,视觉传达设计,130502,316,B,2026
华中农业大学,视觉传达设计,130502,316,B,2026
武汉工商学院,视觉传达设计,130502,316,B,2026
阜阳理工学院,视觉传达设计,130502,320,B,2026
湖北商贸学院,视觉传达设计,130502,320,B,2026
贺州学院,视觉传达设计,130502,322,B,2026
湖南科技学院,视觉传达设计,130502,322,B,2026
辽宁传媒学院,视觉传达设计,130502,322,B,2026
洛阳理工学院,视觉传达设计,130502,322,B,2026
陕西服装工程学院,视觉传达设计,130502,322,B,2026
大连医科大学,视觉传达设计,130502,327,B,2026
华北理工大学轻工学院,视觉传达设计,130502,327,B,2026
湖北经济学院法商学院,视觉传达设计,130502,327,B,2026
首都师范大学科德学院,视觉传达设计,130502,327,B,2026
太原工业学院,视觉传达设计,130502,327,B,2026
郑州科技学院,视觉传达设计,130502,327,B,2026
北京金融科技学院,视觉传达设计,130502,333,B,2026
河池学院,视觉传达设计,130502,333,B,2026
黑龙江东方学院,视觉传达设计,130502,335,B,2026
沈阳大学,视觉传达设计,130502,335,B,2026
武汉城市学院,视觉传达设计,130502,335,B,2026
武汉设计工程学院,视觉传达设计,130502,335,B,2026
北京工业大学耿丹学院,视觉传达设计,130502,339,B,2026
吉林外国语大学,视觉传达设计,130502,339,B,2026
齐鲁理工学院,视觉传达设计,130502,339,B,2026
浙江财经大学东方学院,视觉传达设计,130502,339,B,2026
三峡大学,视觉传达设计,130502,343,B,2026
浙江财经大学,视觉传达设计,130502,343,B,2026
嘉兴大学,视觉传达设计,130502,345,B,2026
百色学院,视觉传达设计,130502,346,B,2026
南宁师范大学师园学院,视觉传达设计,130502,346,B,2026
山东农业大学,视觉传达设计,130502,346,B,2026
内蒙古大学创业学院,视觉传达设计,130502,349,B,2026
上海海事大学,视觉传达设计,130502,349,B,2026
东北农业大学,视觉传达设计,130502,351,B,2026
湖北经济学院,视觉传达设计,130502,351,B,2026
山西农业大学,视觉传达设计,130502,351,B,2026
山西应用科技学院,视觉传达设计,130502,351,B,2026
武昌理工学院,视觉传达设计,130502,351,B,2026
珠海科技学院,视觉传达设计,130502,351,B,2026
湖南农业大学,视觉传达设计,130502,357,B,2026
福建农林大学金山学院,视觉传达设计,130502,358,B,2026
绵阳师范学院,视觉传达设计,130502,358,B,2026
青岛农业大学,视觉传达设计,130502,358,B,2026
上海商学院,视觉传达设计,130502,358,B,2026
河南开封科技传媒学院,视觉传达设计,130502,362,B,2026
丽水学院,视觉传达设计,130502,362,B,2026
黄冈师范学院,视觉传达设计,130502,364,B,2026
湖南第一师范学院,视觉传达设计,130502,364,B,2026
鲁东大学,视觉传达设计,130502,364,B,2026
云南工商学院,视觉传达设计,130502,364,B,2026
湖北工程学院,视觉传达设计,130502,368,B,2026
辽宁对外经贸学院,视觉传达设计,130502,368,B,2026
烟台南山学院,视觉传达设计,130502,368,B,2026
中华女子学院,视觉传达设计,130502,368,B,2026
成都信息工程大学,视觉传达设计,130502,372,B,2026
湖南文理学院,视觉传达设计,130502,372,B,2026
闽江大学,视觉传达设计,130502,372,B,2026
南京晓庄学院,视觉传达设计,130502,372,B,2026
青岛滨海学院,视觉传达设计,130502,372,B,2026
青岛城市学院,视觉传达设计,130502,372,B,2026
山东理工大学,视觉传达设计,130502,372,B,2026
五邑大学,视觉传达设计,130502,372,B,2026
湘南学院,视觉传达设计,130502,372,B,2026
大连大学,视觉传达设计,130502,381,B,2026
大连海洋大学,视觉传达设计,130502,381,B,2026
湖北科技学院,视觉传达设计,130502,381,B,2026
临沂大学,视觉传达设计,130502,381,B,2026
青岛黄海学院,视觉传达设计,130502,381,B,2026
衢州学院,视觉传达设计,130502,381,B,2026
天津商业大学,视觉传达设计,130502,381,B,2026
潍坊学院,视觉传达设计,130502,381,B,2026
长春电子科技学院,视觉传达设计,130502,389,B,2026
长江师范学院,视觉传达设计,130502,389,B,2026
湖北工业大学工程技术学院,视觉传达设计,130502,389,B,2026
惠州学院,视觉传达设计,130502,389,B,2026
西华师范大学,视觉传达设计,130502,389,B,2026
清华大学,环境设计,130503,1,A+,2026
江南大学,环境设计,130503,2,A+,2026
中国美术学院,环境设计,130503,3,A+,2026
中国传媒大学,环境设计,130503,4,A+,2026
东华大学,环境设计,130503,5,A+,2026
南京艺术学院,环境设计,130503,6,A+,2026
浙江理工大学,环境设计,130503,7,A+,2026
广东工业大学,环境设计,130503,8,A+,2026
广州美术学院,环境设计,130503,9,A+,2026
北京服装学院,环境设计,130503,10,A+,2026
山东工艺美术学院,环境设计,130503,10,A+,2026
北京理工大学,环境设计,130503,12,A+,2026
四川美术学院,环境设计,130503,13,A+,2026
上海大学,环境设计,130503,14,A+,2026
哈尔滨工业大学,环境设计,130503,15,A+,2026
陕西科技大学,环境设计,130503,15,A+,2026
上海交通大学,环境设计,130503,17,A,2026
西安建筑科技大学,环境设计,130503,17,A,2026
华东师范大学,环境设计,130503,19,A,2026
武汉理工大学,环境设计,130503,19,A,2026
华中科技大学,环境设计,130503,21,A,2026
鲁迅美术学院,环境设计,130503,22,A,2026
南京林业大学,环境设计,130503,22,A,2026
南京理工大学,环境设计,130503,24,A,2026
安徽工程大学,环境设计,130503,25,A,2026
海南师范大学,环境设计,130503,26,A,2026
中央美术学院,环境设计,130503,27,A,2026
山东艺术学院,环境设计,130503,28,A,2026
湖北美术学院,环境设计,130503,29,A,2026
吉林艺术学院,环境设计,130503,30,A,2026
景德镇陶瓷大学,环境设计,130503,31,A,2026
湖南工业大学,环境设计,130503,32,A,2026
华东理工大学,环境设计,130503,33,A,2026
华南理工大学,环境设计,130503,33,A,2026
四川大学,环境设计,130503,33,A,2026
云南艺术学院,环境设计,130503,33,A,2026
广西艺术学院,环境设计,130503,37,A,2026
东北师范大学,环境设计,130503,38,A,2026
山东师范大学,环境设计,130503,39,A,2026
中南民族大学,环境设计,130503,39,A,2026
湖北工业大学,环境设计,130503,41,A,2026
扬州大学,环境设计,130503,41,A,2026
西安美术学院,环境设计,130503,43,A,2026
南京师范大学,环境设计,130503,44,A,2026
中南林业科技大学,环境设计,130503,45,A,2026
山东大学,环境设计,130503,46,A,2026
广西师范大学,环境设计,130503,47,A,2026
北京工业大学,环境设计,130503,48,A,2026
湖北大学,环境设计,130503,49,A,2026
苏州大学,环境设计,130503,49,A,2026
浙江工业大学,环境设计,130503,49,A,2026
浙江师范大学,环境设计,130503,52,A,2026
长沙理工大学,环境设计,130503,53,A,2026
河南大学,环境设计,130503,54,A,2026
中国人民大学,环境设计,130503,54,A,2026
福州大学,环境设计,130503,56,A,2026
中国地质大学（武汉）,环境设计,130503,56,A,2026
上海工程技术大学,环境设计,130503,58,A,2026
四川师范大学,环境设计,130503,58,A,2026
齐鲁工业大学,环境设计,130503,60,A,2026
北京交通大学,环境设计,130503,61,A,2026
重庆大学,环境设计,130503,61,A,2026
青岛理工大学,环境设计,130503,61,A,2026
首都师范大学,环境设计,130503,61,A,2026
天津美术学院,环境设计,130503,61,A,2026
南昌大学,环境设计,130503,66,A,2026
山西师范大学,环境设计,130503,66,A,2026
浙江工商大学,环境设计,130503,68,A,2026
太原理工大学,环境设计,130503,69,A,2026
武汉纺织大学,环境设计,130503,70,A,2026
厦门大学,环境设计,130503,71,A,2026
燕山大学,环境设计,130503,71,A,2026
武汉工程大学,环境设计,130503,73,A,2026
昆明理工大学,环境设计,130503,74,A,2026
桂林理工大学,环境设计,130503,75,A,2026
广东财经大学,环境设计,130503,76,A,2026
四川音乐学院,环境设计,130503,76,A,2026
郑州轻工业大学,环境设计,130503,76,A,2026
大连理工大学,环境设计,130503,79,B+,2026
天津大学,环境设计,130503,80,B+,2026
上海师范大学,环境设计,130503,81,B+,2026
浙江农林大学,环境设计,130503,81,B+,2026
华南师范大学,环境设计,130503,83,B+,2026
重庆文理学院,环境设计,130503,84,B+,2026
合肥工业大学,环境设计,130503,85,B+,2026
中央民族大学,环境设计,130503,86,B+,2026
济南大学,环境设计,130503,87,B+,2026
陕西师范大学,环境设计,130503,88,B+,2026
西安交通大学,环境设计,130503,89,B+,2026
安徽大学,环境设计,130503,90,B+,2026
山西大学,环境设计,130503,90,B+,2026
大连工业大学,环境设计,130503,92,B+,2026
湖南师范大学,环境设计,130503,92,B+,2026
温州大学,环境设计,130503,94,B+,2026
苏州工学院,环境设计,130503,95,B+,2026
安徽师范大学,环境设计,130503,96,B+,2026
集美大学,环境设计,130503,96,B+,2026
江西师范大学,环境设计,130503,98,B+,2026
武汉科技大学,环境设计,130503,99,B+,2026
兰州交通大学,环境设计,130503,100,B+,2026
吉林建筑大学,环境设计,130503,101,B+,2026
河北工业大学,环境设计,130503,102,B+,2026
天津师范大学,环境设计,130503,102,B+,2026
云南大学,环境设计,130503,102,B+,2026
南京工业大学,环境设计,130503,105,B+,2026
内蒙古师范大学,环境设计,130503,105,B+,2026
盐城工学院,环境设计,130503,107,B+,2026
浙江万里学院,环境设计,130503,107,B+,2026
沈阳建筑大学,环境设计,130503,109,B+,2026
苏州科技大学,环境设计,130503,109,B+,2026
金陵科技学院,环境设计,130503,111,B+,2026
武汉大学,环境设计,130503,111,B+,2026
西北师范大学,环境设计,130503,113,B+,2026
天津理工大学,环境设计,130503,114,B+,2026
内蒙古工业大学,环境设计,130503,115,B+,2026
内蒙古艺术学院,环境设计,130503,116,B+,2026
山东建筑大学,环境设计,130503,116,B+,2026
广州大学,环境设计,130503,118,B+,2026
贵州师范大学,环境设计,130503,118,B+,2026
上海理工大学,环境设计,130503,118,B+,2026
江西水利电力大学,环境设计,130503,121,B+,2026
中原工学院,环境设计,130503,121,B+,2026
哈尔滨师范大学,环境设计,130503,123,B+,2026
福建农林大学,环境设计,130503,124,B+,2026
常州大学,环境设计,130503,125,B+,2026
江西财经大学,环境设计,130503,125,B+,2026
南京航空航天大学,环境设计,130503,125,B+,2026
新疆艺术学院,环境设计,130503,125,B+,2026
华南农业大学,环境设计,130503,129,B+,2026
桂林电子科技大学,环境设计,130503,130,B+,2026
湖北师范大学,环境设计,130503,130,B+,2026
青岛科技大学,环境设计,130503,130,B+,2026
天津城建大学,环境设计,130503,130,B+,2026
西南林业大学,环境设计,130503,130,B+,2026
安徽建筑大学,环境设计,130503,135,B+,2026
长春理工大学,环境设计,130503,135,B+,2026
东北林业大学,环境设计,130503,135,B+,2026
西华大学,环境设计,130503,138,B+,2026
安徽财经大学,环境设计,130503,139,B+,2026
北京建筑大学,环境设计,130503,139,B+,2026
东北大学,环境设计,130503,139,B+,2026
湖南理工大学,环境设计,130503,139,B+,2026
西北农林科技大学,环境设计,130503,143,B+,2026
浙大城市学院,环境设计,130503,143,B+,2026
广东技术师范大学,环境设计,130503,145,B+,2026
武汉轻工大学,环境设计,130503,145,B+,2026
西安石油大学,环境设计,130503,145,B+,2026
北方工业大学,环境设计,130503,148,B+,2026
华东交通大学,环境设计,130503,149,B+,2026
湖南工商大学,环境设计,130503,149,B+,2026
湖州师范大学,环境设计,130503,149,B+,2026
烟台大学,环境设计,130503,149,B+,2026
北京联合大学,环境设计,130503,153,B+,2026
南华大学,环境设计,130503,153,B+,2026
仲恺农业工程学院,环境设计,130503,155,B+,2026
甘肃政法大学,环境设计,130503,156,B+,2026
河北农业大学,环境设计,130503,157,B+,2026
河南理工大学,环境设计,130503,157,B+,2026
华北水利水电大学,环境设计,130503,159,B+,2026
内蒙古农业大学,环境设计,130503,159,B+,2026
广西民族大学,环境设计,130503,161,B+,2026
江苏大学,环境设计,130503,161,B+,2026
江苏理工学院,环境设计,130503,161,B+,2026
福建理工大学,环境设计,130503,164,B+,2026
吉首大学,环境设计,130503,164,B+,2026
石家庄铁道大学,环境设计,130503,164,B+,2026
广西科技大学,环境设计,130503,167,B+,2026
青岛大学,环境设计,130503,167,B+,2026
西安工程大学,环境设计,130503,167,B+,2026
北京城市学院,环境设计,130503,170,B+,2026
南昌航空大学,环境设计,130503,170,B+,2026
重庆交通大学,环境设计,130503,172,B+,2026
河北大学,环境设计,130503,172,B+,2026
沈阳师范大学,环境设计,130503,174,B+,2026
云南师范大学,环境设计,130503,175,B+,2026
安徽农业大学,环境设计,130503,176,B+,2026
北京林业大学,环境设计,130503,177,B+,2026
上海视觉艺术学院,环境设计,130503,178,B+,2026
沈阳理工大学,环境设计,130503,179,B+,2026
中国计量大学,环境设计,130503,180,B+,2026
东北石油大学,环境设计,130503,181,B+,2026
南京信息工程大学,环境设计,130503,182,B+,2026
南通大学,环境设计,130503,182,B+,2026
贵州大学,环境设计,130503,184,B+,2026
曲阜师范大学,环境设计,130503,184,B+,2026
上海应用技术大学,环境设计,130503,184,B+,2026
徐州工程学院,环境设计,130503,184,B+,2026
安徽工业大学,环境设计,130503,188,B+,2026
成都大学,环境设计,130503,188,B+,2026
南京财经大学,环境设计,130503,188,B+,2026
厦门理工学院,环境设计,130503,188,B+,2026
西安工业大学,环境设计,130503,188,B+,2026
长江大学,环境设计,130503,193,B+,2026
重庆工商大学,环境设计,130503,193,B+,2026
黑龙江大学,环境设计,130503,195,B+,2026
淮北师范大学,环境设计,130503,195,B+,2026
上海第二工业大学,环境设计,130503,195,B+,2026
天津工业大学,环境设计,130503,195,B+,2026
五邑大学,环境设计,130503,195,B+,2026
新疆师范大学,环境设计,130503,195,B+,2026
中国矿业大学,环境设计,130503,195,B+,2026
东北电力大学,环境设计,130503,202,B+,2026
贵州民族大学,环境设计,130503,202,B+,2026
海南热带海洋学院,环境设计,130503,202,B+,2026
贺州学院,环境设计,130503,202,B+,2026
辽宁工业大学,环境设计,130503,202,B+,2026
辽宁科技大学,环境设计,130503,202,B+,2026
山东科技大学,环境设计,130503,202,B+,2026
沈阳工业大学,环境设计,130503,202,B+,2026
沈阳航空航天大学,环境设计,130503,202,B+,2026
四川农业大学,环境设计,130503,202,B+,2026
太原科技大学,环境设计,130503,202,B+,2026
天津科技大学,环境设计,130503,202,B+,2026
西京学院,环境设计,130503,202,B+,2026
延边大学,环境设计,130503,202,B+,2026
广东第二师范学院,环境设计,130503,216,B+,2026
黑龙江工程学院,环境设计,130503,216,B+,2026
华北理工大学,环境设计,130503,216,B+,2026
南京工程学院,环境设计,130503,216,B+,2026
内蒙古大学,环境设计,130503,216,B+,2026
石河子大学,环境设计,130503,216,B+,2026
西南民族大学,环境设计,130503,216,B+,2026
长春工业大学,环境设计,130503,223,B+,2026
合肥大学,环境设计,130503,223,B+,2026
兰州文理学院,环境设计,130503,223,B+,2026
三亚学院,环境设计,130503,223,B+,2026
天津财经大学,环境设计,130503,223,B+,2026
肇庆学院,环境设计,130503,223,B+,2026
浙江科技大学,环境设计,130503,223,B+,2026
江苏海洋大学,环境设计,130503,230,B+,2026
吉林动画学院,环境设计,130503,230,B+,2026
汕头大学,环境设计,130503,230,B+,2026
北华大学,环境设计,130503,233,B+,2026
江汉大学,环境设计,130503,233,B+,2026
吉林师范大学,环境设计,130503,233,B+,2026
大连民族大学,环境设计,130503,236,B,2026
哈尔滨商业大学,环境设计,130503,236,B,2026
淮安大学,环境设计,130503,236,B,2026
佳木斯大学,环境设计,130503,236,B,2026
江苏师范大学,环境设计,130503,236,B,2026
江西服装学院,环境设计,130503,236,B,2026
兰州大学,环境设计,130503,236,B,2026
内蒙古科技大学包头师范学院,环境设计,130503,236,B,2026
常州工学院,环境设计,130503,244,B,2026
河北建筑工程学院,环境设计,130503,244,B,2026
河北科技大学,环境设计,130503,244,B,2026
江西理工大学,环境设计,130503,244,B,2026
西北民族大学,环境设计,130503,244,B,2026
宁波大学科学技术学院,环境设计,130503,249,B,2026
攀枝花学院,环境设计,130503,249,B,2026
四川传媒学院,环境设计,130503,249,B,2026
蚌埠学院,环境设计,130503,252,B,2026
长春大学,环境设计,130503,252,B,2026
东华理工大学,环境设计,130503,252,B,2026
河南工业大学,环境设计,130503,252,B,2026
牡丹江师范学院,环境设计,130503,252,B,2026
太原师范学院,环境设计,130503,252,B,2026
武汉设计工程学院,环境设计,130503,252,B,2026
盐城师范学院,环境设计,130503,252,B,2026
郑州航空工业管理学院,环境设计,130503,252,B,2026
重庆师范大学,环境设计,130503,261,B,2026
湖北民族大学,环境设计,130503,261,B,2026
湖南城市学院,环境设计,130503,261,B,2026
内蒙古科技大学,环境设计,130503,261,B,2026
齐齐哈尔大学,环境设计,130503,261,B,2026
武汉东湖学院,环境设计,130503,261,B,2026
长春建筑学院,环境设计,130503,267,B,2026
河南农业大学,环境设计,130503,267,B,2026
湖北文理学院,环境设计,130503,267,B,2026
四川轻化工大学,环境设计,130503,267,B,2026
河南财经政法大学,环境设计,130503,271,B,2026
河南师范大学,环境设计,130503,271,B,2026
湖南农业大学,环境设计,130503,271,B,2026
江苏第二师范学院,环境设计,130503,271,B,2026
上海杉达学院,环境设计,130503,271,B,2026
山西农业大学,环境设计,130503,271,B,2026
河南科技学院,环境设计,130503,277,B,2026
山东农业大学,环境设计,130503,277,B,2026
长春光华学院,环境设计,130503,279,B,2026
吉林工程技术师范学院,环境设计,130503,279,B,2026
三江学院,环境设计,130503,279,B,2026
江西科技师范大学,环境设计,130503,282,B,2026
辽宁师范大学,环境设计,130503,282,B,2026
南京传媒学院,环境设计,130503,282,B,2026
青岛黄海学院,环境设计,130503,282,B,2026
湘南学院,环境设计,130503,282,B,2026
烟台南山学院,环境设计,130503,282,B,2026
赣南师范大学,环境设计,130503,288,B,2026
淮南师范学院,环境设计,130503,288,B,2026
黄河科技学院,环境设计,130503,288,B,2026
东南大学成贤学院,环境设计,130503,291,B,2026
厦门大学嘉庚学院,环境设计,130503,291,B,2026
西南财经大学天府学院,环境设计,130503,291,B,2026
合肥经济学院,环境设计,130503,294,B,2026
江西农业大学,环境设计,130503,294,B,2026
浙江农林大学暨阳学院,环境设计,130503,294,B,2026
湖南工程学院,环境设计,130503,297,B,2026
凯里学院,环境设计,130503,297,B,2026
昆明学院,环境设计,130503,297,B,2026
南宁理工学院,环境设计,130503,297,B,2026
大连艺术学院,环境设计,130503,301,B,2026
武汉工商学院,环境设计,130503,301,B,2026
无锡太湖学院,环境设计,130503,301,B,2026
电子科技大学中山学院,环境设计,130503,304,B,2026
沈阳工学院,环境设计,130503,304,B,2026
温州商学院,环境设计,130503,304,B,2026
福州工商学院,环境设计,130503,307,B,2026
河北工程大学,环境设计,130503,307,B,2026
河北美术学院,环境设计,130503,307,B,2026
邵阳学院,环境设计,130503,307,B,2026
武汉纺织大学外经贸学院,环境设计,130503,307,B,2026
西安翻译学院,环境设计,130503,307,B,2026
河北环境工程学院,环境设计,130503,313,B,2026
湖南信息学院,环境设计,130503,313,B,2026
南京师范大学中北学院,环境设计,130503,313,B,2026
玉林师范学院,环境设计,130503,313,B,2026
北海艺术设计学院,环境设计,130503,317,B,2026
首都师范大学科德学院,环境设计,130503,317,B,2026
银川科技学院,环境设计,130503,317,B,2026
怀化学院,环境设计,130503,320,B,2026
华南农业大学珠江学院,环境设计,130503,320,B,2026
晋中学院,环境设计,130503,320,B,2026
河北科技学院,环境设计,130503,323,B,2026
湖南涉外经济学院,环境设计,130503,323,B,2026
山东英才学院,环境设计,130503,323,B,2026
桂林学院,环境设计,130503,326,B,2026
河南城建学院,环境设计,130503,326,B,2026
兰州工商学院,环境设计,130503,326,B,2026
西安建筑科技大学华清学院,环境设计,130503,326,B,2026
河北北方学院,环境设计,130503,330,B,2026
重庆工程学院,环境设计,130503,331,B,2026
广东白云学院,环境设计,130503,331,B,2026
昆明传媒学院,环境设计,130503,333,B,2026
天津商业大学宝德学院,环境设计,130503,333,B,2026
四川旅游学院,环境设计,130503,335,B,2026
东北农业大学,环境设计,130503,336,B,2026
福建农林大学金山学院,环境设计,130503,336,B,2026
辽宁传媒学院,环境设计,130503,336,B,2026
河南开封科技传媒学院,环境设计,130503,339,B,2026
北京农学院,环境设计,130503,340,B,2026
沈阳大学,环境设计,130503,340,B,2026
嘉兴大学,环境设计,130503,342,B,2026
绵阳师范学院,环境设计,130503,343,B,2026
苏州城市学院,环境设计,130503,343,B,2026
安徽新华学院,环境设计,130503,345,B,2026
北方民族大学,环境设计,130503,345,B,2026
吉林师范大学博达学院,环境设计,130503,345,B,2026
闽江大学,环境设计,130503,345,B,2026
三峡大学,环境设计,130503,345,B,2026
玉溪师范学院,环境设计,130503,345,B,2026
辽宁对外经贸学院,环境设计,130503,351,B,2026
浙江财经大学,环境设计,130503,351,B,2026
渤海大学,环境设计,130503,353,B,2026
齐鲁理工学院,环境设计,130503,353,B,2026
长沙学院,环境设计,130503,355,B,2026
重庆人文科技学院,环境设计,130503,355,B,2026
兰州工业学院,环境设计,130503,355,B,2026
天津农学院,环境设计,130503,355,B,2026
浙大宁波理工学院,环境设计,130503,355,B,2026
广东东软学院,环境设计,130503,360,B,2026
哈尔滨信息工程学院,环境设计,130503,360,B,2026
湖北经济学院,环境设计,130503,360,B,2026
上海商学院,环境设计,130503,360,B,2026
陕西服装工程学院,环境设计,130503,360,B,2026
沈阳城市学院,环境设计,130503,360,B,2026
广东海洋大学,环境设计,130503,366,B,2026
广州航海学院,环境设计,130503,366,B,2026
黄冈师范学院,环境设计,130503,366,B,2026
湖北经济学院法商学院,环境设计,130503,366,B,2026
湖州学院,环境设计,130503,366,B,2026
喀什大学,环境设计,130503,366,B,2026
丽水学院,环境设计,130503,366,B,2026
宁波财经学院,环境设计,130503,366,B,2026
青岛城市学院,环境设计,130503,366,B,2026
皖江工学院,环境设计,130503,366,B,2026
武汉华夏理工学院,环境设计,130503,366,B,2026
云南农业大学,环境设计,130503,366,B,2026
长春电子科技学院,环境设计,130503,378,B,2026
长春工程学院,环境设计,130503,378,B,2026
长春科技学院,环境设计,130503,378,B,2026
长江师范学院,环境设计,130503,378,B,2026
重庆城市科技学院,环境设计,130503,378,B,2026
德州学院,环境设计,130503,378,B,2026
河北地质大学,环境设计,130503,378,B,2026
河南工程学院,环境设计,130503,378,B,2026
南京晓庄学院,环境设计,130503,378,B,2026
青岛滨海学院,环境设计,130503,378,B,2026
山东理工大学,环境设计,130503,378,B,2026
上海师范大学天华学院,环境设计,130503,378,B,2026
上海外国语大学贤达经济人文学院,环境设计,130503,378,B,2026
潍坊学院,环境设计,130503,378,B,2026
温州理工学院,环境设计,130503,378,B,2026
信阳师范大学,环境设计,130503,378,B,2026
燕京理工学院,环境设计,130503,378,B,2026
清华大学,产品设计,130504,1,A+,2026
江南大学,产品设计,130504,2,A+,2026
东南大学,产品设计,130504,3,A+,2026
南京艺术学院,产品设计,130504,3,A+,2026
浙江理工大学,产品设计,130504,5,A+,2026
中国美术学院,产品设计,130504,6,A+,2026
武汉理工大学,产品设计,130504,7,A+,2026
华南理工大学,产品设计,130504,8,A+,2026
四川美术学院,产品设计,130504,8,A+,2026
中央美术学院,产品设计,130504,8,A+,2026
北京理工大学,产品设计,130504,11,A,2026
东华大学,产品设计,130504,12,A,2026
北京服装学院,产品设计,130504,13,A,2026
山东大学,产品设计,130504,14,A,2026
中国地质大学（武汉）,产品设计,130504,14,A,2026
西南交通大学,产品设计,130504,16,A,2026
广东工业大学,产品设计,130504,17,A,2026
湖南工业大学,产品设计,130504,18,A,2026
鲁迅美术学院,产品设计,130504,18,A,2026
南京林业大学,产品设计,130504,20,A,2026
西北工业大学,产品设计,130504,20,A,2026
山东工艺美术学院,产品设计,130504,22,A,2026
广州美术学院,产品设计,130504,23,A,2026
景德镇陶瓷大学,产品设计,130504,23,A,2026
湖南大学,产品设计,130504,25,A,2026
吉林艺术学院,产品设计,130504,26,A,2026
南京师范大学,产品设计,130504,26,A,2026
上海工程技术大学,产品设计,130504,26,A,2026
湖北美术学院,产品设计,130504,29,A,2026
福州大学,产品设计,130504,30,A,2026
天津理工大学,产品设计,130504,30,A,2026
齐鲁工业大学,产品设计,130504,32,A,2026
燕山大学,产品设计,130504,32,A,2026
湖北工业大学,产品设计,130504,34,A,2026
西安理工大学,产品设计,130504,34,A,2026
郑州轻工业大学,产品设计,130504,34,A,2026
沈阳理工大学,产品设计,130504,37,A,2026
中南林业科技大学,产品设计,130504,38,A,2026
西安美术学院,产品设计,130504,39,A,2026
四川师范大学,产品设计,130504,40,A,2026
桂林电子科技大学,产品设计,130504,41,A,2026
云南艺术学院,产品设计,130504,41,A,2026
天津美术学院,产品设计,130504,43,A,2026
重庆大学,产品设计,130504,44,A,2026
青岛理工大学,产品设计,130504,44,A,2026
北京林业大学,产品设计,130504,46,B+,2026
福建农林大学,产品设计,130504,47,B+,2026
浙江传媒学院,产品设计,130504,47,B+,2026
上海理工大学,产品设计,130504,49,B+,2026
北京工业大学,产品设计,130504,50,B+,2026
湖南科技大学,产品设计,130504,51,B+,2026
西华大学,产品设计,130504,51,B+,2026
东北林业大学,产品设计,130504,53,B+,2026
华侨大学,产品设计,130504,53,B+,2026
江西财经大学,产品设计,130504,53,B+,2026
河南工业大学,产品设计,130504,56,B+,2026
华南师范大学,产品设计,130504,56,B+,2026
江苏大学,产品设计,130504,56,B+,2026
内蒙古科技大学,产品设计,130504,56,B+,2026
上海第二工业大学,产品设计,130504,60,B+,2026
贵州民族大学,产品设计,130504,61,B+,2026
山东科技大学,产品设计,130504,61,B+,2026
西安工业大学,产品设计,130504,61,B+,2026
南京工程学院,产品设计,130504,64,B+,2026
哈尔滨工业大学,产品设计,130504,65,B+,2026
华东师范大学,产品设计,130504,66,B+,2026
江西师范大学,产品设计,130504,66,B+,2026
大连民族大学,产品设计,130504,68,B+,2026
广州大学,产品设计,130504,69,B+,2026
南京工业大学,产品设计,130504,69,B+,2026
华中科技大学,产品设计,130504,71,B+,2026
北京印刷学院,产品设计,130504,72,B+,2026
中国地质大学（北京）,产品设计,130504,73,B+,2026
北京电影学院,产品设计,130504,74,B+,2026
杭州电子科技大学,产品设计,130504,74,B+,2026
四川音乐学院,产品设计,130504,74,B+,2026
黄山学院,产品设计,130504,77,B+,2026
上海大学,产品设计,130504,77,B+,2026
汕头大学,产品设计,130504,77,B+,2026
北京工商大学,产品设计,130504,80,B+,2026
合肥大学,产品设计,130504,80,B+,2026
上海电机学院,产品设计,130504,80,B+,2026
深圳大学,产品设计,130504,80,B+,2026
天津科技大学,产品设计,130504,80,B+,2026
安徽财经大学,产品设计,130504,85,B+,2026
武汉轻工大学,产品设计,130504,85,B+,2026
宿迁学院,产品设计,130504,87,B+,2026
常州工学院,产品设计,130504,88,B+,2026
苏州大学,产品设计,130504,88,B+,2026
江西理工大学,产品设计,130504,90,B+,2026
安徽信息工程学院,产品设计,130504,91,B+,2026
浙江科技大学,产品设计,130504,91,B+,2026
河北科技大学,产品设计,130504,93,B+,2026
浙江工商大学,产品设计,130504,93,B+,2026
北京化工大学,产品设计,130504,95,B+,2026
辽宁科技大学,产品设计,130504,95,B+,2026
平顶山学院,产品设计,130504,95,B+,2026
山东艺术学院,产品设计,130504,95,B+,2026
大连科技学院,产品设计,130504,99,B+,2026
武昌理工学院,产品设计,130504,99,B+,2026
内蒙古农业大学,产品设计,130504,101,B+,2026
浙江师范大学,产品设计,130504,101,B+,2026
仲恺农业工程学院,产品设计,130504,101,B+,2026
武汉大学,产品设计,130504,104,B+,2026
郑州航空工业管理学院,产品设计,130504,104,B+,2026
桂林理工大学,产品设计,130504,106,B+,2026
浙江工商大学杭州商学院,产品设计,130504,106,B+,2026
安徽工程大学,产品设计,130504,108,B+,2026
滁州学院,产品设计,130504,108,B+,2026
湖北大学,产品设计,130504,108,B+,2026
西安科技大学,产品设计,130504,108,B+,2026
三明学院,产品设计,130504,112,B+,2026
太原科技大学,产品设计,130504,112,B+,2026
吉林动画学院,产品设计,130504,114,B+,2026
北部湾大学,产品设计,130504,115,B+,2026
厦门理工学院,产品设计,130504,115,B+,2026
燕京理工学院,产品设计,130504,117,B+,2026
武汉纺织大学,产品设计,130504,118,B+,2026
武汉工程大学,产品设计,130504,118,B+,2026
湖北汽车工业学院,产品设计,130504,120,B+,2026
许昌学院,产品设计,130504,120,B+,2026
浙江理工大学科技与艺术学院,产品设计,130504,120,B+,2026
湖南工程学院,产品设计,130504,123,B+,2026
温州商学院,产品设计,130504,124,B+,2026
电子科技大学中山学院,产品设计,130504,125,B+,2026
广东白云学院,产品设计,130504,125,B+,2026
荆楚理工学院,产品设计,130504,125,B+,2026
重庆邮电大学,产品设计,130504,128,B+,2026
内蒙古师范大学,产品设计,130504,128,B+,2026
运城学院,产品设计,130504,128,B+,2026
重庆交通大学,产品设计,130504,131,B+,2026
广州城市理工学院,产品设计,130504,131,B+,2026
佛山大学,产品设计,130504,133,B+,2026
广西艺术学院,产品设计,130504,133,B+,2026
广东财经大学,产品设计,130504,135,B+,2026
闽南理工学院,产品设计,130504,135,B+,2026
梧州学院,产品设计,130504,135,B+,2026
保山学院,产品设计,130504,138,B,2026
淮南师范学院,产品设计,130504,138,B,2026
青岛科技大学,产品设计,130504,138,B,2026
四川工商学院,产品设计,130504,138,B,2026
长春理工大学,产品设计,130504,142,B,2026
成都大学,产品设计,130504,142,B,2026
辽宁石油化工大学,产品设计,130504,142,B,2026
武汉科技大学,产品设计,130504,142,B,2026
长江大学,产品设计,130504,146,B,2026
大连工业大学,产品设计,130504,146,B,2026
兰州交通大学,产品设计,130504,146,B,2026
台州学院,产品设计,130504,146,B,2026
常州大学,产品设计,130504,150,B,2026
江汉大学,产品设计,130504,150,B,2026
天津财经大学,产品设计,130504,150,B,2026
湖州师范大学,产品设计,130504,153,B,2026
四川农业大学,产品设计,130504,153,B,2026
河南科技大学,产品设计,130504,155,B,2026
淮安大学,产品设计,130504,155,B,2026
南华大学,产品设计,130504,155,B,2026
上海应用技术大学,产品设计,130504,155,B,2026
苏州工学院,产品设计,130504,155,B,2026
大连交通大学,产品设计,130504,160,B,2026
湖北文理学院,产品设计,130504,160,B,2026
沈阳建筑大学,产品设计,130504,160,B,2026
浙江万里学院,产品设计,130504,160,B,2026
天津城建大学,产品设计,130504,164,B,2026
哈尔滨商业大学,产品设计,130504,165,B,2026
华北电力大学,产品设计,130504,165,B,2026
金陵科技学院,产品设计,130504,165,B,2026
内蒙古艺术学院,产品设计,130504,165,B,2026
攀枝花学院,产品设计,130504,165,B,2026
三亚学院,产品设计,130504,165,B,2026
重庆师范大学,产品设计,130504,171,B,2026
广东技术师范大学,产品设计,130504,171,B,2026
华南农业大学,产品设计,130504,171,B,2026
湖北师范大学,产品设计,130504,171,B,2026
吉林建筑大学,产品设计,130504,171,B,2026
西南林业大学,产品设计,130504,176,B,2026
西南民族大学,产品设计,130504,176,B,2026
广西科技大学,产品设计,130504,178,B,2026
河南农业大学,产品设计,130504,178,B,2026
江苏海洋大学,产品设计,130504,178,B,2026
齐鲁理工学院,产品设计,130504,178,B,2026
东华理工大学,产品设计,130504,182,B,2026
福建理工大学,产品设计,130504,182,B,2026
华北理工大学,产品设计,130504,182,B,2026
吉林师范大学,产品设计,130504,182,B,2026
北华大学,产品设计,130504,186,B,2026
黑龙江工程学院,产品设计,130504,186,B,2026
湖南农业大学,产品设计,130504,186,B,2026
江西水利电力大学,产品设计,130504,186,B,2026
新疆大学,产品设计,130504,186,B,2026
盐城工学院,产品设计,130504,186,B,2026
北京城市学院,产品设计,130504,192,B,2026
长春工程学院,产品设计,130504,192,B,2026
赣南师范大学,产品设计,130504,192,B,2026
兰州理工大学,产品设计,130504,192,B,2026
辽宁工业大学,产品设计,130504,192,B,2026
齐齐哈尔大学,产品设计,130504,192,B,2026
西京学院,产品设计,130504,192,B,2026
云南财经大学,产品设计,130504,192,B,2026
肇庆学院,产品设计,130504,192,B,2026
桂林航天工业学院,产品设计,130504,201,B,2026
江苏理工学院,产品设计,130504,201,B,2026
中原工学院,产品设计,130504,201,B,2026
长春光华学院,产品设计,130504,204,B,2026
凯里学院,产品设计,130504,204,B,2026
青岛农业大学,产品设计,130504,204,B,2026
山东交通学院,产品设计,130504,204,B,2026
重庆工商大学,产品设计,130504,208,B,2026
温州肯恩大学,产品设计,130504,208,B,2026
温州理工学院,产品设计,130504,208,B,2026
武夷学院,产品设计,130504,208,B,2026
湖南工学院,产品设计,130504,212,B,2026
湖南科技学院,产品设计,130504,212,B,2026
龙岩学院,产品设计,130504,212,B,2026
青岛滨海学院,产品设计,130504,212,B,2026
渭南师范学院,产品设计,130504,212,B,2026
新疆艺术学院,产品设计,130504,212,B,2026
蚌埠学院,产品设计,130504,218,B,2026
广州华商学院,产品设计,130504,218,B,2026
广州商学院,产品设计,130504,218,B,2026
韩山师范学院,产品设计,130504,218,B,2026
河北地质大学,产品设计,130504,218,B,2026
湖北工程学院,产品设计,130504,218,B,2026
湖北工业大学工程技术学院,产品设计,130504,218,B,2026
湖州学院,产品设计,130504,218,B,2026
宁波大学科学技术学院,产品设计,130504,218,B,2026
韶关学院,产品设计,130504,218,B,2026
邵阳学院,产品设计,130504,218,B,2026
清华大学,服装与服饰设计,130505,1,A+,2026
浙江理工大学,服装与服饰设计,130505,1,A+,2026
东华大学,服装与服饰设计,130505,3,A+,2026
四川美术学院,服装与服饰设计,130505,4,A+,2026
北京服装学院,服装与服饰设计,130505,5,A+,2026
中国美术学院,服装与服饰设计,130505,5,A+,2026
江南大学,服装与服饰设计,130505,7,A,2026
山东工艺美术学院,服装与服饰设计,130505,8,A,2026
四川大学,服装与服饰设计,130505,9,A,2026
广东工业大学,服装与服饰设计,130505,10,A,2026
中央美术学院,服装与服饰设计,130505,11,A,2026
广州美术学院,服装与服饰设计,130505,12,A,2026
湖北美术学院,服装与服饰设计,130505,12,A,2026
南京艺术学院,服装与服饰设计,130505,12,A,2026
苏州大学,服装与服饰设计,130505,15,A,2026
武汉纺织大学,服装与服饰设计,130505,16,A,2026
鲁迅美术学院,服装与服饰设计,130505,17,A,2026
福建师范大学,服装与服饰设计,130505,18,A,2026
吉林艺术学院,服装与服饰设计,130505,18,A,2026
温州大学,服装与服饰设计,130505,20,A,2026
东北师范大学,服装与服饰设计,130505,21,A,2026
四川师范大学,服装与服饰设计,130505,22,A,2026
西安工程大学,服装与服饰设计,130505,23,A,2026
中央民族大学,服装与服饰设计,130505,24,A,2026
西安美术学院,服装与服饰设计,130505,25,A,2026
天津美术学院,服装与服饰设计,130505,26,B+,2026
云南艺术学院,服装与服饰设计,130505,27,B+,2026
华南理工大学,服装与服饰设计,130505,28,B+,2026
大连工业大学,服装与服饰设计,130505,29,B+,2026
内蒙古艺术学院,服装与服饰设计,130505,30,B+,2026
天津科技大学,服装与服饰设计,130505,31,B+,2026
安徽工程大学,服装与服饰设计,130505,32,B+,2026
江西服装学院,服装与服饰设计,130505,32,B+,2026
齐齐哈尔大学,服装与服饰设计,130505,34,B+,2026
黑龙江大学,服装与服饰设计,130505,35,B+,2026
天津工业大学,服装与服饰设计,130505,35,B+,2026
中国戏曲学院,服装与服饰设计,130505,35,B+,2026
河北科技大学,服装与服饰设计,130505,38,B+,2026
宁波大学,服装与服饰设计,130505,39,B+,2026
湖南师范大学,服装与服饰设计,130505,40,B+,2026
金陵科技学院,服装与服饰设计,130505,40,B+,2026
浙江科技大学,服装与服饰设计,130505,40,B+,2026
闽江大学,服装与服饰设计,130505,43,B+,2026
天津师范大学,服装与服饰设计,130505,43,B+,2026
中华女子学院,服装与服饰设计,130505,45,B+,2026
青岛大学,服装与服饰设计,130505,46,B+,2026
上海工程技术大学,服装与服饰设计,130505,46,B+,2026
新疆大学,服装与服饰设计,130505,48,B+,2026
齐鲁工业大学,服装与服饰设计,130505,49,B+,2026
河南工程学院,服装与服饰设计,130505,50,B+,2026
大连艺术学院,服装与服饰设计,130505,51,B+,2026
江汉大学,服装与服饰设计,130505,51,B+,2026
郑州轻工业大学,服装与服饰设计,130505,53,B+,2026
华南农业大学,服装与服饰设计,130505,54,B+,2026
东北电力大学,服装与服饰设计,130505,55,B+,2026
江苏理工学院,服装与服饰设计,130505,55,B+,2026
陕西科技大学,服装与服饰设计,130505,55,B+,2026
湖南工业大学,服装与服饰设计,130505,58,B+,2026
浙江传媒学院,服装与服饰设计,130505,58,B+,2026
中原工学院,服装与服饰设计,130505,60,B+,2026
长春工业大学,服装与服饰设计,130505,61,B+,2026
扬州大学,服装与服饰设计,130505,62,B+,2026
南京特殊教育师范学院,服装与服饰设计,130505,63,B+,2026
太原理工大学,服装与服饰设计,130505,63,B+,2026
海南师范大学,服装与服饰设计,130505,65,B+,2026
华南师范大学,服装与服饰设计,130505,65,B+,2026
深圳大学,服装与服饰设计,130505,65,B+,2026
浙江农林大学,服装与服饰设计,130505,65,B+,2026
苏州大学应用技术学院,服装与服饰设计,130505,69,B+,2026
上海视觉艺术学院,服装与服饰设计,130505,70,B+,2026
湖南工程学院,服装与服饰设计,130505,71,B+,2026
无锡太湖学院,服装与服饰设计,130505,71,B+,2026
上海杉达学院,服装与服饰设计,130505,73,B+,2026
广西艺术学院,服装与服饰设计,130505,74,B+,2026
广西师范大学,服装与服饰设计,130505,75,B+,2026
湖北理工学院,服装与服饰设计,130505,75,B+,2026
武汉设计工程学院,服装与服饰设计,130505,75,B+,2026
扬州大学广陵学院,服装与服饰设计,130505,78,B,2026
大连大学,服装与服饰设计,130505,79,B,2026
桂林理工大学,服装与服饰设计,130505,79,B,2026
重庆第二师范学院,服装与服饰设计,130505,81,B,2026
湖南女子学院,服装与服饰设计,130505,81,B,2026
昆明理工大学,服装与服饰设计,130505,83,B,2026
内蒙古师范大学,服装与服饰设计,130505,83,B,2026
湖南涉外经济学院,服装与服饰设计,130505,85,B,2026
陕西服装工程学院,服装与服饰设计,130505,85,B,2026
梧州学院,服装与服饰设计,130505,85,B,2026
桂林电子科技大学,服装与服饰设计,130505,88,B,2026
厦门理工学院,服装与服饰设计,130505,89,B,2026
郑州经贸学院,服装与服饰设计,130505,90,B,2026
北京联合大学,服装与服饰设计,130505,91,B,2026
贵州民族大学,服装与服饰设计,130505,91,B,2026
南通大学,服装与服饰设计,130505,91,B,2026
内蒙古工业大学,服装与服饰设计,130505,91,B,2026
绍兴大学,服装与服饰设计,130505,91,B,2026
湖州师范大学,服装与服饰设计,130505,96,B,2026
兰州财经大学,服装与服饰设计,130505,96,B,2026
淮北师范大学,服装与服饰设计,130505,98,B,2026
山东理工大学,服装与服饰设计,130505,99,B,2026
苏州工学院,服装与服饰设计,130505,99,B,2026
湖南工商大学,服装与服饰设计,130505,101,B,2026
辽宁传媒学院,服装与服饰设计,130505,101,B,2026
重庆工商大学,服装与服饰设计,130505,103,B,2026
塔里木大学,服装与服饰设计,130505,103,B,2026
广东技术师范大学,服装与服饰设计,130505,105,B,2026
上海商学院,服装与服饰设计,130505,105,B,2026
长沙学院,服装与服饰设计,130505,107,B,2026
大连外国语大学,服装与服饰设计,130505,107,B,2026
广西科技大学,服装与服饰设计,130505,107,B,2026
黄河科技学院,服装与服饰设计,130505,107,B,2026
绵阳师范学院,服装与服饰设计,130505,107,B,2026
河南科技学院,服装与服饰设计,130505,112,B,2026
三亚学院,服装与服饰设计,130505,112,B,2026
四川轻化工大学,服装与服饰设计,130505,114,B,2026
盐城工学院,服装与服饰设计,130505,114,B,2026
重庆师范大学,服装与服饰设计,130505,116,B,2026
三明学院,服装与服饰设计,130505,117,B,2026
武汉商学院,服装与服饰设计,130505,117,B,2026
五邑大学,服装与服饰设计,130505,117,B,2026
江西科技师范大学,服装与服饰设计,130505,120,B,2026
哈尔滨华德学院,服装与服饰设计,130505,121,B,2026
吉林工程技术师范学院,服装与服饰设计,130505,121,B,2026
燕京理工学院,服装与服饰设计,130505,121,B,2026
深圳技术大学,服装与服饰设计,130505,124,B,2026
泰山学院,服装与服饰设计,130505,124,B,2026
新疆艺术学院,服装与服饰设计,130505,124,B,2026
江南大学,公共艺术,130506,1,A+,2026
中央美术学院,公共艺术,130506,2,A+,2026
华东师范大学,公共艺术,130506,3,A,2026
中国美术学院,公共艺术,130506,4,A,2026
四川美术学院,公共艺术,130506,5,A,2026
杭州师范大学,公共艺术,130506,6,A,2026
北京服装学院,公共艺术,130506,7,A,2026
山东工艺美术学院,公共艺术,130506,7,A,2026
南京艺术学院,公共艺术,130506,9,B+,2026
南京林业大学,公共艺术,130506,10,B+,2026
湖北美术学院,公共艺术,130506,11,B+,2026
景德镇陶瓷大学,公共艺术,130506,12,B+,2026
广州美术学院,公共艺术,130506,13,B+,2026
天津美术学院,公共艺术,130506,14,B+,2026
浙江工业大学,公共艺术,130506,15,B+,2026
武汉纺织大学,公共艺术,130506,16,B+,2026
沈阳大学,公共艺术,130506,17,B+,2026
西安美术学院,公共艺术,130506,18,B+,2026
汕头大学,公共艺术,130506,19,B+,2026
江汉大学,公共艺术,130506,20,B+,2026
兰州财经大学,公共艺术,130506,21,B+,2026
湖北工业大学,公共艺术,130506,22,B+,2026
扬州大学,公共艺术,130506,22,B+,2026
鲁迅美术学院,公共艺术,130506,24,B,2026
广西艺术学院,公共艺术,130506,25,B,2026
内蒙古师范大学,公共艺术,130506,26,B,2026
青岛科技大学,公共艺术,130506,27,B,2026
内蒙古艺术学院,公共艺术,130506,28,B,2026
桂林电子科技大学,公共艺术,130506,29,B,2026
四川音乐学院,公共艺术,130506,29,B,2026
武汉科技大学,公共艺术,130506,29,B,2026
天津科技大学,公共艺术,130506,32,B,2026
沈阳师范大学,公共艺术,130506,33,B,2026
华北水利水电大学,公共艺术,130506,34,B,2026
吉林建筑大学,公共艺术,130506,34,B,2026
华北理工大学,公共艺术,130506,36,B,2026
贵州师范学院,公共艺术,130506,37,B,2026
清华大学,工艺美术,130507,1,A+,2026
中国美术学院,工艺美术,130507,2,A+,2026
山东工艺美术学院,工艺美术,130507,3,A,2026
四川美术学院,工艺美术,130507,3,A,2026
北京工业大学,工艺美术,130507,5,A,2026
福州大学,工艺美术,130507,5,A,2026
南京艺术学院,工艺美术,130507,7,A,2026
广州美术学院,工艺美术,130507,8,A,2026
鲁迅美术学院,工艺美术,130507,9,A,2026
山东艺术学院,工艺美术,130507,10,A,2026
中央美术学院,工艺美术,130507,11,B+,2026
太原理工大学,工艺美术,130507,12,B+,2026
吉林艺术学院,工艺美术,130507,13,B+,2026
西安美术学院,工艺美术,130507,14,B+,2026
湖北美术学院,工艺美术,130507,15,B+,2026
天津美术学院,工艺美术,130507,16,B+,2026
安徽师范大学,工艺美术,130507,17,B+,2026
湖南师范大学,工艺美术,130507,18,B+,2026
广东技术师范大学,工艺美术,130507,19,B+,2026
北京联合大学,工艺美术,130507,20,B+,2026
上海大学,工艺美术,130507,20,B+,2026
上海视觉艺术学院,工艺美术,130507,22,B+,2026
云南民族大学,工艺美术,130507,22,B+,2026
景德镇学院,工艺美术,130507,24,B+,2026
武昌理工学院,工艺美术,130507,25,B+,2026
肇庆学院,工艺美术,130507,25,B+,2026
安徽工程大学,工艺美术,130507,27,B+,2026
莆田学院,工艺美术,130507,28,B+,2026
山西师范大学,工艺美术,130507,28,B+,2026
武汉纺织大学,工艺美术,130507,30,B+,2026
景德镇陶瓷大学,工艺美术,130507,31,B+,2026
桂林理工大学,工艺美术,130507,32,B+,2026
长沙理工大学,工艺美术,130507,33,B,2026
桂林旅游学院,工艺美术,130507,34,B,2026
内蒙古师范大学,工艺美术,130507,34,B,2026
保山学院,工艺美术,130507,36,B,2026
广西艺术学院,工艺美术,130507,37,B,2026
桂林电子科技大学,工艺美术,130507,38,B,2026
兰州城市学院,工艺美术,130507,38,B,2026
郑州轻工业大学,工艺美术,130507,38,B,2026
南京工程学院,工艺美术,130507,41,B,2026
佳木斯大学,工艺美术,130507,42,B,2026
闽江大学,工艺美术,130507,43,B,2026
攀枝花学院,工艺美术,130507,43,B,2026
江西科技师范大学,工艺美术,130507,45,B,2026
北京城市学院,工艺美术,130507,46,B,2026
河南科技学院,工艺美术,130507,46,B,2026
黑龙江工程学院,工艺美术,130507,48,B,2026
天津中德应用技术大学,工艺美术,130507,49,B,2026
哈尔滨师范大学,工艺美术,130507,50,B,2026
青海民族大学,工艺美术,130507,51,B,2026
四川旅游学院,工艺美术,130507,51,B,2026
烟台南山学院,工艺美术,130507,51,B,2026
浙江树人学院,工艺美术,130507,51,B,2026
中国传媒大学,数字媒体艺术,130508,1,A+,2026
广东工业大学,数字媒体艺术,130508,2,A+,2026
北京服装学院,数字媒体艺术,130508,3,A+,2026
北京师范大学,数字媒体艺术,130508,3,A+,2026
哈尔滨工业大学,数字媒体艺术,130508,5,A+,2026
中国美术学院,数字媒体艺术,130508,6,A+,2026
江南大学,数字媒体艺术,130508,7,A+,2026
四川美术学院,数字媒体艺术,130508,7,A+,2026
中央美术学院,数字媒体艺术,130508,9,A,2026
南京艺术学院,数字媒体艺术,130508,10,A,2026
北京邮电大学,数字媒体艺术,130508,11,A,2026
华中科技大学,数字媒体艺术,130508,11,A,2026
北京电影学院,数字媒体艺术,130508,13,A,2026
华东理工大学,数字媒体艺术,130508,13,A,2026
上海大学,数字媒体艺术,130508,13,A,2026
东华大学,数字媒体艺术,130508,16,A,2026
鲁迅美术学院,数字媒体艺术,130508,17,A,2026
长沙理工大学,数字媒体艺术,130508,18,A,2026
湖北工业大学,数字媒体艺术,130508,19,A,2026
湖北大学,数字媒体艺术,130508,20,A,2026
吉林艺术学院,数字媒体艺术,130508,21,A,2026
上海音乐学院,数字媒体艺术,130508,21,A,2026
北京印刷学院,数字媒体艺术,130508,23,A,2026
福州大学,数字媒体艺术,130508,23,A,2026
浙江理工大学,数字媒体艺术,130508,23,A,2026
西安邮电大学,数字媒体艺术,130508,26,A,2026
山东艺术学院,数字媒体艺术,130508,27,A,2026
湖南工业大学,数字媒体艺术,130508,28,A,2026
上海戏剧学院,数字媒体艺术,130508,29,A,2026
云南艺术学院,数字媒体艺术,130508,29,A,2026
北京交通大学,数字媒体艺术,130508,31,A,2026
内蒙古师范大学,数字媒体艺术,130508,32,A,2026
武汉纺织大学,数字媒体艺术,130508,33,A,2026
南京邮电大学,数字媒体艺术,130508,34,A,2026
北京联合大学,数字媒体艺术,130508,35,A,2026
广州美术学院,数字媒体艺术,130508,35,A,2026
浙江传媒学院,数字媒体艺术,130508,37,A,2026
太原理工大学,数字媒体艺术,130508,38,A,2026
浙江农林大学,数字媒体艺术,130508,39,A,2026
南京信息工程大学,数字媒体艺术,130508,40,A,2026
浙江师范大学,数字媒体艺术,130508,41,A,2026
郑州轻工业大学,数字媒体艺术,130508,42,B+,2026
华南师范大学,数字媒体艺术,130508,43,B+,2026
北京工商大学,数字媒体艺术,130508,44,B+,2026
江西财经大学,数字媒体艺术,130508,45,B+,2026
吉林动画学院,数字媒体艺术,130508,46,B+,2026
沈阳航空航天大学,数字媒体艺术,130508,47,B+,2026
西北师范大学,数字媒体艺术,130508,47,B+,2026
西安美术学院,数字媒体艺术,130508,49,B+,2026
河北美术学院,数字媒体艺术,130508,50,B+,2026
中国人民大学,数字媒体艺术,130508,50,B+,2026
四川音乐学院,数字媒体艺术,130508,52,B+,2026
杭州电子科技大学,数字媒体艺术,130508,53,B+,2026
常州工学院,数字媒体艺术,130508,54,B+,2026
杭州师范大学,数字媒体艺术,130508,55,B+,2026
南京林业大学,数字媒体艺术,130508,55,B+,2026
深圳大学,数字媒体艺术,130508,55,B+,2026
厦门大学,数字媒体艺术,130508,58,B+,2026
西南交通大学,数字媒体艺术,130508,58,B+,2026
上海工程技术大学,数字媒体艺术,130508,60,B+,2026
无锡学院,数字媒体艺术,130508,60,B+,2026
山西传媒学院,数字媒体艺术,130508,62,B+,2026
首都师范大学,数字媒体艺术,130508,62,B+,2026
北京化工大学,数字媒体艺术,130508,64,B+,2026
扬州大学,数字媒体艺术,130508,64,B+,2026
浙江工商大学,数字媒体艺术,130508,64,B+,2026
北京工业大学,数字媒体艺术,130508,67,B+,2026
安徽工程大学,数字媒体艺术,130508,68,B+,2026
河南工业大学,数字媒体艺术,130508,69,B+,2026
南京传媒学院,数字媒体艺术,130508,69,B+,2026
华东交通大学,数字媒体艺术,130508,71,B+,2026
东莞城市学院,数字媒体艺术,130508,72,B+,2026
吉首大学,数字媒体艺术,130508,72,B+,2026
中国戏曲学院,数字媒体艺术,130508,74,B+,2026
江西理工大学,数字媒体艺术,130508,75,B+,2026
景德镇陶瓷大学,数字媒体艺术,130508,75,B+,2026
山东财经大学,数字媒体艺术,130508,75,B+,2026
四川传媒学院,数字媒体艺术,130508,75,B+,2026
浙江工业大学,数字媒体艺术,130508,75,B+,2026
四川师范大学,数字媒体艺术,130508,80,B+,2026
江苏第二师范学院,数字媒体艺术,130508,81,B+,2026
上海师范大学天华学院,数字媒体艺术,130508,81,B+,2026
哈尔滨师范大学,数字媒体艺术,130508,83,B+,2026
湖北美术学院,数字媒体艺术,130508,83,B+,2026
无锡太湖学院,数字媒体艺术,130508,85,B+,2026
西北大学,数字媒体艺术,130508,85,B+,2026
广州大学,数字媒体艺术,130508,87,B+,2026
华中师范大学,数字媒体艺术,130508,87,B+,2026
湖南师范大学,数字媒体艺术,130508,87,B+,2026
北京邮电大学世纪学院,数字媒体艺术,130508,90,B+,2026
桂林理工大学,数字媒体艺术,130508,91,B+,2026
泉州信息工程学院,数字媒体艺术,130508,92,B+,2026
重庆工程学院,数字媒体艺术,130508,93,B+,2026
武汉设计工程学院,数字媒体艺术,130508,93,B+,2026
齐鲁工业大学,数字媒体艺术,130508,95,B+,2026
上海视觉艺术学院,数字媒体艺术,130508,95,B+,2026
西北大学现代学院,数字媒体艺术,130508,95,B+,2026
广东财经大学,数字媒体艺术,130508,98,B+,2026
天津师范大学,数字媒体艺术,130508,98,B+,2026
广西艺术学院,数字媒体艺术,130508,100,B+,2026
广州软件学院,数字媒体艺术,130508,100,B+,2026
昆明理工大学,数字媒体艺术,130508,100,B+,2026
厦门理工学院,数字媒体艺术,130508,100,B+,2026
天津美术学院,数字媒体艺术,130508,104,B+,2026
北京林业大学,数字媒体艺术,130508,105,B+,2026
内蒙古艺术学院,数字媒体艺术,130508,105,B+,2026
重庆邮电大学,数字媒体艺术,130508,107,B+,2026
桂林电子科技大学,数字媒体艺术,130508,107,B+,2026
河北传媒学院,数字媒体艺术,130508,107,B+,2026
成都大学,数字媒体艺术,130508,110,B+,2026
西安工业大学,数字媒体艺术,130508,111,B+,2026
西华大学,数字媒体艺术,130508,111,B+,2026
河北师范大学,数字媒体艺术,130508,113,B+,2026
上海电机学院,数字媒体艺术,130508,113,B+,2026
山西大学,数字媒体艺术,130508,113,B+,2026
西南科技大学,数字媒体艺术,130508,113,B+,2026
长江大学,数字媒体艺术,130508,117,B+,2026
东北电力大学,数字媒体艺术,130508,117,B+,2026
南通大学,数字媒体艺术,130508,117,B+,2026
曲阜师范大学,数字媒体艺术,130508,117,B+,2026
苏州科技大学,数字媒体艺术,130508,117,B+,2026
安徽工业大学,数字媒体艺术,130508,122,B+,2026
常州大学,数字媒体艺术,130508,123,B+,2026
贵州民族大学,数字媒体艺术,130508,123,B+,2026
金陵科技学院,数字媒体艺术,130508,123,B+,2026
上海第二工业大学,数字媒体艺术,130508,123,B+,2026
四川农业大学,数字媒体艺术,130508,123,B+,2026
江苏大学,数字媒体艺术,130508,128,B,2026
山东航空学院,数字媒体艺术,130508,128,B,2026
大连工业大学,数字媒体艺术,130508,130,B,2026
江苏海洋大学,数字媒体艺术,130508,130,B,2026
南华大学,数字媒体艺术,130508,130,B,2026
汕头大学,数字媒体艺术,130508,130,B,2026
西南林业大学,数字媒体艺术,130508,130,B,2026
新疆师范大学,数字媒体艺术,130508,130,B,2026
玉溪师范学院,数字媒体艺术,130508,130,B,2026
安徽建筑大学,数字媒体艺术,130508,137,B,2026
淮安大学,数字媒体艺术,130508,138,B,2026
华中农业大学,数字媒体艺术,130508,138,B,2026
攀枝花学院,数字媒体艺术,130508,138,B,2026
吉林建筑大学,数字媒体艺术,130508,141,B,2026
昆明传媒学院,数字媒体艺术,130508,141,B,2026
西安外国语大学,数字媒体艺术,130508,141,B,2026
福建理工大学,数字媒体艺术,130508,144,B,2026
嘉兴大学,数字媒体艺术,130508,144,B,2026
辽宁师范大学,数字媒体艺术,130508,144,B,2026
长春光华学院,数字媒体艺术,130508,147,B,2026
成都东软学院,数字媒体艺术,130508,147,B,2026
重庆工商大学,数字媒体艺术,130508,147,B,2026
重庆师范大学,数字媒体艺术,130508,147,B,2026
吉林师范大学,数字媒体艺术,130508,147,B,2026
江西水利电力大学,数字媒体艺术,130508,152,B,2026
吉林建筑科技学院,数字媒体艺术,130508,152,B,2026
安徽艺术学院,数字媒体艺术,130508,154,B,2026
广东东软学院,数字媒体艺术,130508,154,B,2026
昆山杜克大学,数字媒体艺术,130508,154,B,2026
烟台大学,数字媒体艺术,130508,154,B,2026
北京城市学院,数字媒体艺术,130508,158,B,2026
赣南师范大学,数字媒体艺术,130508,158,B,2026
江苏理工学院,数字媒体艺术,130508,158,B,2026
青岛黄海学院,数字媒体艺术,130508,158,B,2026
长春工业大学,数字媒体艺术,130508,162,B,2026
大连东软信息学院,数字媒体艺术,130508,162,B,2026
广东科技学院,数字媒体艺术,130508,162,B,2026
湖北工业大学工程技术学院,数字媒体艺术,130508,162,B,2026
湖北经济学院,数字媒体艺术,130508,162,B,2026
三亚学院,数字媒体艺术,130508,162,B,2026
西南财经大学,数字媒体艺术,130508,162,B,2026
仲恺农业工程学院,数字媒体艺术,130508,162,B,2026
青岛城市学院,数字媒体艺术,130508,170,B,2026
武汉华夏理工学院,数字媒体艺术,130508,170,B,2026
燕京理工学院,数字媒体艺术,130508,170,B,2026
浙大宁波理工学院,数字媒体艺术,130508,170,B,2026
广州航海学院,数字媒体艺术,130508,174,B,2026
山东协和学院,数字媒体艺术,130508,174,B,2026
山西工商学院,数字媒体艺术,130508,174,B,2026
山西农业大学,数字媒体艺术,130508,174,B,2026
山西应用科技学院,数字媒体艺术,130508,174,B,2026
天津外国语大学,数字媒体艺术,130508,174,B,2026
长春科技学院,数字媒体艺术,130508,180,B,2026
重庆移通学院,数字媒体艺术,130508,180,B,2026
河西学院,数字媒体艺术,130508,180,B,2026
湖北商贸学院,数字媒体艺术,130508,180,B,2026
江西科技师范大学,数字媒体艺术,130508,180,B,2026
上海杉达学院,数字媒体艺术,130508,180,B,2026
宿迁学院,数字媒体艺术,130508,180,B,2026
新疆工程学院,数字媒体艺术,130508,180,B,2026
新疆艺术学院,数字媒体艺术,130508,180,B,2026
云南财经大学,数字媒体艺术,130508,180,B,2026
上海建桥学院,数字媒体艺术,130508,190,B,2026
铜陵学院,数字媒体艺术,130508,190,B,2026
武昌理工学院,数字媒体艺术,130508,190,B,2026
武夷学院,数字媒体艺术,130508,190,B,2026
西交利物浦大学,数字媒体艺术,130508,190,B,2026
长江师范学院,数字媒体艺术,130508,195,B,2026
大连理工大学城市学院,数字媒体艺术,130508,195,B,2026
贵州师范学院,数字媒体艺术,130508,195,B,2026
湖北工程学院,数字媒体艺术,130508,195,B,2026
廊坊师范学院,数字媒体艺术,130508,195,B,2026
闽江大学,数字媒体艺术,130508,195,B,2026
宁波财经学院,数字媒体艺术,130508,195,B,2026
泉州师范学院,数字媒体艺术,130508,195,B,2026
天津中德应用技术大学,数字媒体艺术,130508,195,B,2026
浙江越秀外国语学院,数字媒体艺术,130508,195,B,2026
亳州学院,数字媒体艺术,130508,205,B,2026
桂林信息科技学院,数字媒体艺术,130508,205,B,2026
河北北方学院,数字媒体艺术,130508,205,B,2026
河南工程学院,数字媒体艺术,130508,205,B,2026
淮阴师范学院,数字媒体艺术,130508,205,B,2026
江西农业大学,数字媒体艺术,130508,205,B,2026
济宁学院,数字媒体艺术,130508,205,B,2026
六盘水师范学院,数字媒体艺术,130508,205,B,2026
青岛滨海学院,数字媒体艺术,130508,205,B,2026
山东女子学院,数字媒体艺术,130508,205,B,2026
上海外国语大学贤达经济人文学院,数字媒体艺术,130508,205,B,2026
天津仁爱学院,数字媒体艺术,130508,205,B,2026
武汉东湖学院,数字媒体艺术,130508,205,B,2026
武汉商学院,数字媒体艺术,130508,205,B,2026
梧州学院,数字媒体艺术,130508,205,B,2026
厦门华厦学院,数字媒体艺术,130508,205,B,2026
西安文理学院,数字媒体艺术,130508,205,B,2026
西北政法大学,数字媒体艺术,130508,205,B,2026
清华大学,艺术与科技,130509T,1,A+,2026
中国美术学院,艺术与科技,130509T,2,A+,2026
浙江大学,艺术与科技,130509T,3,A,2026
中国传媒大学,艺术与科技,130509T,4,A,2026
中央美术学院,艺术与科技,130509T,5,A,2026
北京服装学院,艺术与科技,130509T,6,A,2026
四川美术学院,艺术与科技,130509T,7,A,2026
南京艺术学院,艺术与科技,130509T,8,A,2026
广州美术学院,艺术与科技,130509T,9,A,2026
上海大学,艺术与科技,130509T,10,A,2026
山东工艺美术学院,艺术与科技,130509T,11,A,2026
浙江理工大学,艺术与科技,130509T,12,B+,2026
北京电影学院,艺术与科技,130509T,13,B+,2026
浙江音乐学院,艺术与科技,130509T,14,B+,2026
南京信息工程大学,艺术与科技,130509T,15,B+,2026
上海工程技术大学,艺术与科技,130509T,16,B+,2026
西安美术学院,艺术与科技,130509T,17,B+,2026
上海音乐学院,艺术与科技,130509T,18,B+,2026
大连工业大学,艺术与科技,130509T,19,B+,2026
内蒙古师范大学,艺术与科技,130509T,20,B+,2026
东华大学,艺术与科技,130509T,21,B+,2026
中南大学,艺术与科技,130509T,22,B+,2026
浙江传媒学院,艺术与科技,130509T,23,B+,2026
西安音乐学院,艺术与科技,130509T,24,B+,2026
西安建筑科技大学,艺术与科技,130509T,25,B+,2026
吉林动画学院,艺术与科技,130509T,26,B+,2026
陕西科技大学,艺术与科技,130509T,27,B+,2026
河北美术学院,艺术与科技,130509T,28,B+,2026
星海音乐学院,艺术与科技,130509T,29,B+,2026
鲁迅美术学院,艺术与科技,130509T,30,B+,2026
西安理工大学,艺术与科技,130509T,31,B+,2026
浙江师范大学,艺术与科技,130509T,31,B+,2026
北京印刷学院,艺术与科技,130509T,33,B+,2026
南京传媒学院,艺术与科技,130509T,34,B+,2026
山东艺术学院,艺术与科技,130509T,35,B,2026
四川师范大学,艺术与科技,130509T,35,B,2026
湖北美术学院,艺术与科技,130509T,37,B,2026
景德镇陶瓷大学,艺术与科技,130509T,38,B,2026
中国地质大学（北京）,艺术与科技,130509T,38,B,2026
吉林艺术学院,艺术与科技,130509T,40,B,2026
广西艺术学院,艺术与科技,130509T,41,B,2026
上海视觉艺术学院,艺术与科技,130509T,41,B,2026
昆明理工大学,艺术与科技,130509T,43,B,2026
南京工业大学,艺术与科技,130509T,44,B,2026
河北工业大学,艺术与科技,130509T,45,B,2026
青岛科技大学,艺术与科技,130509T,45,B,2026
内蒙古艺术学院,艺术与科技,130509T,47,B,2026
西华大学,艺术与科技,130509T,48,B,2026
四川音乐学院,艺术与科技,130509T,49,B,2026
金陵科技学院,艺术与科技,130509T,50,B,2026
合肥大学,艺术与科技,130509T,51,B,2026
沈阳音乐学院,艺术与科技,130509T,51,B,2026
天津城建大学,艺术与科技,130509T,53,B,2026
浙江万里学院,艺术与科技,130509T,53,B,2026
辽宁传媒学院,艺术与科技,130509T,55,B,2026
无锡学院,艺术与科技,130509T,56,B,2026
河北经贸大学,艺术与科技,130509T,57,B,2026
北京电影学院,新媒体艺术,130511T,1,A+,2026
中国传媒大学,新媒体艺术,130511T,2,A+,2026
山东工艺美术学院,新媒体艺术,130511T,3,A,2026
北京印刷学院,新媒体艺术,130511T,4,B+,2026
吉林艺术学院,新媒体艺术,130511T,5,B+,2026
桂林理工大学,新媒体艺术,130511T,6,B+,2026
辽宁对外经贸学院,新媒体艺术,130511T,7,B+,2026
辽宁传媒学院,新媒体艺术,130511T,8,B+,2026
齐鲁理工学院,新媒体艺术,130511T,9,B+,2026
吉林外国语大学,新媒体艺术,130511T,10,B,2026
深圳技术大学,新媒体艺术,130511T,11,B,2026
烟台南山学院,新媒体艺术,130511T,12,B,2026
辽宁工程技术大学,新媒体艺术,130511T,13,B,2026
四川传媒学院,新媒体艺术,130511T,13,B,2026
西北大学现代学院,新媒体艺术,130511T,13,B,2026
湖南工业大学,包装设计,130512T,1,A+,2026
山东工艺美术学院,包装设计,130512T,2,A+,2026
景德镇陶瓷大学,包装设计,130512T,3,B+,2026
上海理工大学,包装设计,130512T,4,B,2026
金陵科技学院,包装设计,130512T,5,B,2026
齐鲁师范学院,包装设计,130512T,6,B,2026
上海交通大学,人居设计,130514T,,,2026
北京科技大学,碳中和科学与工程（注：原专业代码为083205T。授予工学学士,140005T,,,2026
北京师范大学,碳中和科学与工程（注：原专业代码为083205T。授予工学学士,140005T,,,2026
昆明理工大学,碳中和科学与工程（注：原专业代码为083205T。授予工学学士,140005T,,,2026
武汉大学,智慧城市与空间规划（注：原专业代码为083206T。授予工学学,140006T,,,2026
天津大学,智能医学工程,140007T,1,A+,2026
北京航空航天大学,智能医学工程,140007T,2,A+,2026
东南大学,智能医学工程,140007T,3,A,2026
华中科技大学,智能医学工程,140007T,4,A,2026
重庆大学,智能医学工程,140007T,5,A,2026
山东大学,智能医学工程,140007T,6,A,2026
南方科技大学,智能医学工程,140007T,7,A,2026
北京理工大学,智能医学工程,140007T,8,A,2026
天津医科大学,智能医学工程,140007T,8,A,2026
哈尔滨工业大学,智能医学工程,140007T,10,B+,2026
南开大学,智能医学工程,140007T,11,B+,2026
西安电子科技大学,智能医学工程,140007T,12,B+,2026
东北大学,智能医学工程,140007T,13,B+,2026
北京邮电大学,智能医学工程,140007T,14,B+,2026
重庆医科大学,智能医学工程,140007T,15,B+,2026
南方医科大学,智能医学工程,140007T,16,B+,2026
上海理工大学,智能医学工程,140007T,17,B+,2026
首都医科大学,智能医学工程,140007T,18,B+,2026
河北工业大学,智能医学工程,140007T,19,B+,2026
南京医科大学,智能医学工程,140007T,20,B+,2026
上海中医药大学,智能医学工程,140007T,21,B+,2026
哈尔滨医科大学,智能医学工程,140007T,22,B+,2026
河北医科大学,智能医学工程,140007T,22,B+,2026
南昌大学,智能医学工程,140007T,24,B+,2026
安徽医科大学,智能医学工程,140007T,25,B+,2026
天津工业大学,智能医学工程,140007T,26,B,2026
河南医药大学,智能医学工程,140007T,27,B,2026
南通大学,智能医学工程,140007T,28,B,2026
徐州医科大学,智能医学工程,140007T,29,B,2026
深圳技术大学,智能医学工程,140007T,30,B,2026
浙江师范大学,智能医学工程,140007T,31,B,2026
河北大学,智能医学工程,140007T,32,B,2026
广西医科大学,智能医学工程,140007T,33,B,2026
山西医科大学,智能医学工程,140007T,33,B,2026
燕山大学,智能医学工程,140007T,33,B,2026
福建医科大学,智能医学工程,140007T,36,B,2026
山东第一医科大学,智能医学工程,140007T,36,B,2026
河南科技大学,智能医学工程,140007T,38,B,2026
中南民族大学,智能医学工程,140007T,38,B,2026
广东药科大学,智能医学工程,140007T,40,B,2026
成都中医药大学,智能医学工程,140007T,41,B,2026
川北医学院,智能医学工程,140007T,42,B,2026
山东大学,生物医药数据科学（注：原专业代码为101012T。授予理学学士,140008T,1,A+,2026
中国药科大学,生物医药数据科学（注：原专业代码为101012T。授予理学学士,140008T,2,A+,2026
广东医科大学,生物医药数据科学（注：原专业代码为101012T。授予理学学士,140008T,3,B+,2026
温州医科大学,生物医药数据科学（注：原专业代码为101012T。授予理学学士,140008T,4,B+,2026
遵义医科大学,生物医药数据科学（注：原专业代码为101012T。授予理学学士,140008T,5,B+,2026
杭州医学院,生物医药数据科学（注：原专业代码为101012T。授予理学学士,140008T,6,B+,2026
宁夏医科大学,生物医药数据科学（注：原专业代码为101012T。授予理学学士,140008T,7,B+,2026
蚌埠医科大学,生物医药数据科学（注：原专业代码为101012T。授予理学学士,140008T,8,B,2026
山东第一医科大学,生物医药数据科学（注：原专业代码为101012T。授予理学学士,140008T,9,B,2026
新疆医科大学,生物医药数据科学（注：原专业代码为101012T。授予理学学士,140008T,10,B,2026
锦州医科大学,生物医药数据科学（注：原专业代码为101012T。授予理学学士,140008T,11,B,2026
信阳师范大学,生物医药数据科学（注：原专业代码为101012T。授予理学学士,140008T,12,B,2026
山东第一医科大学,智能影像工程,140009T,1,A+,2026
河南医药大学,智能影像工程,140009T,2,A+,2026
贵州医科大学,智能影像工程,140009T,3,B+,2026
山东医药大学,智能影像工程,140009T,4,B,2026
湖北医药学院,智能影像工程,140009T,5,B,2026
南昌医学院,智能影像工程,140009T,6,B,2026
