school_name,major_name,batch,batch_year,tier
三峡大学,临床医学,,,national
三峡大学,临床医学（卓越医师实验班）,,,national
三峡大学,制药工程（AI制药产业班）,,,national
三峡大学,化学（分子智造特色）,,,national
三峡大学,医学影像学,,,national
三峡大学,土木工程（智慧土木方向）,,,national
三峡大学,土木工程（智慧电建拔尖班）,,,national
三峡大学,工程管理（水利电力方向）,,,national
三峡大学,数学与应用数学,,,national
三峡大学,数学与应用数学（教师教育）,,,national
三峡大学,新能源材料与器件（光电低碳能源材料与器件）,,,national
三峡大学,智能电网信息工程,,,national
三峡大学,机械设计制造及其自动化,,,national
三峡大学,材料成型及控制工程（智能成形与无损检测）,,,national
三峡大学,水利水电工程,,,national
三峡大学,水文与水资源工程,,,national
三峡大学,汉语言文学（创意写作）,,,national
三峡大学,汉语言文学（国学）,,,national
三峡大学,汉语言文学（教师教育）,,,national
三峡大学,港口航道与海岸工程,,,national
三峡大学,生物工程（生物智造产业班）,,,national
三峡大学,电气工程及其自动化,,,national
三峡大学,电气工程及其自动化（特来电拔尖班）,,,national
三峡大学,电气工程及其自动化（直流技术方向）,,,national
三峡大学,电气工程及其自动化（输电线路工程方向）,,,national
三峡大学,网络与新媒体,,,national
三峡大学,能源与动力工程（新能源拔尖班）,,,national
三峡大学,自动化,,,national
三峡大学,自动化（机器智能拔尖班）,,,national
三峡大学,英语（教师教育）,,,national
三峡大学,英语（翻译与国际传播）,,,national
三峡大学,药学,,,national
三峡大学,计算机科学与技术,,,national
三峡大学,财务管理（智能财务）,,,national
三峡大学,通信工程,,,national
三峡大学,金融学,,,national
三明学院,旅游管理与服务教育,,,national
三江学院,新闻学,,,national
三江学院,汉语言文学,,,national
三江学院,财务管理,,,national
上海中医药大学,中医学,,,national
上海中医药大学,中药学,,,national
上海中医药大学,中西医临床医学,,,national
上海中医药大学,康复治疗学,,,national
上海中医药大学,针灸推拿学,,,national
上海交通大学,人工智能,,,national
上海交通大学,会计学,,,national
上海交通大学,信息安全,,,national
上海交通大学,信息工程,,,national
上海交通大学,农业资源与环境,,,national
上海交通大学,化学,,,national
上海交通大学,化学工程与工艺,,,national
上海交通大学,天文学,,,national
上海交通大学,工业设计,,,national
上海交通大学,工商管理,,,national
上海交通大学,广播电视编导,,,national
上海交通大学,数学与应用数学,,,national
上海交通大学,文化产业管理,,,national
上海交通大学,机械工程,,,national
上海交通大学,材料科学与工程,,,national
上海交通大学,核工程与核技术,,,national
上海交通大学,植物科学与技术,,,national
上海交通大学,汉语言文学,,,national
上海交通大学,法学,,,national
上海交通大学,海洋科学,,,national
上海交通大学,物理学,,,national
上海交通大学,环境科学与工程,,,national
上海交通大学,生物医学工程,,,national
上海交通大学,生物工程,,,national
上海交通大学,生物技术,,,national
上海交通大学,电气工程及其自动化,,,national
上海交通大学,经济学,,,national
上海交通大学,统计学,,,national
上海交通大学,能源与动力工程,,,national
上海交通大学,自动化,,,national
上海交通大学,航空航天工程,,,national
上海交通大学,船舶与海洋工程,,,national
上海交通大学,英语,,,national
上海交通大学,药学,,,national
上海交通大学,行政管理,,,national
上海交通大学,视觉传达设计,,,national
上海交通大学,计算机科学与技术,,,national
上海交通大学,金融学,,,national
上海交通大学,食品科学与工程,,,national
上海交通大学医学院,临床医学,,,national
上海交通大学医学院,儿科学,,,national
上海交通大学医学院,医学检验技术,,,national
上海交通大学医学院,口腔医学,,,national
上海交通大学医学院,护理学,,,national
上海交通大学医学院,预防医学,,,national
上海体育大学,体育教育,,,national
上海体育大学,体育经济与管理,,,national
上海体育大学,应用心理学,,,national
上海体育大学,武术与民族传统体育,,,national
上海体育大学,社会体育指导与管理,,,national
上海体育大学,运动人体科学,,,national
上海体育大学,运动康复,,,national
上海体育大学,运动训练,,,national
上海健康医学院,医学影像技术,,,national
上海健康医学院,护理学,,,national
上海商学院,国际经济与贸易,,,national
上海商学院,工商管理,,,national
上海商学院,物流管理,,,national
上海商学院,电子商务,,,national
上海商学院,酒店管理,,,national
上海外国语大学,会计学,,,national
上海外国语大学,俄语,,,national
上海外国语大学,信息管理与信息系统,,,national
上海外国语大学,商务英语,,,national
上海外国语大学,国际政治,,,national
上海外国语大学,国际经济与贸易,,,national
上海外国语大学,工商管理,,,national
上海外国语大学,德语,,,national
上海外国语大学,意大利语,,,national
上海外国语大学,政治学与行政学,,,national
上海外国语大学,新闻学,,,national
上海外国语大学,日语,,,national
上海外国语大学,朝鲜语,,,national
上海外国语大学,汉语国际教育,,,national
上海外国语大学,法学,,,national
上海外国语大学,法语,,,national
上海外国语大学,网络与新媒体,,,national
上海外国语大学,翻译,,,national
上海外国语大学,英语,,,national
上海外国语大学,葡萄牙语,,,national
上海外国语大学,西班牙语,,,national
上海外国语大学,阿拉伯语,,,national
上海大学,中国画,,,national
上海大学,信息管理与信息系统,,,national
上海大学,冶金工程,,,national
上海大学,动画,,,national
上海大学,历史学,,,national
上海大学,国际经济与贸易,,,national
上海大学,土木工程,,,national
上海大学,工商管理,,,national
上海大学,广播电视编导,,,national
上海大学,应用化学,,,national
上海大学,应用物理学,,,national
上海大学,数字媒体技术,,,national
上海大学,数字媒体艺术,,,national
上海大学,数学与应用数学,,,national
上海大学,无机非金属材料工程,,,national
上海大学,机械电子工程,,,national
上海大学,机械设计制造及其自动化,,,national
上海大学,环境工程,,,national
上海大学,环境设计,,,national
上海大学,理论与应用力学,,,national
上海大学,生物工程,,,national
上海大学,电子信息工程,,,national
上海大学,电气工程及其自动化,,,national
上海大学,社会学,,,national
上海大学,经济学,,,national
上海大学,绘画,,,national
上海大学,美术学,,,national
上海大学,英语,,,national
上海大学,视觉传达设计,,,national
上海大学,计算机科学与技术,,,national
上海大学,通信工程,,,national
上海大学,金属材料工程,,,national
上海大学,金融学,,,national
上海大学,雕塑,,,national
上海大学,高分子材料与工程,,,national
上海对外经贸大学,会展经济与管理,,,national
上海对外经贸大学,会计学,,,national
上海对外经贸大学,信息管理与信息系统,,,national
上海对外经贸大学,商务英语,,,national
上海对外经贸大学,国际经济与贸易,,,national
上海对外经贸大学,审计学,,,national
上海对外经贸大学,工商管理,,,national
上海对外经贸大学,市场营销,,,national
上海对外经贸大学,应用统计学,,,national
上海对外经贸大学,法学,,,national
上海对外经贸大学,物流管理,,,national
上海对外经贸大学,电子商务,,,national
上海对外经贸大学,英语,,,national
上海对外经贸大学,财务管理,,,national
上海对外经贸大学,金融学,,,national
上海对外经贸大学,金融工程,,,national
上海工程技术大学,交通运输,,,national
上海工程技术大学,产品设计,,,national
上海工程技术大学,信息管理与信息系统,,,national
上海工程技术大学,制药工程,,,national
上海工程技术大学,化学工程与工艺,,,national
上海工程技术大学,工商管理,,,national
上海工程技术大学,市场营销,,,national
上海工程技术大学,旅游管理,,,national
上海工程技术大学,服装设计与工程,,,national
上海工程技术大学,机械工程,,,national
上海工程技术大学,环境工程,,,national
上海工程技术大学,计算机科学与技术,,,national
上海工程技术大学,车辆工程,,,national
上海师范大学,体育教育,,,national
上海师范大学,历史学,,,national
上海师范大学,古典文献学,,,national
上海师范大学,地理科学,,,national
上海师范大学,学前教育,,,national
上海师范大学,小学教育,,,national
上海师范大学,广告学,,,national
上海师范大学,广播电视编导,,,national
上海师范大学,应用心理学,,,national
上海师范大学,思想政治教育,,,national
上海师范大学,戏剧影视文学,,,national
上海师范大学,教育学,,,national
上海师范大学,数学与应用数学,,,national
上海师范大学,汉语国际教育,,,national
上海师范大学,汉语言文学,,,national
上海师范大学,物理学,,,national
上海师范大学,生物科学,,,national
上海师范大学,经济学,,,national
上海师范大学,绘画,,,national
上海师范大学,美术学,,,national
上海师范大学,舞蹈学,,,national
上海师范大学,英语,,,national
上海师范大学,计算机科学与技术,,,national
上海师范大学,金融学,,,national
上海师范大学,音乐学,,,national
上海应用技术大学,信息管理与信息系统,,,national
上海应用技术大学,制药工程,,,national
上海应用技术大学,化学工程与工艺,,,national
上海应用技术大学,土木工程,,,national
上海应用技术大学,市场营销,,,national
上海应用技术大学,材料物理,,,national
上海应用技术大学,材料科学与工程,,,national
上海应用技术大学,软件工程,,,national
上海应用技术大学,食品科学与工程,,,national
上海应用技术大学,香料香精技术与工程,,,national
上海戏剧学院,广播电视编导,,,national
上海戏剧学院,戏剧学,,,national
上海戏剧学院,戏剧影视导演,,,national
上海戏剧学院,戏剧影视文学,,,national
上海戏剧学院,戏剧影视美术设计,,,national
上海戏剧学院,播音与主持艺术,,,national
上海戏剧学院,舞蹈编导,,,national
上海戏剧学院,舞蹈表演,,,national
上海戏剧学院,艺术管理,,,national
上海戏剧学院,表演,,,national
上海政法学院,法学,,,national
上海政法学院,监狱学,,,national
上海政法学院,知识产权,,,national
上海杉达学院,酒店管理,,,national
上海杉达学院,金融学,,,national
上海海事大学,交通工程,,,national
上海海事大学,交通管理,,,national
上海海事大学,交通运输,,,national
上海海事大学,会计学,,,national
上海海事大学,安全工程,,,national
上海海事大学,工业工程,,,national
上海海事大学,机械设计制造及其自动化,,,national
上海海事大学,法学,,,national
上海海事大学,物流工程,,,national
上海海事大学,物流管理,,,national
上海海事大学,管理科学,,,national
上海海事大学,经济学,,,national
上海海事大学,航海技术,,,national
上海海事大学,船舶与海洋工程,,,national
上海海事大学,轮机工程,,,national
上海海关学院,海关管理,,,national
上海海洋大学,水产养殖学,,,national
上海海洋大学,水族科学与技术,,,national
上海海洋大学,海洋技术,,,national
上海海洋大学,海洋渔业科学与技术,,,national
上海海洋大学,生物科学,,,national
上海海洋大学,空间信息与数字技术,,,national
上海海洋大学,食品科学与工程,,,national
上海理工大学,产品设计,,,national
上海理工大学,光电信息科学与工程,,,national
上海理工大学,工商管理,,,national
上海理工大学,建筑环境与能源应用工程,,,national
上海理工大学,数学与应用数学,,,national
上海理工大学,机械设计制造及其自动化,,,national
上海理工大学,材料科学与工程,,,national
上海理工大学,环境工程,,,national
上海理工大学,生物医学工程,,,national
上海理工大学,电子信息工程,,,national
上海理工大学,管理科学,,,national
上海理工大学,编辑出版学,,,national
上海理工大学,能源与动力工程,,,national
上海理工大学,英语,,,national
上海理工大学,视觉传达设计,,,national
上海理工大学,计算机科学与技术,,,national
上海理工大学,车辆工程,,,national
上海理工大学,食品科学与工程,,,national
上海电力大学,电子科学与技术,,,national
上海电力大学,电气工程及其自动化,,,national
上海电力大学,能源与动力工程,,,national
上海电力大学,自动化,,,national
上海电力大学,计算机科学与技术,,,national
上海电机学院,机械设计制造及其自动化,,,national
上海电机学院,电气工程及其自动化,,,national
上海科技大学,计算机科学与技术,,,national
上海立信会计金融学院,会计学,,,national
上海立信会计金融学院,保险学,,,national
上海立信会计金融学院,国际经济与贸易,,,national
上海立信会计金融学院,审计学,,,national
上海立信会计金融学院,应用统计学,,,national
上海立信会计金融学院,税收学,,,national
上海立信会计金融学院,财务管理,,,national
上海立信会计金融学院,金融学,,,national
上海立信会计金融学院,金融工程,,,national
上海第二工业大学,产品设计,,,national
上海第二工业大学,机械工程,,,national
上海第二工业大学,物流管理,,,national
上海视觉艺术学院,工艺美术,,,national
上海视觉艺术学院,环境设计,,,national
上海视觉艺术学院,视觉传达设计,,,national
上海财经大学,会计学,,,national
上海财经大学,会计学（ACCA）,,,national
上海财经大学,保险学（保险精算与数据科学）,,,national
上海财经大学,信息与计算科学,,,national
上海财经大学,信息管理与信息系统,,,national
上海财经大学,劳动与社会保障,,,national
上海财经大学,商务英语,,,national
上海财经大学,国际经济与贸易,,,national
上海财经大学,工商管理（人力资源管理）,,,national
上海财经大学,"工商管理（实验班,商务分析方向）",,,national
上海财经大学,工商管理（战略与创新创业）,,,national
上海财经大学,市场营销,,,national
上海财经大学,投资学,,,national
上海财经大学,数学与应用数学,,,national
上海财经大学,法学（涉外法治实验班）,,,national
上海财经大学,法学（财经法治卓越班）,,,national
上海财经大学,税收学,,,national
上海财经大学,经济学（世界经济）,,,national
上海财经大学,经济学（劳动经济）,,,national
上海财经大学,经济学（国家经济学基础人才培养基地班）,,,national
上海财经大学,经济学（数量经济）,,,national
上海财经大学,经济统计学（金融统计与风险管理）,,,national
上海财经大学,统计学（实验班）,,,national
上海财经大学,行政管理,,,national
上海财经大学,计算机科学与技术,,,national
上海财经大学,财务管理（智能化）,,,national
上海财经大学,财政学,,,national
上海财经大学,金融学,,,national
上海音乐学院,作曲与作曲技术理论,,,national
上海音乐学院,录音艺术,,,national
上海音乐学院,音乐学,,,national
上海音乐学院,音乐表演,,,national
东北农业大学,乳品工程,,,national
东北农业大学,人力资源管理,,,national
东北农业大学,会计学,,,national
东北农业大学,农业机械化及其自动化,,,national
东北农业大学,农业水利工程,,,national
东北农业大学,农业资源与环境,,,national
东北农业大学,农学,,,national
东北农业大学,农林经济管理,,,national
东北农业大学,动物医学,,,national
东北农业大学,动物科学,,,national
东北农业大学,园林,,,national
东北农业大学,园艺,,,national
东北农业大学,土地资源管理,,,national
东北农业大学,市场营销,,,national
东北农业大学,应用化学,,,national
东北农业大学,机械设计制造及其自动化,,,national
东北农业大学,植物保护,,,national
东北农业大学,生物工程,,,national
东北农业大学,生物技术,,,national
东北农业大学,生物科学,,,national
东北农业大学,计算机科学与技术,,,national
东北农业大学,金融学,,,national
东北农业大学,食品科学与工程,,,national
东北大学,会计学,,,national
东北大学,信息与计算科学,,,national
东北大学,信息安全,,,national
东北大学,信息管理与信息系统,,,national
东北大学,公共事业管理,,,national
东北大学,冶金工程,,,national
东北大学,土木工程,,,national
东北大学,安全工程,,,national
东北大学,工业工程,,,national
东北大学,工商管理,,,national
东北大学,市场营销,,,national
东北大学,应用化学,,,national
东北大学,应用物理学,,,national
东北大学,思想政治教育,,,national
东北大学,数学与应用数学,,,national
东北大学,机械工程,,,national
东北大学,材料成型及控制工程,,,national
东北大学,材料物理,,,national
东北大学,材料科学与工程,,,national
东北大学,测控技术与仪器,,,national
东北大学,物联网工程,,,national
东北大学,生物医学工程,,,national
东北大学,生物工程,,,national
东北大学,电子信息工程,,,national
东北大学,电子科学与技术,,,national
东北大学,电气工程及其自动化,,,national
东北大学,矿物加工工程,,,national
东北大学,能源与动力工程,,,national
东北大学,自动化,,,national
东北大学,英语,,,national
东北大学,行政管理,,,national
东北大学,视觉传达设计,,,national
东北大学,计算机科学与技术,,,national
东北大学,资源勘查工程,,,national
东北大学,软件工程,,,national
东北大学,采矿工程,,,national
东北师范大学,人力资源管理,,,national
东北师范大学,人文地理与城乡规划,,,national
东北师范大学,会计学,,,national
东北师范大学,体育教育,,,national
东北师范大学,俄语,,,national
东北师范大学,化学,,,national
东北师范大学,历史学,,,national
东北师范大学,商务英语,,,national
东北师范大学,地理信息科学,,,national
东北师范大学,地理科学,,,national
东北师范大学,学前教育,,,national
东北师范大学,小学教育,,,national
东北师范大学,广告学,,,national
东北师范大学,广播电视编导,,,national
东北师范大学,心理学,,,national
东北师范大学,思想政治教育,,,national
东北师范大学,政治学与行政学,,,national
东北师范大学,教育学,,,national
东北师范大学,教育技术学,,,national
东北师范大学,数字媒体技术,,,national
东北师范大学,数学与应用数学,,,national
东北师范大学,新闻学,,,national
东北师范大学,日语,,,national
东北师范大学,服装与服饰设计,,,national
东北师范大学,材料物理,,,national
东北师范大学,汉语言文学,,,national
东北师范大学,法学,,,national
东北师范大学,物理学,,,national
东北师范大学,环境工程,,,national
东北师范大学,环境科学,,,national
东北师范大学,环境设计,,,national
东北师范大学,生态学,,,national
东北师范大学,生物技术,,,national
东北师范大学,生物科学,,,national
东北师范大学,社会学,,,national
东北师范大学,经济学,,,national
东北师范大学,统计学,,,national
东北师范大学,美术学,,,national
东北师范大学,舞蹈编导,,,national
东北师范大学,英语,,,national
东北师范大学,计算机科学与技术,,,national
东北师范大学,金融学,,,national
东北师范大学,雕塑,,,national
东北师范大学,音乐学,,,national
东北林业大学,交通工程,,,national
东北林业大学,交通运输,,,national
东北林业大学,农林经济管理,,,national
东北林业大学,化学工程与工艺,,,national
东北林业大学,园林,,,national
东北林业大学,土木工程,,,national
东北林业大学,应用化学,,,national
东北林业大学,建筑环境与能源应用工程,,,national
东北林业大学,木材科学与工程,,,national
东北林业大学,机械电子工程,,,national
东北林业大学,机械设计制造及其自动化,,,national
东北林业大学,林产化工,,,national
东北林业大学,林学,,,national
东北林业大学,森林保护,,,national
东北林业大学,生物技术,,,national
东北林业大学,生物科学,,,national
东北林业大学,电气工程及其自动化,,,national
东北林业大学,自动化,,,national
东北林业大学,英语,,,national
东北林业大学,计算机科学与技术,,,national
东北林业大学,轻化工程,,,national
东北林业大学,野生动物与自然保护区管理,,,national
东北林业大学,风景园林,,,national
东北林业大学,食品科学与工程,,,national
东北电力大学,会计学,,,national
东北电力大学,信息与计算科学,,,national
东北电力大学,土木工程,,,national
东北电力大学,应用化学,,,national
东北电力大学,建筑环境与能源应用工程,,,national
东北电力大学,机械设计制造及其自动化,,,national
东北电力大学,核工程与核技术,,,national
东北电力大学,环境工程,,,national
东北电力大学,电子信息工程,,,national
东北电力大学,电气工程及其自动化,,,national
东北电力大学,能源与动力工程,,,national
东北电力大学,自动化,,,national
东北电力大学,计算机科学与技术,,,national
东北石油大学,化学工程与工艺,,,national
东北石油大学,土木工程,,,national
东北石油大学,应用化学,,,national
东北石油大学,机械设计制造及其自动化,,,national
东北石油大学,油气储运工程,,,national
东北石油大学,电子信息工程,,,national
东北石油大学,电子科学与技术,,,national
东北石油大学,电气工程及其自动化,,,national
东北石油大学,石油工程,,,national
东北石油大学,社会工作,,,national
东北石油大学,能源与动力工程,,,national
东北石油大学,自动化,,,national
东北石油大学,计算机科学与技术,,,national
东北石油大学,资源勘查工程,,,national
东北石油大学,软件工程,,,national
东北石油大学,过程装备与控制工程,,,national
东北财经大学,人力资源管理,,,national
东北财经大学,会计学,,,national
东北财经大学,保险学,,,national
东北财经大学,信息管理与信息系统,,,national
东北财经大学,劳动与社会保障,,,national
东北财经大学,商务英语,,,national
东北财经大学,国际经济与贸易,,,national
东北财经大学,工商管理,,,national
东北财经大学,工程管理,,,national
东北财经大学,市场营销,,,national
东北财经大学,应用统计学,,,national
东北财经大学,房地产开发与管理,,,national
东北财经大学,旅游管理,,,national
东北财经大学,法学,,,national
东北财经大学,电子商务,,,national
东北财经大学,税收学,,,national
东北财经大学,管理科学,,,national
东北财经大学,经济学,,,national
东北财经大学,经济统计学,,,national
东北财经大学,财务管理,,,national
东北财经大学,财政学,,,national
东北财经大学,资产评估,,,national
东北财经大学,金融学,,,national
东北财经大学,金融工程,,,national
东华大学,产品设计,,,national
东华大学,传播学,,,national
东华大学,信息管理与信息系统,,,national
东华大学,功能材料,,,national
东华大学,复合材料与工程,,,national
东华大学,工业设计,,,national
东华大学,市场营销,,,national
东华大学,应用化学,,,national
东华大学,建筑环境与能源应用工程,,,national
东华大学,数字媒体艺术,,,national
东华大学,数学与应用数学,,,national
东华大学,无机非金属材料工程,,,national
东华大学,日语,,,national
东华大学,服装与服饰设计,,,national
东华大学,服装设计与工程,,,national
东华大学,机械工程,,,national
东华大学,环境工程,,,national
东华大学,环境设计,,,national
东华大学,生物工程,,,national
东华大学,电子商务,,,national
东华大学,纺织工程,,,national
东华大学,统计学,,,national
东华大学,自动化,,,national
东华大学,视觉传达设计,,,national
东华大学,计算机科学与技术,,,national
东华大学,软件工程,,,national
东华大学,轻化工程,,,national
东华大学,非织造材料与工程,,,national
东华大学,高分子材料与工程,,,national
东华理工大学,勘查技术与工程,,,national
东华理工大学,土地资源管理,,,national
东华理工大学,地球化学,,,national
东华理工大学,地球物理学,,,national
东华理工大学,工程管理,,,national
东华理工大学,市场营销,,,national
东华理工大学,应用化学,,,national
东华理工大学,数学与应用数学,,,national
东华理工大学,机械工程,,,national
东华理工大学,材料科学与工程,,,national
东华理工大学,核工程与核技术,,,national
东华理工大学,测绘工程,,,national
东华理工大学,环境工程,,,national
东华理工大学,统计学,,,national
东华理工大学,英语,,,national
东华理工大学,计算机科学与技术,,,national
东华理工大学,财务管理,,,national
东华理工大学,资源勘查工程,,,national
东华理工大学,软件工程,,,national
东华理工大学,通信工程,,,national
东南大学,临床医学,,,national
东南大学,临床医学（“5+3”一体化培养）,,,national
东南大学,交通工程,,,national
东南大学,交通运输,,,national
东南大学,产品设计,,,national
东南大学,人工智能,,,national
东南大学,会计学,,,national
东南大学,会计学（会计学+人工智能双学士学位项目）,,,national
东南大学,信息与计算科学,,,national
东南大学,信息工程,,,national
东南大学,信息管理与信息系统,,,national
东南大学,劳动与社会保障,,,national
东南大学,化学,,,national
东南大学,化学工程与工艺,,,national
东南大学,医学影像学,,,national
东南大学,医学影像学（医学影像学+人工智能双学士学位项目）,,,national
东南大学,医学检验技术（医学检验技术+生物医学工程双学士学位项目）,,,national
东南大学,哲学,,,national
东南大学,国际经济与贸易,,,national
东南大学,土木工程,,,national
东南大学,城乡规划（4年）,,,national
东南大学,城市地下空间工程,,,national
东南大学,工商管理,,,national
东南大学,工程力学,,,national
东南大学,工程管理,,,national
东南大学,应用物理学,,,national
东南大学,建筑学（5年）,,,national
东南大学,数学与应用数学,,,national
东南大学,日语,,,national
东南大学,日语（日语+电子科学与技术双学士学位项目）,,,national
东南大学,机器人工程,,,national
东南大学,机械工程,,,national
东南大学,材料科学与工程,,,national
东南大学,汉语言文学,,,national
东南大学,法学,,,national
东南大学,测控技术与仪器,,,national
东南大学,物流管理,,,national
东南大学,环境工程,,,national
东南大学,生物医学工程,,,national
东南大学,生物医学工程（学制七年本硕连读）,,,national
东南大学,电子科学与技术,,,national
东南大学,电气工程及其自动化,,,national
东南大学,给排水科学与工程,,,national
东南大学,统计学,,,national
东南大学,网络空间安全,,,national
东南大学,网络空间安全（网络空间安全+法学双学士学位项目）,,,national
东南大学,能源与动力工程,,,national
东南大学,能源与动力工程（能源与动力工程+经济学双学士学位项目）,,,national
东南大学,自动化,,,national
东南大学,英语,,,national
东南大学,英语（英语+信息工程双学士学位项目）,,,national
东南大学,计算机科学与技术,,,national
东南大学,软件工程,,,national
东南大学,道路桥梁与渡河工程,,,national
东南大学,金融工程,,,national
东南大学,金融工程（金融工程+统计学 双学士学位项目）,,,national
东南大学,预防医学,,,national
东南大学,风景园林（4年）,,,national
东莞城市学院,会计学,,,national
东莞理工学院,会计学,3,2021,national
东莞理工学院,国际经济与贸易,3,2021,national
东莞理工学院,工业工程,3,2021,national
东莞理工学院,工商管理,,,national
东莞理工学院,应用化学,,,national
东莞理工学院,机械设计制造及其自动化,,,national
东莞理工学院,环境工程,,,national
东莞理工学院,电子信息工程,,,national
东莞理工学院,社会工作,,,national
东莞理工学院,能源与动力工程,,,national
东莞理工学院,自动化,3,2021,national
东莞理工学院,计算机科学与技术,,,national
东莞理工学院,软件工程,,,national
东莞理工学院,通信工程,,,national
中北大学,光电信息科学与工程,,,national
中北大学,化学工程与工艺,,,national
中北大学,安全工程,,,national
中北大学,市场营销,,,national
中北大学,弹药工程与爆炸技术,,,national
中北大学,微电子科学与工程,,,national
中北大学,机械设计制造及其自动化,,,national
中北大学,材料成型及控制工程,,,national
中北大学,测控技术与仪器,,,national
中北大学,特种能源技术与工程,,,national
中北大学,电子信息工程,,,national
中北大学,能源与动力工程,,,national
中北大学,自动化,,,national
中北大学,英语,,,national
中北大学,计算机科学与技术,,,national
中北大学,飞行器制造工程,,,national
中华女子学院,女性学,,,national
中华女子学院,学前教育,,,national
中华女子学院,播音与主持艺术,,,national
中华女子学院,服装与服饰设计,,,national
中华女子学院,法学,,,national
中南大学,临床医学,,,national
中南大学,交通设备与控制工程,,,national
中南大学,交通运输,,,national
中南大学,产品设计,,,national
中南大学,会计学,,,national
中南大学,信息与计算科学,,,national
中南大学,信息安全,,,national
中南大学,信息管理与信息系统,,,national
中南大学,冶金工程,,,national
中南大学,制药工程,,,national
中南大学,化学工程与工艺,,,national
中南大学,医学检验技术,,,national
中南大学,口腔医学,,,national
中南大学,国际经济与贸易,,,national
中南大学,土木工程,,,national
中南大学,地球物理学,,,national
中南大学,地理信息科学,,,national
中南大学,地质工程,,,national
中南大学,城乡规划,,,national
中南大学,城市地下空间工程,,,national
中南大学,基础医学,,,national
中南大学,安全工程,,,national
中南大学,工商管理,,,national
中南大学,应用化学,,,national
中南大学,应用物理学,,,national
中南大学,建筑学,,,national
中南大学,建筑环境与能源应用工程,,,national
中南大学,思想政治教育,,,national
中南大学,护理学,,,national
中南大学,数字出版,,,national
中南大学,数学与应用数学,,,national
中南大学,数据科学与大数据技术,,,national
中南大学,新能源材料与器件,,,national
中南大学,新能源科学与工程,,,national
中南大学,机械设计制造及其自动化,,,national
中南大学,材料科学与工程,,,national
中南大学,汉语言文学,,,national
中南大学,法医学,,,national
中南大学,法学,,,national
中南大学,测绘工程,,,national
中南大学,消防工程,,,national
中南大学,环境工程,,,national
中南大学,生物信息学,,,national
中南大学,生物工程,,,national
中南大学,生物科学,,,national
中南大学,电子信息科学与技术,,,national
中南大学,电气工程及其自动化,,,national
中南大学,矿物加工工程,,,national
中南大学,社会学,,,national
中南大学,粉体材料科学与工程,,,national
中南大学,精神医学,,,national
中南大学,统计学,,,national
中南大学,能源与动力工程,,,national
中南大学,自动化,,,national
中南大学,航空航天工程,,,national
中南大学,英语,,,national
中南大学,药学,,,national
中南大学,行政管理,,,national
中南大学,计算机科学与技术,,,national
中南大学,资源勘查工程,,,national
中南大学,车辆工程,,,national
中南大学,软件工程,,,national
中南大学,通信工程,,,national
中南大学,遥感科学与技术,,,national
中南大学,采矿工程,,,national
中南大学,金融学,,,national
中南大学,铁道工程,,,national
中南大学,音乐表演,,,national
中南大学,预防医学,,,national
中南大学,麻醉学,,,national
中南林业科技大学,产品设计,,,national
中南林业科技大学,园林,,,national
中南林业科技大学,土地资源管理,,,national
中南林业科技大学,土木工程,,,national
中南林业科技大学,工业设计,,,national
中南林业科技大学,市场营销,,,national
中南林业科技大学,旅游管理,,,national
中南林业科技大学,木材科学与工程,,,national
中南林业科技大学,机械设计制造及其自动化,,,national
中南林业科技大学,林产化工,,,national
中南林业科技大学,林学,,,national
中南林业科技大学,林学（中外合作办学）,,,national
中南林业科技大学,森林保护,,,national
中南林业科技大学,物流工程,,,national
中南林业科技大学,环境科学,,,national
中南林业科技大学,环境设计,,,national
中南林业科技大学,生态学,,,national
中南林业科技大学,生物技术,,,national
中南林业科技大学,英语,,,national
中南林业科技大学,计算机科学与技术,,,national
中南林业科技大学,音乐表演,,,national
中南林业科技大学,风景园林,,,national
中南林业科技大学,食品科学与工程,,,national
中南民族大学,会计学,,,national
中南民族大学,信息管理与信息系统,,,national
中南民族大学,广告学,,,national
中南民族大学,应用化学,,,national
中南民族大学,思想政治教育,,,national
中南民族大学,教育学,,,national
中南民族大学,新闻学,,,national
中南民族大学,材料化学,,,national
中南民族大学,民族学,,,national
中南民族大学,汉语言文学,,,national
中南民族大学,法学,,,national
中南民族大学,环境设计,,,national
中南民族大学,生物医学工程,,,national
中南民族大学,生物技术,,,national
中南民族大学,电子信息工程,,,national
中南民族大学,社会体育指导与管理,,,national
中南民族大学,美术学,,,national
中南民族大学,自动化,,,national
中南民族大学,英语,,,national
中南民族大学,药学,,,national
中南民族大学,行政管理,,,national
中南民族大学,计算机科学与技术,,,national
中南民族大学,通信工程,,,national
中南民族大学,音乐学,,,national
中南财经政法大学,人力资源管理,,,national
中南财经政法大学,会计学,,,national
中南财经政法大学,侦查学,,,national
中南财经政法大学,保险学,,,national
中南财经政法大学,劳动与社会保障,,,national
中南财经政法大学,商务英语,,,national
中南财经政法大学,国际商务,,,national
中南财经政法大学,国际经济与贸易,,,national
中南财经政法大学,工商管理,,,national
中南财经政法大学,市场营销,,,national
中南财经政法大学,应用统计学,,,national
中南财经政法大学,投资学,,,national
中南财经政法大学,新闻学,,,national
中南财经政法大学,旅游管理,,,national
中南财经政法大学,法学,,,national
中南财经政法大学,税收学,,,national
中南财经政法大学,经济学,,,national
中南财经政法大学,经济统计学,,,national
中南财经政法大学,统计学,,,national
中南财经政法大学,行政管理,,,national
中南财经政法大学,计算机科学与技术,,,national
中南财经政法大学,财政学,,,national
中南财经政法大学,金融学,,,national
中南财经政法大学,金融工程,,,national
中原工学院,工业设计,,,national
中原工学院,广播电视编导,,,national
中原工学院,建筑环境与能源应用工程,,,national
中原工学院,机械设计制造及其自动化,,,national
中原工学院,环境设计,,,national
中原工学院,电子信息工程,,,national
中原工学院,纺织工程,,,national
中原工学院,自动化,,,national
中原工学院,计算机科学与技术,,,national
中原工学院,软件工程,,,national
中国人民公安大学,交通管理工程,,,national
中国人民公安大学,侦查学,,,national
中国人民公安大学,公安情报学,,,national
中国人民公安大学,公安管理学,,,national
中国人民公安大学,刑事科学技术,,,national
中国人民公安大学,安全防范工程,,,national
中国人民公安大学,治安学,,,national
中国人民公安大学,法学,,,national
中国人民公安大学,涉外警务,,,national
中国人民公安大学,犯罪学,,,national
中国人民公安大学,网络安全与执法,,,national
中国人民大学,中国共产党历史,,,national
中国人民大学,人力资源管理,,,national
中国人民大学,会计学,,,national
中国人民大学,传播学,,,national
中国人民大学,伦理学,,,national
中国人民大学,保险学,,,national
中国人民大学,信息安全,,,national
中国人民大学,信息管理与信息系统,,,national
中国人民大学,信息资源管理,,,national
中国人民大学,农村区域发展,,,national
中国人民大学,农林经济管理,,,national
中国人民大学,化学,,,national
中国人民大学,历史学,,,national
中国人民大学,哲学,,,national
中国人民大学,国民经济管理,,,national
中国人民大学,国际政治,,,national
中国人民大学,国际新闻与传播,,,national
中国人民大学,国际经济与贸易,,,national
中国人民大学,土地资源管理,,,national
中国人民大学,城市管理,,,national
中国人民大学,工商管理,,,national
中国人民大学,市场营销,,,national
中国人民大学,广告学,,,national
中国人民大学,广播电视学,,,national
中国人民大学,应用心理学,,,national
中国人民大学,应用统计学,,,national
中国人民大学,数学与应用数学,,,national
中国人民大学,数据科学与大数据技术,,,national
中国人民大学,新闻学,,,national
中国人民大学,日语,,,national
中国人民大学,档案学,,,national
中国人民大学,汉语言,,,national
中国人民大学,汉语言文学,,,national
中国人民大学,法学,,,national
中国人民大学,物理学,,,national
中国人民大学,社会学,,,national
中国人民大学,社会工作,,,national
中国人民大学,税收学,,,national
中国人民大学,经济学,,,national
中国人民大学,经济统计学,,,national
中国人民大学,绘画,,,national
中国人民大学,统计学,,,national
中国人民大学,考古学,,,national
中国人民大学,能源经济,,,national
中国人民大学,英语,,,national
中国人民大学,行政管理,,,national
中国人民大学,计算机科学与技术,,,national
中国人民大学,财务管理,,,national
中国人民大学,财政学,,,national
中国人民大学,贸易经济,,,national
中国人民大学,资源与环境经济学,,,national
中国人民大学,金融学,,,national
中国人民大学,马克思主义理论,,,national
中国人民警察大学,公安政治工作,,,national
中国人民警察大学,抢险救援指挥与技术,,,national
中国人民警察大学,消防工程,,,national
中国人民警察大学,消防指挥,,,national
中国人民警察大学,火灾勘查,,,national
中国人民警察大学,警务指挥与战术,,,national
中国人民警察大学,边防管理,,,national
中国传媒大学,传播学,,,national
中国传媒大学,信息管理与信息系统,,,national
中国传媒大学,动画,,,national
中国传媒大学,国际新闻与传播,,,national
中国传媒大学,大数据管理与应用,,,national
中国传媒大学,工商管理,,,national
中国传媒大学,广告学,,,national
中国传媒大学,广播电视学,,,national
中国传媒大学,广播电视编导,,,national
中国传媒大学,录音艺术,,,national
中国传媒大学,影视摄影与制作,,,national
中国传媒大学,戏剧影视导演,,,national
中国传媒大学,戏剧影视文学,,,national
中国传媒大学,戏剧影视美术设计,,,national
中国传媒大学,摄影,,,national
中国传媒大学,播音与主持艺术,,,national
中国传媒大学,数字媒体技术,,,national
中国传媒大学,数字媒体艺术,,,national
中国传媒大学,文化产业管理,,,national
中国传媒大学,新闻学,,,national
中国传媒大学,汉语言文学,,,national
中国传媒大学,环境设计,,,national
中国传媒大学,网络与新媒体,,,national
中国传媒大学,艺术与科技,,,national
中国传媒大学,英语,,,national
中国传媒大学,葡萄牙语,,,national
中国传媒大学,视觉传达设计,,,national
中国传媒大学,计算机科学与技术,,,national
中国传媒大学,通信工程,,,national
中国传媒大学,音乐学,,,national
中国传媒大学,音乐表演,,,national
中国农业大学,会计学,,,national
中国农业大学,农业工程,,,national
中国农业大学,农业建筑环境与能源工程,,,national
中国农业大学,农业机械化及其自动化,,,national
中国农业大学,农业水利工程,,,national
中国农业大学,农学,,,national
中国农业大学,农村区域发展,,,national
中国农业大学,农林经济管理,,,national
中国农业大学,动物医学,,,national
中国农业大学,动物科学,,,national
中国农业大学,化学,,,national
中国农业大学,园艺,,,national
中国农业大学,国际经济与贸易,,,national
中国农业大学,土地资源管理,,,national
中国农业大学,地理信息科学,,,national
中国农业大学,工商管理,,,national
中国农业大学,应用气象学,,,national
中国农业大学,数学与应用数学,,,national
中国农业大学,机械设计制造及其自动化,,,national
中国农业大学,植物保护,,,national
中国农业大学,法学,,,national
中国农业大学,生态学,,,national
中国农业大学,生物技术,,,national
中国农业大学,生物科学,,,national
中国农业大学,电子信息工程,,,national
中国农业大学,社会学,,,national
中国农业大学,种子科学与工程,,,national
中国农业大学,能源与动力工程,,,national
中国农业大学,草业科学,,,national
中国农业大学,葡萄与葡萄酒工程,,,national
中国农业大学,计算机科学与技术,,,national
中国农业大学,资源环境科学,,,national
中国农业大学,车辆工程,,,national
中国农业大学,金融学,,,national
中国农业大学,食品科学与工程,,,national
中国农业大学,食品质量与安全,,,national
中国刑事警察学院,侦查学,,,national
中国刑事警察学院,公安情报学,,,national
中国刑事警察学院,公安视听技术,,,national
中国刑事警察学院,刑事科学技术,,,national
中国刑事警察学院,治安学,,,national
中国刑事警察学院,涉外警务,,,national
中国刑事警察学院,禁毒学,,,national
中国刑事警察学院,经济犯罪侦查,,,national
中国刑事警察学院,网络安全与执法,,,national
中国刑事警察学院,警犬技术,,,national
中国劳动关系学院,人力资源管理,,,national
中国劳动关系学院,劳动与社会保障,,,national
中国劳动关系学院,劳动关系,,,national
中国劳动关系学院,安全工程,,,national
中国劳动关系学院,新闻学,,,national
中国劳动关系学院,法学,,,national
中国劳动关系学院,社会工作,,,national
中国医科大学,临床医学,,,national
中国医科大学,临床医学（“5+3”一体化）,,,national
中国医科大学,临床医学（“5+3”一体化）（儿科学）,,,national
中国医科大学,临床医学（检验医师培养试验班）,,,national
中国医科大学,临床药学,,,national
中国医科大学,信息管理与信息系统,,,national
中国医科大学,儿科学,,,national
中国医科大学,医学影像学,,,national
中国医科大学,医学影像技术,,,national
中国医科大学,医学检验技术,,,national
中国医科大学,口腔医学,,,national
中国医科大学,护理学,,,national
中国医科大学,法医学,,,national
中国医科大学,生物科学,,,national
中国医科大学,预防医学,,,national
中国医科大学,麻醉学,,,national
中国地质大学（北京）,信息管理与信息系统,,,national
中国地质大学（北京）,勘查技术与工程,,,national
中国地质大学（北京）,土地资源管理,,,national
中国地质大学（北京）,土木工程,,,national
中国地质大学（北京）,地下水科学与工程,,,national
中国地质大学（北京）,地球化学,,,national
中国地质大学（北京）,地球物理学,,,national
中国地质大学（北京）,地理信息科学,,,national
中国地质大学（北京）,地质学,,,national
中国地质大学（北京）,地质工程,,,national
中国地质大学（北京）,安全工程,,,national
中国地质大学（北京）,宝石及材料工艺学,,,national
中国地质大学（北京）,工商管理,,,national
中国地质大学（北京）,数学与应用数学,,,national
中国地质大学（北京）,机械设计制造及其自动化,,,national
中国地质大学（北京）,材料科学与工程,,,national
中国地质大学（北京）,水文与水资源工程,,,national
中国地质大学（北京）,测绘工程,,,national
中国地质大学（北京）,海洋科学,,,national
中国地质大学（北京）,环境工程,,,national
中国地质大学（北京）,石油工程,,,national
中国地质大学（北京）,经济学,,,national
中国地质大学（北京）,计算机科学与技术,,,national
中国地质大学（北京）,资源勘查工程,,,national
中国地质大学（北京）,软件工程,,,national
中国地质大学（武汉）,产品设计,,,national
中国地质大学（武汉）,信息管理与信息系统,,,national
中国地质大学（武汉）,勘查技术与工程,,,national
中国地质大学（武汉）,国际经济与贸易,,,national
中国地质大学（武汉）,土地资源管理,,,national
中国地质大学（武汉）,土木工程,,,national
中国地质大学（武汉）,地下水科学与工程,,,national
中国地质大学（武汉）,地球物理学,,,national
中国地质大学（武汉）,地理信息科学,,,national
中国地质大学（武汉）,地理科学,,,national
中国地质大学（武汉）,地质学,,,national
中国地质大学（武汉）,地质工程,,,national
中国地质大学（武汉）,安全工程,,,national
中国地质大学（武汉）,宝石及材料工艺学,,,national
中国地质大学（武汉）,工商管理,,,national
中国地质大学（武汉）,广播电视学,,,national
中国地质大学（武汉）,应用化学,,,national
中国地质大学（武汉）,数学与应用数学,,,national
中国地质大学（武汉）,机械设计制造及其自动化,,,national
中国地质大学（武汉）,水文与水资源工程,,,national
中国地质大学（武汉）,测绘工程,,,national
中国地质大学（武汉）,海洋科学,,,national
中国地质大学（武汉）,环境工程,,,national
中国地质大学（武汉）,电子信息工程,,,national
中国地质大学（武汉）,社会体育指导与管理,,,national
中国地质大学（武汉）,空间信息与数字技术,,,national
中国地质大学（武汉）,经济学,,,national
中国地质大学（武汉）,自动化,,,national
中国地质大学（武汉）,行政管理,,,national
中国地质大学（武汉）,计算机科学与技术,,,national
中国地质大学（武汉）,资源勘查工程,,,national
中国地质大学（武汉）,软件工程,,,national
中国戏曲学院,作曲与作曲技术理论,,,national
中国戏曲学院,戏剧影视导演,,,national
中国戏曲学院,戏剧影视文学,,,national
中国戏曲学院,戏剧影视美术设计,,,national
中国戏曲学院,表演,,,national
中国政法大学,哲学,,,national
中国政法大学,国际商务,,,national
中国政法大学,国际政治,,,national
中国政法大学,工商管理,,,national
中国政法大学,应用心理学,,,national
中国政法大学,思想政治教育,,,national
中国政法大学,政治学与行政学,,,national
中国政法大学,新闻学,,,national
中国政法大学,法学,,,national
中国政法大学,社会学,,,national
中国政法大学,经济学,,,national
中国政法大学,网络与新媒体,,,national
中国政法大学,英语,,,national
中国政法大学,行政管理,,,national
中国民用航空飞行学院,交通运输,,,national
中国民用航空飞行学院,信息与计算科学,,,national
中国民用航空飞行学院,电子信息工程,,,national
中国民用航空飞行学院,英语,,,national
中国民用航空飞行学院,计算机科学与技术,,,national
中国民用航空飞行学院,飞行技术,,,national
中国民航大学,交通运输,,,national
中国民航大学,工商管理,,,national
中国民航大学,电子信息工程,,,national
中国民航大学,英语,,,national
中国民航大学,通信工程,,,national
中国民航大学,飞行器动力工程,,,national
中国民航大学,飞行技术,,,national
中国海洋大学,会计学,,,national
中国海洋大学,信息与计算科学,,,national
中国海洋大学,勘查技术与工程,,,national
中国海洋大学,化学,,,national
中国海洋大学,化学工程与工艺,,,national
中国海洋大学,地质学,,,national
中国海洋大学,大气科学,,,national
中国海洋大学,工商管理,,,national
中国海洋大学,政治学与行政学,,,national
中国海洋大学,新闻学,,,national
中国海洋大学,旅游管理,,,national
中国海洋大学,日语,,,national
中国海洋大学,朝鲜语,,,national
中国海洋大学,机械设计制造及其自动化,,,national
中国海洋大学,水产养殖学,,,national
中国海洋大学,汉语言文学,,,national
中国海洋大学,法学,,,national
中国海洋大学,海洋技术,,,national
中国海洋大学,海洋渔业科学与技术,,,national
中国海洋大学,海洋科学,,,national
中国海洋大学,海洋资源与环境,,,national
中国海洋大学,海洋资源开发技术,,,national
中国海洋大学,港口航道与海岸工程,,,national
中国海洋大学,物理学,,,national
中国海洋大学,环境工程,,,national
中国海洋大学,环境科学,,,national
中国海洋大学,生态学,,,national
中国海洋大学,生物科学,,,national
中国海洋大学,经济学,,,national
中国海洋大学,自动化,,,national
中国海洋大学,船舶与海洋工程,,,national
中国海洋大学,英语,,,national
中国海洋大学,药学,,,national
中国海洋大学,行政管理,,,national
中国海洋大学,计算机科学与技术,,,national
中国海洋大学,金融学,,,national
中国海洋大学,食品科学与工程,,,national
中国海洋大学,高分子材料与工程,,,national
中国石油大学（北京）,会计学,,,national
中国石油大学（北京）,信息管理与信息系统,,,national
中国石油大学（北京）,勘查技术与工程,,,national
中国石油大学（北京）,化学工程与工艺,,,national
中国石油大学（北京）,化学工程与工艺（中外合作办学）,,,national
中国石油大学（北京）,安全工程,,,national
中国石油大学（北京）,应用化学,,,national
中国石油大学（北京）,数学与应用数学,,,national
中国石油大学（北京）,机械设计制造及其自动化,,,national
中国石油大学（北京）,材料科学与工程,,,national
中国石油大学（北京）,油气储运工程,,,national
中国石油大学（北京）,海洋油气工程,,,national
中国石油大学（北京）,环境工程,,,national
中国石油大学（北京）,石油工程,,,national
中国石油大学（北京）,石油工程（中外合作办学）,,,national
中国石油大学（北京）,石油工程（未来能源创新班）,,,national
中国石油大学（北京）,石油工程（阿语复合人才实验班）,,,national
中国石油大学（北京）,能源与动力工程,,,national
中国石油大学（北京）,能源化学工程,,,national
中国石油大学（北京）,能源经济,,,national
中国石油大学（北京）,能源经济（中外合作办学）,,,national
中国石油大学（北京）,能源经济（新能源工程双学士学位）,,,national
中国石油大学（北京）,自动化,,,national
中国石油大学（北京）,英语,,,national
中国石油大学（北京）,计算机科学与技术,,,national
中国石油大学（北京）,资源勘查工程,,,national
中国石油大学（北京）,资源勘查工程（中俄复合人才实验班）,,,national
中国石油大学（北京）,过程装备与控制工程,,,national
中国石油大学（华东）,会计学,,,national
中国石油大学（华东）,信息管理与信息系统,,,national
中国石油大学（华东）,勘查技术与工程,,,national
中国石油大学（华东）,化学工程与工艺,,,national
中国石油大学（华东）,地球物理学,,,national
中国石油大学（华东）,地质学,,,national
中国石油大学（华东）,安全工程,,,national
中国石油大学（华东）,工程管理,,,national
中国石油大学（华东）,应用化学,,,national
中国石油大学（华东）,应用物理学,,,national
中国石油大学（华东）,建筑环境与能源应用工程,,,national
中国石油大学（华东）,机械设计制造及其自动化,,,national
中国石油大学（华东）,材料成型及控制工程,,,national
中国石油大学（华东）,材料科学与工程,,,national
中国石油大学（华东）,油气储运工程,,,national
中国石油大学（华东）,测控技术与仪器,,,national
中国石油大学（华东）,测绘工程,,,national
中国石油大学（华东）,海洋油气工程,,,national
中国石油大学（华东）,电子信息工程,,,national
中国石油大学（华东）,电气工程及其自动化,,,national
中国石油大学（华东）,石油工程,,,national
中国石油大学（华东）,能源与动力工程,,,national
中国石油大学（华东）,能源化学工程,,,national
中国石油大学（华东）,自动化,,,national
中国石油大学（华东）,船舶与海洋工程,,,national
中国石油大学（华东）,英语,,,national
中国石油大学（华东）,计算机科学与技术,,,national
中国石油大学（华东）,资源勘查工程,,,national
中国石油大学（华东）,软件工程,,,national
中国石油大学（华东）,过程装备与控制工程,,,national
中国石油大学（华东）,通信工程,,,national
中国矿业大学,人力资源管理,,,national
中国矿业大学,会计学,,,national
中国矿业大学,信息安全,,,national
中国矿业大学,化学工程与工艺,,,national
中国矿业大学,土地资源管理,,,national
中国矿业大学,土木工程,,,national
中国矿业大学,土木工程（孙越崎特色班）,,,national
中国矿业大学,地理信息科学,,,national
中国矿业大学,地理信息科学（孙越崎特色班）,,,national
中国矿业大学,地质工程,,,national
中国矿业大学,地质工程（孙越崎特色班）,,,national
中国矿业大学,安全工程,,,national
中国矿业大学,安全工程（孙越崎特色班）,,,national
中国矿业大学,工业工程,,,national
中国矿业大学,工业工程（孙越崎特色班）,,,national
中国矿业大学,工程力学,,,national
中国矿业大学,工程管理,,,national
中国矿业大学,工程管理（孙越崎特色班）,,,national
中国矿业大学,市场营销,,,national
中国矿业大学,应用化学,,,national
中国矿业大学,应用物理学,,,national
中国矿业大学,建筑环境与能源应用工程,,,national
中国矿业大学,建筑环境与能源应用工程（孙越崎特色班）,,,national
中国矿业大学,数学与应用数学,,,national
中国矿业大学,机械工程,,,national
中国矿业大学,机械工程（孙越崎特色班）,,,national
中国矿业大学,材料科学与工程,,,national
中国矿业大学,测绘工程,,,national
中国矿业大学,测绘工程（孙越崎特色班）,,,national
中国矿业大学,消防工程,,,national
中国矿业大学,消防工程（孙越崎特色班）,,,national
中国矿业大学,环境工程,,,national
中国矿业大学,电子信息工程,,,national
中国矿业大学,电气工程及其自动化,,,national
中国矿业大学,矿物加工工程,,,national
中国矿业大学,矿物加工工程（孙越崎特色班）,,,national
中国矿业大学,能源与动力工程,,,national
中国矿业大学,能源与动力工程（孙越崎特色班）,,,national
中国矿业大学,自动化,,,national
中国矿业大学,英语,,,national
中国矿业大学,行政管理,,,national
中国矿业大学,计算机科学与技术,,,national
中国矿业大学,资源勘查工程,,,national
中国矿业大学,资源勘查工程（孙越崎特色班）,,,national
中国矿业大学,过程装备与控制工程,,,national
中国矿业大学,采矿工程,,,national
中国矿业大学,采矿工程（孙越崎特色班）,,,national
中国矿业大学（北京）,会计学,,,national
中国矿业大学（北京）,信息与计算科学,,,national
中国矿业大学（北京）,化学工程与工艺,,,national
中国矿业大学（北京）,土木工程,,,national
中国矿业大学（北京）,地球物理学,,,national
中国矿业大学（北京）,地质工程,,,national
中国矿业大学（北京）,城市地下空间工程,,,national
中国矿业大学（北京）,安全工程,,,national
中国矿业大学（北京）,工商管理,,,national
中国矿业大学（北京）,工程力学,,,national
中国矿业大学（北京）,机械工程,,,national
中国矿业大学（北京）,测绘工程,,,national
中国矿业大学（北京）,环境工程,,,national
中国矿业大学（北京）,矿物加工工程,,,national
中国矿业大学（北京）,行政管理,,,national
中国矿业大学（北京）,计算机科学与技术,,,national
中国矿业大学（北京）,资源勘查工程,,,national
中国矿业大学（北京）,遥感科学与技术,,,national
中国矿业大学（北京）,采矿工程,,,national
中国社会科学院大学,历史学,,,national
中国社会科学院大学,哲学,,,national
中国社会科学院大学,广播电视学,,,national
中国社会科学院大学,思想政治教育,,,national
中国社会科学院大学,政治学与行政学,,,national
中国社会科学院大学,新闻学,,,national
中国社会科学院大学,汉语言文学,,,national
中国社会科学院大学,法学,,,national
中国社会科学院大学,社会学,,,national
中国社会科学院大学,经济学,,,national
中国社会科学院大学,英语,,,national
中国社会科学院大学,财务管理,,,national
中国科学技术大学,信息与计算科学,,,national
中国科学技术大学,信息安全,,,national
中国科学技术大学,光电信息科学与工程,,,national
中国科学技术大学,化学,,,national
中国科学技术大学,天文学,,,national
中国科学技术大学,安全工程,,,national
中国科学技术大学,应用物理学,,,national
中国科学技术大学,数学与应用数学,,,national
中国科学技术大学,机械设计制造及其自动化,,,national
中国科学技术大学,材料物理,,,national
中国科学技术大学,核工程与核技术,,,national
中国科学技术大学,物理学,,,national
中国科学技术大学,理论与应用力学,,,national
中国科学技术大学,生物技术,,,national
中国科学技术大学,生物科学,,,national
中国科学技术大学,电子信息工程,,,national
中国科学技术大学,管理科学,,,national
中国科学技术大学,统计学,,,national
中国科学技术大学,能源与动力工程,,,national
中国科学技术大学,自动化,,,national
中国科学技术大学,计算机科学与技术,,,national
中国科学技术大学,金融学,,,national
中国科学技术大学,高分子材料与工程,,,national
中国科学院大学,化学,,,national
中国科学院大学,数学与应用数学,,,national
中国科学院大学,材料科学与工程,,,national
中国科学院大学,物理学,,,national
中国科学院大学,生物科学,,,national
中国科学院大学,电子信息工程,,,national
中国科学院大学,计算机科学与技术,,,national
中国美术学院,中国画,,,national
中国美术学院,书法学,,,national
中国美术学院,产品设计,,,national
中国美术学院,公共艺术,,,national
中国美术学院,动画,,,national
中国美术学院,工业设计,,,national
中国美术学院,工艺美术,,,national
中国美术学院,广播电视编导,,,national
中国美术学院,影视摄影与制作,,,national
中国美术学院,摄影,,,national
中国美术学院,数字媒体艺术,,,national
中国美术学院,文物保护与修复,,,national
中国美术学院,服装与服饰设计,,,national
中国美术学院,环境设计,,,national
中国美术学院,纤维艺术,,,national
中国美术学院,绘画,,,national
中国美术学院,美术学,,,national
中国美术学院,艺术与科技,,,national
中国美术学院,艺术史论,,,national
中国美术学院,艺术设计学,,,national
中国美术学院,视觉传达设计,,,national
中国美术学院,跨媒体艺术,,,national
中国美术学院,陶瓷艺术设计,,,national
中国美术学院,雕塑,,,national
中国美术学院,风景园林,,,national
中国药科大学,中药学,,,national
中国药科大学,中药资源与开发,,,national
中国药科大学,临床药学,,,national
中国药科大学,制药工程,,,national
中国药科大学,生物制药,,,national
中国药科大学,生物技术,,,national
中国药科大学,药事管理,,,national
中国药科大学,药学,,,national
中国药科大学,药物分析,,,national
中国药科大学,药物制剂,,,national
中国药科大学,药物化学,,,national
中国计量大学,光电信息科学与工程,,,national
中国计量大学,国际经济与贸易,,,national
中国计量大学,安全工程,,,national
中国计量大学,工业设计,,,national
中国计量大学,工商管理,,,national
中国计量大学,数学与应用数学,,,national
中国计量大学,机械设计制造及其自动化,,,national
中国计量大学,材料科学与工程,,,national
中国计量大学,标准化工程,,,national
中国计量大学,测控技术与仪器,,,national
中国计量大学,生物工程,,,national
中国计量大学,电子科学与技术,,,national
中国计量大学,电气工程及其自动化,,,national
中国计量大学,知识产权,,,national
中国计量大学,能源与动力工程,,,national
中国计量大学,自动化,,,national
中国计量大学,质量管理工程,,,national
中国计量大学,食品质量与安全,,,national
中国音乐学院,作曲与作曲技术理论,,,national
中国音乐学院,音乐学,,,national
中国音乐学院,音乐教育,,,national
中国音乐学院,音乐表演,,,national
中央司法警官学院,侦查学,,,national
中央司法警官学院,监狱学,,,national
中央戏剧学院,戏剧学,,,national
中央戏剧学院,戏剧影视导演,,,national
中央戏剧学院,戏剧影视文学,,,national
中央戏剧学院,戏剧影视美术设计,,,national
中央戏剧学院,戏剧教育,,,national
中央戏剧学院,播音与主持艺术,,,national
中央戏剧学院,艺术管理,,,national
中央戏剧学院,表演,,,national
中央民族大学,作曲与作曲技术理论,,,national
中央民族大学,俄语,,,national
中央民族大学,光电信息科学与工程,,,national
中央民族大学,公共事业管理,,,national
中央民族大学,历史学,,,national
中央民族大学,国际经济与贸易,,,national
中央民族大学,宗教学,,,national
中央民族大学,广告学,,,national
中央民族大学,教育学,,,national
中央民族大学,文物与博物馆学,,,national
中央民族大学,新闻学,,,national
中央民族大学,服装与服饰设计,,,national
中央民族大学,民族学,,,national
中央民族大学,汉语国际教育,,,national
中央民族大学,汉语言文学,,,national
中央民族大学,法学,,,national
中央民族大学,环境科学,,,national
中央民族大学,生态学,,,national
中央民族大学,社会学,,,national
中央民族大学,经济学,,,national
中央民族大学,美术学,,,national
中央民族大学,舞蹈学,,,national
中央民族大学,舞蹈编导,,,national
中央民族大学,舞蹈表演,,,national
中央民族大学,视觉传达设计,,,national
中央民族大学,计算机科学与技术,,,national
中央民族大学,财务管理,,,national
中央民族大学,软件工程,,,national
中央民族大学,金融学,,,national
中央民族大学,音乐学,,,national
中央民族大学,音乐表演,,,national
中央美术学院,中国画,,,national
中央美术学院,书法学,,,national
中央美术学院,产品设计,,,national
中央美术学院,公共艺术,,,national
中央美术学院,实验艺术,,,national
中央美术学院,摄影,,,national
中央美术学院,数字媒体艺术,,,national
中央美术学院,服装与服饰设计,,,national
中央美术学院,绘画,,,national
中央美术学院,美术学,,,national
中央美术学院,艺术与科技,,,national
中央美术学院,艺术史论,,,national
中央美术学院,视觉传达设计,,,national
中央美术学院,雕塑,,,national
中央财经大学,人力资源管理,,,national
中央财经大学,会计学,,,national
中央财经大学,供应链管理,,,national
中央财经大学,保险学,,,national
中央财经大学,信息安全,,,national
中央财经大学,信息管理与信息系统,,,national
中央财经大学,劳动与社会保障,,,national
中央财经大学,国民经济管理,,,national
中央财经大学,国际经济与贸易,,,national
中央财经大学,工商管理,,,national
中央财经大学,工程管理,,,national
中央财经大学,市场营销,,,national
中央财经大学,应用心理学,,,national
中央财经大学,应用统计学,,,national
中央财经大学,投资学,,,national
中央财经大学,新闻学,,,national
中央财经大学,法学,,,national
中央财经大学,电子商务,,,national
中央财经大学,社会学,,,national
中央财经大学,社会工作,,,national
中央财经大学,税收学,,,national
中央财经大学,管理科学,,,national
中央财经大学,精算学,,,national
中央财经大学,经济学,,,national
中央财经大学,经济统计学,,,national
中央财经大学,统计学,,,national
中央财经大学,行政管理,,,national
中央财经大学,计算机科学与技术,,,national
中央财经大学,财务管理,,,national
中央财经大学,财政学,,,national
中央财经大学,资产评估,,,national
中央财经大学,金融学,,,national
中央财经大学,金融工程,,,national
中央音乐学院,作曲与作曲技术理论,,,national
中央音乐学院,音乐学,,,national
中央音乐学院,音乐表演,,,national
中山大学,临床医学,,,national
中山大学,人文地理与城乡规划,,,national
中山大学,人类学,,,national
中山大学,会展经济与管理,,,national
中山大学,会计学,,,national
中山大学,传播学,,,national
中山大学,俄语,,,national
中山大学,光电信息科学与工程,,,national
中山大学,化学,,,national
中山大学,化学工程与工艺,,,national
中山大学,历史学,,,national
中山大学,口腔医学,,,national
中山大学,哲学,,,national
中山大学,国际政治,,,national
中山大学,图书馆学,,,national
中山大学,土木、水利与海洋工程,,,national
中山大学,地理信息科学,,,national
中山大学,地质学,,,national
中山大学,城乡规划,,,national
中山大学,基础医学,,,national
中山大学,大气科学,,,national
中山大学,工商管理,,,national
中山大学,微电子科学与工程,,,national
中山大学,心理学,,,national
中山大学,护理学,,,national
中山大学,政治学与行政学,,,national
中山大学,数学与应用数学,,,national
中山大学,新闻学,,,national
中山大学,旅游管理,,,national
中山大学,智能科学与技术,,,national
中山大学,材料物理,,,national
中山大学,核工程与核技术,,,national
中山大学,档案学,,,national
中山大学,汉语言文学,,,national
中山大学,法医学,,,national
中山大学,法学,,,national
中山大学,海洋科学,,,national
中山大学,物理学,,,national
中山大学,环境工程,,,national
中山大学,环境科学,,,national
中山大学,理论与应用力学,,,national
中山大学,生态学,,,national
中山大学,生物医学工程,,,national
中山大学,生物技术,,,national
中山大学,生物科学,,,national
中山大学,电子信息科学与技术,,,national
中山大学,社会学,,,national
中山大学,经济学,,,national
中山大学,网络空间安全,,,national
中山大学,考古学,,,national
中山大学,自然地理与资源环境,,,national
中山大学,航空航天工程,,,national
中山大学,英语,,,national
中山大学,药学,,,national
中山大学,行政管理,,,national
中山大学,软件工程,,,national
中山大学,逻辑学,,,national
中山大学,金融学,,,national
中山大学,阿拉伯语,,,national
中山大学,音乐表演,,,national
中山大学,预防医学,,,national
中山大学,高分子材料与工程,,,national
临沂大学,会计学,,,national
临沂大学,制药工程,,,national
临沂大学,新闻学,,,national
临沂大学,物流管理,,,national
临沂大学,计算机科学与技术,,,national
临沂大学,软件工程,,,national
丽水学院,护理学,,,national
丽水学院,计算机科学与技术,,,national
丽江文化旅游学院,酒店管理,,,national
乐山师范学院,新闻学,,,national
乐山师范学院,旅游管理,,,national
九江学院,会计学,,,national
九江学院,医学检验技术,,,national
九江学院,微电子科学与工程,,,national
九江学院,旅游管理,,,national
云南中医药大学,中医学,,,national
云南中医药大学,中药学,,,national
云南中医药大学,护理学,,,national
云南中医药大学,药学,,,national
云南农业大学,农业水利工程,,,national
云南农业大学,农业资源与环境,,,national
云南农业大学,农学,,,national
云南农业大学,农学（异地办学）,,,national
云南农业大学,动物医学,,,national
云南农业大学,动物科学,,,national
云南农业大学,植物保护,,,national
云南农业大学,烟草,,,national
云南农业大学,生物技术,,,national
云南农业大学,英语,,,national
云南农业大学,茶学,,,national
云南农业大学,草业科学,,,national
云南农业大学,食品科学与工程,,,national
云南农业大学,食品科学与工程（异地办学）,,,national
云南农业大学,食品质量与安全,,,national
云南大学,人力资源管理,,,national
云南大学,会计学,,,national
云南大学,体育教育,,,national
云南大学,体育教育（校园足球人才）,,,national
云南大学,公共事业管理,,,national
云南大学,公共事业管理（公共事业管理+地理信息科学双学士学位）,,,national
云南大学,制药工程,,,national
云南大学,化学,,,national
云南大学,历史学,,,national
云南大学,历史学（国家历史学基地班）,,,national
云南大学,国际经济与贸易,,,national
云南大学,地理科学,,,national
云南大学,城乡规划,,,national
云南大学,大气科学,,,national
云南大学,大气科学（大气科学+人工智能双学士学位）,,,national
云南大学,天文学（菁英班）,,,national
云南大学,工商管理,,,national
云南大学,政治学与行政学,,,national
云南大学,数学与应用数学,,,national
云南大学,新闻学,,,national
云南大学,旅游管理,,,national
云南大学,旅游管理（旅游管理+数据科学与大数据技术双学士学位）,,,national
云南大学,日语,,,national
云南大学,材料科学与工程,,,national
云南大学,材料科学与工程（中外合作办学）,,,national
云南大学,档案学,,,national
云南大学,民族学,,,national
云南大学,汉语言文学,,,national
云南大学,法学,,,national
云南大学,物流管理,,,national
云南大学,物理学,,,national
云南大学,物联网工程,,,national
云南大学,环境科学与工程,,,national
云南大学,环境设计,,,national
云南大学,环境设计（中外合作办学）,,,national
云南大学,生态学,,,national
云南大学,生态学（菁英班）,,,national
云南大学,生物技术,,,national
云南大学,生物技术（国家生命科学与技术基地班）,,,national
云南大学,生物科学,,,national
云南大学,生物科学（国家生物学基地班）,,,national
云南大学,电子信息工程,,,national
云南大学,社会工作,,,national
云南大学,经济学,,,national
云南大学,经济学（经济学+人工智能双学士学位）,,,national
云南大学,经济学（经济学+统计学双学士学位）,,,national
云南大学,绘画,,,national
云南大学,统计学,,,national
云南大学,缅甸语,,,national
云南大学,网络空间安全,,,national
云南大学,英语,,,national
云南大学,行政管理,,,national
云南大学,视觉传达设计,,,national
云南大学,计算机科学与技术,,,national
云南大学,软件工程,,,national
云南大学,通信工程,,,national
云南大学,金融学,,,national
云南大学,金融学（金融学+计算机科学与技术双学士学位）,,,national
云南师范大学,体育教育,,,national
云南师范大学,化学,,,national
云南师范大学,历史学,,,national
云南师范大学,地理信息科学,,,national
云南师范大学,地理科学,,,national
云南师范大学,学前教育,,,national
云南师范大学,应用心理学,,,national
云南师范大学,思想政治教育,,,national
云南师范大学,教育学,,,national
云南师范大学,数学与应用数学,,,national
云南师范大学,新闻学,,,national
云南师范大学,汉语国际教育,,,national
云南师范大学,汉语言文学,,,national
云南师范大学,物理学,,,national
云南师范大学,生物科学,,,national
云南师范大学,社会学,,,national
云南师范大学,英语,,,national
云南师范大学,计算机科学与技术,,,national
云南师范大学,越南语,,,national
云南师范大学,音乐学,,,national
云南民族大学,中国少数民族语言文学,,,national
云南民族大学,体育教育,,,national
云南民族大学,化学,,,national
云南民族大学,工艺美术,,,national
云南民族大学,广告学,,,national
云南民族大学,政治学与行政学,,,national
云南民族大学,旅游管理,,,national
云南民族大学,柬埔寨语,,,national
云南民族大学,民族学,,,national
云南民族大学,汉语言文学,,,national
云南民族大学,泰语,,,national
云南民族大学,电子信息工程,,,national
云南民族大学,社会学,,,national
云南民族大学,经济学,,,national
云南民族大学,缅甸语,,,national
云南民族大学,老挝语,,,national
云南民族大学,英语,,,national
云南民族大学,行政管理,,,national
云南民族大学,视觉传达设计,,,national
云南民族大学,音乐表演,,,national
云南艺术学院,中国画,,,national
云南艺术学院,产品设计,,,national
云南艺术学院,广播电视编导,,,national
云南艺术学院,戏剧学,,,national
云南艺术学院,戏剧影视文学,,,national
云南艺术学院,数字媒体艺术,,,national
云南艺术学院,服装与服饰设计,,,national
云南艺术学院,环境设计,,,national
云南艺术学院,绘画,,,national
云南艺术学院,美术学,,,national
云南艺术学院,舞蹈表演,,,national
云南艺术学院,视觉传达设计,,,national
云南艺术学院,雕塑,,,national
云南艺术学院,音乐表演,,,national
云南警官学院,刑事科学技术,,,national
云南警官学院,禁毒学,,,national
云南财经大学,会展经济与管理,,,national
云南财经大学,会计学,,,national
云南财经大学,劳动与社会保障,,,national
云南财经大学,国际经济与贸易,,,national
云南财经大学,审计学,,,national
云南财经大学,工商管理,,,national
云南财经大学,市场营销,,,national
云南财经大学,应用统计学,,,national
云南财经大学,数学与应用数学,,,national
云南财经大学,法学,,,national
云南财经大学,物流管理,,,national
云南财经大学,电子商务,,,national
云南财经大学,管理科学,,,national
云南财经大学,经济学,,,national
云南财经大学,经济统计学,,,national
云南财经大学,财务管理,,,national
云南财经大学,财政学,,,national
云南财经大学,金融学,,,national
云南财经大学,金融工程,,,national
五邑大学,市场营销,,,national
五邑大学,数学与应用数学,,,national
五邑大学,机械工程,,,national
五邑大学,电子商务,,,national
五邑大学,计算机科学与技术,,,national
五邑大学,通信工程,,,national
井冈山大学,化学,,,national
井冈山大学,材料化学,,,national
井冈山大学,汉语言文学,,,national
井冈山大学,生物科学,,,national
仲恺农业工程学院,植物保护,3,2021,national
仲恺农业工程学院,计算机科学与技术,3,2021,national
伊犁师范大学,小学教育,,,national
伊犁师范大学,数学与应用数学,,,national
伊犁师范大学,汉语言文学,,,national
伊犁师范大学,法学,,,national
佛山大学,光电信息科学与工程,,,national
佛山大学,光电信息科学与工程（创新实验班）,,,national
佛山大学,光电信息科学与工程（大珩班）,,,national
佛山大学,动物医学,,,national
佛山大学,数学与应用数学（师范）,,,national
佛山大学,机械设计制造及其自动化,,,national
佛山大学,计算机科学与技术,,,national
佛山科学技术学院,动物医学,3,2021,national
佛山科学技术学院,计算机科学与技术,3,2021,national
佳木斯大学,口腔医学,,,national
佳木斯大学,护理学,,,national
佳木斯大学,材料成型及控制工程,,,national
佳木斯大学,英语,,,national
佳木斯大学,预防医学,,,national
保定学院,小学教育,,,national
保山学院,学前教育,,,national
信阳师范大学,化学,,,national
信阳师范大学,地理科学,,,national
信阳师范大学,思想政治教育,,,national
信阳师范大学,教育学,,,national
信阳师范大学,数学与应用数学,,,national
信阳师范大学,汉语言文学,,,national
信阳师范大学,物理学,,,national
信阳师范大学,生物科学,,,national
信阳师范大学,英语,,,national
信阳师范大学,计算机科学与技术,,,national
信阳师范大学,音乐学,,,national
兰州交通大学,交通工程,,,national
兰州交通大学,交通运输,,,national
兰州交通大学,化学工程与工艺,,,national
兰州交通大学,国际经济与贸易,,,national
兰州交通大学,土木工程,,,national
兰州交通大学,地理信息科学,,,national
兰州交通大学,工程管理,,,national
兰州交通大学,应用物理学,,,national
兰州交通大学,建筑学,,,national
兰州交通大学,建筑环境与能源应用工程,,,national
兰州交通大学,机械设计制造及其自动化,,,national
兰州交通大学,测绘工程,,,national
兰州交通大学,物流管理,,,national
兰州交通大学,环境工程,,,national
兰州交通大学,环境设计,,,national
兰州交通大学,电子科学与技术,,,national
兰州交通大学,电气工程及其自动化,,,national
兰州交通大学,给排水科学与工程,,,national
兰州交通大学,自动化,,,national
兰州交通大学,英语,,,national
兰州交通大学,计算机科学与技术,,,national
兰州交通大学,车辆工程,,,national
兰州交通大学,轨道交通信号与控制,,,national
兰州交通大学,软件工程,,,national
兰州交通大学,通信工程,,,national
兰州交通大学,道路桥梁与渡河工程,,,national
兰州交通大学,铁道工程,,,national
兰州城市学院,学前教育,,,national
兰州大学,临床医学,,,national
兰州大学,人力资源管理,,,national
兰州大学,人文地理与城乡规划,,,national
兰州大学,会计学,,,national
兰州大学,俄语,,,national
兰州大学,信息与计算科学,,,national
兰州大学,信息管理与信息系统,,,national
兰州大学,化学,,,national
兰州大学,化学工程与工艺,,,national
兰州大学,历史学,,,national
兰州大学,口腔医学,,,national
兰州大学,哲学,,,national
兰州大学,国际政治,,,national
兰州大学,地理信息科学,,,national
兰州大学,地质学,,,national
兰州大学,地质工程,,,national
兰州大学,大气科学,,,national
兰州大学,应用化学,,,national
兰州大学,微电子科学与工程,,,national
兰州大学,思想政治教育,,,national
兰州大学,戏剧影视文学,,,national
兰州大学,护理学,,,national
兰州大学,数学与应用数学,,,national
兰州大学,新闻学,,,national
兰州大学,材料化学,,,national
兰州大学,民族学,,,national
兰州大学,汉语言文学,,,national
兰州大学,法学,,,national
兰州大学,物理学,,,national
兰州大学,理论与应用力学,,,national
兰州大学,生态学,,,national
兰州大学,生物技术,,,national
兰州大学,生物科学,,,national
兰州大学,电子信息科学与技术,,,national
兰州大学,社会学,,,national
兰州大学,经济学,,,national
兰州大学,自然地理与资源环境,,,national
兰州大学,英语,,,national
兰州大学,草业科学,,,national
兰州大学,药学,,,national
兰州大学,行政管理,,,national
兰州大学,计算机科学与技术,,,national
兰州大学,辐射防护与核安全,,,national
兰州大学,通信工程,,,national
兰州大学,金融学,,,national
兰州大学,预防医学,,,national
兰州大学,马克思主义理论,,,national
兰州工业学院,机械设计制造及其自动化,,,national
兰州文理学院,数字媒体技术,,,national
兰州文理学院,新闻学,,,national
兰州文理学院,旅游管理,,,national
兰州文理学院,环境设计,,,national
兰州文理学院,视觉传达设计,,,national
兰州理工大学,会计学,,,national
兰州理工大学,化学工程与工艺,,,national
兰州理工大学,土木工程,,,national
兰州理工大学,市场营销,,,national
兰州理工大学,应用化学,,,national
兰州理工大学,应用物理学,,,national
兰州理工大学,建筑学,,,national
兰州理工大学,新能源科学与工程,,,national
兰州理工大学,机械电子工程,,,national
兰州理工大学,机械设计制造及其自动化,,,national
兰州理工大学,材料成型及控制工程,,,national
兰州理工大学,电子信息科学与技术,,,national
兰州理工大学,电气工程及其自动化,,,national
兰州理工大学,能源与动力工程,,,national
兰州理工大学,自动化,,,national
兰州理工大学,计算机科学与技术,,,national
兰州理工大学,过程装备与控制工程,,,national
兰州理工大学,通信工程,,,national
兰州理工大学,金属材料工程,,,national
兰州理工大学,高分子材料与工程,,,national
兰州财经大学,会计学,,,national
兰州财经大学,商务英语,,,national
兰州财经大学,国际经济与贸易,,,national
兰州财经大学,统计学,,,national
兰州财经大学,视觉传达设计,,,national
兰州财经大学,财务管理,,,national
兰州财经大学,金融学,,,national
兰州财经大学,金融工程,,,national
内蒙古农业大学,会计学,,,national
内蒙古农业大学,农业机械化及其自动化,,,national
内蒙古农业大学,农业水利工程,,,national
内蒙古农业大学,农业资源与环境,,,national
内蒙古农业大学,农学,,,national
内蒙古农业大学,农学（中外合作办学）,,,national
内蒙古农业大学,农学（卓越班）,,,national
内蒙古农业大学,农林经济管理,,,national
内蒙古农业大学,农林经济管理（中外高水平大学学生交流计划）,,,national
内蒙古农业大学,动物医学,,,national
内蒙古农业大学,动物医学（中外合作办学）,,,national
内蒙古农业大学,动物医学（宠物医学方向）,,,national
内蒙古农业大学,动物科学,,,national
内蒙古农业大学,动物科学（中外合作办学）,,,national
内蒙古农业大学,园艺,,,national
内蒙古农业大学,木材科学与工程,,,national
内蒙古农业大学,木材科学与工程（“木材科学与工程+农林经济管理”双学士）,,,national
内蒙古农业大学,林学,,,national
内蒙古农业大学,林学（“林学+农林经济管理”双学士学位）,,,national
内蒙古农业大学,植物保护,,,national
内蒙古农业大学,植物科学与技术,,,national
内蒙古农业大学,水利水电工程,,,national
内蒙古农业大学,水土保持与荒漠化防治,,,national
内蒙古农业大学,水土保持与荒漠化防治（“水土保持与荒漠化防治+农林经济管理”双学士学位试点班）,,,national
内蒙古农业大学,水土保持与荒漠化防治（沙产业方向）,,,national
内蒙古农业大学,水文与水资源工程,,,national
内蒙古农业大学,水文与水资源工程（地下水科学与工程方向）,,,national
内蒙古农业大学,测绘工程,,,national
内蒙古农业大学,生物技术,,,national
内蒙古农业大学,草业科学,,,national
内蒙古农业大学,草业科学（草业工程方向）,,,national
内蒙古农业大学,计算机科学与技术,,,national
内蒙古农业大学,食品科学与工程,,,national
内蒙古农业大学,食品科学与工程（乳业方向）,,,national
内蒙古医科大学,临床医学,,,national
内蒙古医科大学,护理学,,,national
内蒙古医科大学,药学,,,national
内蒙古医科大学,蒙医学,,,national
内蒙古大学,中国少数民族语言文学,,,national
内蒙古大学,会计学,,,national
内蒙古大学,俄语,,,national
内蒙古大学,信息与计算科学,,,national
内蒙古大学,劳动与社会保障,,,national
内蒙古大学,化学,,,national
内蒙古大学,化学工程与工艺,,,national
内蒙古大学,历史学,,,national
内蒙古大学,哲学,,,national
内蒙古大学,工商管理,,,national
内蒙古大学,数学与应用数学,,,national
内蒙古大学,新闻学,,,national
内蒙古大学,旅游管理,,,national
内蒙古大学,日语,,,national
内蒙古大学,民族学,,,national
内蒙古大学,汉语国际教育,,,national
内蒙古大学,汉语言文学,,,national
内蒙古大学,法学,,,national
内蒙古大学,物理学,,,national
内蒙古大学,环境科学,,,national
内蒙古大学,生态学,,,national
内蒙古大学,生物技术,,,national
内蒙古大学,生物科学,,,national
内蒙古大学,电子信息科学与技术,,,national
内蒙古大学,电子科学与技术,,,national
内蒙古大学,社会学,,,national
内蒙古大学,经济学,,,national
内蒙古大学,英语,,,national
内蒙古大学,行政管理,,,national
内蒙古大学,计算机科学与技术,,,national
内蒙古大学,软件工程,,,national
内蒙古大学,金融学,,,national
内蒙古工业大学,化学工程与工艺,,,national
内蒙古工业大学,化学工程与工艺（新能源学院）,,,national
内蒙古工业大学,土木工程,,,national
内蒙古工业大学,城乡规划,,,national
内蒙古工业大学,工商管理,,,national
内蒙古工业大学,工程力学,,,national
内蒙古工业大学,建筑学,,,national
内蒙古工业大学,建筑环境与能源应用工程,,,national
内蒙古工业大学,新能源科学与工程,,,national
内蒙古工业大学,新能源科学与工程（新能源学院）,,,national
内蒙古工业大学,机械电子工程,,,national
内蒙古工业大学,机械设计制造及其自动化,,,national
内蒙古工业大学,材料成型及控制工程,,,national
内蒙古工业大学,环境设计,,,national
内蒙古工业大学,电子信息工程,,,national
内蒙古工业大学,电气工程及其自动化,,,national
内蒙古工业大学,电气工程及其自动化（新能源学院）,,,national
内蒙古工业大学,社会工作,,,national
内蒙古工业大学,能源与动力工程,,,national
内蒙古工业大学,能源与动力工程（新能源学院）,,,national
内蒙古工业大学,自动化,,,national
内蒙古工业大学,英语,,,national
内蒙古工业大学,计算机科学与技术,,,national
内蒙古工业大学,软件工程,,,national
内蒙古师范大学,中国少数民族语言文学,,,national
内蒙古师范大学,体育教育,,,national
内蒙古师范大学,化学,,,national
内蒙古师范大学,历史学,,,national
内蒙古师范大学,土地资源管理,,,national
内蒙古师范大学,地理科学,,,national
内蒙古师范大学,学前教育,,,national
内蒙古师范大学,心理学,,,national
内蒙古师范大学,思想政治教育,,,national
内蒙古师范大学,教育学,,,national
内蒙古师范大学,数字媒体艺术,,,national
内蒙古师范大学,数学与应用数学,,,national
内蒙古师范大学,新闻学,,,national
内蒙古师范大学,汉语言文学,,,national
内蒙古师范大学,物理学,,,national
内蒙古师范大学,生物科学,,,national
内蒙古师范大学,经济学,,,national
内蒙古师范大学,美术学,,,national
内蒙古师范大学,英语,,,national
内蒙古师范大学,视觉传达设计,,,national
内蒙古师范大学,计算机科学与技术,,,national
内蒙古师范大学,音乐学,,,national
内蒙古民族大学,农学,,,national
内蒙古民族大学,化学,,,national
内蒙古民族大学,机械设计制造及其自动化,,,national
内蒙古民族大学,汉语言文学,,,national
内蒙古民族大学,英语,,,national
内蒙古民族大学,计算机科学与技术,,,national
内蒙古科技大学,产品设计,,,national
内蒙古科技大学,冶金工程,,,national
内蒙古科技大学,土木工程,,,national
内蒙古科技大学,建筑学,,,national
内蒙古科技大学,机械设计制造及其自动化,,,national
内蒙古科技大学,自动化,,,national
内蒙古科技大学,金属材料工程,,,national
内蒙古科技大学包头医学院,预防医学,,,national
内蒙古科技大学包头师范学院,历史学,,,national
内蒙古科技大学包头师范学院,小学教育,,,national
内蒙古科技大学包头师范学院,汉语言文学,,,national
内蒙古科技大学包头师范学院,计算机科学与技术,,,national
内蒙古艺术学院,动画,,,national
内蒙古艺术学院,服装与服饰设计,,,national
内蒙古艺术学院,绘画,,,national
内蒙古艺术学院,舞蹈编导,,,national
内蒙古艺术学院,舞蹈表演,,,national
内蒙古艺术学院,视觉传达设计,,,national
内蒙古艺术学院,音乐表演,,,national
内蒙古财经大学,会计学,,,national
内蒙古财经大学,国际经济与贸易,,,national
内蒙古财经大学,工商管理,,,national
内蒙古财经大学,市场营销,,,national
内蒙古财经大学,应用统计学,,,national
内蒙古财经大学,投资学,,,national
内蒙古财经大学,旅游管理,,,national
内蒙古财经大学,法学,,,national
内蒙古财经大学,物流管理,,,national
内蒙古财经大学,经济学,,,national
内蒙古财经大学,财务管理,,,national
内蒙古财经大学,财政学,,,national
内蒙古财经大学,资产评估,,,national
内蒙古财经大学,金融学,,,national
北京中医药大学,中医学,,,national
北京中医药大学,中药制药,,,national
北京中医药大学,中药学,,,national
北京中医药大学,公共事业管理,,,national
北京中医药大学,护理学,,,national
北京中医药大学,药学,,,national
北京中医药大学,针灸推拿学,,,national
北京交通大学,交通工程,,,national
北京交通大学,交通运输,,,national
北京交通大学,交通运输（城市轨道交通）,,,national
北京交通大学,交通运输（民航运输）,,,national
北京交通大学,交通运输（铁道运输）,,,national
北京交通大学,会计学,,,national
北京交通大学,信息与计算科学,,,national
北京交通大学,信息安全,,,national
北京交通大学,信息工程,,,national
北京交通大学,信息管理与信息系统,,,national
北京交通大学,光电信息科学与工程,,,national
北京交通大学,土木工程,,,national
北京交通大学,工商管理,,,national
北京交通大学,工程管理,,,national
北京交通大学,应用物理学（黄昆英才班）,,,national
北京交通大学,建筑学,,,national
北京交通大学,数字媒体艺术,,,national
北京交通大学,机械电子工程（中外合作办学）,,,national
北京交通大学,法学,,,national
北京交通大学,测控技术与仪器,,,national
北京交通大学,物流工程,,,national
北京交通大学,物流管理,,,national
北京交通大学,物联网工程,,,national
北京交通大学,环境工程（智慧环境与低碳技术）,,,national
北京交通大学,环境设计,,,national
北京交通大学,电子科学与技术,,,national
北京交通大学,电气工程及其自动化,,,national
北京交通大学,纳米材料与技术（中外合作办学）,,,national
北京交通大学,纳米材料与技术（智能材料）,,,national
北京交通大学,经济学,,,national
北京交通大学,统计学,,,national
北京交通大学,网络与新媒体,,,national
北京交通大学,能源与动力工程,,,national
北京交通大学,自动化,,,national
北京交通大学,英语,,,national
北京交通大学,视觉传达设计,,,national
北京交通大学,计算机科学与技术,,,national
北京交通大学,计算机科学与技术（铁路信息技术）,,,national
北京交通大学,轨道交通信号与控制,,,national
北京交通大学,软件工程（国家特色化示范性软件学院）,,,national
北京交通大学,通信工程,,,national
北京交通大学,铁道工程,,,national
北京交通大学（威海校区）,会计学（中外合作办学）,,,national
北京交通大学（威海校区）,工商管理（中外合作办学）,,,national
北京交通大学（威海校区）,数字媒体艺术（中外合作办学）,,,national
北京交通大学（威海校区）,环境工程（中外合作办学）,,,national
北京交通大学（威海校区）,计算机科学与技术（中外合作办学）,,,national
北京交通大学（威海校区）,通信工程（中外合作办学）,,,national
北京体育大学,休闲体育,,,national
北京体育大学,体育教育,,,national
北京体育大学,体育经济与管理,,,national
北京体育大学,公共事业管理,,,national
北京体育大学,应用心理学,,,national
北京体育大学,新闻学,,,national
北京体育大学,旅游管理,,,national
北京体育大学,舞蹈表演,,,national
北京体育大学,运动人体科学,,,national
北京体育大学,运动康复,,,national
北京信息科技大学,人力资源管理,,,national
北京信息科技大学,信息与计算科学,,,national
北京信息科技大学,信息安全,,,national
北京信息科技大学,信息管理与信息系统,,,national
北京信息科技大学,工商管理,,,national
北京信息科技大学,机械设计制造及其自动化,,,national
北京信息科技大学,测控技术与仪器,,,national
北京信息科技大学,电气工程及其自动化,,,national
北京信息科技大学,自动化,,,national
北京信息科技大学,计算机科学与技术,,,national
北京信息科技大学,财务管理,,,national
北京信息科技大学,软件工程,,,national
北京信息科技大学,通信工程,,,national
北京农学院,农林经济管理,,,national
北京农学院,动物医学,,,national
北京农学院,园林,,,national
北京农学院,园艺,,,national
北京化工大学,会计学,,,national
北京化工大学,公共事业管理,,,national
北京化工大学,制药工程,,,national
北京化工大学,功能材料,,,national
北京化工大学,化学,,,national
北京化工大学,化学工程与工艺,,,national
北京化工大学,国际经济与贸易,,,national
北京化工大学,安全工程,,,national
北京化工大学,工商管理,,,national
北京化工大学,应用化学,,,national
北京化工大学,机械设计制造及其自动化,,,national
北京化工大学,材料科学与工程,,,national
北京化工大学,法学,,,national
北京化工大学,测控技术与仪器,,,national
北京化工大学,环境工程,,,national
北京化工大学,生物工程,,,national
北京化工大学,电子信息工程,,,national
北京化工大学,能源化学工程,,,national
北京化工大学,自动化,,,national
北京化工大学,计算机科学与技术,,,national
北京化工大学,过程装备与控制工程,,,national
北京化工大学,高分子材料与工程,,,national
北京协和医学院,临床医学,,,national
北京协和医学院,护理学,,,national
北京印刷学院,动画,,,national
北京印刷学院,印刷工程,,,national
北京印刷学院,数字出版,,,national
北京印刷学院,数字媒体艺术,,,national
北京印刷学院,机械工程,,,national
北京印刷学院,编辑出版学,,,national
北京印刷学院,网络与新媒体,,,national
北京印刷学院,视觉传达设计,,,national
北京外国语大学,会计学,,,national
北京外国语大学,俄语,,,national
北京外国语大学,信息管理与信息系统,,,national
北京外国语大学,国际经济与贸易,,,national
北京外国语大学,土耳其语,,,national
北京外国语大学,外交学,,,national
北京外国语大学,工商管理,,,national
北京外国语大学,德语,,,national
北京外国语大学,意大利语,,,national
北京外国语大学,新闻学,,,national
北京外国语大学,日语,,,national
北京外国语大学,朝鲜语,,,national
北京外国语大学,柬埔寨语,,,national
北京外国语大学,汉语国际教育,,,national
北京外国语大学,汉语言文学,,,national
北京外国语大学,法学,,,national
北京外国语大学,法语,,,national
北京外国语大学,波兰语,,,national
北京外国语大学,波斯语,,,national
北京外国语大学,电子商务,,,national
北京外国语大学,翻译,,,national
北京外国语大学,英语,,,national
北京外国语大学,葡萄牙语,,,national
北京外国语大学,西班牙语,,,national
北京外国语大学,计算机科学与技术,,,national
北京外国语大学,越南语,,,national
北京外国语大学,金融学,,,national
北京外国语大学,阿尔巴尼亚语,,,national
北京外国语大学,阿拉伯语,,,national
北京外国语大学,马来语,,,national
北京大学,世界史,,,national
北京大学,人文地理与城乡规划,,,national
北京大学,人文地理与城乡规划（国土空间规划方向）,,,national
北京大学,会计学,,,national
北京大学,俄语,,,national
北京大学,信息与计算科学,,,national
北京大学,化学,,,national
北京大学,印地语,,,national
北京大学,印度尼西亚语,,,national
北京大学,历史学（中国史）,,,national
北京大学,古典文献学,,,national
北京大学,哲学,,,national
北京大学,哲学（科技哲学与逻辑学方向）,,,national
北京大学,国际政治,,,national
北京大学,国际政治（国际政治经济学专业方向）,,,national
北京大学,国际政治（国际组织与国际公共政策专业方向）,,,national
北京大学,图书馆学,,,national
北京大学,地质学,,,national
北京大学,城市管理,,,national
北京大学,大气科学,,,national
北京大学,天文学,,,national
北京大学,广告学,,,national
北京大学,微电子科学与工程,,,national
北京大学,德语,,,national
北京大学,心理学,,,national
北京大学,政治学与行政学,,,national
北京大学,政治学与行政学（数字治理方向）,,,national
北京大学,数学与应用数学,,,national
北京大学,新闻学,,,national
北京大学,日语,,,national
北京大学,智能科学与技术,,,national
北京大学,朝鲜语,,,national
北京大学,材料科学与工程,,,national
北京大学,汉语言,,,national
北京大学,汉语言文学,,,national
北京大学,法学,,,national
北京大学,法语,,,national
北京大学,物理学,,,national
北京大学,环境工程,,,national
北京大学,环境科学,,,national
北京大学,环境科学（环境健康方向）,,,national
北京大学,理论与应用力学,,,national
北京大学,生态学,,,national
北京大学,生物医学工程,,,national
北京大学,生物技术,,,national
北京大学,生物科学,,,national
北京大学,电子信息科学与技术,,,national
北京大学,社会学,,,national
北京大学,社会工作,,,national
北京大学,空间科学与技术,,,national
北京大学,经济学,,,national
北京大学,经济学（国家发展方向）,,,national
北京大学,统计学,,,national
北京大学,缅甸语,,,national
北京大学,考古学,,,national
北京大学,考古学（文物建筑方向）,,,national
北京大学,自然地理与资源环境,,,national
北京大学,艺术史论,,,national
北京大学,英语,,,national
北京大学,行政管理,,,national
北京大学,西班牙语,,,national
北京大学,计算机科学与技术,,,national
北京大学,财政学,,,national
北京大学,软件工程,,,national
北京大学,金融学,,,national
北京大学,金融学（金融经济方向）,,,national
北京大学,阿拉伯语,,,national
北京大学医学部,临床医学,,,national
北京大学医学部,医学检验技术,,,national
北京大学医学部,口腔医学,,,national
北京大学医学部,基础医学,,,national
北京大学医学部,护理学,,,national
北京大学医学部,英语,,,national
北京大学医学部,药学,,,national
北京大学医学部,预防医学,,,national
北京工业大学,交通工程,,,national
北京工业大学,交通工程（詹天佑班）,,,national
北京工业大学,交通设备与控制工程,,,national
北京工业大学,会计学,,,national
北京工业大学,信息与计算科学,,,national
北京工业大学,信息安全（实验班）,,,national
北京工业大学,信息管理与信息系统,,,national
北京工业大学,国际经济与贸易,,,national
北京工业大学,土木工程,,,national
北京工业大学,土木工程（茅以升班）,,,national
北京工业大学,城乡规划,,,national
北京工业大学,工艺美术,,,national
北京工业大学,应用化学,,,national
北京工业大学,应用物理学,,,national
北京工业大学,建筑学,,,national
北京工业大学,建筑环境与能源应用工程,,,national
北京工业大学,新能源科学与工程,,,national
北京工业大学,新能源科学与工程（新能源和环科双学士学位）,,,national
北京工业大学,机械工程,,,national
北京工业大学,材料科学与工程,,,national
北京工业大学,测控技术与仪器,,,national
北京工业大学,物联网工程,,,national
北京工业大学,物联网工程（中外合作办学）,,,national
北京工业大学,环境工程,,,national
北京工业大学,环境设计,,,national
北京工业大学,生物医学工程,,,national
北京工业大学,生物医学工程（化生医工交叉双学士学位）,,,national
北京工业大学,生物技术（实验班）,,,national
北京工业大学,电子信息工程,,,national
北京工业大学,电子信息工程（中外合作办学）,,,national
北京工业大学,电子信息工程（实验班）,,,national
北京工业大学,电子科学与技术（实验班）,,,national
北京工业大学,社会学,,,national
北京工业大学,社会工作,,,national
北京工业大学,给排水科学与工程,,,national
北京工业大学,统计学,,,national
北京工业大学,自动化,,,national
北京工业大学,计算机科学与技术,,,national
北京工业大学,计算机科学与技术（实验班）,,,national
北京工业大学,软件工程（中外合作办学）,,,national
北京工业大学,软件工程（实验班）,,,national
北京工商大学,会计学,,,national
北京工商大学,信息工程,,,national
北京工商大学,化妆品技术与工程,,,national
北京工商大学,工商管理,,,national
北京工商大学,应用统计学,,,national
北京工商大学,新闻学,,,national
北京工商大学,法学,,,national
北京工商大学,环境工程,,,national
北京工商大学,经济学,,,national
北京工商大学,计算机科学与技术,,,national
北京工商大学,财务管理,,,national
北京工商大学,贸易经济,,,national
北京工商大学,软件工程,,,national
北京工商大学,酿酒工程,,,national
北京工商大学,金融学,,,national
北京工商大学,金融工程,,,national
北京工商大学,食品科学与工程,,,national
北京工商大学,食品质量与安全,,,national
北京工商大学,高分子材料与工程,,,national
北京师范大学,书法学,,,national
北京师范大学,人力资源管理,,,national
北京师范大学,人文地理与城乡规划,,,national
北京师范大学,会计学,,,national
北京师范大学,传播学,,,national
北京师范大学,体育教育,,,national
北京师范大学,俄语,,,national
北京师范大学,信息管理与信息系统,,,national
北京师范大学,公共事业管理,,,national
北京师范大学,化学,,,national
北京师范大学,历史学,,,national
北京师范大学,哲学,,,national
北京师范大学,国际经济与贸易,,,national
北京师范大学,地理信息科学,,,national
北京师范大学,地理科学,,,national
北京师范大学,天文学,,,national
北京师范大学,学前教育,,,national
北京师范大学,工商管理,,,national
北京师范大学,心理学,,,national
北京师范大学,思想政治教育,,,national
北京师范大学,戏剧影视文学,,,national
北京师范大学,教育学,,,national
北京师范大学,教育技术学,,,national
北京师范大学,数字媒体艺术,,,national
北京师范大学,数学与应用数学,,,national
北京师范大学,日语,,,national
北京师范大学,汉语言文学,,,national
北京师范大学,法学,,,national
北京师范大学,物理学,,,national
北京师范大学,特殊教育,,,national
北京师范大学,环境工程,,,national
北京师范大学,环境科学,,,national
北京师范大学,生物技术,,,national
北京师范大学,生物科学,,,national
北京师范大学,经济学,,,national
北京师范大学,统计学,,,national
北京师范大学,美术学,,,national
北京师范大学,自然地理与资源环境,,,national
北京师范大学,舞蹈学,,,national
北京师范大学,英语,,,national
北京师范大学,计算机科学与技术,,,national
北京师范大学,金融学,,,national
北京师范大学,音乐学,,,national
北京师范大学-香港浸会大学联合国际学院,统计学,3,2021,national
北京师范大学-香港浸会大学联合国际学院,计算机科学与技术,3,2021,national
北京建筑大学,交通工程,,,national
北京建筑大学,历史建筑保护工程,,,national
北京建筑大学,土木工程,,,national
北京建筑大学,城乡规划,,,national
北京建筑大学,工程管理,,,national
北京建筑大学,工程造价,,,national
北京建筑大学,建筑学,,,national
北京建筑大学,建筑环境与能源应用工程,,,national
北京建筑大学,建筑电气与智能化,,,national
北京建筑大学,机械电子工程,,,national
北京建筑大学,测绘工程,,,national
北京建筑大学,环境工程,,,national
北京建筑大学,给排水科学与工程,,,national
北京建筑大学,自动化,,,national
北京建筑大学,计算机科学与技术,,,national
北京建筑大学,车辆工程,,,national
北京建筑大学,风景园林,,,national
北京服装学院,中国画,,,national
北京服装学院,产品设计,,,national
北京服装学院,传播学,,,national
北京服装学院,公共艺术,,,national
北京服装学院,动画,,,national
北京服装学院,工业设计,,,national
北京服装学院,数字媒体艺术,,,national
北京服装学院,服装与服饰设计,,,national
北京服装学院,服装设计与工程,,,national
北京服装学院,环境设计,,,national
北京服装学院,艺术与科技,,,national
北京服装学院,表演,,,national
北京服装学院,视觉传达设计,,,national
北京服装学院,高分子材料与工程,,,national
北京林业大学,产品设计,,,national
北京林业大学,信息管理与信息系统,,,national
北京林业大学,农林经济管理,,,national
北京林业大学,商务英语,,,national
北京林业大学,园林,,,national
北京林业大学,园艺,,,national
北京林业大学,国际经济与贸易,,,national
北京林业大学,地理信息科学,,,national
北京林业大学,城乡规划,,,national
北京林业大学,工商管理,,,national
北京林业大学,数字媒体技术,,,national
北京林业大学,木材科学与工程,,,national
北京林业大学,机械设计制造及其自动化,,,national
北京林业大学,林产化工,,,national
北京林业大学,林学,,,national
北京林业大学,森林保护,,,national
北京林业大学,水土保持与荒漠化防治,,,national
北京林业大学,环境工程,,,national
北京林业大学,生物科学,,,national
北京林业大学,经济林,,,national
北京林业大学,给排水科学与工程,,,national
北京林业大学,英语,,,national
北京林业大学,草业科学,,,national
北京林业大学,计算机科学与技术,,,national
北京林业大学,野生动物与自然保护区管理,,,national
北京林业大学,风景园林,,,national
北京林业大学,食品科学与工程,,,national
北京物资学院,会计学,,,national
北京物资学院,信息管理与信息系统,,,national
北京物资学院,物流工程,,,national
北京物资学院,物流管理,,,national
北京物资学院,物联网工程,,,national
北京物资学院,电子商务,,,national
北京物资学院,采购管理,,,national
北京物资学院,金融学,,,national
北京理工大学,产品设计,,,national
北京理工大学,会计学,,,national
北京理工大学,信息与计算科学,,,national
北京理工大学,信息对抗技术,,,national
北京理工大学,信息管理与信息系统,,,national
北京理工大学,光电信息科学与工程,,,national
北京理工大学,制药工程,,,national
北京理工大学,化学,,,national
北京理工大学,化学工程与工艺,,,national
北京理工大学,国际经济与贸易,,,national
北京理工大学,安全工程,,,national
北京理工大学,工业工程,,,national
北京理工大学,工商管理,,,national
北京理工大学,工程力学,,,national
北京理工大学,应用物理学,,,national
北京理工大学,弹药工程与爆炸技术,,,national
北京理工大学,德语,,,national
北京理工大学,数学与应用数学,,,national
北京理工大学,机械工程,,,national
北京理工大学,机械电子工程,,,national
北京理工大学,材料化学,,,national
北京理工大学,材料成型及控制工程,,,national
北京理工大学,材料科学与工程,,,national
北京理工大学,武器发射工程,,,national
北京理工大学,武器系统与工程,,,national
北京理工大学,法学,,,national
北京理工大学,测控技术与仪器,,,national
北京理工大学,特种能源技术与工程,,,national
北京理工大学,环境设计,,,national
北京理工大学,生物医学工程,,,national
北京理工大学,生物技术,,,national
北京理工大学,电子信息工程,,,national
北京理工大学,电子科学与技术,,,national
北京理工大学,电气工程及其自动化,,,national
北京理工大学,经济学,,,national
北京理工大学,统计学,,,national
北京理工大学,能源与动力工程,,,national
北京理工大学,能源化学工程,,,national
北京理工大学,自动化,,,national
北京理工大学,英语,,,national
北京理工大学,装甲车辆工程,,,national
北京理工大学,计算机科学与技术,,,national
北京理工大学,车辆工程,,,national
北京理工大学,软件工程,,,national
北京理工大学,通信工程,,,national
北京理工大学,飞行器动力工程,,,national
北京理工大学,飞行器设计与工程,,,national
北京理工大学,高分子材料与工程,,,national
北京理工大学珠海学院,电子科学与技术,3,2021,national
北京电子科技学院,保密管理,,,national
北京电子科技学院,电子信息工程,,,national
北京电子科技学院,计算机科学与技术,,,national
北京电子科技学院,通信工程,,,national
北京电影学院,动画,,,national
北京电影学院,广播电视编导,,,national
北京电影学院,录音艺术,,,national
北京电影学院,戏剧影视导演,,,national
北京电影学院,戏剧影视文学,,,national
北京电影学院,戏剧影视美术设计,,,national
北京电影学院,摄影,,,national
北京电影学院,数字媒体艺术,,,national
北京电影学院,表演,,,national
北京石油化工学院,制药工程,,,national
北京石油化工学院,化学工程与工艺,,,national
北京石油化工学院,机械工程,,,national
北京石油化工学院,环境工程,,,national
北京石油化工学院,能源与动力工程,,,national
北京石油化工学院,自动化,,,national
北京石油化工学院,计算机科学与技术,,,national
北京石油化工学院,高分子材料与工程,,,national
北京科技大学,会计学,,,national
北京科技大学,冶金工程,,,national
北京科技大学,土木工程,,,national
北京科技大学,大数据管理与应用,,,national
北京科技大学,安全工程,,,national
北京科技大学,工业设计,,,national
北京科技大学,工商管理,,,national
北京科技大学,应用化学,,,national
北京科技大学,应用物理学,,,national
北京科技大学,数学与应用数学,,,national
北京科技大学,日语,,,national
北京科技大学,机械工程,,,national
北京科技大学,材料科学与工程,,,national
北京科技大学,法学,,,national
北京科技大学,测控技术与仪器,,,national
北京科技大学,物流工程,,,national
北京科技大学,环境工程,,,national
北京科技大学,矿物加工工程,,,national
北京科技大学,社会工作,,,national
北京科技大学,能源与动力工程,,,national
北京科技大学,自动化,,,national
北京科技大学,英语,,,national
北京科技大学,行政管理,,,national
北京科技大学,计算机科学与技术,,,national
北京科技大学,车辆工程,,,national
北京科技大学,通信工程,,,national
北京科技大学,采矿工程,,,national
北京第二外国语学院,俄语,,,national
北京第二外国语学院,商务英语,,,national
北京第二外国语学院,德语,,,national
北京第二外国语学院,旅游管理,,,national
北京第二外国语学院,日语,,,national
北京第二外国语学院,朝鲜语,,,national
北京第二外国语学院,法语,,,national
北京第二外国语学院,翻译,,,national
北京第二外国语学院,英语,,,national
北京第二外国语学院,葡萄牙语,,,national
北京第二外国语学院,西班牙语,,,national
北京第二外国语学院,财务管理,,,national
北京第二外国语学院,酒店管理,,,national
北京第二外国语学院,阿拉伯语,,,national
北京第二外国语学院中瑞酒店管理学院,酒店管理,,,national
北京联合大学,人文地理与城乡规划,,,national
北京联合大学,会计学,,,national
北京联合大学,国际经济与贸易,,,national
北京联合大学,应用心理学,,,national
北京联合大学,数字媒体艺术,,,national
北京联合大学,旅游管理,,,national
北京联合大学,电子商务,,,national
北京联合大学,计算机科学与技术,,,national
北京联合大学,财务管理,,,national
北京联合大学,软件工程,,,national
北京联合大学,酒店管理,,,national
北京联合大学,金融学,,,national
北京舞蹈学院,舞蹈学,,,national
北京舞蹈学院,舞蹈教育,,,national
北京舞蹈学院,舞蹈编导,,,national
北京舞蹈学院,舞蹈表演,,,national
北京航空航天大学,交通运输,,,national
北京航空航天大学,信息与计算科学,,,national
北京航空航天大学,信息安全,,,national
北京航空航天大学,化学,,,national
北京航空航天大学,工业设计,,,national
北京航空航天大学,工程力学,,,national
北京航空航天大学,应用物理学,,,national
北京航空航天大学,微电子科学与工程,,,national
北京航空航天大学,数学与应用数学,,,national
北京航空航天大学,机器人工程,,,national
北京航空航天大学,机械工程,,,national
北京航空航天大学,材料科学与工程,,,national
北京航空航天大学,核物理,,,national
北京航空航天大学,法学,,,national
北京航空航天大学,生物医学工程,,,national
北京航空航天大学,纳米材料与技术,,,national
北京航空航天大学,经济学,,,national
北京航空航天大学,统计学,,,national
北京航空航天大学,翻译,,,national
北京航空航天大学,能源与动力工程,,,national
北京航空航天大学,英语,,,national
北京航空航天大学,行政管理,,,national
北京航空航天大学,视觉传达设计,,,national
北京航空航天大学,计算机科学与技术,,,national
北京航空航天大学,车辆工程,,,national
北京航空航天大学,飞行器动力工程,,,national
北京航空航天大学,飞行器环境与生命保障工程,,,national
北京航空航天大学,飞行器设计与工程,,,national
北京航空航天大学,飞行器质量与可靠性,,,national
北京航空航天大学,飞行器适航技术,,,national
北京警察学院,网络安全与执法,,,national
北京语言大学,俄语,,,national
北京语言大学,国际事务与国际关系,,,national
北京语言大学,德语,,,national
北京语言大学,意大利语,,,national
北京语言大学,汉语国际教育,,,national
北京语言大学,汉语言文学,,,national
北京语言大学,法语,,,national
北京语言大学,绘画,,,national
北京语言大学,翻译,,,national
北京语言大学,英语,,,national
北京语言大学,西班牙语,,,national
北京语言大学,计算机科学与技术,,,national
北京语言大学,金融学,,,national
北京语言大学,阿拉伯语,,,national
北京邮电大学,信息与计算科学,,,national
北京邮电大学,信息安全,,,national
北京邮电大学,信息工程,,,national
北京邮电大学,光电信息科学与工程,,,national
北京邮电大学,公共事业管理,,,national
北京邮电大学,工商管理,,,national
北京邮电大学,数字媒体技术,,,national
北京邮电大学,数字媒体艺术,,,national
北京邮电大学,机械工程,,,national
北京邮电大学,物联网工程,,,national
北京邮电大学,电信工程及管理,,,national
北京邮电大学,电子信息工程,,,national
北京邮电大学,电子信息科学与技术,,,national
北京邮电大学,电子商务,,,national
北京邮电大学,电子科学与技术,,,national
北京邮电大学,网络工程,,,national
北京邮电大学,自动化,,,national
北京邮电大学,英语,,,national
北京邮电大学,计算机科学与技术,,,national
北京邮电大学,软件工程,,,national
北京邮电大学,通信工程,,,national
北华大学,医学检验技术,,,national
北华大学,护理学,,,national
北华大学,数学与应用数学,,,national
北华大学,木材科学与工程,,,national
北华大学,机械设计制造及其自动化,,,national
北华大学,林学,,,national
北华大学,汉语言文学,,,national
北华大学,物理学,,,national
北华大学,电气工程及其自动化,,,national
北华大学,统计学,,,national
北华大学,药学,,,national
北华航天工业学院,机械设计制造及其自动化,,,national
北华航天工业学院,物流管理,,,national
北华航天工业学院,电子信息工程,,,national
北华航天工业学院,计算机科学与技术,,,national
北师香港浸会大学,统计学,,,national
北师香港浸会大学,计算机科学与技术,,,national
北方工业大学,会计学,,,national
北方工业大学,城市地下空间工程,,,national
北方工业大学,工商管理,,,national
北方工业大学,工程管理,,,national
北方工业大学,建筑学,,,national
北方工业大学,数字媒体技术,,,national
北方工业大学,机械设计制造及其自动化,,,national
北方工业大学,法学,,,national
北方工业大学,电子信息工程,,,national
北方工业大学,电气工程及其自动化,,,national
北方工业大学,自动化,,,national
北方工业大学,英语,,,national
北方工业大学,计算机科学与技术,,,national
北方民族大学,信息与计算科学,,,national
北方民族大学,动画,,,national
北方民族大学,化学工程与工艺,,,national
北方民族大学,国际经济与贸易,,,national
北方民族大学,旅游管理,,,national
北方民族大学,材料科学与工程,,,national
北方民族大学,汉语言文学,,,national
北方民族大学,生物工程,,,national
北方民族大学,电子信息工程,,,national
北方民族大学,统计学,,,national
北方民族大学,计算机科学与技术,,,national
北方民族大学,音乐表演,,,national
北方民族大学,食品科学与工程,,,national
北部湾大学,数学与应用数学,,,national
北部湾大学,机械工程,,,national
华东交通大学,交通工程,,,national
华东交通大学,交通运输,,,national
华东交通大学,人力资源管理,,,national
华东交通大学,会计学（ACCA）（特许公认会计师）,,,national
华东交通大学,会计学（CIMA）（特许管理会计师）,,,national
华东交通大学,会计学（CMA）（美国管理会计师）,,,national
华东交通大学,会计学（含大数据会计方向）,,,national
华东交通大学,会计学（国际会计）,,,national
华东交通大学,信息与计算科学,,,national
华东交通大学,土木工程（“土木工程+信息与计算科学”双学士学位）,,,national
华东交通大学,土木工程（地下空间与工程）,,,national
华东交通大学,土木工程（城市更新）,,,national
华东交通大学,土木工程（智慧建维）,,,national
华东交通大学,土木工程（桥梁工程）,,,national
华东交通大学,土木工程（道路工程）,,,national
华东交通大学,工程管理（中外合作办学）,,,national
华东交通大学,建筑学,,,national
华东交通大学,建筑电气与智能化,,,national
华东交通大学,机械设计制造及其自动化,,,national
华东交通大学,材料成型及控制工程（“材料成型+信息计算”双学士学位）,,,national
华东交通大学,材料成型及控制工程（模具设计与制造）,,,national
华东交通大学,材料成型及控制工程（焊接工程）,,,national
华东交通大学,物流管理,,,national
华东交通大学,电气工程及其自动化（中外合作办学）,,,national
华东交通大学,电气工程及其自动化（电力牵引及传动控制）,,,national
华东交通大学,电气工程及其自动化（电力系统及其自动化）,,,national
华东交通大学,电气工程及其自动化（铁道电气化）,,,national
华东交通大学,给排水科学与工程,,,national
华东交通大学,给排水科学与工程（“给排水科学与工程+信息与计算科学”双学士学位）,,,national
华东交通大学,翻译（英语）,,,national
华东交通大学,自动化（工业自动化）,,,national
华东交通大学,自动化（过程控制）,,,national
华东交通大学,计算机科学与技术,,,national
华东交通大学,计算机科学与技术（江西省基础学科拔尖人才培养基地）,,,national
华东交通大学,车辆工程（动车组）,,,national
华东交通大学,车辆工程（城市轨道车辆）,,,national
华东交通大学,车辆工程（铁道车辆）,,,national
华东交通大学,轨道交通信号与控制,,,national
华东交通大学,软件工程,,,national
华东交通大学,软件工程（智慧建造）,,,national
华东交通大学,软件工程（智能系统开发）,,,national
华东交通大学,软件工程（智能软件开发）,,,national
华东交通大学,软件工程（桥梁工程）,,,national
华东交通大学,软件工程（行业软件开发）,,,national
华东交通大学,软件工程（轨道信号）,,,national
华东交通大学,软件工程（道铁工程）,,,national
华东交通大学,软件工程（铁道运输工程）,,,national
华东交通大学,运动训练,,,national
华东交通大学,通信工程,,,national
华东交通大学,通信工程（信息与软件工程学院）,,,national
华东交通大学,金融学,,,national
华东交通大学,铁道工程,,,national
华东师范大学,人文地理与城乡规划,,,national
华东师范大学,体育教育,,,national
华东师范大学,俄语,,,national
华东师范大学,公共事业管理,,,national
华东师范大学,公共艺术,,,national
华东师范大学,化学,,,national
华东师范大学,历史学,,,national
华东师范大学,哲学,,,national
华东师范大学,地理信息科学,,,national
华东师范大学,地理科学,,,national
华东师范大学,学前教育,,,national
华东师范大学,工商管理,,,national
华东师范大学,广播电视编导,,,national
华东师范大学,应用心理学,,,national
华东师范大学,微电子科学与工程,,,national
华东师范大学,心理学,,,national
华东师范大学,思想政治教育,,,national
华东师范大学,播音与主持艺术,,,national
华东师范大学,政治学与行政学,,,national
华东师范大学,教育康复学,,,national
华东师范大学,教育技术学,,,national
华东师范大学,数学与应用数学,,,national
华东师范大学,数据科学与大数据技术,,,national
华东师范大学,新闻学,,,national
华东师范大学,日语,,,national
华东师范大学,汉语国际教育,,,national
华东师范大学,汉语言文学,,,national
华东师范大学,法学,,,national
华东师范大学,法语,,,national
华东师范大学,物理学,,,national
华东师范大学,特殊教育,,,national
华东师范大学,环境生态工程,,,national
华东师范大学,环境设计,,,national
华东师范大学,生态学,,,national
华东师范大学,生物技术,,,national
华东师范大学,生物科学,,,national
华东师范大学,社会体育指导与管理,,,national
华东师范大学,社会学,,,national
华东师范大学,社会工作,,,national
华东师范大学,经济学,,,national
华东师范大学,统计学,,,national
华东师范大学,编辑出版学,,,national
华东师范大学,美术学,,,national
华东师范大学,翻译,,,national
华东师范大学,英语,,,national
华东师范大学,行政管理,,,national
华东师范大学,视觉传达设计,,,national
华东师范大学,计算机科学与技术,,,national
华东师范大学,软件工程,,,national
华东师范大学,通信工程,,,national
华东师范大学,金融学,,,national
华东师范大学,音乐学,,,national
华东政法大学,政治学与行政学,,,national
华东政法大学,文化产业管理,,,national
华东政法大学,新闻学,,,national
华东政法大学,法学,,,national
华东政法大学,知识产权,,,national
华东政法大学,社会工作,,,national
华东政法大学,翻译,,,national
华东政法大学,行政管理,,,national
华东理工大学,会计学,,,national
华东理工大学,信息工程,,,national
华东理工大学,公共事业管理,,,national
华东理工大学,化学,,,national
华东理工大学,化学工程与工艺,,,national
华东理工大学,复合材料与工程,,,national
华东理工大学,工业设计,,,national
华东理工大学,工商管理,,,national
华东理工大学,市场营销,,,national
华东理工大学,应用化学,,,national
华东理工大学,应用物理学,,,national
华东理工大学,数字媒体艺术,,,national
华东理工大学,数学与应用数学,,,national
华东理工大学,新能源材料与器件,,,national
华东理工大学,无机非金属材料工程,,,national
华东理工大学,机械设计制造及其自动化,,,national
华东理工大学,油气储运工程,,,national
华东理工大学,环境工程,,,national
华东理工大学,生物工程,,,national
华东理工大学,生物技术,,,national
华东理工大学,生物科学,,,national
华东理工大学,社会学,,,national
华东理工大学,社会工作,,,national
华东理工大学,能源与动力工程,,,national
华东理工大学,自动化,,,national
华东理工大学,英语,,,national
华东理工大学,药学,,,national
华东理工大学,行政管理,,,national
华东理工大学,计算机科学与技术,,,national
华东理工大学,资源循环科学与工程,,,national
华东理工大学,软件工程,,,national
华东理工大学,轻化工程,,,national
华东理工大学,过程装备与控制工程,,,national
华东理工大学,金融学,,,national
华东理工大学,食品科学与工程,,,national
华东理工大学,高分子材料与工程,,,national
华中农业大学,会计学,,,national
华中农业大学,信息管理与信息系统,,,national
华中农业大学,农业机械化及其自动化,,,national
华中农业大学,农业资源与环境,,,national
华中农业大学,农学,,,national
华中农业大学,农林经济管理,,,national
华中农业大学,动物医学,,,national
华中农业大学,动物科学,,,national
华中农业大学,园林,,,national
华中农业大学,园艺,,,national
华中农业大学,国际经济与贸易,,,national
华中农业大学,土地资源管理,,,national
华中农业大学,地理信息科学,,,national
华中农业大学,工程管理,,,national
华中农业大学,市场营销,,,national
华中农业大学,应用化学,,,national
华中农业大学,机械电子工程,,,national
华中农业大学,机械设计制造及其自动化,,,national
华中农业大学,植物保护,,,national
华中农业大学,植物科学与技术,,,national
华中农业大学,水产养殖学,,,national
华中农业大学,水族科学与技术,,,national
华中农业大学,生物工程,,,national
华中农业大学,生物技术,,,national
华中农业大学,生物科学,,,national
华中农业大学,社会学,,,national
华中农业大学,社会工作,,,national
华中农业大学,英语,,,national
华中农业大学,风景园林,,,national
华中农业大学,食品科学与工程,,,national
华中农业大学,食品质量与安全,,,national
华中师范大学,体育教育,,,national
华中师范大学,俄语,,,national
华中师范大学,信息资源管理,,,national
华中师范大学,化学,,,national
华中师范大学,历史学,,,national
华中师范大学,国际政治,,,national
华中师范大学,地理信息科学,,,national
华中师范大学,地理科学,,,national
华中师范大学,学前教育,,,national
华中师范大学,应用心理学,,,national
华中师范大学,心理学,,,national
华中师范大学,思想政治教育,,,national
华中师范大学,教育学,,,national
华中师范大学,教育技术学,,,national
华中师范大学,数字媒体技术,,,national
华中师范大学,数学与应用数学,,,national
华中师范大学,新闻学,,,national
华中师范大学,日语,,,national
华中师范大学,汉语言,,,national
华中师范大学,汉语言文学,,,national
华中师范大学,法学,,,national
华中师范大学,物理学,,,national
华中师范大学,特殊教育,,,national
华中师范大学,生物科学,,,national
华中师范大学,电子商务,,,national
华中师范大学,社会学,,,national
华中师范大学,社会工作,,,national
华中师范大学,经济学,,,national
华中师范大学,绘画,,,national
华中师范大学,统计学,,,national
华中师范大学,美术学,,,national
华中师范大学,舞蹈学,,,national
华中师范大学,英语,,,national
华中师范大学,行政管理,,,national
华中师范大学,视觉传达设计,,,national
华中师范大学,计算机科学与技术,,,national
华中师范大学,软件工程,,,national
华中师范大学,运动训练,,,national
华中师范大学,音乐学,,,national
华中科技大学,中西医临床医学,,,national
华中科技大学,临床医学,,,national
华中科技大学,人工智能,,,national
华中科技大学,会计学,,,national
华中科技大学,传播学,,,national
华中科技大学,信息与计算科学,,,national
华中科技大学,信息安全,,,national
华中科技大学,信息管理与信息系统,,,national
华中科技大学,光电信息科学与工程,,,national
华中科技大学,公共事业管理,,,national
华中科技大学,化学,,,national
华中科技大学,医学影像学,,,national
华中科技大学,医学检验技术,,,national
华中科技大学,口腔医学,,,national
华中科技大学,哲学,,,national
华中科技大学,国际经济与贸易,,,national
华中科技大学,土木工程,,,national
华中科技大学,城乡规划,,,national
华中科技大学,基础医学,,,national
华中科技大学,工业工程,,,national
华中科技大学,工商管理,,,national
华中科技大学,工程力学,,,national
华中科技大学,工程管理,,,national
华中科技大学,市场营销,,,national
华中科技大学,广播电视学,,,national
华中科技大学,建筑学,,,national
华中科技大学,建筑环境与能源应用工程,,,national
华中科技大学,护理学,,,national
华中科技大学,数字媒体艺术,,,national
华中科技大学,数学与应用数学,,,national
华中科技大学,新能源科学与工程,,,national
华中科技大学,新闻学,,,national
华中科技大学,机械设计制造及其自动化,,,national
华中科技大学,材料成型及控制工程,,,national
华中科技大学,材料科学与工程,,,national
华中科技大学,核工程与核技术,,,national
华中科技大学,水利水电工程,,,national
华中科技大学,汉语言文学,,,national
华中科技大学,法医学,,,national
华中科技大学,法学,,,national
华中科技大学,物理学,,,national
华中科技大学,环境工程,,,national
华中科技大学,环境设计,,,national
华中科技大学,生物制药,,,national
华中科技大学,生物医学工程,,,national
华中科技大学,生物技术,,,national
华中科技大学,生物科学,,,national
华中科技大学,电子信息工程,,,national
华中科技大学,电子封装技术,,,national
华中科技大学,电气工程及其自动化,,,national
华中科技大学,社会学,,,national
华中科技大学,社会工作,,,national
华中科技大学,给排水科学与工程,,,national
华中科技大学,网络空间安全,,,national
华中科技大学,翻译,,,national
华中科技大学,能源与动力工程,,,national
华中科技大学,自动化,,,national
华中科技大学,船舶与海洋工程,,,national
华中科技大学,英语,,,national
华中科技大学,药学,,,national
华中科技大学,行政管理,,,national
华中科技大学,计算机科学与技术,,,national
华中科技大学,软件工程,,,national
华中科技大学,通信工程,,,national
华中科技大学,金融学,,,national
华中科技大学,金融工程,,,national
华中科技大学,集成电路设计与集成系统,,,national
华中科技大学,预防医学,,,national
华中科技大学,风景园林,,,national
华中科技大学,飞行器设计与工程,,,national
华侨大学,产品设计,,,national
华侨大学,人力资源管理,,,national
华侨大学,信息管理与信息系统,,,national
华侨大学,制药工程,,,national
华侨大学,化学工程与工艺,,,national
华侨大学,国际事务与国际关系,,,national
华侨大学,土木工程,,,national
华侨大学,城乡规划,,,national
华侨大学,工业设计,,,national
华侨大学,工商管理,,,national
华侨大学,工程管理,,,national
华侨大学,市场营销,,,national
华侨大学,广播电视学,,,national
华侨大学,应用化学,,,national
华侨大学,建筑学,,,national
华侨大学,数学与应用数学,,,national
华侨大学,旅游管理,,,national
华侨大学,机械工程,,,national
华侨大学,材料科学与工程,,,national
华侨大学,汉语言文学,,,national
华侨大学,法学,,,national
华侨大学,环境工程,,,national
华侨大学,电子商务,,,national
华侨大学,电子科学与技术,,,national
华侨大学,电气工程及其自动化,,,national
华侨大学,给排水科学与工程,,,national
华侨大学,英语,,,national
华侨大学,药学,,,national
华侨大学,行政管理,,,national
华侨大学,计算机科学与技术,,,national
华侨大学,软件工程,,,national
华侨大学,通信工程,,,national
华侨大学,酒店管理,,,national
华侨大学,金融学,,,national
华北水利水电大学,会计学,,,national
华北水利水电大学,农业水利工程,,,national
华北水利水电大学,劳动与社会保障,,,national
华北水利水电大学,国际经济与贸易,,,national
华北水利水电大学,土木工程,,,national
华北水利水电大学,地质工程,,,national
华北水利水电大学,工程管理,,,national
华北水利水电大学,工程造价,,,national
华北水利水电大学,市场营销,,,national
华北水利水电大学,应用化学,,,national
华北水利水电大学,建筑学,,,national
华北水利水电大学,数学与应用数学,,,national
华北水利水电大学,机械设计制造及其自动化,,,national
华北水利水电大学,水利水电工程,,,national
华北水利水电大学,水文与水资源工程,,,national
华北水利水电大学,测绘工程,,,national
华北水利水电大学,港口航道与海岸工程,,,national
华北水利水电大学,环境工程,,,national
华北水利水电大学,电子科学与技术,,,national
华北水利水电大学,给排水科学与工程,,,national
华北水利水电大学,能源与动力工程,,,national
华北水利水电大学,英语,,,national
华北水利水电大学,行政管理,,,national
华北水利水电大学,计算机科学与技术,,,national
华北理工大学,临床医学,,,national
华北理工大学,信息与计算科学,,,national
华北理工大学,冶金工程,,,national
华北理工大学,化学工程与工艺,,,national
华北理工大学,口腔医学,,,national
华北理工大学,安全工程,,,national
华北理工大学,应用心理学,,,national
华北理工大学,护理学,,,national
华北理工大学,无机非金属材料工程,,,national
华北理工大学,机械设计制造及其自动化,,,national
华北理工大学,汉语国际教育,,,national
华北理工大学,测控技术与仪器,,,national
华北理工大学,物流工程,,,national
华北理工大学,电子信息工程,,,national
华北理工大学,自动化,,,national
华北理工大学,英语,,,national
华北理工大学,药学,,,national
华北理工大学,视觉传达设计,,,national
华北理工大学,计算机科学与技术,,,national
华北理工大学,采矿工程,,,national
华北理工大学,金属材料工程,,,national
华北理工大学,预防医学,,,national
华北电力大学（北京）,信息与计算科学,,,national
华北电力大学（北京）,工商管理,,,national
华北电力大学（北京）,工程管理,,,national
华北电力大学（北京）,应用化学,,,national
华北电力大学（北京）,应用物理学,,,national
华北电力大学（北京）,新能源材料与器件,,,national
华北电力大学（北京）,新能源科学与工程,,,national
华北电力大学（北京）,智能电网信息工程,,,national
华北电力大学（北京）,机械工程,,,national
华北电力大学（北京）,材料科学与工程,,,national
华北电力大学（北京）,核工程与核技术,,,national
华北电力大学（北京）,水文与水资源工程,,,national
华北电力大学（北京）,法学,,,national
华北电力大学（北京）,环境工程,,,national
华北电力大学（北京）,电气工程及其自动化,,,national
华北电力大学（北京）,能源与动力工程,,,national
华北电力大学（北京）,自动化,,,national
华北电力大学（北京）,计算机科学与技术,,,national
华北电力大学（北京）,软件工程,,,national
华北电力大学（北京）,通信工程,,,national
华南农业大学,“新农学”本-博贯通创新班,,,national
华南农业大学,农业机械化及其自动化,,,national
华南农业大学,农学,,,national
华南农业大学,农学（丁颖创新班）,,,national
华南农业大学,动物医学（丁颖创新班）,,,national
华南农业大学,动物医学（含小动物疾病防治方向）,,,national
华南农业大学,动物医学（国家一流本科、国家级特色、国家级卓越农林人才培养计划试点、广东省名牌、广东省重点）,,,national
华南农业大学,动物医学（温氏班）,,,national
华南农业大学,动物科学,,,national
华南农业大学,动物科学（丁颖创新班）,,,national
华南农业大学,动物科学（温氏班）,,,national
华南农业大学,动画,3,2021,national
华南农业大学,园林（广东省一流本科、广东省特色）,,,national
华南农业大学,园艺,,,national
华南农业大学,园艺（丁颖创新班）,,,national
华南农业大学,土地资源管理,3,2021,national
华南农业大学,工业设计,,,national
华南农业大学,机械设计制造及其自动化,,,national
华南农业大学,林学（丁颖创新班）（国家一流本科、国家级特色）,,,national
华南农业大学,森林保护,,,national
华南农业大学,植物保护,,,national
华南农业大学,植物保护（丁颖创新班）,,,national
华南农业大学,水产养殖学（广东省一流，广东省特色）,,,national
华南农业大学,水利工程,,,national
华南农业大学,环境工程,,,national
华南农业大学,生态学,,,national
华南农业大学,生物科学（国家生物学理科基地班）,,,national
华南农业大学,电子信息工程,,,national
华南农业大学,电气工程及其自动化,,,national
华南农业大学,种子科学与工程,,,national
华南农业大学,茶学,3,2021,national
华南农业大学,蚕学,,,national
华南农业大学,车辆工程,,,national
华南农业大学,软件工程,3,2021,national
华南农业大学,食品科学与工程,3,2021,national
华南师范大学,人力资源管理,3,2021,national
华南师范大学,人文地理与城乡规划,,,national
华南师范大学,会计学,,,national
华南师范大学,传播学,3,2021,national
华南师范大学,传播学（智能传播实验班）,,,national
华南师范大学,信息管理与信息系统,3,2021,national
华南师范大学,光电信息科学与工程,,,national
华南师范大学,公共事业管理,3,2021,national
华南师范大学,化学（师范）,,,national
华南师范大学,历史学（师范）,,,national
华南师范大学,历史学（师范，长基创新班）,,,national
华南师范大学,地理科学（师范）,,,national
华南师范大学,地理科学（师范，曾昭璇班）,,,national
华南师范大学,学前教育,3,2021,national
华南师范大学,学前教育（师范）,,,national
华南师范大学,小学教育（师范）,,,national
华南师范大学,应用心理学,,,national
华南师范大学,心理学（师范）,,,national
华南师范大学,心理学（非师范，基地班）,,,national
华南师范大学,思想政治教育（师范）,,,national
华南师范大学,政治学与行政学,,,national
华南师范大学,教育学（师范）,,,national
华南师范大学,教育技术学（师范）,,,national
华南师范大学,教育技术学（智能教育创新班）,,,national
华南师范大学,数学与应用数学（师范）,,,national
华南师范大学,数学与应用数学（师范，长基创新班）,,,national
华南师范大学,旅游管理,,,national
华南师范大学,日语,3,2021,national
华南师范大学,汉语言文学（师范）,,,national
华南师范大学,汉语言文学（师范，文史哲融通国学班）,,,national
华南师范大学,法学,,,national
华南师范大学,法学（涉外法治卓越人才班）,,,national
华南师范大学,物流管理,3,2021,national
华南师范大学,物理学（基地班）,,,national
华南师范大学,物理学（师范，颂豪创新班）,,,national
华南师范大学,生物工程,3,2021,national
华南师范大学,生物技术,,,national
华南师范大学,生物科学（师范）,,,national
华南师范大学,生物科学（师范，长基创新班）,,,national
华南师范大学,电子信息科学与技术,,,national
华南师范大学,电子商务,3,2021,national
华南师范大学,社会体育指导与管理,,,national
华南师范大学,社会工作,3,2021,national
华南师范大学,管理科学,3,2021,national
华南师范大学,经济学,,,national
华南师范大学,经济学（长基创新班）,,,national
华南师范大学,美术学,3,2021,national
华南师范大学,美术学（师范）,,,national
华南师范大学,英语,,,national
华南师范大学,英语（师范）,,,national
华南师范大学,英语（师范，专业语言智能教育创新班）,,,national
华南师范大学,行政管理,,,national
华南师范大学,计算机科学与技术,,,national
华南师范大学,计算机科学与技术（师范）,,,national
华南师范大学,计算机科学与技术（长基创新班）,,,national
华南师范大学,财务管理,3,2021,national
华南师范大学,软件工程,,,national
华南师范大学,软件工程（中外联合培养）,,,national
华南师范大学,软件工程（智能技术创新班）,,,national
华南师范大学,运动训练,3,2021,national
华南师范大学,金融学,3,2021,national
华南师范大学,音乐学,3,2021,national
华南师范大学,音乐学（师范）,,,national
华南师范大学,马克思主义理论,3,2021,national
华南理工大学,产品设计,,,national
华南理工大学,会计学,,,national
华南理工大学,传播学,,,national
华南理工大学,信息与计算科学,,,national
华南理工大学,信息工程,,,national
华南理工大学,光电信息科学与工程,,,national
华南理工大学,功能材料,,,national
华南理工大学,化学工程与工艺,,,national
华南理工大学,商务英语,,,national
华南理工大学,土木工程,,,national
华南理工大学,城乡规划,,,national
华南理工大学,工业设计,,,national
华南理工大学,工商管理,,,national
华南理工大学,工程力学,,,national
华南理工大学,广告学,,,national
华南理工大学,应用化学,,,national
华南理工大学,应用物理学,,,national
华南理工大学,建筑学,,,national
华南理工大学,微电子科学与工程,,,national
华南理工大学,数学与应用数学,,,national
华南理工大学,旅游管理,,,national
华南理工大学,智能科学与技术,,,national
华南理工大学,机械工程,,,national
华南理工大学,机械电子工程,,,national
华南理工大学,材料科学与工程,,,national
华南理工大学,法学,,,national
华南理工大学,环境工程,,,national
华南理工大学,环境设计,,,national
华南理工大学,生物制药,,,national
华南理工大学,生物医学工程,,,national
华南理工大学,生物工程,,,national
华南理工大学,生物技术,,,national
华南理工大学,电气工程及其自动化,,,national
华南理工大学,知识产权,,,national
华南理工大学,经济学,,,national
华南理工大学,能源与动力工程,,,national
华南理工大学,能源化学工程,,,national
华南理工大学,自动化,,,national
华南理工大学,船舶与海洋工程,,,national
华南理工大学,行政管理,,,national
华南理工大学,计算机科学与技术,,,national
华南理工大学,软件工程,,,national
华南理工大学,轻化工程,,,national
华南理工大学,金融学,,,national
华南理工大学,音乐表演,,,national
华南理工大学,食品科学与工程,,,national
华南理工大学,食品质量与安全,,,national
华南理工大学,高分子材料与工程,,,national
南京中医药大学,中医学,,,national
南京中医药大学,中药学,,,national
南京中医药大学,中药资源与开发,,,national
南京中医药大学,中西医临床医学,,,national
南京中医药大学,公共事业管理,,,national
南京中医药大学,康复治疗学,,,national
南京中医药大学,护理学,,,national
南京中医药大学,药学,,,national
南京中医药大学,针灸推拿学,,,national
南京传媒学院,动画,,,national
南京传媒学院,广播电视编导,,,national
南京传媒学院,网络与新媒体,,,national
南京传媒学院,表演,,,national
南京体育学院,体育教育,,,national
南京体育学院,体育经济与管理,,,national
南京体育学院,武术与民族传统体育,,,national
南京体育学院,运动人体科学,,,national
南京信息工程大学,会计学,,,national
南京信息工程大学,信息与计算科学,,,national
南京信息工程大学,信息管理与信息系统,,,national
南京信息工程大学,光电信息科学与工程,,,national
南京信息工程大学,动画,,,national
南京信息工程大学,地理信息科学,,,national
南京信息工程大学,大气科学,,,national
南京信息工程大学,应用气象学,,,national
南京信息工程大学,应用统计学,,,national
南京信息工程大学,数字媒体艺术,,,national
南京信息工程大学,材料物理,,,national
南京信息工程大学,测控技术与仪器,,,national
南京信息工程大学,测绘工程,,,national
南京信息工程大学,海洋科学,,,national
南京信息工程大学,物联网工程,,,national
南京信息工程大学,环境科学,,,national
南京信息工程大学,电子信息工程,,,national
南京信息工程大学,电气工程及其自动化,,,national
南京信息工程大学,自动化,,,national
南京信息工程大学,艺术与科技,,,national
南京信息工程大学,行政管理,,,national
南京信息工程大学,计算机科学与技术,,,national
南京信息工程大学,财务管理,,,national
南京信息工程大学,软件工程,,,national
南京信息工程大学,通信工程,,,national
南京信息工程大学,金融工程,,,national
南京农业大学,会计学,,,national
南京农业大学,信息管理与信息系统,,,national
南京农业大学,农业机械化及其自动化,,,national
南京农业大学,农业电气化,,,national
南京农业大学,农业资源与环境,,,national
南京农业大学,农学,,,national
南京农业大学,农村区域发展,,,national
南京农业大学,农林经济管理,,,national
南京农业大学,动物医学,,,national
南京农业大学,动物科学,,,national
南京农业大学,劳动与社会保障,,,national
南京农业大学,园艺,,,national
南京农业大学,国际经济与贸易,,,national
南京农业大学,土地资源管理,,,national
南京农业大学,应用化学,,,national
南京农业大学,旅游管理,,,national
南京农业大学,植物保护,,,national
南京农业大学,水产养殖学,,,national
南京农业大学,环境工程,,,national
南京农业大学,生物工程,,,national
南京农业大学,生物技术,,,national
南京农业大学,生物科学,,,national
南京农业大学,社会学,,,national
南京农业大学,种子科学与工程,,,national
南京农业大学,英语,,,national
南京农业大学,茶学,,,national
南京农业大学,草业科学,,,national
南京农业大学,行政管理,,,national
南京农业大学,计算机科学与技术,,,national
南京农业大学,金融学,,,national
南京农业大学,风景园林,,,national
南京农业大学,食品科学与工程,,,national
南京农业大学,食品质量与安全,,,national
南京医科大学,临床医学,,,national
南京医科大学,临床药学,,,national
南京医科大学,儿科学,,,national
南京医科大学,公共事业管理,,,national
南京医科大学,医学影像学,,,national
南京医科大学,医学检验技术,,,national
南京医科大学,口腔医学,,,national
南京医科大学,基础医学,,,national
南京医科大学,康复治疗学,,,national
南京医科大学,护理学,,,national
南京医科大学,法医学,,,national
南京医科大学,生物信息学,,,national
南京医科大学,生物医学工程,,,national
南京医科大学,眼视光学,,,national
南京医科大学,精神医学,,,national
南京医科大学,药学,,,national
南京医科大学,预防医学,,,national
南京大学,人工智能,,,national
南京大学,人工智能（至诚班）,,,national
南京大学,信息与计算科学,,,national
南京大学,信息管理与信息系统,,,national
南京大学,化学,,,national
南京大学,历史学,,,national
南京大学,口腔医学,,,national
南京大学,哲学,,,national
南京大学,国际经济与贸易,,,national
南京大学,图书馆学,,,national
南京大学,地理信息科学,,,national
南京大学,地质学,,,national
南京大学,地质学（古生物方向）,,,national
南京大学,地质学（地球物理方向）,,,national
南京大学,地质工程,,,national
南京大学,城乡规划（五年制）,,,national
南京大学,声学,,,national
南京大学,大气科学,,,national
南京大学,大气科学（中外合作办学）,,,national
南京大学,天文学,,,national
南京大学,工业工程,,,national
南京大学,工业工程（智能系统集成实验班）（双学士学位）,,,national
南京大学,广告学,,,national
南京大学,广播电视学,,,national
南京大学,建筑学,,,national
南京大学,微电子科学与工程,,,national
南京大学,戏剧影视文学,,,national
南京大学,数学与应用数学,,,national
南京大学,新闻学,,,national
南京大学,新闻学（大数据传播实验班）（双学士学位）,,,national
南京大学,档案学,,,national
南京大学,水文与水资源工程,,,national
南京大学,汉语言文学,,,national
南京大学,法学,,,national
南京大学,海洋科学,,,national
南京大学,物理学,,,national
南京大学,物理学（生物物理学）,,,national
南京大学,环境工程,,,national
南京大学,环境工程（环境与健康实验班）,,,national
南京大学,生态学,,,national
南京大学,生物技术,,,national
南京大学,生物科学,,,national
南京大学,生物科学（生物化学）,,,national
南京大学,电子信息科学与技术,,,national
南京大学,经济学,,,national
南京大学,经济学（产业经济学方向）,,,national
南京大学,编辑出版学,,,national
南京大学,考古学,,,national
南京大学,考古学（文物鉴定方向）,,,national
南京大学,自然地理与资源环境,,,national
南京大学,英语,,,national
南京大学,计算机科学与技术,,,national
南京大学,计算机科学与技术（脑科学与人工智能）,,,national
南京大学,计算机科学与技术（至诚班）,,,national
南京大学,计算机科学与技术（计算机金融实验班）（双学士学位）,,,national
南京大学,软件工程,,,national
南京大学,软件工程（至诚班）,,,national
南京大学,软件工程（软工商业创新班）（双学士学位）,,,national
南京大学,软件工程（软工经济创新班）（双学士学位）,,,national
南京大学,金融学,,,national
南京审计大学,会计学,,,national
南京审计大学,信息管理与信息系统,,,national
南京审计大学,信用管理,,,national
南京审计大学,劳动与社会保障,,,national
南京审计大学,国际经济与贸易,,,national
南京审计大学,审计学,,,national
南京审计大学,工商管理,,,national
南京审计大学,法学,,,national
南京审计大学,物流管理,,,national
南京审计大学,电子商务,,,national
南京审计大学,经济学,,,national
南京审计大学,经济统计学,,,national
南京审计大学,行政管理,,,national
南京审计大学,计算机科学与技术,,,national
南京审计大学,财务管理,,,national
南京审计大学,财政学,,,national
南京审计大学,金融学,,,national
南京工业大学,交通工程,,,national
南京工业大学,制药工程,,,national
南京工业大学,化学,,,national
南京工业大学,化学工程与工艺,,,national
南京工业大学,土木工程,,,national
南京工业大学,城乡规划,,,national
南京工业大学,城市地下空间工程,,,national
南京工业大学,安全工程,,,national
南京工业大学,工程管理,,,national
南京工业大学,建筑学,,,national
南京工业大学,建筑环境与能源应用工程,,,national
南京工业大学,建筑电气与智能化,,,national
南京工业大学,无机非金属材料工程,,,national
南京工业大学,日语,,,national
南京工业大学,机械工程,,,national
南京工业大学,材料科学与工程,,,national
南京工业大学,测控技术与仪器,,,national
南京工业大学,测绘工程,,,national
南京工业大学,环境工程,,,national
南京工业大学,环境设计,,,national
南京工业大学,生物工程,,,national
南京工业大学,电子信息工程,,,national
南京工业大学,电气工程及其自动化,,,national
南京工业大学,给排水科学与工程,,,national
南京工业大学,能源与动力工程,,,national
南京工业大学,自动化,,,national
南京工业大学,计算机科学与技术,,,national
南京工业大学,过程装备与控制工程,,,national
南京工业大学,金属材料工程,,,national
南京工业大学,食品科学与工程,,,national
南京工业大学,高分子材料与工程,,,national
南京工程学院,产品设计,,,national
南京工程学院,市场营销,,,national
南京工程学院,机械电子工程,,,national
南京工程学院,机械设计制造及其自动化,,,national
南京工程学院,材料科学与工程,,,national
南京工程学院,电子信息工程,,,national
南京工程学院,电气工程及其自动化,,,national
南京工程学院,能源与动力工程,,,national
南京师范大学,中国画,,,national
南京师范大学,人力资源管理,,,national
南京师范大学,会计学,,,national
南京师范大学,体育教育,,,national
南京师范大学,俄语,,,national
南京师范大学,化学,,,national
南京师范大学,历史学,,,national
南京师范大学,古典文献学,,,national
南京师范大学,哲学,,,national
南京师范大学,地理信息科学,,,national
南京师范大学,地理科学,,,national
南京师范大学,学前教育,,,national
南京师范大学,小学教育,,,national
南京师范大学,工商管理,,,national
南京师范大学,广播电视编导,,,national
南京师范大学,应用心理学,,,national
南京师范大学,思想政治教育,,,national
南京师范大学,教育学,,,national
南京师范大学,教育技术学,,,national
南京师范大学,数学与应用数学,,,national
南京师范大学,新闻学,,,national
南京师范大学,旅游管理,,,national
南京师范大学,汉语言文学,,,national
南京师范大学,法学,,,national
南京师范大学,测绘工程,,,national
南京师范大学,物理学,,,national
南京师范大学,生物技术,,,national
南京师范大学,生物科学,,,national
南京师范大学,电气工程及其自动化,,,national
南京师范大学,社会体育指导与管理,,,national
南京师范大学,绘画,,,national
南京师范大学,统计学,,,national
南京师范大学,网络与新媒体,,,national
南京师范大学,美术学,,,national
南京师范大学,自然地理与资源环境,,,national
南京师范大学,英语,,,national
南京师范大学,行政管理,,,national
南京师范大学,视觉传达设计,,,national
南京师范大学,计算机科学与技术,,,national
南京师范大学,金融学,,,national
南京师范大学,音乐学,,,national
南京晓庄学院,学前教育,,,national
南京晓庄学院,小学教育,,,national
南京晓庄学院,数学与应用数学,,,national
南京晓庄学院,旅游管理,,,national
南京晓庄学院,汉语言文学,,,national
南京晓庄学院,物流管理,,,national
南京晓庄学院,社会工作,,,national
南京晓庄学院,英语,,,national
南京晓庄学院,计算机科学与技术,,,national
南京林业大学,交通工程,,,national
南京林业大学,交通运输,,,national
南京林业大学,产品设计,,,national
南京林业大学,农林经济管理,,,national
南京林业大学,化学工程与工艺,,,national
南京林业大学,园林,,,national
南京林业大学,土木工程,,,national
南京林业大学,家具设计与工程,,,national
南京林业大学,工程管理,,,national
南京林业大学,广告学,,,national
南京林业大学,木材科学与工程,,,national
南京林业大学,机械电子工程,,,national
南京林业大学,机械设计制造及其自动化,,,national
南京林业大学,林产化工,,,national
南京林业大学,林学,,,national
南京林业大学,森林保护,,,national
南京林业大学,水土保持与荒漠化防治,,,national
南京林业大学,测绘工程,,,national
南京林业大学,环境设计,,,national
南京林业大学,生态学,,,national
南京林业大学,生物工程,,,national
南京林业大学,生物技术,,,national
南京林业大学,给排水科学与工程,,,national
南京林业大学,自动化,,,national
南京林业大学,英语,,,national
南京林业大学,视觉传达设计,,,national
南京林业大学,计算机科学与技术,,,national
南京林业大学,轻化工程,,,national
南京林业大学,金融工程,,,national
南京林业大学,风景园林,,,national
南京林业大学,食品科学与工程,,,national
南京特殊教育师范学院,公共事业管理,,,national
南京特殊教育师范学院,特殊教育,,,national
南京理工大学,会计学,,,national
南京理工大学,信息与计算科学,,,national
南京理工大学,光电信息科学与工程,,,national
南京理工大学,制药工程,,,national
南京理工大学,化学工程与工艺,,,national
南京理工大学,国际经济与贸易,,,national
南京理工大学,安全工程,,,national
南京理工大学,工业工程,,,national
南京理工大学,工业设计,,,national
南京理工大学,工程力学,,,national
南京理工大学,应用化学,,,national
南京理工大学,应用物理学,,,national
南京理工大学,弹药工程与爆炸技术,,,national
南京理工大学,智能科学与技术,,,national
南京理工大学,机械工程,,,national
南京理工大学,材料成型及控制工程,,,national
南京理工大学,材料物理,,,national
南京理工大学,材料科学与工程,,,national
南京理工大学,武器发射工程,,,national
南京理工大学,武器系统与工程,,,national
南京理工大学,法学,,,national
南京理工大学,测控技术与仪器,,,national
南京理工大学,特种能源技术与工程,,,national
南京理工大学,环境工程,,,national
南京理工大学,环境设计,,,national
南京理工大学,电子信息工程,,,national
南京理工大学,电气工程及其自动化,,,national
南京理工大学,社会工作,,,national
南京理工大学,能源与动力工程,,,national
南京理工大学,自动化,,,national
南京理工大学,英语,,,national
南京理工大学,计算机科学与技术,,,national
南京理工大学,软件工程,,,national
南京理工大学,通信工程,,,national
南京理工大学,飞行器设计与工程,,,national
南京航空航天大学,交通运输,,,national
南京航空航天大学,会计学,,,national
南京航空航天大学,信息与计算科学,,,national
南京航空航天大学,信息安全,,,national
南京航空航天大学,信息工程,,,national
南京航空航天大学,信息管理与信息系统,,,national
南京航空航天大学,光电信息科学与工程,,,national
南京航空航天大学,土木工程,,,national
南京航空航天大学,工业工程,,,national
南京航空航天大学,工业设计,,,national
南京航空航天大学,工商管理,,,national
南京航空航天大学,工程力学,,,national
南京航空航天大学,应用物理学,,,national
南京航空航天大学,探测制导与控制技术,,,national
南京航空航天大学,机械工程,,,national
南京航空航天大学,材料科学与工程,,,national
南京航空航天大学,核工程与核技术,,,national
南京航空航天大学,测控技术与仪器,,,national
南京航空航天大学,物联网工程,,,national
南京航空航天大学,生物医学工程,,,national
南京航空航天大学,电子信息科学与技术,,,national
南京航空航天大学,电气工程及其自动化,,,national
南京航空航天大学,能源与动力工程,,,national
南京航空航天大学,自动化,,,national
南京航空航天大学,航空航天工程,,,national
南京航空航天大学,英语,,,national
南京航空航天大学,计算机科学与技术,,,national
南京航空航天大学,车辆工程,,,national
南京航空航天大学,软件工程,,,national
南京航空航天大学,金融学,,,national
南京航空航天大学,音乐表演,,,national
南京航空航天大学,飞行器制造工程,,,national
南京航空航天大学,飞行器动力工程,,,national
南京航空航天大学,飞行器环境与生命保障工程,,,national
南京航空航天大学,飞行器设计与工程,,,national
南京航空航天大学,飞行技术,,,national
南京航空航天大学金城学院,会计学,,,national
南京艺术学院,中国画,,,national
南京艺术学院,书法学,,,national
南京艺术学院,产品设计,,,national
南京艺术学院,作曲与作曲技术理论,,,national
南京艺术学院,公共艺术,,,national
南京艺术学院,动画,,,national
南京艺术学院,工艺美术,,,national
南京艺术学院,广播电视编导,,,national
南京艺术学院,影视摄影与制作,,,national
南京艺术学院,戏剧影视文学,,,national
南京艺术学院,数字媒体艺术,,,national
南京艺术学院,文化产业管理,,,national
南京艺术学院,服装与服饰设计,,,national
南京艺术学院,环境设计,,,national
南京艺术学院,绘画,,,national
南京艺术学院,美术学,,,national
南京艺术学院,舞蹈学,,,national
南京艺术学院,舞蹈表演,,,national
南京艺术学院,艺术与科技,,,national
南京艺术学院,艺术史论,,,national
南京艺术学院,艺术设计学,,,national
南京艺术学院,视觉传达设计,,,national
南京艺术学院,雕塑,,,national
南京艺术学院,音乐学,,,national
南京警察学院,侦查学,,,national
南京警察学院,公安情报学,,,national
南京警察学院,公安管理学,,,national
南京警察学院,刑事科学技术,,,national
南京警察学院,治安学,,,national
南京警察学院,网络安全与执法,,,national
南京警察学院,警务指挥与战术,,,national
南京财经大学,会计学,,,national
南京财经大学,国际经济与贸易,,,national
南京财经大学,审计学,,,national
南京财经大学,工商管理,,,national
南京财经大学,市场营销,,,national
南京财经大学,旅游管理,,,national
南京财经大学,物流管理,,,national
南京财经大学,电子商务,,,national
南京财经大学,税收学,,,national
南京财经大学,经济学,,,national
南京财经大学,经济统计学,,,national
南京财经大学,贸易经济,,,national
南京财经大学,资产评估,,,national
南京财经大学,金融学,,,national
南京财经大学,金融工程,,,national
南京财经大学,食品科学与工程,,,national
南京邮电大学,人力资源管理,,,national
南京邮电大学,信息与计算科学,,,national
南京邮电大学,信息安全,,,national
南京邮电大学,信息管理与信息系统,,,national
南京邮电大学,光电信息科学与工程,,,national
南京邮电大学,工商管理,,,national
南京邮电大学,广告学,,,national
南京邮电大学,广播电视工程,,,national
南京邮电大学,应用物理学,,,national
南京邮电大学,微电子科学与工程,,,national
南京邮电大学,教育技术学,,,national
南京邮电大学,数字媒体技术,,,national
南京邮电大学,智能电网信息工程,,,national
南京邮电大学,测控技术与仪器,,,national
南京邮电大学,电子信息工程,,,national
南京邮电大学,电子科学与技术,,,national
南京邮电大学,电磁场与无线技术,,,national
南京邮电大学,社会工作,,,national
南京邮电大学,经济统计学,,,national
南京邮电大学,网络工程,,,national
南京邮电大学,自动化,,,national
南京邮电大学,英语,,,national
南京邮电大学,计算机科学与技术,,,national
南京邮电大学,软件工程,,,national
南京邮电大学,通信工程,,,national
南京邮电大学,高分子材料与工程,,,national
南华大学,临床医学,,,national
南华大学,会计学,,,national
南华大学,医学检验技术,,,national
南华大学,卫生检验与检疫,,,national
南华大学,安全工程,,,national
南华大学,工商管理,,,national
南华大学,建筑环境与能源应用工程,,,national
南华大学,护理学,,,national
南华大学,机械设计制造及其自动化,,,national
南华大学,核工程与核技术,,,national
南华大学,核物理,,,national
南华大学,生物技术,,,national
南华大学,电子信息工程,,,national
南华大学,矿物资源工程,,,national
南华大学,给排水科学与工程,,,national
南华大学,英语,,,national
南华大学,药学,,,national
南华大学,软件工程,,,national
南华大学,预防医学,,,national
南宁师范大学,化学,,,national
南宁师范大学,土地资源管理,,,national
南宁师范大学,地理科学,,,national
南宁师范大学,思想政治教育,,,national
南宁师范大学,教育学,,,national
南宁师范大学,数学与应用数学,,,national
南宁师范大学,新闻学,,,national
南宁师范大学,旅游管理,,,national
南宁师范大学,物流管理,,,national
南宁师范大学,电子信息工程,,,national
南宁师范大学,英语,,,national
南宁师范大学,计算机科学与技术,,,national
南开大学,世界史,,,national
南开大学,临床医学,,,national
南开大学,会计学,,,national
南开大学,保险学,,,national
南开大学,信息与计算科学,,,national
南开大学,信息安全,,,national
南开大学,历史学,,,national
南开大学,哲学,,,national
南开大学,商务经济学,,,national
南开大学,国际经济与贸易,,,national
南开大学,工商管理,,,national
南开大学,数学与应用数学,,,national
南开大学,智能科学与技术,,,national
南开大学,汉语国际教育,,,national
南开大学,汉语言文学,,,national
南开大学,法学,,,national
南开大学,社会学,,,national
南开大学,社会工作,,,national
南开大学,经济学,,,national
南开大学,统计学,,,national
南开大学,自动化,,,national
南开大学,行政管理,,,national
南开大学,计算机科学与技术,,,national
南开大学,财务管理,,,national
南开大学,财政学,,,national
南开大学,软件工程,,,national
南开大学,逻辑学,,,national
南开大学,金融学,,,national
南开大学,马克思主义理论,,,national
南方医科大学,中医学,,,national
南方医科大学,中医学（名老中医传承班）,,,national
南方医科大学,中药学,,,national
南方医科大学,中西医临床医学,,,national
南方医科大学,中西医临床医学（创新班）,,,national
南方医科大学,临床医学,,,national
南方医科大学,临床医学（八年制）,,,national
南方医科大学,临床医学（卓越创新班）,,,national
南方医科大学,临床医学（广东省人民医院临床医学院）,,,national
南方医科大学,临床医学（深圳临床医学院）,,,national
南方医科大学,临床医学（第二临床医学院（珠江医院））,,,national
南方医科大学,临床药学,,,national
南方医科大学,临床药学（卓越药师班）,,,national
南方医科大学,儿科学,,,national
南方医科大学,公共事业管理,,,national
南方医科大学,助产学,3,2021,national
南方医科大学,医学影像学,,,national
南方医科大学,医学影像学（智能影像创新班）,,,national
南方医科大学,医学检验技术,,,national
南方医科大学,口腔医学,,,national
南方医科大学,基础医学,,,national
南方医科大学,基础医学（院士创新班）,,,national
南方医科大学,应用心理学,,,national
南方医科大学,应用统计学,3,2021,national
南方医科大学,康复治疗学,,,national
南方医科大学,护理学,,,national
南方医科大学,护理学（卓越班）,,,national
南方医科大学,法医学,,,national
南方医科大学,法医学（卓越班）,,,national
南方医科大学,生物信息学,,,national
南方医科大学,生物医学工程,,,national
南方医科大学,生物医学工程（卓越创新班）,,,national
南方医科大学,生物技术,,,national
南方医科大学,生物技术（创新班）,,,national
南方医科大学,生物技术（制药方向）,,,national
南方医科大学,生物统计学,,,national
南方医科大学,英语,3,2021,national
南方医科大学,药学,,,national
南方医科大学,药学（创新班）,,,national
南方医科大学,预防医学,,,national
南方医科大学,预防医学（卓越创新班）,,,national
南方科技大学,化学,3,2021,national
南方科技大学,材料科学与工程,3,2021,national
南方科技大学,物理学,,,national
南方科技大学,生物医学工程,,,national
南方科技大学,生物科学,3,2021,national
南方科技大学,计算机科学与技术,3,2021,national
南昌大学,临床医学,,,national
南昌大学,会计学,,,national
南昌大学,信息与计算科学,,,national
南昌大学,信息管理与信息系统,,,national
南昌大学,制药工程,,,national
南昌大学,化学工程与工艺,,,national
南昌大学,医学检验技术,,,national
南昌大学,历史学,,,national
南昌大学,口腔医学,,,national
南昌大学,哲学,,,national
南昌大学,土木工程,,,national
南昌大学,工业工程,,,national
南昌大学,工商管理,,,national
南昌大学,广告学,,,national
南昌大学,广播电视学,,,national
南昌大学,应用化学,,,national
南昌大学,康复治疗学,,,national
南昌大学,建筑学,,,national
南昌大学,护理学,,,national
南昌大学,播音与主持艺术,,,national
南昌大学,数学与应用数学,,,national
南昌大学,新闻学,,,national
南昌大学,旅游管理,,,national
南昌大学,日语,,,national
南昌大学,机械设计制造及其自动化,,,national
南昌大学,材料成型及控制工程,,,national
南昌大学,材料科学与工程,,,national
南昌大学,水利水电工程,,,national
南昌大学,汉语言文学,,,national
南昌大学,法学,,,national
南昌大学,测控技术与仪器,,,national
南昌大学,物理学,,,national
南昌大学,环境工程,,,national
南昌大学,环境设计,,,national
南昌大学,生物工程,,,national
南昌大学,生物技术,,,national
南昌大学,生物科学,,,national
南昌大学,电子信息工程,,,national
南昌大学,电气工程及其自动化,,,national
南昌大学,管理科学,,,national
南昌大学,经济学,,,national
南昌大学,自动化,,,national
南昌大学,舞蹈学,,,national
南昌大学,英语,,,national
南昌大学,药学,,,national
南昌大学,行政管理,,,national
南昌大学,计算机科学与技术,,,national
南昌大学,软件工程,,,national
南昌大学,过程装备与控制工程,,,national
南昌大学,通信工程,,,national
南昌大学,金融学,,,national
南昌大学,预防医学,,,national
南昌大学,食品科学与工程,,,national
南昌大学,食品质量与安全,,,national
南昌大学,高分子材料与工程,,,national
南昌大学,麻醉学,,,national
南昌师范学院,学前教育,,,national
南昌航空大学,光电信息科学与工程,,,national
南昌航空大学,光电信息科学与工程（中外合作办学）,,,national
南昌航空大学,土木工程,,,national
南昌航空大学,工业工程,,,national
南昌航空大学,应用化学,,,national
南昌航空大学,机械设计制造及其自动化,,,national
南昌航空大学,材料化学,,,national
南昌航空大学,材料成型及控制工程,,,national
南昌航空大学,测控技术与仪器,,,national
南昌航空大学,焊接技术与工程,,,national
南昌航空大学,环境工程,,,national
南昌航空大学,电子信息工程,,,national
南昌航空大学,电子信息工程（中外合作办学）,,,national
南昌航空大学,电子商务,,,national
南昌航空大学,电子科学与技术,,,national
南昌航空大学,自动化,,,national
南昌航空大学,英语,,,national
南昌航空大学,英语（与英国伍斯特大学合作学分互认项目）,,,national
南昌航空大学,计算机科学与技术,,,national
南昌航空大学,软件工程,,,national
南昌航空大学,软件工程（中外合作办学）,,,national
南昌航空大学,金属材料工程,,,national
南昌航空大学,飞行器制造工程,,,national
南昌航空大学,飞行器制造工程（航空维修工程与技术）,,,national
南昌航空大学,飞行器动力工程,,,national
南昌航空大学,飞行器设计与工程,,,national
南通大学,临床医学,,,national
南通大学,交通设备与控制工程,,,national
南通大学,体育教育,,,national
南通大学,医学检验技术,,,national
南通大学,国际经济与贸易,,,national
南通大学,学前教育,,,national
南通大学,小学教育,,,national
南通大学,应用心理学,,,national
南通大学,护理学,,,national
南通大学,机械工程,,,national
南通大学,汉语言文学,,,national
南通大学,生物科学,,,national
南通大学,电子信息工程,,,national
南通大学,电气工程及其自动化,,,national
南通大学,美术学,,,national
南通大学,自动化,,,national
南通大学,行政管理,,,national
南通大学,视觉传达设计,,,national
南通大学,计算机科学与技术,,,national
南通大学,通信工程,,,national
南通大学,非织造材料与工程,,,national
南通大学,预防医学,,,national
南阳师范学院,化学,,,national
南阳师范学院,生物科学,,,national
南阳师范学院,英语,,,national
厦门华厦学院,物流工程,,,national
厦门大学,临床医学,,,national
厦门大学,人力资源管理,,,national
厦门大学,人类学,,,national
厦门大学,会计学,,,national
厦门大学,俄语,,,national
厦门大学,信息与计算科学,,,national
厦门大学,化学,,,national
厦门大学,化学工程与工艺,,,national
厦门大学,化学生物学,,,national
厦门大学,医学检验技术,,,national
厦门大学,历史学,,,national
厦门大学,哲学,,,national
厦门大学,国际经济与贸易,,,national
厦门大学,土木工程,,,national
厦门大学,工商管理,,,national
厦门大学,广告学,,,national
厦门大学,建筑学,,,national
厦门大学,戏剧影视文学,,,national
厦门大学,政治学与行政学,,,national
厦门大学,数学与应用数学,,,national
厦门大学,新能源科学与工程,,,national
厦门大学,新闻学,,,national
厦门大学,旅游管理,,,national
厦门大学,日语,,,national
厦门大学,机械设计制造及其自动化,,,national
厦门大学,材料科学与工程,,,national
厦门大学,汉语言,,,national
厦门大学,汉语言文学,,,national
厦门大学,法学,,,national
厦门大学,测控技术与仪器,,,national
厦门大学,海洋科学,,,national
厦门大学,物理学,,,national
厦门大学,环境科学,,,national
厦门大学,生态学,,,national
厦门大学,生物技术,,,national
厦门大学,生物科学,,,national
厦门大学,电子信息工程,,,national
厦门大学,电子信息科学与技术,,,national
厦门大学,电子商务,,,national
厦门大学,社会学,,,national
厦门大学,税收学,,,national
厦门大学,管理科学,,,national
厦门大学,经济学,,,national
厦门大学,经济统计学,,,national
厦门大学,绘画,,,national
厦门大学,统计学,,,national
厦门大学,自动化,,,national
厦门大学,英语,,,national
厦门大学,药学,,,national
厦门大学,行政管理,,,national
厦门大学,计算机科学与技术,,,national
厦门大学,财务管理,,,national
厦门大学,财政学,,,national
厦门大学,软件工程,,,national
厦门大学,金融学,,,national
厦门大学,金融工程,,,national
厦门大学,音乐表演,,,national
厦门大学,预防医学,,,national
厦门大学,飞行器设计与工程,,,national
厦门理工学院,光电信息科学与工程,,,national
厦门理工学院,土木工程,,,national
厦门理工学院,文化产业管理,,,national
厦门理工学院,机械设计制造及其自动化,,,national
厦门理工学院,材料科学与工程,,,national
厦门理工学院,物流管理,,,national
厦门理工学院,电子商务,,,national
厦门理工学院,电子商务（闽台合作“4+0”项目）,,,national
厦门理工学院,电气工程及其自动化,,,national
厦门理工学院,电气工程及其自动化（本科学术互认课程项目）,,,national
厦门理工学院,网络与新媒体,,,national
厦门理工学院,计算机科学与技术,,,national
厦门理工学院,车辆工程,,,national
台州学院,临床医学,,,national
台州学院,制药工程,,,national
台州学院,旅游管理,,,national
右江民族医学院,临床医学,,,national
右江民族医学院,临床医学（免费医学定向生）,,,national
合肥大学,化学工程与工艺,,,national
合肥大学,数学与应用数学,,,national
合肥大学,新闻学,,,national
合肥大学,旅游管理,,,national
合肥大学,机械设计制造及其自动化,,,national
合肥大学,物流管理,,,national
合肥大学,生物工程,,,national
合肥大学,经济工程,,,national
合肥大学,计算机科学与技术,,,national
合肥大学,软件工程,,,national
合肥工业大学,会计学,,,national
合肥工业大学,信息与计算科学,,,national
合肥工业大学,信息管理与信息系统,,,national
合肥工业大学,光电信息科学与工程,,,national
合肥工业大学,制药工程,,,national
合肥工业大学,化学工程与工艺,,,national
合肥工业大学,国际经济与贸易,,,national
合肥工业大学,国际经济与贸易（中外合作办学）,,,national
合肥工业大学,土木工程,,,national
合肥工业大学,城乡规划,,,national
合肥工业大学,工业工程,,,national
合肥工业大学,工业设计,,,national
合肥工业大学,工商管理,,,national
合肥工业大学,应用化学,,,national
合肥工业大学,建筑学,,,national
合肥工业大学,建筑环境与能源应用工程,,,national
合肥工业大学,思想政治教育,,,national
合肥工业大学,数学与应用数学,,,national
合肥工业大学,无机非金属材料工程,,,national
合肥工业大学,机械设计制造及其自动化,,,national
合肥工业大学,水利水电工程,,,national
合肥工业大学,测控技术与仪器,,,national
合肥工业大学,测绘工程,,,national
合肥工业大学,环境工程,,,national
合肥工业大学,环境设计,,,national
合肥工业大学,电子信息工程,,,national
合肥工业大学,电子商务,,,national
合肥工业大学,电子科学与技术,,,national
合肥工业大学,电气工程及其自动化,,,national
合肥工业大学,给排水科学与工程,,,national
合肥工业大学,自动化,,,national
合肥工业大学,英语,,,national
合肥工业大学,计算机科学与技术,,,national
合肥工业大学,资源勘查工程,,,national
合肥工业大学,车辆工程,,,national
合肥工业大学,金融工程,,,national
合肥工业大学,集成电路设计与集成系统,,,national
合肥工业大学,食品科学与工程,,,national
合肥工业大学,食品质量与安全,,,national
合肥师范学院,光电信息科学与工程,,,national
合肥师范学院,小学教育,,,national
合肥师范学院,应用心理学,,,national
吉利学院,车辆工程,,,national
吉林体育学院,休闲体育,,,national
吉林体育学院,体育教育,,,national
吉林体育学院,社会体育指导与管理,,,national
吉林农业大学,农业资源与环境,,,national
吉林农业大学,农学,,,national
吉林农业大学,农林经济管理,,,national
吉林农业大学,动物医学,,,national
吉林农业大学,动物科学,,,national
吉林农业大学,家政学,,,national
吉林农业大学,水产养殖学,,,national
吉林农业大学,生物工程,,,national
吉林农业大学,生物技术,,,national
吉林农业大学,粮食工程,,,national
吉林农业大学,计算机科学与技术,,,national
吉林农业大学,食品科学与工程,,,national
吉林农业科技学院,动物医学,,,national
吉林动画学院,动画,,,national
吉林动画学院,数字媒体技术,,,national
吉林动画学院,数字媒体艺术,,,national
吉林动画学院,艺术与科技,,,national
吉林动画学院,视觉传达设计,,,national
吉林化工大学,制药工程,,,national
吉林化工大学,化学,,,national
吉林化工大学,化学工程与工艺,,,national
吉林化工大学,环境工程,,,national
吉林化工大学,过程装备与控制工程,,,national
吉林化工大学,高分子材料与工程,,,national
吉林外国语大学,日语,,,national
吉林外国语大学,朝鲜语,,,national
吉林外国语大学,法语,,,national
吉林外国语大学,翻译,,,national
吉林外国语大学,英语,,,national
吉林外国语大学,阿拉伯语,,,national
吉林大学,临床医学,,,national
吉林大学,交通工程,,,national
吉林大学,交通运输,,,national
吉林大学,人力资源管理,,,national
吉林大学,仿生科学与工程,,,national
吉林大学,俄语,,,national
吉林大学,信息与计算科学,,,national
吉林大学,信息工程,,,national
吉林大学,信息管理与信息系统,,,national
吉林大学,农业机械化及其自动化,,,national
吉林大学,农学,,,national
吉林大学,农林经济管理,,,national
吉林大学,动物医学,,,national
吉林大学,动物科学,,,national
吉林大学,勘查技术与工程,,,national
吉林大学,化学,,,national
吉林大学,历史学,,,national
吉林大学,口腔医学,,,national
吉林大学,哲学,,,national
吉林大学,国际经济与贸易,,,national
吉林大学,土木工程,,,national
吉林大学,地下水科学与工程,,,national
吉林大学,地球物理学,,,national
吉林大学,地质学,,,national
吉林大学,地质工程,,,national
吉林大学,外交学,,,national
吉林大学,工业工程,,,national
吉林大学,工商管理,,,national
吉林大学,市场营销,,,national
吉林大学,应用化学,,,national
吉林大学,应用物理学,,,national
吉林大学,康复治疗学,,,national
吉林大学,微电子科学与工程,,,national
吉林大学,思想政治教育,,,national
吉林大学,护理学,,,national
吉林大学,播音与主持艺术,,,national
吉林大学,放射医学,,,national
吉林大学,政治学与行政学,,,national
吉林大学,数学与应用数学,,,national
吉林大学,新闻学,,,national
吉林大学,日语,,,national
吉林大学,朝鲜语,,,national
吉林大学,机械工程,,,national
吉林大学,材料化学,,,national
吉林大学,材料成型及控制工程,,,national
吉林大学,材料物理,,,national
吉林大学,档案学,,,national
吉林大学,植物保护,,,national
吉林大学,水文与水资源工程,,,national
吉林大学,汉语言文学,,,national
吉林大学,法学,,,national
吉林大学,测控技术与仪器,,,national
吉林大学,物流管理,,,national
吉林大学,物理学,,,national
吉林大学,物联网工程,,,national
吉林大学,环境工程,,,national
吉林大学,环境科学,,,national
吉林大学,生物制药,,,national
吉林大学,生物技术,,,national
吉林大学,生物科学,,,national
吉林大学,电子信息科学与技术,,,national
吉林大学,电子科学与技术,,,national
吉林大学,电气工程及其自动化,,,national
吉林大学,社会体育指导与管理,,,national
吉林大学,社会学,,,national
吉林大学,社会工作,,,national
吉林大学,经济学,,,national
吉林大学,统计学,,,national
吉林大学,网络空间安全,,,national
吉林大学,考古学,,,national
吉林大学,能源与动力工程,,,national
吉林大学,自动化,,,national
吉林大学,英语,,,national
吉林大学,药学,,,national
吉林大学,计算机科学与技术,,,national
吉林大学,财政学,,,national
吉林大学,资源勘查工程,,,national
吉林大学,车辆工程,,,national
吉林大学,软件工程,,,national
吉林大学,通信工程,,,national
吉林大学,金融学,,,national
吉林大学,预防医学,,,national
吉林大学,食品科学与工程,,,national
吉林大学,食品质量与安全,,,national
吉林大学,高分子材料与工程,,,national
吉林工商学院,会计学,,,national
吉林工商学院,旅游管理,,,national
吉林工程技术师范学院,教育学,,,national
吉林工程技术师范学院,机械设计制造及其自动化,,,national
吉林工程技术师范学院,机械设计制造及其自动化（中外合作办学）,,,national
吉林工程技术师范学院,编辑出版学,,,national
吉林工程技术师范学院,食品科学与工程,,,national
吉林师范大学,化学,,,national
吉林师范大学,历史学,,,national
吉林师范大学,地理科学,,,national
吉林师范大学,小学教育,,,national
吉林师范大学,数学与应用数学,,,national
吉林师范大学,新闻学,,,national
吉林师范大学,汉语言文学,,,national
吉林师范大学,物理学,,,national
吉林师范大学,美术学,,,national
吉林师范大学,英语,,,national
吉林师范大学,计算机科学与技术,,,national
吉林建筑大学,土木工程,,,national
吉林建筑大学,城乡规划,,,national
吉林建筑大学,建筑学,,,national
吉林建筑大学,建筑环境与能源应用工程,,,national
吉林建筑大学,建筑电气与智能化,,,national
吉林建筑大学,无机非金属材料工程,,,national
吉林建筑大学,测绘工程,,,national
吉林建筑大学,环境设计,,,national
吉林建筑大学,给排水科学与工程,,,national
吉林建筑大学,道路桥梁与渡河工程,,,national
吉林艺术学院,广播电视编导,,,national
吉林艺术学院,数字媒体艺术,,,national
吉林艺术学院,绘画,,,national
吉林艺术学院,表演,,,national
吉林艺术学院,音乐学,,,national
吉林艺术学院,音乐表演,,,national
吉林警察学院,交通管理工程,,,national
吉林警察学院,侦查学,,,national
吉林警察学院,刑事科学技术,,,national
吉林财经大学,人力资源管理（数智人力方向）,,,national
吉林财经大学,会计学,,,national
吉林财经大学,会计学（中外合作办学）,,,national
吉林财经大学,保险学,,,national
吉林财经大学,国际商务,,,national
吉林财经大学,国际经济与贸易,,,national
吉林财经大学,审计学,,,national
吉林财经大学,工商管理（数智管理方向）,,,national
吉林财经大学,市场营销（数智营销方向）,,,national
吉林财经大学,法学,,,national
吉林财经大学,电子商务,,,national
吉林财经大学,电子商务（中外合作办学）,,,national
吉林财经大学,税收学,,,national
吉林财经大学,经济学,,,national
吉林财经大学,经济学（基地班）,,,national
吉林财经大学,经济统计学,,,national
吉林财经大学,经济统计学（经济数据工程实验班）,,,national
吉林财经大学,统计学,,,national
吉林财经大学,财务管理,,,national
吉林财经大学,金融学,,,national
吉林财经大学,金融学（中外合作办学）,,,national
吉首大学,体育教育,,,national
吉首大学,化学,,,national
吉首大学,工商管理,,,national
吉首大学,数学与应用数学,,,national
吉首大学,旅游管理,,,national
吉首大学,武术与民族传统体育,,,national
吉首大学,汉语言文学,,,national
吉首大学,物理学,,,national
吉首大学,生物科学,,,national
吉首大学,经济学,,,national
吉首大学,网络与新媒体,,,national
吉首大学,英语,,,national
吉首大学,计算机科学与技术,,,national
吉首大学,软件工程,,,national
吉首大学,音乐学,,,national
吉首大学,食品科学与工程,,,national
同济大学,临床医学,,,national
同济大学,交通工程,,,national
同济大学,交通运输,,,national
同济大学,会计学,,,national
同济大学,信息管理与信息系统,,,national
同济大学,动画,,,national
同济大学,历史建筑保护工程,,,national
同济大学,口腔医学,,,national
同济大学,哲学,,,national
同济大学,土木工程,,,national
同济大学,地球物理学,,,national
同济大学,地质工程,,,national
同济大学,工程力学,,,national
同济大学,工程管理,,,national
同济大学,广播电视编导,,,national
同济大学,应用化学,,,national
同济大学,应用物理学,,,national
同济大学,康复物理治疗,,,national
同济大学,建筑环境与能源应用工程,,,national
同济大学,建筑电气与智能化,,,national
同济大学,德语,,,national
同济大学,政治学与行政学,,,national
同济大学,数学与应用数学,,,national
同济大学,文化产业管理,,,national
同济大学,日语,,,national
同济大学,智能制造工程,,,national
同济大学,机械电子工程,,,national
同济大学,机械设计制造及其自动化,,,national
同济大学,材料科学与工程,,,national
同济大学,汉语言文学,,,national
同济大学,法学,,,national
同济大学,环境工程,,,national
同济大学,生物信息学,,,national
同济大学,生物技术,,,national
同济大学,给排水科学与工程,,,national
同济大学,统计学,,,national
同济大学,能源与动力工程,,,national
同济大学,英语,,,national
同济大学,车辆工程,,,national
同济大学,金融学,,,national
同济大学,风景园林,,,national
吕梁学院,计算机科学与技术,,,national
周口师范学院,汉语言文学,,,national
周口师范学院,生物科学,,,national
周口师范学院,音乐学,,,national
呼伦贝尔学院,学前教育,,,national
呼伦贝尔学院,旅游管理,,,national
呼和浩特民族学院,学前教育,,,national
呼和浩特民族学院,数学与应用数学,,,national
咸阳师范学院,学前教育,,,national
咸阳师范学院,汉语言文学,,,national
哈尔滨体育学院,体育教育,,,national
哈尔滨医科大学,临床医学,,,national
哈尔滨医科大学,临床医学（“5+3”一体化）,,,national
哈尔滨医科大学,临床医学（“5+3”一体化，儿科学硕士）,,,national
哈尔滨医科大学,临床药学,,,national
哈尔滨医科大学,公共事业管理,,,national
哈尔滨医科大学,医学影像学,,,national
哈尔滨医科大学,口腔医学,,,national
哈尔滨医科大学,基础医学（“5+2”本硕连续培养）,,,national
哈尔滨医科大学,护理学,,,national
哈尔滨医科大学,生物信息学,,,national
哈尔滨医科大学,药学,,,national
哈尔滨医科大学,预防医学,,,national
哈尔滨医科大学,麻醉学,,,national
哈尔滨商业大学,会计学,,,national
哈尔滨商业大学,制药工程,,,national
哈尔滨商业大学,包装工程,,,national
哈尔滨商业大学,国际经济与贸易,,,national
哈尔滨商业大学,审计学,,,national
哈尔滨商业大学,工商管理,,,national
哈尔滨商业大学,市场营销,,,national
哈尔滨商业大学,旅游管理,,,national
哈尔滨商业大学,物流管理,,,national
哈尔滨商业大学,经济学,,,national
哈尔滨商业大学,经济统计学,,,national
哈尔滨商业大学,财务管理,,,national
哈尔滨商业大学,财政学,,,national
哈尔滨商业大学,金融工程,,,national
哈尔滨商业大学,食品科学与工程,,,national
哈尔滨学院,小学教育,,,national
哈尔滨工业大学,交通工程,,,national
哈尔滨工业大学,会计学,,,national
哈尔滨工业大学,俄语,,,national
哈尔滨工业大学,信息管理与信息系统,,,national
哈尔滨工业大学,化学工程与工艺,,,national
哈尔滨工业大学,土木工程,,,national
哈尔滨工业大学,城乡规划,,,national
哈尔滨工业大学,城市地下空间工程,,,national
哈尔滨工业大学,工商管理,,,national
哈尔滨工业大学,应用化学,,,national
哈尔滨工业大学,应用物理学,,,national
哈尔滨工业大学,建筑学,,,national
哈尔滨工业大学,建筑环境与能源应用工程,,,national
哈尔滨工业大学,数字媒体艺术,,,national
哈尔滨工业大学,数学与应用数学,,,national
哈尔滨工业大学,机器人工程,,,national
哈尔滨工业大学,机械设计制造及其自动化,,,national
哈尔滨工业大学,材料成型及控制工程,,,national
哈尔滨工业大学,材料科学与工程,,,national
哈尔滨工业大学,核工程与核技术,,,national
哈尔滨工业大学,测控技术与仪器,,,national
哈尔滨工业大学,焊接技术与工程,,,national
哈尔滨工业大学,环境工程,,,national
哈尔滨工业大学,环境科学,,,national
哈尔滨工业大学,环境设计,,,national
哈尔滨工业大学,电子信息工程,,,national
哈尔滨工业大学,社会学,,,national
哈尔滨工业大学,精密仪器,,,national
哈尔滨工业大学,给排水科学与工程,,,national
哈尔滨工业大学,统计学,,,national
哈尔滨工业大学,能源与动力工程,,,national
哈尔滨工业大学,自动化,,,national
哈尔滨工业大学,计算机科学与技术,,,national
哈尔滨工业大学,通信工程,,,national
哈尔滨工业大学,道路桥梁与渡河工程,,,national
哈尔滨工业大学,飞行器制造工程,,,national
哈尔滨工业大学,飞行器动力工程,,,national
哈尔滨工业大学,飞行器设计与工程,,,national
哈尔滨工业大学,高分子材料与工程,,,national
哈尔滨工业大学（威海）,船舶与海洋工程,,,national
哈尔滨工程大学,信息安全,,,national
哈尔滨工程大学,光电信息科学与工程,,,national
哈尔滨工程大学,化学工程与工艺,,,national
哈尔滨工程大学,土木工程,,,national
哈尔滨工程大学,工业设计,,,national
哈尔滨工程大学,工商管理,,,national
哈尔滨工程大学,工程力学,,,national
哈尔滨工程大学,思想政治教育,,,national
哈尔滨工程大学,探测制导与控制技术,,,national
哈尔滨工程大学,数学与应用数学,,,national
哈尔滨工程大学,机器人工程,,,national
哈尔滨工程大学,机械设计制造及其自动化,,,national
哈尔滨工程大学,材料物理,,,national
哈尔滨工程大学,材料科学与工程,,,national
哈尔滨工程大学,核化工与核燃料工程,,,national
哈尔滨工程大学,核工程与核技术,,,national
哈尔滨工程大学,水声工程,,,national
哈尔滨工程大学,法学,,,national
哈尔滨工程大学,测控技术与仪器,,,national
哈尔滨工程大学,港口航道与海岸工程,,,national
哈尔滨工程大学,电子信息工程,,,national
哈尔滨工程大学,电气工程及其自动化,,,national
哈尔滨工程大学,社会学,,,national
哈尔滨工程大学,能源与动力工程,,,national
哈尔滨工程大学,自动化,,,national
哈尔滨工程大学,船舶与海洋工程,,,national
哈尔滨工程大学,英语,,,national
哈尔滨工程大学,计算机科学与技术,,,national
哈尔滨工程大学,轮机工程,,,national
哈尔滨工程大学,软件工程,,,national
哈尔滨工程大学,通信工程,,,national
哈尔滨工程大学,飞行器动力工程,,,national
哈尔滨师范大学,中国画,,,national
哈尔滨师范大学,人力资源管理,,,national
哈尔滨师范大学,体育教育,,,national
哈尔滨师范大学,俄语（师范类）,,,national
哈尔滨师范大学,俄语（非师范）,,,national
哈尔滨师范大学,动画,,,national
哈尔滨师范大学,化学,,,national
哈尔滨师范大学,历史学,,,national
哈尔滨师范大学,地理信息科学,,,national
哈尔滨师范大学,地理科学,,,national
哈尔滨师范大学,广播电视编导,,,national
哈尔滨师范大学,心理学（师范类）,,,national
哈尔滨师范大学,思想政治教育,,,national
哈尔滨师范大学,播音与主持艺术,,,national
哈尔滨师范大学,教育学（师范类）,,,national
哈尔滨师范大学,教育技术学（师范类）,,,national
哈尔滨师范大学,数字媒体技术,,,national
哈尔滨师范大学,数学与应用数学,,,national
哈尔滨师范大学,日语（师范类）,,,national
哈尔滨师范大学,日语（非师范）,,,national
哈尔滨师范大学,汉语言文学,,,national
哈尔滨师范大学,物理学,,,national
哈尔滨师范大学,环境设计,,,national
哈尔滨师范大学,生物科学,,,national
哈尔滨师范大学,美术学,,,national
哈尔滨师范大学,英语,,,national
哈尔滨师范大学,音乐学（师范类、非遗传承）,,,national
哈尔滨师范大学,音乐学（师范类）,,,national
哈尔滨师范大学,音乐学（非师范）,,,national
哈尔滨师范大学,音乐表演,,,national
哈尔滨理工大学,人力资源管理,,,national
哈尔滨理工大学,俄语,,,national
哈尔滨理工大学,信息与计算科学,,,national
哈尔滨理工大学,信息管理与信息系统,,,national
哈尔滨理工大学,化学工程与工艺,,,national
哈尔滨理工大学,工商管理,,,national
哈尔滨理工大学,市场营销,,,national
哈尔滨理工大学,日语,,,national
哈尔滨理工大学,机械设计制造及其自动化,,,national
哈尔滨理工大学,测控技术与仪器,,,national
哈尔滨理工大学,电子信息工程,,,national
哈尔滨理工大学,电气工程及其自动化,,,national
哈尔滨理工大学,网络工程,,,national
哈尔滨理工大学,自动化,,,national
哈尔滨理工大学,英语,,,national
哈尔滨理工大学,计算机科学与技术,,,national
哈尔滨理工大学,车辆工程,,,national
哈尔滨理工大学,软件工程,,,national
哈尔滨理工大学,金属材料工程,,,national
哈尔滨理工大学,集成电路设计与集成系统,,,national
哈尔滨理工大学,高分子材料与工程,,,national
哈尔滨金融学院,会计学,,,national
哈尔滨音乐学院,音乐学,,,national
哈尔滨音乐学院,音乐表演,,,national
商丘师范学院,化学（师范）,,,national
商丘师范学院,历史学（师范）,,,national
喀什大学,中国少数民族语言文学,,,national
喀什大学,学前教育,,,national
喀什大学,数学与应用数学,,,national
喀什大学,艺术设计学,,,national
嘉兴大学,临床医学,,,national
嘉兴大学,会计学,,,national
嘉兴大学,工程管理,,,national
嘉兴大学,护理学,,,national
嘉兴大学,电子信息工程,,,national
嘉兴大学,经济学,,,national
四川传媒学院,动画,,,national
四川传媒学院,广播电视编导,,,national
四川传媒学院,播音与主持艺术,,,national
四川传媒学院,数字媒体艺术,,,national
四川传媒学院,环境设计,,,national
四川农业大学,农业机械化及其自动化,,,national
四川农业大学,农业资源与环境,,,national
四川农业大学,农学,,,national
四川农业大学,农林经济管理,,,national
四川农业大学,动物医学,,,national
四川农业大学,动物科学,,,national
四川农业大学,园林,,,national
四川农业大学,园艺,,,national
四川农业大学,土地资源管理,,,national
四川农业大学,工商管理,,,national
四川农业大学,林学,,,national
四川农业大学,植物保护,,,national
四川农业大学,水产养殖学,,,national
四川农业大学,环境工程,,,national
四川农业大学,生物技术,,,national
四川农业大学,种子科学与工程,,,national
四川农业大学,草业科学,,,national
四川农业大学,计算机科学与技术,,,national
四川农业大学,财务管理,,,national
四川农业大学,财务管理（中美2+2）,,,national
四川农业大学,金融学,,,national
四川农业大学,食品科学与工程,,,national
四川外国语大学,俄语,,,national
四川外国语大学,商务英语,,,national
四川外国语大学,国际经济与贸易,,,national
四川外国语大学,广播电视编导,,,national
四川外国语大学,德语,,,national
四川外国语大学,意大利语,,,national
四川外国语大学,新闻学,,,national
四川外国语大学,日语,,,national
四川外国语大学,朝鲜语,,,national
四川外国语大学,汉语国际教育,,,national
四川外国语大学,法语,,,national
四川外国语大学,社会学,,,national
四川外国语大学,翻译,,,national
四川外国语大学,英语,,,national
四川外国语大学,西班牙语,,,national
四川外国语大学,财务管理,,,national
四川外国语大学,越南语,,,national
四川外国语大学,阿拉伯语,,,national
四川大学,临床医学,,,national
四川大学,临床药学,,,national
四川大学,人力资源管理,,,national
四川大学,人工智能,,,national
四川大学,会计学,,,national
四川大学,俄语,,,national
四川大学,信息与计算科学,,,national
四川大学,信息资源管理,,,national
四川大学,光电信息科学与工程,,,national
四川大学,制药工程,,,national
四川大学,劳动与社会保障,,,national
四川大学,化学,,,national
四川大学,化学工程与工艺,,,national
四川大学,医学信息工程,,,national
四川大学,医学影像技术,,,national
四川大学,医学检验技术,,,national
四川大学,卫生检验与检疫,,,national
四川大学,历史学,,,national
四川大学,口腔医学,,,national
四川大学,口腔医学技术,,,national
四川大学,哲学,,,national
四川大学,国民经济管理,,,national
四川大学,国际经济与贸易,,,national
四川大学,土地资源管理,,,national
四川大学,土木工程,,,national
四川大学,基础医学,,,national
四川大学,工业工程,,,national
四川大学,工程力学,,,national
四川大学,市场营销,,,national
四川大学,广告学,,,national
四川大学,应用化学,,,national
四川大学,康复治疗学,,,national
四川大学,建筑学,,,national
四川大学,微电子科学与工程,,,national
四川大学,护理学,,,national
四川大学,数学与应用数学,,,national
四川大学,新能源材料与器件,,,national
四川大学,新闻学,,,national
四川大学,日语,,,national
四川大学,服装与服饰设计,,,national
四川大学,机械设计制造及其自动化,,,national
四川大学,材料成型及控制工程,,,national
四川大学,材料科学与工程,,,national
四川大学,核工程与核技术,,,national
四川大学,汉语国际教育,,,national
四川大学,汉语言文学,,,national
四川大学,法医学,,,national
四川大学,法学,,,national
四川大学,法语,,,national
四川大学,测控技术与仪器,,,national
四川大学,物理学,,,national
四川大学,环境工程,,,national
四川大学,生态学,,,national
四川大学,生物医学工程,,,national
四川大学,生物工程,,,national
四川大学,生物科学,,,national
四川大学,电子信息工程,,,national
四川大学,电气工程及其自动化,,,national
四川大学,眼视光学,,,national
四川大学,社会工作,,,national
四川大学,管理科学,,,national
四川大学,经济学,,,national
四川大学,统计学,,,national
四川大学,网络与新媒体,,,national
四川大学,网络空间安全,,,national
四川大学,美术学,,,national
四川大学,考古学,,,national
四川大学,自动化,,,national
四川大学,舞蹈表演,,,national
四川大学,航空航天工程,,,national
四川大学,英语,,,national
四川大学,药学,,,national
四川大学,行政管理,,,national
四川大学,视觉传达设计,,,national
四川大学,计算机科学与技术,,,national
四川大学,财务管理,,,national
四川大学,财政学,,,national
四川大学,软件工程,,,national
四川大学,过程装备与控制工程,,,national
四川大学,金融学,,,national
四川大学,金融工程,,,national
四川大学,预防医学,,,national
四川大学,飞行器控制与信息工程,,,national
四川大学,食品科学与工程,,,national
四川大学,马克思主义理论,,,national
四川大学,高分子材料与工程,,,national
四川师范大学,体育教育,,,national
四川师范大学,化学,,,national
四川师范大学,历史学,,,national
四川师范大学,地理科学,,,national
四川师范大学,学前教育,,,national
四川师范大学,工商管理,,,national
四川师范大学,广播电视编导,,,national
四川师范大学,心理学,,,national
四川师范大学,思想政治教育,,,national
四川师范大学,播音与主持艺术,,,national
四川师范大学,教育学,,,national
四川师范大学,教育技术学,,,national
四川师范大学,数学与应用数学,,,national
四川师范大学,服装与服饰设计,,,national
四川师范大学,汉语言文学,,,national
四川师范大学,法学,,,national
四川师范大学,物理学,,,national
四川师范大学,特殊教育,,,national
四川师范大学,生物科学,,,national
四川师范大学,电子信息工程,,,national
四川师范大学,秘书学,,,national
四川师范大学,经济学,,,national
四川师范大学,网络工程,,,national
四川师范大学,美术学,,,national
四川师范大学,英语,,,national
四川师范大学,视觉传达设计,,,national
四川师范大学,财务管理,,,national
四川师范大学,软件工程,,,national
四川师范大学,金融工程,,,national
四川师范大学,音乐学,,,national
四川师范大学,音乐表演,,,national
四川旅游学院,烹饪与营养教育,,,national
四川电影电视学院,广播电视编导,,,national
四川电影电视学院,播音与主持艺术,,,national
四川美术学院,中国画,,,national
四川美术学院,产品设计,,,national
四川美术学院,公共艺术,,,national
四川美术学院,动画,,,national
四川美术学院,实验艺术,,,national
四川美术学院,工业设计,,,national
四川美术学院,工艺美术,,,national
四川美术学院,戏剧影视美术设计,,,national
四川美术学院,数字媒体艺术,,,national
四川美术学院,服装与服饰设计,,,national
四川美术学院,环境设计,,,national
四川美术学院,绘画,,,national
四川美术学院,美术学,,,national
四川美术学院,艺术与科技,,,national
四川美术学院,艺术教育,,,national
四川美术学院,艺术设计学,,,national
四川美术学院,视觉传达设计,,,national
四川美术学院,雕塑,,,national
四川警察学院,交通管理工程,,,national
四川警察学院,侦查学,,,national
四川警察学院,公安管理学,,,national
四川警察学院,刑事科学技术,,,national
四川警察学院,治安学,,,national
四川轻化工大学,制药工程,,,national
四川轻化工大学,化学工程与工艺,,,national
四川轻化工大学,机械设计制造及其自动化,,,national
四川轻化工大学,材料科学与工程,,,national
四川轻化工大学,生物工程,,,national
四川轻化工大学,网络工程,,,national
四川轻化工大学,过程装备与控制工程,,,national
四川轻化工大学,通信工程,,,national
四川轻化工大学,酿酒工程,,,national
四川音乐学院,作曲与作曲技术理论,,,national
四川音乐学院,作曲与作曲技术理论（视唱练耳）,,,national
四川音乐学院,录音艺术,,,national
四川音乐学院,戏剧影视美术设计,,,national
四川音乐学院,舞蹈学,,,national
四川音乐学院,音乐学（提琴制作）,,,national
四川音乐学院,音乐学（理论）,,,national
四川音乐学院,音乐学（管乐修造）,,,national
四川音乐学院,音乐学（钢琴调律）,,,national
四川音乐学院,音乐表演（乐队指挥与合唱指挥）,,,national
四川音乐学院,音乐表演（吉他、萨克斯管）,,,national
四川音乐学院,音乐表演（声乐）,,,national
四川音乐学院,音乐表演（手风琴、电子管风琴、电子钢琴）,,,national
四川音乐学院,音乐表演（民族弹拨乐）,,,national
四川音乐学院,音乐表演（民族打击乐）,,,national
四川音乐学院,音乐表演（民族管弦乐）,,,national
四川音乐学院,音乐表演（管乐与乐队训练）,,,national
四川音乐学院,音乐表演（西洋弦乐）,,,national
四川音乐学院,音乐表演（西洋打击乐）,,,national
四川音乐学院,音乐表演（西洋木管）,,,national
四川音乐学院,音乐表演（西洋铜管）,,,national
四川音乐学院,音乐表演（钢琴、钢琴伴奏）,,,national
国际关系学院,国际政治,,,national
国际关系学院,国际经济与贸易,,,national
国际关系学院,日语,,,national
国际关系学院,法学,,,national
国际关系学院,法语,,,national
国际关系学院,英语,,,national
塔里木大学,农学,,,national
塔里木大学,动物医学,,,national
塔里木大学,园艺,,,national
塔里木大学,旅游管理,,,national
塔里木大学,生物技术,,,national
复旦大学,会计学,,,national
复旦大学,传播学,,,national
复旦大学,保险学,,,national
复旦大学,信息与计算科学,,,national
复旦大学,信息安全,,,national
复旦大学,信息管理与信息系统,,,national
复旦大学,光电信息科学与工程,,,national
复旦大学,化学,,,national
复旦大学,历史学,,,national
复旦大学,国际政治,,,national
复旦大学,国际经济与贸易,,,national
复旦大学,大气科学,,,national
复旦大学,市场营销,,,national
复旦大学,广告学,,,national
复旦大学,广播电视学,,,national
复旦大学,微电子科学与工程,,,national
复旦大学,心理学,,,national
复旦大学,政治学与行政学,,,national
复旦大学,数学与应用数学,,,national
复旦大学,文物与博物馆学,,,national
复旦大学,新闻学,,,national
复旦大学,旅游管理,,,national
复旦大学,朝鲜语,,,national
复旦大学,核工程与核技术,,,national
复旦大学,汉语言,,,national
复旦大学,汉语言文学,,,national
复旦大学,法学,,,national
复旦大学,物理学,,,national
复旦大学,环境科学,,,national
复旦大学,理论与应用力学,,,national
复旦大学,生态学,,,national
复旦大学,生物医学工程,,,national
复旦大学,生物科学,,,national
复旦大学,电子信息科学与技术,,,national
复旦大学,社会学,,,national
复旦大学,社会工作,,,national
复旦大学,经济学,,,national
复旦大学,统计学,,,national
复旦大学,英语,,,national
复旦大学,行政管理,,,national
复旦大学,计算机科学与技术,,,national
复旦大学,财务管理,,,national
复旦大学,财政学,,,national
复旦大学,软件工程,,,national
复旦大学,通信工程,,,national
复旦大学,金融学,,,national
复旦大学,高分子材料与工程,,,national
复旦大学上海医学院,临床医学,,,national
复旦大学上海医学院,公共事业管理,,,national
复旦大学上海医学院,基础医学,,,national
复旦大学上海医学院,护理学,,,national
复旦大学上海医学院,法医学,,,national
复旦大学上海医学院,药学,,,national
复旦大学上海医学院,预防医学,,,national
外交学院,国际经济与贸易,,,national
外交学院,外交学,,,national
外交学院,法学,,,national
外交学院,法语,,,national
外交学院,翻译,,,national
外交学院,英语,,,national
大庆师范学院,学前教育,,,national
大庆师范学院,英语,,,national
大理大学,临床医学,,,national
大理大学,小学教育,,,national
大理大学,护理学,,,national
大理大学,旅游管理,,,national
大理大学,汉语言文学,,,national
大理大学,泰语,,,national
大理大学,药学,,,national
大连东软信息学院,动画,,,national
大连东软信息学院,数字媒体技术,,,national
大连东软信息学院,电子信息工程,,,national
大连东软信息学院,电子商务,,,national
大连东软信息学院,计算机科学与技术,,,national
大连东软信息学院,软件工程,,,national
大连东软信息学院,集成电路设计与集成系统,,,national
大连交通大学,交通工程,,,national
大连交通大学,交通运输,,,national
大连交通大学,动画,,,national
大连交通大学,土木工程,,,national
大连交通大学,工业工程,,,national
大连交通大学,机械工程,,,national
大连交通大学,材料成型及控制工程,,,national
大连交通大学,材料科学与工程,,,national
大连交通大学,测控技术与仪器,,,national
大连交通大学,焊接技术与工程,,,national
大连交通大学,物流管理,,,national
大连交通大学,环境工程,,,national
大连交通大学,电子科学与技术,,,national
大连交通大学,车辆工程,,,national
大连交通大学,软件工程,,,national
大连交通大学,通信工程,,,national
大连医科大学,中西医临床医学,,,national
大连医科大学,临床医学,,,national
大连医科大学,医学影像学,,,national
大连医科大学,医学检验技术,,,national
大连医科大学,口腔医学,,,national
大连医科大学,护理学,,,national
大连外国语大学,俄语,,,national
大连外国语大学,商务英语,,,national
大连外国语大学,德语,,,national
大连外国语大学,意大利语,,,national
大连外国语大学,新闻学,,,national
大连外国语大学,日语,,,national
大连外国语大学,朝鲜语,,,national
大连外国语大学,法语,,,national
大连外国语大学,翻译,,,national
大连外国语大学,英语,,,national
大连外国语大学,葡萄牙语,,,national
大连外国语大学,西班牙语,,,national
大连大学,临床医学,,,national
大连大学,化学,,,national
大连大学,医学检验技术,,,national
大连大学,小学教育,,,national
大连大学,护理学,,,national
大连大学,日语,,,national
大连大学,机械设计制造及其自动化,,,national
大连大学,汉语言文学,,,national
大连工业大学,服装与服饰设计,,,national
大连工业大学,环境设计,,,national
大连工业大学,生物工程,,,national
大连工业大学,纺织工程,,,national
大连工业大学,视觉传达设计,,,national
大连工业大学,轻化工程,,,national
大连工业大学,通信工程,,,national
大连工业大学,食品科学与工程,,,national
大连工业大学,食品科学与工程（卓越人才培养实验班）,,,national
大连工业大学,食品质量与安全,,,national
大连民族大学,产品设计,,,national
大连民族大学,会计学,,,national
大连民族大学,信息与计算科学,,,national
大连民族大学,工业设计,,,national
大连民族大学,应用化学,,,national
大连民族大学,环境工程,,,national
大连民族大学,生物工程,,,national
大连民族大学,电子信息工程,,,national
大连民族大学,网络工程,,,national
大连海事大学,交通管理（国际航运管理）,,,national
大连海事大学,交通运输,,,national
大连海事大学,信息管理与信息系统,,,national
大连海事大学,国际经济与贸易,,,national
大连海事大学,地理信息科学,,,national
大连海事大学,机械设计制造及其自动化,,,national
大连海事大学,机械设计制造及其自动化（中外合作办学）,,,national
大连海事大学,材料科学与工程,,,national
大连海事大学,法学（中外合作办学）,,,national
大连海事大学,法学（国际经济法方向）,,,national
大连海事大学,法学（海商法方向）,,,national
大连海事大学,法学（涉外法制方向）,,,national
大连海事大学,物流工程,,,national
大连海事大学,物流管理,,,national
大连海事大学,电子信息工程,,,national
大连海事大学,电子信息工程（中外合作办学）,,,national
大连海事大学,电子商务,,,national
大连海事大学,航海技术,,,national
大连海事大学,船舶与海洋工程,,,national
大连海事大学,船舶与海洋工程（中外合作办学）,,,national
大连海事大学,船舶电子电气工程,,,national
大连海事大学,英语,,,national
大连海事大学,计算机科学与技术,,,national
大连海事大学,轮机工程（海上专业）,,,national
大连海事大学,轮机工程（陆上专业）,,,national
大连海洋大学,水产养殖学,,,national
大连海洋大学,海洋科学,,,national
大连理工大学,信息与计算科学,,,national
大连理工大学,公共事业管理,,,national
大连理工大学,制药工程,,,national
大连理工大学,功能材料,,,national
大连理工大学,化学工程与工艺,,,national
大连理工大学,城乡规划,,,national
大连理工大学,安全工程,,,national
大连理工大学,工业设计,,,national
大连理工大学,工程力学,,,national
大连理工大学,广播电视学,,,national
大连理工大学,应用化学,,,national
大连理工大学,应用物理学,,,national
大连理工大学,建筑学,,,national
大连理工大学,数字媒体技术,,,national
大连理工大学,数学与应用数学,,,national
大连理工大学,日语,,,national
大连理工大学,材料成型及控制工程,,,national
大连理工大学,环境工程,,,national
大连理工大学,环境设计,,,national
大连理工大学,生物医学工程,,,national
大连理工大学,生物工程,,,national
大连理工大学,电子信息工程,,,national
大连理工大学,电气工程及其自动化,,,national
大连理工大学,能源与动力工程,,,national
大连理工大学,自动化,,,national
大连理工大学,船舶与海洋工程,,,national
大连理工大学,英语,,,national
大连理工大学,视觉传达设计,,,national
大连理工大学,计算机科学与技术,,,national
大连理工大学,软件工程,,,national
大连理工大学,过程装备与控制工程,,,national
大连理工大学,金属材料工程,,,national
大连理工大学,高分子材料与工程,,,national
大连艺术学院,文化产业管理,,,national
大连艺术学院,服装与服饰设计,,,national
天水师范大学,体育教育,,,national
天水师范大学,化学,,,national
天水师范大学,历史学,,,national
天水师范大学,小学教育,,,national
天水师范大学,汉语言文学,,,national
天津中医药大学,中医学,,,national
天津中医药大学,中药制药,,,national
天津中医药大学,中药学,,,national
天津中医药大学,中西医临床医学,,,national
天津中医药大学,临床医学,,,national
天津中医药大学,市场营销,,,national
天津中医药大学,康复治疗学,,,national
天津中医药大学,护理学,,,national
天津中医药大学,针灸推拿学,,,national
天津体育学院,体育教育,,,national
天津体育学院,社会体育指导与管理,,,national
天津体育学院,运动康复,,,national
天津农学院,农学,,,national
天津农学院,动物医学,,,national
天津农学院,园艺,,,national
天津农学院,水产养殖学,,,national
天津农学院,食品科学与工程,,,national
天津农学院,食品质量与安全,,,national
天津医科大学,临床医学,,,national
天津医科大学,医学影像学,,,national
天津医科大学,医学影像技术,,,national
天津医科大学,医学检验技术,,,national
天津医科大学,口腔医学,,,national
天津医科大学,基础医学,,,national
天津医科大学,康复治疗学,,,national
天津医科大学,护理学,,,national
天津医科大学,智能医学工程,,,national
天津医科大学,生物医学工程,,,national
天津医科大学,眼视光医学,,,national
天津医科大学,眼视光学,,,national
天津医科大学,药学,,,national
天津医科大学,预防医学,,,national
天津医科大学,麻醉学,,,national
天津商业大学,工商管理,,,national
天津商业大学,应用统计学,,,national
天津商业大学,建筑环境与能源应用工程,,,national
天津商业大学,法学,,,national
天津商业大学,生物工程,,,national
天津商业大学,电子商务,,,national
天津商业大学,能源与动力工程,,,national
天津商业大学,财务管理,,,national
天津商业大学,财务管理（中外合作办学）,,,national
天津商业大学,通信工程,,,national
天津商业大学,酒店管理,,,national
天津商业大学,金融学,,,national
天津商业大学,食品科学与工程,,,national
天津城建大学,土木工程,,,national
天津城建大学,城乡规划,,,national
天津城建大学,城市地下空间工程,,,national
天津城建大学,工程管理,,,national
天津城建大学,建筑学,,,national
天津城建大学,建筑环境与能源应用工程,,,national
天津城建大学,房地产开发与管理,,,national
天津城建大学,机械设计制造及其自动化,,,national
天津城建大学,给排水科学与工程,,,national
天津城建大学,道路桥梁与渡河工程,,,national
天津外国语大学,俄语,,,national
天津外国语大学,商务英语,,,national
天津外国语大学,国际商务,,,national
天津外国语大学,德语,,,national
天津外国语大学,意大利语,,,national
天津外国语大学,新闻学,,,national
天津外国语大学,日语,,,national
天津外国语大学,朝鲜语,,,national
天津外国语大学,汉语国际教育,,,national
天津外国语大学,汉语言文学,,,national
天津外国语大学,法语,,,national
天津外国语大学,翻译,,,national
天津外国语大学,英语,,,national
天津外国语大学,西班牙语,,,national
天津外国语大学,阿拉伯语,,,national
天津大学,保密管理,,,national
天津大学,信息管理与信息系统,,,national
天津大学,光电信息科学与工程,,,national
天津大学,分子科学与工程,,,national
天津大学,制药工程,,,national
天津大学,功能材料,,,national
天津大学,合成生物学,,,national
天津大学,土木工程,,,national
天津大学,城乡规划,,,national
天津大学,工业工程,,,national
天津大学,工业设计,,,national
天津大学,工程力学,,,national
天津大学,工程管理,,,national
天津大学,建筑学,,,national
天津大学,教育学,,,national
天津大学,数学与应用数学,,,national
天津大学,智能医学工程,,,national
天津大学,机械设计制造及其自动化,,,national
天津大学,材料成型及控制工程,,,national
天津大学,材料科学与工程,,,national
天津大学,水利水电工程,,,national
天津大学,法学,,,national
天津大学,港口航道与海岸工程,,,national
天津大学,环境设计,,,national
天津大学,生物医学工程,,,national
天津大学,生物工程,,,national
天津大学,生物科学,,,national
天津大学,电子商务,,,national
天津大学,精细化工,,,national
天津大学,能源与动力工程,,,national
天津大学,药学,,,national
天津大学,财务管理,,,national
天津大学,过程装备与控制工程,,,national
天津大学,金融学,,,national
天津大学,风景园林,,,national
天津大学,食品科学与工程,,,national
天津工业大学,动画,,,national
天津工业大学,化学工程与工艺,,,national
天津工业大学,国际经济与贸易,,,national
天津工业大学,工业设计,,,national
天津工业大学,工商管理,,,national
天津工业大学,广播电视编导,,,national
天津工业大学,应用物理学,,,national
天津工业大学,数学与应用数学,,,national
天津工业大学,服装与服饰设计,,,national
天津工业大学,服装设计与工程,,,national
天津工业大学,机械工程,,,national
天津工业大学,机械电子工程,,,national
天津工业大学,材料科学与工程,,,national
天津工业大学,环境工程,,,national
天津工业大学,电子信息工程,,,national
天津工业大学,电子科学与技术,,,national
天津工业大学,电气工程及其自动化,,,national
天津工业大学,纺织工程,,,national
天津工业大学,自动化,,,national
天津工业大学,视觉传达设计,,,national
天津工业大学,计算机科学与技术,,,national
天津工业大学,软件工程,,,national
天津工业大学,轻化工程,,,national
天津工业大学,金融学,,,national
天津工业大学,非织造材料与工程,,,national
天津师范大学,世界史,,,national
天津师范大学,俄语,,,national
天津师范大学,化学,,,national
天津师范大学,国际经济与贸易,,,national
天津师范大学,地理信息科学,,,national
天津师范大学,地理科学,,,national
天津师范大学,小学教育,,,national
天津师范大学,广告学,,,national
天津师范大学,应用心理学,,,national
天津师范大学,思想政治教育,,,national
天津师范大学,戏剧影视文学,,,national
天津师范大学,政治学与行政学,,,national
天津师范大学,教育学,,,national
天津师范大学,教育技术学,,,national
天津师范大学,数学与应用数学,,,national
天津师范大学,新闻学,,,national
天津师范大学,朝鲜语,,,national
天津师范大学,汉语国际教育,,,national
天津师范大学,汉语言文学,,,national
天津师范大学,法学,,,national
天津师范大学,物理学,,,national
天津师范大学,生物科学,,,national
天津师范大学,社会工作,,,national
天津师范大学,英语,,,national
天津师范大学,行政管理,,,national
天津师范大学,计算机科学与技术,,,national
天津理工大学,产品设计,,,national
天津理工大学,信息安全,,,national
天津理工大学,动画,,,national
天津理工大学,化学工程与工艺,,,national
天津理工大学,安全工程,,,national
天津理工大学,工商管理,,,national
天津理工大学,工程管理,,,national
天津理工大学,工程造价,,,national
天津理工大学,应用化学,,,national
天津理工大学,机械工程,,,national
天津理工大学,机械电子工程,,,national
天津理工大学,材料物理,,,national
天津理工大学,材料科学与工程,,,national
天津理工大学,测控技术与仪器,,,national
天津理工大学,环境工程,,,national
天津理工大学,电子信息工程,,,national
天津理工大学,电气工程及其自动化,,,national
天津理工大学,社会工作,,,national
天津理工大学,自动化,,,national
天津理工大学,计算机科学与技术,,,national
天津理工大学,通信工程,,,national
天津科技大学,制药工程,,,national
天津科技大学,包装工程,,,national
天津科技大学,化学工程与工艺,,,national
天津科技大学,国际经济与贸易,,,national
天津科技大学,工业设计,,,national
天津科技大学,物流管理,,,national
天津科技大学,环境科学,,,national
天津科技大学,生物工程,,,national
天津科技大学,翻译,,,national
天津科技大学,财务管理,,,national
天津科技大学,软件工程,,,national
天津科技大学,轻化工程,,,national
天津科技大学,过程装备与控制工程,,,national
天津科技大学,食品科学与工程,,,national
天津科技大学,食品质量与安全,,,national
天津科技大学,高分子材料与工程,,,national
天津美术学院,工艺美术,,,national
天津美术学院,服装与服饰设计,,,national
天津美术学院,环境设计,,,national
天津美术学院,绘画,,,national
天津美术学院,美术学,,,national
天津美术学院,艺术设计学,,,national
天津美术学院,视觉传达设计,,,national
天津美术学院,雕塑,,,national
天津职业技术师范大学,动画,,,national
天津职业技术师范大学,教育学,,,national
天津职业技术师范大学,机械设计制造及其自动化,,,national
天津职业技术师范大学,材料成型及控制工程,,,national
天津财经大学,人力资源管理,,,national
天津财经大学,会计学,,,national
天津财经大学,信息管理与信息系统,,,national
天津财经大学,信用管理,,,national
天津财经大学,商务英语,,,national
天津财经大学,国际商务,,,national
天津财经大学,国际经济与贸易,,,national
天津财经大学,工商管理,,,national
天津财经大学,市场营销,,,national
天津财经大学,旅游管理,,,national
天津财经大学,法学,,,national
天津财经大学,电子商务,,,national
天津财经大学,经济统计学,,,national
天津财经大学,行政管理,,,national
天津财经大学,财务管理,,,national
天津财经大学,财政学,,,national
天津财经大学,金融学,,,national
天津财经大学,金融工程,,,national
天津音乐学院,作曲与作曲技术理论,,,national
天津音乐学院,舞蹈编导,,,national
天津音乐学院,音乐学,,,national
天津音乐学院,音乐表演,,,national
太原师范学院,人文地理与城乡规划,,,national
太原师范学院,地理科学,,,national
太原师范学院,学前教育,,,national
太原师范学院,数学与应用数学,,,national
太原师范学院,舞蹈编导,,,national
太原师范学院,音乐学,,,national
太原理工大学,会计学,,,national
太原理工大学,体育教育,,,national
太原理工大学,信息与计算科学,,,national
太原理工大学,光电信息科学与工程,,,national
太原理工大学,农业水利工程,,,national
太原理工大学,化学工程与工艺,,,national
太原理工大学,国际经济与贸易,,,national
太原理工大学,土木工程,,,national
太原理工大学,地质工程,,,national
太原理工大学,安全工程,,,national
太原理工大学,工程力学,,,national
太原理工大学,工程管理,,,national
太原理工大学,工艺美术,,,national
太原理工大学,应用化学,,,national
太原理工大学,应用物理学,,,national
太原理工大学,建筑学,,,national
太原理工大学,建筑环境与能源应用工程,,,national
太原理工大学,机械电子工程,,,national
太原理工大学,机械设计制造及其自动化,,,national
太原理工大学,材料成型及控制工程,,,national
太原理工大学,材料科学与工程,,,national
太原理工大学,水文与水资源工程,,,national
太原理工大学,法学,,,national
太原理工大学,测绘工程,,,national
太原理工大学,物流管理,,,national
太原理工大学,物联网工程,,,national
太原理工大学,环境工程,,,national
太原理工大学,生物医学工程,,,national
太原理工大学,电子信息工程,,,national
太原理工大学,电子科学与技术,,,national
太原理工大学,电气工程及其自动化,,,national
太原理工大学,矿物加工工程,,,national
太原理工大学,给排水科学与工程,,,national
太原理工大学,自动化,,,national
太原理工大学,英语,,,national
太原理工大学,计算机科学与技术,,,national
太原理工大学,资源勘查工程,,,national
太原理工大学,车辆工程,,,national
太原理工大学,通信工程,,,national
太原理工大学,采矿工程,,,national
太原理工大学,金属材料工程,,,national
太原科技大学,机械电子工程,,,national
太原科技大学,机械设计制造及其自动化,,,national
太原科技大学,材料成型及控制工程,,,national
太原科技大学,材料科学与工程,,,national
太原科技大学,电气工程及其自动化,,,national
太原科技大学,自动化,,,national
太原科技大学,计算机科学与技术,,,national
宁夏医科大学,中医学,,,national
宁夏医科大学,中药学,,,national
宁夏医科大学,临床医学,,,national
宁夏医科大学,医学检验技术,,,national
宁夏医科大学,口腔医学,,,national
宁夏医科大学,护理学,,,national
宁夏医科大学,药学,,,national
宁夏医科大学,预防医学,,,national
宁夏大学,体育教育,,,national
宁夏大学,农学,,,national
宁夏大学,动物科学,,,national
宁夏大学,化学,,,national
宁夏大学,化学工程与工艺,,,national
宁夏大学,园艺,,,national
宁夏大学,土木工程,,,national
宁夏大学,地理科学,,,national
宁夏大学,应用心理学,,,national
宁夏大学,数学与应用数学,,,national
宁夏大学,新闻学,,,national
宁夏大学,旅游管理,,,national
宁夏大学,机械工程,,,national
宁夏大学,水利水电工程,,,national
宁夏大学,汉语言文学,,,national
宁夏大学,法学,,,national
宁夏大学,物理学,,,national
宁夏大学,生物技术,,,national
宁夏大学,电子信息工程,,,national
宁夏大学,电气工程及其自动化,,,national
宁夏大学,经济学,,,national
宁夏大学,英语,,,national
宁夏大学,草业科学,,,national
宁夏大学,行政管理,,,national
宁夏大学,计算机科学与技术,,,national
宁夏大学,过程装备与控制工程,,,national
宁夏大学,阿拉伯语,,,national
宁夏大学,食品科学与工程,,,national
宁夏师范大学,历史学,,,national
宁夏师范大学,小学教育,,,national
宁夏师范大学,数学与应用数学,,,national
宁夏师范大学,汉语言文学,,,national
宁夏师范大学,电子信息工程,,,national
宁夏师范大学,英语,,,national
宁夏理工学院,机械工程,,,national
宁夏理工学院,物联网工程,,,national
宁波大学,临床医学,,,national
宁波大学,会计学,,,national
宁波大学,体育教育,,,national
宁波大学,化学,,,national
宁波大学,历史学,,,national
宁波大学,国际经济与贸易,,,national
宁波大学,土木工程,,,national
宁波大学,地理科学,,,national
宁波大学,学前教育,,,national
宁波大学,小学教育,,,national
宁波大学,工商管理,,,national
宁波大学,工程力学,,,national
宁波大学,应用心理学,,,national
宁波大学,思想政治教育,,,national
宁波大学,数学与应用数学,,,national
宁波大学,旅游管理,,,national
宁波大学,日语,,,national
宁波大学,机械设计制造及其自动化,,,national
宁波大学,材料科学与工程,,,national
宁波大学,水产养殖学,,,national
宁波大学,汉语言文学,,,national
宁波大学,法学,,,national
宁波大学,物流管理,,,national
宁波大学,物理学,,,national
宁波大学,生物技术,,,national
宁波大学,电子信息科学与技术,,,national
宁波大学,经济学,,,national
宁波大学,航海技术,,,national
宁波大学,船舶与海洋工程,,,national
宁波大学,英语,,,national
宁波大学,行政管理,,,national
宁波大学,计算机科学与技术,,,national
宁波大学,通信工程,,,national
宁波大学,金融学,,,national
宁波大学,音乐学,,,national
宁波大学,食品科学与工程,,,national
宁波工程学院,化学工程与工艺,,,national
宁波工程学院,土木工程,,,national
宁波工程学院,机械设计制造及其自动化,,,national
宁波工程学院,物流管理,,,national
宁波工程学院,计算机科学与技术,,,national
宁波诺丁汉大学,财务管理,,,national
宁波财经学院,信息管理与信息系统,,,national
宁波财经学院,国际经济与贸易,,,national
宁波财经学院,视觉传达设计,,,national
宁波财经学院,计算机科学与技术,,,national
安庆师范大学,化学,,,national
安庆师范大学,数字媒体技术,,,national
安庆师范大学,数学与应用数学,,,national
安庆师范大学,汉语言文学,,,national
安庆师范大学,物流管理,,,national
安庆师范大学,物联网工程,,,national
安庆师范大学,生物科学,,,national
安庆师范大学,英语,,,national
安庆师范大学,表演,,,national
安康学院,小学教育,,,national
安康学院,旅游管理,,,national
安徽中医药大学,中医学,,,national
安徽中医药大学,中药学,,,national
安徽中医药大学,中西医临床医学,,,national
安徽中医药大学,制药工程,,,national
安徽中医药大学,药学,,,national
安徽中医药大学,针灸推拿学,,,national
安徽农业大学,农业机械化及其自动化,,,national
安徽农业大学,农业资源与环境,,,national
安徽农业大学,农学,,,national
安徽农业大学,农林经济管理,,,national
安徽农业大学,动物医学,,,national
安徽农业大学,动物科学,,,national
安徽农业大学,园林,,,national
安徽农业大学,园艺,,,national
安徽农业大学,木材科学与工程,,,national
安徽农业大学,林学,,,national
安徽农业大学,植物保护,,,national
安徽农业大学,环境科学,,,national
安徽农业大学,生物技术,,,national
安徽农业大学,英语,,,national
安徽农业大学,茶学,,,national
安徽农业大学,计算机科学与技术,,,national
安徽农业大学,食品科学与工程,,,national
安徽医科大学,临床医学,,,national
安徽医科大学,临床药学,,,national
安徽医科大学,公共事业管理,,,national
安徽医科大学,医学影像学,,,national
安徽医科大学,医学检验技术,,,national
安徽医科大学,口腔医学,,,national
安徽医科大学,应用心理学,,,national
安徽医科大学,护理学,,,national
安徽医科大学,生物技术,,,national
安徽医科大学,药学,,,national
安徽医科大学,预防医学,,,national
安徽医科大学,麻醉学,,,national
安徽大学,人力资源管理,,,national
安徽大学,会计学,,,national
安徽大学,信息安全,,,national
安徽大学,信息管理与信息系统,,,national
安徽大学,光电信息科学与工程,,,national
安徽大学,化学,,,national
安徽大学,化学工程与工艺,,,national
安徽大学,历史学,,,national
安徽大学,哲学,,,national
安徽大学,国际经济与贸易,,,national
安徽大学,工商管理,,,national
安徽大学,市场营销,,,national
安徽大学,广播电视学,,,national
安徽大学,应用物理学,,,national
安徽大学,应用物理学（中外合作办学）,,,national
安徽大学,政治学与行政学,,,national
安徽大学,数学与应用数学,,,national
安徽大学,新闻学,,,national
安徽大学,旅游管理,,,national
安徽大学,机械设计制造及其自动化,,,national
安徽大学,材料物理,,,national
安徽大学,汉语国际教育,,,national
安徽大学,汉语言文学,,,national
安徽大学,法学,,,national
安徽大学,测绘工程,,,national
安徽大学,物流管理,,,national
安徽大学,物联网工程,,,national
安徽大学,环境科学,,,national
安徽大学,环境设计（人居空间环境方向）,,,national
安徽大学,环境设计（场景智能交互方向）,,,national
安徽大学,生态学,,,national
安徽大学,生物工程,,,national
安徽大学,生物科学,,,national
安徽大学,电子信息工程,,,national
安徽大学,电子商务,,,national
安徽大学,电气工程及其自动化,,,national
安徽大学,知识产权,,,national
安徽大学,社会学,,,national
安徽大学,经济学,,,national
安徽大学,绘画,,,national
安徽大学,统计学,,,national
安徽大学,编辑出版学,,,national
安徽大学,自动化,,,national
安徽大学,英语,,,national
安徽大学,英语（英语与信息技术方向）,,,national
安徽大学,行政管理,,,national
安徽大学,计算机科学与技术,,,national
安徽大学,财政学,,,national
安徽大学,软件工程,,,national
安徽大学,通信工程,,,national
安徽大学,金融学,,,national
安徽大学,高分子材料与工程,,,national
安徽工业大学,会计学,,,national
安徽工业大学,冶金工程,,,national
安徽工业大学,化学工程与工艺,,,national
安徽工业大学,土木工程,,,national
安徽工业大学,工业工程,,,national
安徽工业大学,应用化学,,,national
安徽工业大学,建筑环境与能源应用工程,,,national
安徽工业大学,机械设计制造及其自动化,,,national
安徽工业大学,材料成型及控制工程,,,national
安徽工业大学,材料科学与工程,,,national
安徽工业大学,环境工程,,,national
安徽工业大学,电气工程及其自动化,,,national
安徽工业大学,经济学,,,national
安徽工业大学,给排水科学与工程,,,national
安徽工业大学,能源与动力工程,,,national
安徽工业大学,英语,,,national
安徽工业大学,行政管理,,,national
安徽工业大学,计算机科学与技术,,,national
安徽工业大学,软件工程,,,national
安徽工业大学,金融学,,,national
安徽工程大学,化学工程与工艺,,,national
安徽工程大学,工商管理,,,national
安徽工程大学,应用化学,,,national
安徽工程大学,机械设计制造及其自动化,,,national
安徽工程大学,材料成型及控制工程,,,national
安徽工程大学,物流管理,,,national
安徽工程大学,环境设计,,,national
安徽工程大学,生物工程,,,national
安徽工程大学,电子信息工程,,,national
安徽工程大学,纺织工程,,,national
安徽工程大学,统计学,,,national
安徽工程大学,自动化,,,national
安徽工程大学,行政管理,,,national
安徽工程大学,视觉传达设计,,,national
安徽工程大学,计算机科学与技术,,,national
安徽工程大学,车辆工程,,,national
安徽工程大学,软件工程,,,national
安徽工程大学,金融工程,,,national
安徽工程大学,食品科学与工程,,,national
安徽师范大学,会计学,,,national
安徽师范大学,体育教育,,,national
安徽师范大学,俄语,,,national
安徽师范大学,化学,,,national
安徽师范大学,历史学,,,national
安徽师范大学,土地资源管理,,,national
安徽师范大学,地理信息科学,,,national
安徽师范大学,地理科学,,,national
安徽师范大学,学前教育,,,national
安徽师范大学,小学教育,,,national
安徽师范大学,广告学,,,national
安徽师范大学,心理学,,,national
安徽师范大学,思想政治教育,,,national
安徽师范大学,教育学,,,national
安徽师范大学,数学与应用数学,,,national
安徽师范大学,新闻学,,,national
安徽师范大学,旅游管理,,,national
安徽师范大学,汉语言文学,,,national
安徽师范大学,法学,,,national
安徽师范大学,物理学,,,national
安徽师范大学,生物技术,,,national
安徽师范大学,生物科学,,,national
安徽师范大学,电子信息工程,,,national
安徽师范大学,社会工作,,,national
安徽师范大学,经济学,,,national
安徽师范大学,统计学,,,national
安徽师范大学,美术学,,,national
安徽师范大学,舞蹈表演,,,national
安徽师范大学,英语,,,national
安徽师范大学,计算机科学与技术,,,national
安徽师范大学,音乐学,,,national
安徽师范大学,音乐表演,,,national
安徽建筑大学,人力资源管理,,,national
安徽建筑大学,动画,,,national
安徽建筑大学,土木工程,,,national
安徽建筑大学,城乡规划,,,national
安徽建筑大学,工程管理,,,national
安徽建筑大学,应用化学,,,national
安徽建筑大学,建筑学,,,national
安徽建筑大学,建筑环境与能源应用工程,,,national
安徽建筑大学,建筑电气与智能化,,,national
安徽建筑大学,无机非金属材料工程,,,national
安徽建筑大学,机械设计制造及其自动化,,,national
安徽建筑大学,环境工程,,,national
安徽建筑大学,电子信息工程,,,national
安徽建筑大学,给排水科学与工程,,,national
安徽建筑大学,能源与动力工程,,,national
安徽建筑大学,计算机科学与技术,,,national
安徽建筑大学,道路桥梁与渡河工程,,,national
安徽建筑大学,高分子材料与工程,,,national
安徽新华学院,经济与金融,,,national
安徽新华学院,财务管理,,,national
安徽新华学院,软件工程,,,national
安徽新华学院,通信工程,,,national
安徽理工大学,临床医学,,,national
安徽理工大学,信息与计算科学,,,national
安徽理工大学,化学工程与工艺,,,national
安徽理工大学,土木工程,,,national
安徽理工大学,地质工程,,,national
安徽理工大学,安全工程,,,national
安徽理工大学,弹药工程与爆炸技术,,,national
安徽理工大学,无机非金属材料工程,,,national
安徽理工大学,机械设计制造及其自动化,,,national
安徽理工大学,测控技术与仪器,,,national
安徽理工大学,测绘工程,,,national
安徽理工大学,环境工程,,,national
安徽理工大学,电子信息工程,,,national
安徽理工大学,电气工程及其自动化,,,national
安徽理工大学,矿物加工工程,,,national
安徽理工大学,自动化,,,national
安徽理工大学,英语,,,national
安徽理工大学,计算机科学与技术,,,national
安徽理工大学,过程装备与控制工程,,,national
安徽理工大学,采矿工程,,,national
安徽科技工程大学,动物医学,,,national
安徽科技工程大学,财务管理,,,national
安徽财经大学,人力资源管理,,,national
安徽财经大学,会计学,,,national
安徽财经大学,信息管理与信息系统,,,national
安徽财经大学,劳动与社会保障,,,national
安徽财经大学,商务英语,,,national
安徽财经大学,国际商务,,,national
安徽财经大学,国际经济与贸易,,,national
安徽财经大学,审计学,,,national
安徽财经大学,工商管理,,,national
安徽财经大学,市场营销,,,national
安徽财经大学,广告学,,,national
安徽财经大学,法学,,,national
安徽财经大学,电子商务,,,national
安徽财经大学,经济学,,,national
安徽财经大学,统计学,,,national
安徽财经大学,计算机科学与技术,,,national
安徽财经大学,财务管理,,,national
安徽财经大学,财政学,,,national
安徽财经大学,金融学,,,national
安徽财经大学,金融工程,,,national
安阳工学院,机械设计制造及其自动化,,,national
安阳工学院,汽车服务工程,,,national
安阳师范学院,广播电视编导,,,national
安阳师范学院,教育学,,,national
安阳师范学院,计算机科学与技术,,,national
安阳师范学院,软件工程,,,national
宜宾学院,电子信息科学与技术,,,national
宜宾学院,软件工程,,,national
宜春学院,农学,,,national
宝鸡文理学院,地理科学,,,national
宝鸡文理学院,教育学,,,national
宝鸡文理学院,数学与应用数学,,,national
宝鸡文理学院,汉语言文学,,,national
宝鸡文理学院,物理学,,,national
宿州学院,电子商务,,,national
对外经济贸易大学,人力资源管理,,,national
对外经济贸易大学,会计学,,,national
对外经济贸易大学,俄语,,,national
对外经济贸易大学,保险学,,,national
对外经济贸易大学,商务英语,,,national
对外经济贸易大学,国际政治,,,national
对外经济贸易大学,国际经济与贸易,,,national
对外经济贸易大学,工商管理,,,national
对外经济贸易大学,市场营销,,,national
对外经济贸易大学,德语,,,national
对外经济贸易大学,意大利语,,,national
对外经济贸易大学,投资学,,,national
对外经济贸易大学,日语,,,national
对外经济贸易大学,法学,,,national
对外经济贸易大学,海关管理,,,national
对外经济贸易大学,物流管理,,,national
对外经济贸易大学,电子商务,,,national
对外经济贸易大学,精算学,,,national
对外经济贸易大学,经济统计学,,,national
对外经济贸易大学,英语,,,national
对外经济贸易大学,行政管理,,,national
对外经济贸易大学,西班牙语,,,national
对外经济贸易大学,财务管理,,,national
对外经济贸易大学,财政学,,,national
对外经济贸易大学,金融学,,,national
对外经济贸易大学,金融工程,,,national
对外经济贸易大学,阿拉伯语,,,national
山东中医药大学,中医学,,,national
山东中医药大学,中医骨伤科学,,,national
山东中医药大学,中草药栽培与鉴定,,,national
山东中医药大学,中药学,,,national
山东中医药大学,中西医临床医学,,,national
山东中医药大学,信息管理与信息系统,,,national
山东中医药大学,护理学,,,national
山东中医药大学,眼视光学,,,national
山东中医药大学,计算机科学与技术,,,national
山东中医药大学,针灸推拿学,,,national
山东交通学院,交通工程,,,national
山东交通学院,物流工程,,,national
山东交通学院,计算机科学与技术,,,national
山东交通学院,车辆工程,,,national
山东体育学院,休闲体育,,,national
山东体育学院,体育经济与管理,,,national
山东体育学院,社会体育指导与管理,,,national
山东体育学院,运动训练,,,national
山东农业大学,农业机械化及其自动化,,,national
山东农业大学,农业资源与环境,,,national
山东农业大学,农学,,,national
山东农业大学,农林经济管理,,,national
山东农业大学,动物医学,,,national
山东农业大学,动物科学,,,national
山东农业大学,园艺,,,national
山东农业大学,土地资源管理,,,national
山东农业大学,林学,,,national
山东农业大学,植物保护,,,national
山东农业大学,水利水电工程,,,national
山东农业大学,物联网工程,,,national
山东农业大学,生物技术,,,national
山东农业大学,种子科学与工程,,,national
山东农业大学,食品科学与工程,,,national
山东医药大学,临床医学,,,national
山东医药大学,口腔医学,,,national
山东医药大学,护理学,,,national
山东协和学院,学前教育,,,national
山东协和学院,护理学,,,national
山东协和学院,旅游管理,,,national
山东协和学院,机械设计制造及其自动化,,,national
山东大学,临床医学,,,national
山东大学,临床药学,,,national
山东大学,产品设计,,,national
山东大学,人工智能,,,national
山东大学,会计学,,,national
山东大学,俄语,,,national
山东大学,信息与计算科学,,,national
山东大学,化学,,,national
山东大学,化学工程与工艺,,,national
山东大学,历史学,,,national
山东大学,口腔医学,,,national
山东大学,哲学,,,national
山东大学,国际政治,,,national
山东大学,国际经济与贸易,,,national
山东大学,工商管理,,,national
山东大学,工程管理,,,national
山东大学,护理学,,,national
山东大学,政治学与行政学,,,national
山东大学,数字媒体技术,,,national
山东大学,数学与应用数学,,,national
山东大学,新闻学,,,national
山东大学,日语,,,national
山东大学,智能医学工程,,,national
山东大学,朝鲜语,,,national
山东大学,机器人工程,,,national
山东大学,机械设计制造及其自动化,,,national
山东大学,材料成型及控制工程,,,national
山东大学,档案学,,,national
山东大学,汉语国际教育,,,national
山东大学,汉语言文学,,,national
山东大学,法学,,,national
山东大学,法语,,,national
山东大学,物理学,,,national
山东大学,环境工程,,,national
山东大学,生态学,,,national
山东大学,生物工程,,,national
山东大学,生物科学,,,national
山东大学,电气工程及其自动化,,,national
山东大学,社会体育指导与管理,,,national
山东大学,社会学,,,national
山东大学,社会工作,,,national
山东大学,科学社会主义,,,national
山东大学,经济学,,,national
山东大学,统计学,,,national
山东大学,网络空间安全,,,national
山东大学,美术学,,,national
山东大学,考古学,,,national
山东大学,能源与动力工程,,,national
山东大学,能源与环境系统工程,,,national
山东大学,自动化,,,national
山东大学,英语,,,national
山东大学,药学,,,national
山东大学,行政管理,,,national
山东大学,计算机科学与技术,,,national
山东大学,财政学,,,national
山东大学,软件工程,,,national
山东大学,金融学,,,national
山东大学,集成电路设计与集成系统,,,national
山东大学,音乐学,,,national
山东大学,预防医学,,,national
山东大学,马克思主义理论,,,national
山东女子学院,学前教育,,,national
山东女子学院,社会工作,,,national
山东工商学院,会计学,,,national
山东工商学院,国际经济与贸易,,,national
山东工商学院,工业工程,,,national
山东工商学院,工商管理,,,national
山东工商学院,应用统计学,,,national
山东工商学院,电子信息工程,,,national
山东工商学院,电子商务,,,national
山东工商学院,经济统计学,,,national
山东工商学院,翻译,,,national
山东工商学院,行政管理,,,national
山东工商学院,计算机科学与技术,,,national
山东工商学院,财务管理,,,national
山东工艺美术学院,产品设计,,,national
山东工艺美术学院,公共艺术,,,national
山东工艺美术学院,工业设计,,,national
山东工艺美术学院,工艺美术,,,national
山东工艺美术学院,数字媒体艺术,,,national
山东工艺美术学院,文化产业管理,,,national
山东工艺美术学院,服装与服饰设计,,,national
山东工艺美术学院,环境设计,,,national
山东工艺美术学院,美术学,,,national
山东工艺美术学院,艺术与科技,,,national
山东工艺美术学院,艺术史论,,,national
山东工艺美术学院,艺术设计学,,,national
山东工艺美术学院,视觉传达设计,,,national
山东师范大学,体育教育,,,national
山东师范大学,信息管理与信息系统,,,national
山东师范大学,劳动与社会保障,,,national
山东师范大学,化学,,,national
山东师范大学,历史学,,,national
山东师范大学,国际经济与贸易,,,national
山东师范大学,地理信息科学,,,national
山东师范大学,地理科学,,,national
山东师范大学,地理科学（公费师范生）,,,national
山东师范大学,学前教育,,,national
山东师范大学,工商管理,,,national
山东师范大学,工商管理（新结构经济学产业运营人才卓越班）,,,national
山东师范大学,广播电视编导,,,national
山东师范大学,应用心理学,,,national
山东师范大学,思想政治教育,,,national
山东师范大学,戏剧影视文学,,,national
山东师范大学,教育学,,,national
山东师范大学,教育技术学,,,national
山东师范大学,数学与应用数学,,,national
山东师范大学,新闻学,,,national
山东师范大学,新闻学（播音主持人才卓越班）,,,national
山东师范大学,旅游管理,,,national
山东师范大学,日语,,,national
山东师范大学,武术与民族传统体育,,,national
山东师范大学,汉语国际教育,,,national
山东师范大学,汉语言,,,national
山东师范大学,汉语言文学,,,national
山东师范大学,汉语言文学（公费师范生）,,,national
山东师范大学,汉语言文学（文化创意产业人才卓越班）,,,national
山东师范大学,法学,,,national
山东师范大学,物理学,,,national
山东师范大学,环境设计,,,national
山东师范大学,生物技术,,,national
山东师范大学,生物科学,,,national
山东师范大学,电子信息工程,,,national
山东师范大学,统计学,,,national
山东师范大学,美术学,,,national
山东师范大学,美术学（中外合作办学）,,,national
山东师范大学,舞蹈学,,,national
山东师范大学,舞蹈学（中外合作办学）,,,national
山东师范大学,英语,,,national
山东师范大学,行政管理,,,national
山东师范大学,计算机科学与技术,,,national
山东师范大学,通信工程,,,national
山东师范大学,金融学,,,national
山东师范大学,金融学（国际联合培养）,,,national
山东师范大学,音乐学,,,national
山东师范大学,音乐学（中外合作办学）,,,national
山东师范大学,音乐表演,,,national
山东建筑大学,土木工程,,,national
山东建筑大学,城乡规划,,,national
山东建筑大学,城市地下空间工程,,,national
山东建筑大学,工程管理,,,national
山东建筑大学,工程造价,,,national
山东建筑大学,建筑学,,,national
山东建筑大学,建筑环境与能源应用工程,,,national
山东建筑大学,机械工程,,,national
山东建筑大学,测绘工程,,,national
山东建筑大学,环境设计,,,national
山东建筑大学,电气工程及其自动化,,,national
山东建筑大学,给排水科学与工程,,,national
山东建筑大学,道路桥梁与渡河工程,,,national
山东政法学院,法学,,,national
山东政法学院,法学（涉外法治实验班）,,,national
山东政法学院,法学（纪检实验班）,,,national
山东政法学院,法学（调解法治实验班）,,,national
山东政法学院,法学（鼎山学堂实验班）,,,national
山东政法学院,监狱学,,,national
山东理工大学,交通工程,,,national
山东理工大学,交通运输,,,national
山东理工大学,农业机械化及其自动化,,,national
山东理工大学,化学工程与工艺,,,national
山东理工大学,国际经济与贸易,,,national
山东理工大学,土木工程,,,national
山东理工大学,工商管理,,,national
山东理工大学,应用化学,,,national
山东理工大学,数学与应用数学,,,national
山东理工大学,机械设计制造及其自动化,,,national
山东理工大学,材料成型及控制工程,,,national
山东理工大学,材料科学与工程,,,national
山东理工大学,汉语言文学,,,national
山东理工大学,法学,,,national
山东理工大学,测控技术与仪器,,,national
山东理工大学,生物科学,,,national
山东理工大学,电子信息工程,,,national
山东理工大学,电气工程及其自动化,,,national
山东理工大学,社会工作,,,national
山东理工大学,能源与动力工程,,,national
山东理工大学,自动化,,,national
山东理工大学,计算机科学与技术,,,national
山东理工大学,车辆工程,,,national
山东理工大学,采矿工程,,,national
山东理工大学,食品科学与工程,,,national
山东科技大学,交通运输,,,national
山东科技大学,产品设计,,,national
山东科技大学,化学工程与工艺,,,national
山东科技大学,土木工程,,,national
山东科技大学,地理信息科学,,,national
山东科技大学,地质工程,,,national
山东科技大学,安全工程,,,national
山东科技大学,工业工程,,,national
山东科技大学,工商管理,,,national
山东科技大学,机器人工程,,,national
山东科技大学,机械电子工程,,,national
山东科技大学,机械设计制造及其自动化,,,national
山东科技大学,法学,,,national
山东科技大学,测绘工程,,,national
山东科技大学,物联网工程,,,national
山东科技大学,环境工程,,,national
山东科技大学,电子信息工程,,,national
山东科技大学,电气工程及其自动化,,,national
山东科技大学,统计学,,,national
山东科技大学,自动化,,,national
山东科技大学,英语,,,national
山东科技大学,计算机科学与技术,,,national
山东科技大学,软件工程,,,national
山东科技大学,通信工程,,,national
山东科技大学,采矿工程,,,national
山东第一医科大学,临床医学,,,national
山东第一医科大学,医学影像技术,,,national
山东第一医科大学,医学检验技术,,,national
山东第一医科大学,护理学,,,national
山东第二医科大学,临床医学,,,national
山东第二医科大学,应用心理学,,,national
山东第二医科大学,护理学,,,national
山东第二医科大学,药学,,,national
山东第二医科大学,麻醉学,,,national
山东管理学院,劳动关系,,,national
山东管理学院,审计学,,,national
山东管理学院,财务管理,,,national
山东航空学院,计算机科学与技术,,,national
山东艺术学院,中国画,,,national
山东艺术学院,书法学,,,national
山东艺术学院,动画,,,national
山东艺术学院,工艺美术,,,national
山东艺术学院,广播电视编导,,,national
山东艺术学院,戏剧影视美术设计,,,national
山东艺术学院,数字媒体艺术,,,national
山东艺术学院,环境设计,,,national
山东艺术学院,绘画,,,national
山东艺术学院,美术学,,,national
山东艺术学院,舞蹈表演,,,national
山东艺术学院,艺术设计学,,,national
山东艺术学院,视觉传达设计,,,national
山东艺术学院,音乐学,,,national
山东艺术学院,音乐表演,,,national
山东警察学院,治安学,,,national
山东警察学院,经济犯罪侦查,,,national
山东财经大学,人力资源管理,,,national
山东财经大学,会计学,,,national
山东财经大学,保险学,,,national
山东财经大学,信息管理与信息系统,,,national
山东财经大学,劳动与社会保障,,,national
山东财经大学,商务英语,,,national
山东财经大学,国际商务,,,national
山东财经大学,国际经济与贸易,,,national
山东财经大学,城市管理,,,national
山东财经大学,审计学,,,national
山东财经大学,工商管理,,,national
山东财经大学,市场营销,,,national
山东财经大学,数字媒体技术,,,national
山东财经大学,数学与应用数学,,,national
山东财经大学,文化产业管理,,,national
山东财经大学,物流管理,,,national
山东财经大学,税收学,,,national
山东财经大学,经济学,,,national
山东财经大学,统计学,,,national
山东财经大学,英语,,,national
山东财经大学,行政管理,,,national
山东财经大学,计算机科学与技术,,,national
山东财经大学,财务管理,,,national
山东财经大学,财政学,,,national
山东财经大学,资产评估,,,national
山东财经大学,金融学,,,national
山东财经大学,金融工程,,,national
山东青年政治学院,广播电视学,,,national
山东青年政治学院,播音与主持艺术,,,national
山东青年政治学院,社会工作,,,national
山东青年政治学院,舞蹈编导,,,national
山西中医药大学,中医学,,,national
山西中医药大学,中药学,,,national
山西传媒学院,动画,,,national
山西传媒学院,广告学,,,national
山西传媒学院,广播电视学,,,national
山西传媒学院,广播电视编导,,,national
山西传媒学院,影视摄影与制作,,,national
山西传媒学院,播音与主持艺术,,,national
山西传媒学院,数字媒体艺术,,,national
山西农业大学,农业机械化及其自动化,,,national
山西农业大学,农业资源与环境,,,national
山西农业大学,农学,,,national
山西农业大学,动物医学,,,national
山西农业大学,动物科学,,,national
山西农业大学,园艺,,,national
山西农业大学,土地资源管理,,,national
山西农业大学,林学,,,national
山西农业大学,植物保护,,,national
山西农业大学,生物科学,,,national
山西农业大学,种子科学与工程,,,national
山西农业大学,草业科学,,,national
山西农业大学,食品科学与工程,,,national
山西农业大学,食品质量与安全,,,national
山西医科大学,临床医学,,,national
山西医科大学,临床药学,,,national
山西医科大学,儿科学,,,national
山西医科大学,医学检验技术,,,national
山西医科大学,卫生检验与检疫,,,national
山西医科大学,口腔医学,,,national
山西医科大学,基础医学,,,national
山西医科大学,护理学,,,national
山西医科大学,法医学,,,national
山西医科大学,药学,,,national
山西医科大学,预防医学,,,national
山西医科大学,麻醉学,,,national
山西大同大学,化学,,,national
山西大同大学,小学教育,,,national
山西大同大学,数字媒体技术,,,national
山西大同大学,汉语言文学,,,national
山西大学,体育教育,,,national
山西大学,俄语,,,national
山西大学,信息与计算科学,,,national
山西大学,信息管理与信息系统,,,national
山西大学,光电信息科学与工程,,,national
山西大学,化学,,,national
山西大学,历史学,,,national
山西大学,哲学,,,national
山西大学,国际政治,,,national
山西大学,国际经济与贸易,,,national
山西大学,广告学,,,national
山西大学,应用心理学,,,national
山西大学,戏剧影视文学,,,national
山西大学,教育学,,,national
山西大学,数学与应用数学,,,national
山西大学,新闻学,,,national
山西大学,旅游管理,,,national
山西大学,汉语言文学,,,national
山西大学,法学,,,national
山西大学,物理学,,,national
山西大学,环境工程,,,national
山西大学,环境科学,,,national
山西大学,环境设计,,,national
山西大学,生物科学,,,national
山西大学,电子信息科学与技术,,,national
山西大学,电气工程及其自动化,,,national
山西大学,经济学,,,national
山西大学,绘画,,,national
山西大学,统计学,,,national
山西大学,翻译,,,national
山西大学,考古学,,,national
山西大学,能源与动力工程,,,national
山西大学,自动化,,,national
山西大学,自然地理与资源环境,,,national
山西大学,英语,,,national
山西大学,行政管理,,,national
山西大学,视觉传达设计,,,national
山西大学,计算机科学与技术,,,national
山西大学,金融学,,,national
山西大学,音乐表演,,,national
山西工商学院,学前教育,,,national
山西师范大学,体育教育,,,national
山西师范大学,化学,,,national
山西师范大学,历史学,,,national
山西师范大学,地理科学,,,national
山西师范大学,学前教育,,,national
山西师范大学,思想政治教育,,,national
山西师范大学,戏剧影视文学,,,national
山西师范大学,数学与应用数学,,,national
山西师范大学,汉语言文学,,,national
山西师范大学,物理学,,,national
山西师范大学,生物科学,,,national
山西师范大学,社会学,,,national
山西师范大学,英语,,,national
山西师范大学,音乐学,,,national
山西警察学院,网络安全与执法,,,national
山西财经大学,会计学,,,national
山西财经大学,保险学,,,national
山西财经大学,信息管理与信息系统,,,national
山西财经大学,国际经济与贸易,,,national
山西财经大学,审计学,,,national
山西财经大学,工商管理,,,national
山西财经大学,市场营销,,,national
山西财经大学,旅游管理,,,national
山西财经大学,法学,,,national
山西财经大学,物流管理,,,national
山西财经大学,电子商务,,,national
山西财经大学,管理科学,,,national
山西财经大学,经济学,,,national
山西财经大学,经济统计学,,,national
山西财经大学,统计学,,,national
山西财经大学,计算机科学与技术,,,national
山西财经大学,财务管理,,,national
山西财经大学,资产评估,,,national
山西财经大学,金融学,,,national
山西财经大学,金融工程,,,national
岭南师范学院,小学教育,,,national
岭南师范学院,汉语言文学,,,national
川北医学院,临床医学,,,national
川北医学院,医学影像技术,,,national
川北医学院,眼视光学,,,national
巢湖学院,体育教育（师范）,,,national
巢湖学院,无机非金属材料工程,,,national
巢湖学院,网络工程,,,national
常州大学,人力资源管理,,,national
常州大学,休闲体育,,,national
常州大学,会计学,,,national
常州大学,制药工程,,,national
常州大学,化学工程与工艺,,,national
常州大学,国际经济与贸易,,,national
常州大学,土木工程,,,national
常州大学,安全工程,,,national
常州大学,法学,,,national
常州大学,环境工程,,,national
常州大学,环境设计,,,national
常州大学,社会工作,,,national
常州大学,能源与动力工程,,,national
常州大学,能源化学工程,,,national
常州大学,计算机科学与技术,,,national
常州大学,软件工程,,,national
常州大学,过程装备与控制工程,,,national
常州大学,金属材料工程,,,national
常州大学,高分子材料与工程,,,national
常州工学院,产品设计,,,national
常州工学院,数字媒体艺术,,,national
常州工学院,机械设计制造及其自动化,,,national
常州工学院,汉语言文学,,,national
常州工学院,测控技术与仪器,,,national
常州工学院,物流管理,,,national
常州工学院,电子信息工程,,,national
常州工学院,电气工程及其自动化,,,national
常州工学院,计算机科学与技术,,,national
平顶山学院,产品设计,,,national
平顶山学院,播音与主持艺术,,,national
广东医科大学,临床医学,,,national
广东医科大学,医学检验技术,,,national
广东医科大学,卫生检验与检疫,,,national
广东医科大学,预防医学,3,2021,national
广东外语外贸大学,人力资源管理,,,national
广东外语外贸大学,俄语,,,national
广东外语外贸大学,保险学,,,national
广东外语外贸大学,印地语,,,national
广东外语外贸大学,印度尼西亚语,,,national
广东外语外贸大学,商务英语,,,national
广东外语外贸大学,国际商务,,,national
广东外语外贸大学,国际经济与贸易,,,national
广东外语外贸大学,审计学,3,2021,national
广东外语外贸大学,工商管理,,,national
广东外语外贸大学,市场营销,,,national
广东外语外贸大学,德语,,,national
广东外语外贸大学,意大利语,,,national
广东外语外贸大学,播音与主持艺术,3,2021,national
广东外语外贸大学,新闻学,,,national
广东外语外贸大学,日语,,,national
广东外语外贸大学,朝鲜语,,,national
广东外语外贸大学,汉语国际教育,3,2021,national
广东外语外贸大学,汉语言文学,,,national
广东外语外贸大学,法学,,,national
广东外语外贸大学,法语,,,national
广东外语外贸大学,波兰语,,,national
广东外语外贸大学,泰语,,,national
广东外语外贸大学,经济学,,,national
广东外语外贸大学,翻译,,,national
广东外语外贸大学,英语,,,national
广东外语外贸大学,葡萄牙语,,,national
广东外语外贸大学,行政管理,,,national
广东外语外贸大学,西班牙语,,,national
广东外语外贸大学,计算机科学与技术,,,national
广东外语外贸大学,越南语,,,national
广东外语外贸大学,金融学,,,national
广东外语外贸大学,阿拉伯语,3,2021,national
广东外语外贸大学,马来语,,,national
广东外语外贸大学南国商学院,会计学,,,national
广东外语外贸大学南国商学院,日语,3,2021,national
广东工业大学,产品设计,,,national
广东工业大学,信息与计算科学,,,national
广东工业大学,信息工程,,,national
广东工业大学,信息管理与信息系统,,,national
广东工业大学,制药工程,,,national
广东工业大学,化学工程与工艺,,,national
广东工业大学,国际经济与贸易,,,national
广东工业大学,土木工程,,,national
广东工业大学,城乡规划,3,2021,national
广东工业大学,工业设计,,,national
广东工业大学,工商管理,,,national
广东工业大学,工程管理,3,2021,national
广东工业大学,市场营销,3,2021,national
广东工业大学,应用化学,,,national
广东工业大学,建筑学,,,national
广东工业大学,建筑环境与能源应用工程,,,national
广东工业大学,数字媒体技术,3,2021,national
广东工业大学,数字媒体艺术,,,national
广东工业大学,服装与服饰设计,3,2021,national
广东工业大学,机械电子工程,,,national
广东工业大学,机械设计制造及其自动化,,,national
广东工业大学,材料成型及控制工程,,,national
广东工业大学,法学,3,2021,national
广东工业大学,环境工程,,,national
广东工业大学,环境生态工程,,,national
广东工业大学,环境设计,,,national
广东工业大学,电气工程及其自动化,,,national
广东工业大学,经济学,3,2021,national
广东工业大学,给排水科学与工程,3,2021,national
广东工业大学,能源与动力工程,,,national
广东工业大学,自动化,,,national
广东工业大学,计算机科学与技术,,,national
广东工业大学,软件工程,3,2021,national
广东工业大学,通信工程,,,national
广东工业大学,金属材料工程,,,national
广东工业大学,食品科学与工程,3,2021,national
广东工业大学,高分子材料与工程,,,national
广东技术师范大学,会计学,,,national
广东技术师范大学,机械设计制造及其自动化,,,national
广东技术师范大学,汉语言文学,,,national
广东技术师范大学,网络工程,3,2021,national
广东技术师范大学,通信工程,,,national
广东海洋大学,动物科学,,,national
广东海洋大学,机械设计制造及其自动化,,,national
广东海洋大学,水产养殖学,,,national
广东海洋大学,汉语言文学,3,2021,national
广东海洋大学,海洋渔业科学与技术,,,national
广东海洋大学,海洋科学,3,2021,national
广东海洋大学,电子信息工程,3,2021,national
广东海洋大学,船舶与海洋工程,,,national
广东海洋大学,英语,3,2021,national
广东海洋大学,计算机科学与技术,,,national
广东海洋大学,食品科学与工程,,,national
广东石油化工学院,化学工程与工艺,,,national
广东石油化工学院,化学工程与工艺（卓越班）,,,national
广东石油化工学院,环境工程,,,national
广东石油化工学院,电子信息工程,3,2021,national
广东科技学院,软件工程,3,2021,national
广东第二师范学院,体育教育,,,national
广东第二师范学院,学前教育,3,2021,national
广东药科大学,中药学,,,national
广东药科大学,临床医学,,,national
广东药科大学,临床药学,3,2021,national
广东药科大学,生物制药,3,2021,national
广东药科大学,药学,,,national
广东药科大学,药物制剂,,,national
广东警官学院,侦查学,,,national
广东警官学院,刑事科学技术,,,national
广东警官学院,经济犯罪侦查,,,national
广东财经大学,人力资源管理,3,2021,national
广东财经大学,会计学,,,national
广东财经大学,会计学（中外联合培养项目）,,,national
广东财经大学,保险学,3,2021,national
广东财经大学,保险学（养老金融）,,,national
广东财经大学,商务英语,3,2021,national
广东财经大学,国际商务,,,national
广东财经大学,国际商务（中外联合培养项目）,,,national
广东财经大学,国际商务（国际企业理财）,,,national
广东财经大学,国际经济与贸易,,,national
广东财经大学,审计学,,,national
广东财经大学,工商管理,,,national
广东财经大学,工商管理（创新班）,,,national
广东财经大学,市场营销（数智营销）,,,national
广东财经大学,投资学,,,national
广东财经大学,法学,,,national
广东财经大学,法学（中外联合培养项目）,,,national
广东财经大学,法学（数字法治）,,,national
广东财经大学,物流管理,3,2021,national
广东财经大学,税收学,,,national
广东财经大学,税收学（中外联合培养项目）,,,national
广东财经大学,税收学（智能税收创新班）,,,national
广东财经大学,税收学（税务师）,,,national
广东财经大学,经济学,3,2021,national
广东财经大学,经济学（创新班）,,,national
广东财经大学,财务管理,,,national
广东财经大学,财务管理（中外联合培养项目）,,,national
广东财经大学,金融学,,,national
广东财经大学,金融学（中外联合培养项目）,,,national
广东财经大学,金融学（公司金融）,,,national
广东金融学院,会计学,3,2021,national
广东金融学院,保险学,3,2021,national
广东金融学院,金融学,,,national
广州中医药大学,中医学,,,national
广州中医药大学,中药学,,,national
广州中医药大学,中药资源与开发,,,national
广州中医药大学,中西医临床医学,,,national
广州中医药大学,医学检验技术,3,2021,national
广州中医药大学,康复治疗学,,,national
广州中医药大学,药学,,,national
广州中医药大学,针灸推拿学,,,national
广州体育学院,体育教育,,,national
广州医科大学,中西医临床医学,3,2021,national
广州医科大学,临床医学,,,national
广州医科大学,临床药学,,,national
广州医科大学,儿科学,3,2021,national
广州医科大学,公共事业管理,3,2021,national
广州医科大学,医学影像学,,,national
广州医科大学,医学检验技术,,,national
广州医科大学,口腔医学,,,national
广州医科大学,应用心理学,3,2021,national
广州医科大学,康复作业治疗,3,2021,national
广州医科大学,康复治疗学,,,national
广州医科大学,护理学,,,national
广州医科大学,生物医学工程,,,national
广州医科大学,生物技术,,,national
广州医科大学,精神医学,3,2021,national
广州医科大学,药学,,,national
广州医科大学,预防医学,,,national
广州华商学院,会计学,,,national
广州华商学院,会计学（产教融合班）,,,national
广州南方学院,会计学,,,national
广州南方学院,电子商务,,,national
广州南方学院,行政管理,3,2021,national
广州南方学院,财务管理,3,2021,national
广州大学,人文地理与城乡规划,,,national
广州大学,会计学,3,2021,national
广州大学,信息与计算科学,,,national
广州大学,信息安全,,,national
广州大学,化学,,,national
广州大学,化学工程与工艺,,,national
广州大学,历史学,,,national
广州大学,土木工程,,,national
广州大学,地理信息科学,3,2021,national
广州大学,城乡规划,3,2021,national
广州大学,工商管理,,,national
广州大学,工程管理,,,national
广州大学,广播电视学,,,national
广州大学,广播电视编导,,,national
广州大学,应用心理学,,,national
广州大学,建筑学,,,national
广州大学,建筑环境与能源应用工程,,,national
广州大学,思想政治教育,,,national
广州大学,播音与主持艺术,3,2021,national
广州大学,数学与应用数学,,,national
广州大学,旅游管理,,,national
广州大学,机械设计制造及其自动化,,,national
广州大学,汉语言文学,,,national
广州大学,法学,,,national
广州大学,物流管理,,,national
广州大学,物理学,,,national
广州大学,环境工程,,,national
广州大学,电子信息工程,,,national
广州大学,电子商务,,,national
广州大学,给排水科学与工程,,,national
广州大学,统计学,,,national
广州大学,网络与新媒体,3,2021,national
广州大学,美术学,3,2021,national
广州大学,英语,3,2021,national
广州大学,行政管理,,,national
广州大学,计算机科学与技术,,,national
广州大学,软件工程,,,national
广州大学,金融学,3,2021,national
广州大学,音乐学,3,2021,national
广州工商学院,物流管理,3,2021,national
广州新华学院,会计学,3,2021,national
广州理工学院,人力资源管理,3,2021,national
广州美术学院,中国画,,,national
广州美术学院,书法学,,,national
广州美术学院,产品设计,,,national
广州美术学院,动画,,,national
广州美术学院,工业设计,,,national
广州美术学院,工艺美术,,,national
广州美术学院,建筑学,3,2021,national
广州美术学院,摄影,3,2021,national
广州美术学院,文物保护与修复,3,2021,national
广州美术学院,服装与服饰设计,3,2021,national
广州美术学院,环境设计,,,national
广州美术学院,绘画,,,national
广州美术学院,美术学,,,national
广州美术学院,艺术与科技,3,2021,national
广州美术学院,视觉传达设计,,,national
广州美术学院,陶瓷艺术设计,3,2021,national
广州美术学院,雕塑,,,national
广西中医药大学,中医学,,,national
广西中医药大学,中药学,,,national
广西中医药大学,临床医学,,,national
广西中医药大学,护理学,,,national
广西医科大学,临床医学,,,national
广西医科大学,医学影像学,,,national
广西医科大学,医学检验技术,,,national
广西医科大学,口腔医学,,,national
广西医科大学,护理学,,,national
广西医科大学,药学,,,national
广西医科大学,预防医学,,,national
广西大学,会计学,,,national
广西大学,公共事业管理,,,national
广西大学,农业资源与环境,,,national
广西大学,农学,,,national
广西大学,动物医学,,,national
广西大学,动物科学,,,national
广西大学,包装工程,,,national
广西大学,化学,,,national
广西大学,化学工程与工艺,,,national
广西大学,园艺,,,national
广西大学,国际经济与贸易,,,national
广西大学,土木工程,,,national
广西大学,工商管理,,,national
广西大学,应用化学,,,national
广西大学,播音与主持艺术,,,national
广西大学,数学与应用数学,,,national
广西大学,新闻学,,,national
广西大学,旅游管理,,,national
广西大学,木材科学与工程,,,national
广西大学,机械设计制造及其自动化,,,national
广西大学,材料科学与工程,,,national
广西大学,林学,,,national
广西大学,植物保护,,,national
广西大学,水利水电工程,,,national
广西大学,汉语言文学,,,national
广西大学,法学,,,national
广西大学,泰语,,,national
广西大学,物理学,,,national
广西大学,环境工程,,,national
广西大学,生物技术,,,national
广西大学,电子信息工程,,,national
广西大学,电气工程及其自动化,,,national
广西大学,矿物资源工程,,,national
广西大学,经济学,,,national
广西大学,美术学,,,national
广西大学,翻译,,,national
广西大学,能源与动力工程,,,national
广西大学,自动化,,,national
广西大学,英语,,,national
广西大学,计算机科学与技术,,,national
广西大学,越南语,,,national
广西大学,轻化工程,,,national
广西大学,通信工程,,,national
广西大学,金融学,,,national
广西大学,音乐学,,,national
广西大学,食品科学与工程,,,national
广西师范大学,体育教育,,,national
广西师范大学,化学,,,national
广西师范大学,历史学,,,national
广西师范大学,学前教育,,,national
广西师范大学,小学教育,,,national
广西师范大学,工商管理,,,national
广西师范大学,应用心理学,,,national
广西师范大学,思想政治教育,,,national
广西师范大学,教育技术学,,,national
广西师范大学,数学与应用数学,,,national
广西师范大学,汉语言文学,,,national
广西师范大学,法学,,,national
广西师范大学,物理学,,,national
广西师范大学,环境设计,,,national
广西师范大学,生物科学,,,national
广西师范大学,社会工作,,,national
广西师范大学,科学教育,,,national
广西师范大学,经济学,,,national
广西师范大学,统计学,,,national
广西师范大学,英语,,,national
广西师范大学,行政管理,,,national
广西师范大学,软件工程,,,national
广西师范大学,音乐学,,,national
广西民族大学,中国少数民族语言文学,,,national
广西民族大学,化学工程与工艺,,,national
广西民族大学,国际经济与贸易,,,national
广西民族大学,应用化学,,,national
广西民族大学,政治学与行政学,,,national
广西民族大学,数学与应用数学,,,national
广西民族大学,数学与应用数学（数学科学学院）,,,national
广西民族大学,民族学,,,national
广西民族大学,汉语言文学,,,national
广西民族大学,法学,,,national
广西民族大学,泰语,,,national
广西民族大学,电子信息工程,,,national
广西民族大学,翻译,,,national
广西民族大学,英语,,,national
广西民族大学,行政管理,,,national
广西民族大学,行政管理（人民武装学院）,,,national
广西民族大学,行政管理（国防教育与管理培养）,,,national
广西民族大学,行政管理（政治与公共管理学院）,,,national
广西民族大学,越南语,,,national
广西民族师范学院,旅游管理,,,national
广西民族师范学院,汉语言文学,,,national
广西科技大学,土木工程,,,national
广西科技大学,工程管理,,,national
广西科技大学,机械工程,,,national
广西科技大学,机械工程（中外合作办学）,,,national
广西科技大学,车辆工程,,,national
广西科技师范学院,学前教育,,,national
广西艺术学院,中国画,,,national
广西艺术学院,广告学,,,national
广西艺术学院,环境设计,,,national
广西艺术学院,绘画,,,national
广西艺术学院,美术学,,,national
广西艺术学院,舞蹈表演,,,national
广西艺术学院,视觉传达设计,,,national
广西艺术学院,雕塑,,,national
广西艺术学院,音乐学,,,national
广西艺术学院,音乐表演,,,national
广西财经学院,会计学,,,national
广西财经学院,会计学（会计学院）,,,national
广西财经学院,会计学（国际教育学院）,,,national
广西财经学院,国际经济与贸易,,,national
广西财经学院,工商管理,,,national
广西财经学院,市场营销,,,national
广西财经学院,经济学,,,national
广西财经学院,金融学,,,national
应急管理大学,安全工程,,,national
应急管理大学,物联网工程,,,national
应急管理大学,采矿工程,,,national
廊坊师范学院,学前教育,,,national
廊坊师范学院,汉语言文学,,,national
廊坊师范学院,英语,,,national
延安大学,中国共产党历史,,,national
延安大学,临床医学,,,national
延安大学,化学,,,national
延安大学,化学工程与工艺,,,national
延安大学,思想政治教育,,,national
延安大学,数学与应用数学,,,national
延安大学,新闻学,,,national
延安大学,汉语言文学,,,national
延安大学,生物科学,,,national
延安大学,电子信息工程,,,national
延安大学,计算机科学与技术,,,national
延安大学,音乐学,,,national
延边大学,中国少数民族语言文学,,,national
延边大学,临床医学,,,national
延边大学,化学,,,national
延边大学,历史学,,,national
延边大学,地理科学,,,national
延边大学,小学教育,,,national
延边大学,思想政治教育,,,national
延边大学,护理学,,,national
延边大学,新闻学,,,national
延边大学,日语,,,national
延边大学,朝鲜语,,,national
延边大学,汉语言,,,national
延边大学,汉语言文学,,,national
延边大学,法学,,,national
延边大学,物理学,,,national
延边大学,舞蹈表演,,,national
延边大学,英语,,,national
延边大学,药学,,,national
延边大学,表演,,,national
延边大学,音乐学,,,national
延边大学,食品科学与工程,,,national
徐州医科大学,临床医学,,,national
徐州医科大学,临床药学,,,national
徐州医科大学,信息资源管理,,,national
徐州医科大学,公共事业管理,,,national
徐州医科大学,医学信息工程,,,national
徐州医科大学,医学影像学,,,national
徐州医科大学,医学影像技术,,,national
徐州医科大学,医学检验技术,,,national
徐州医科大学,口腔医学,,,national
徐州医科大学,护理学,,,national
徐州医科大学,生物医学工程,,,national
徐州医科大学,药学,,,national
徐州医科大学,预防医学,,,national
徐州医科大学,麻醉学,,,national
徐州工程学院,会计学,,,national
徐州工程学院,信息与计算科学,,,national
徐州工程学院,信息管理与信息系统,,,national
徐州工程学院,工程管理,,,national
徐州工程学院,应用统计学,,,national
徐州工程学院,材料成型及控制工程,,,national
徐州工程学院,汉语言文学,,,national
徐州工程学院,物流工程,,,national
徐州工程学院,环境设计,,,national
徐州工程学院,电子商务,,,national
徐州工程学院,电气工程及其自动化,,,national
徐州工程学院,社会体育指导与管理,,,national
徐州工程学院,视觉传达设计,,,national
徐州工程学院,计算机科学与技术,,,national
徐州工程学院,食品科学与工程,,,national
德州学院,服装设计与工程,,,national
忻州师范学院,汉语言文学,,,national
怀化学院,国际经济与贸易,,,national
怀化学院,数学与应用数学（师范）,,,national
怀化学院,计算机科学与技术,,,national
怀化学院,软件工程,,,national
怀化学院,通信工程,,,national
惠州学院,旅游管理,3,2021,national
成都东软学院,软件工程,,,national
成都中医药大学,中医学,,,national
成都中医药大学,中医学（5+3一体化，儿科学）,,,national
成都中医药大学,中医学（“5+3”一体化）,,,national
成都中医药大学,中医学（李斯炽班）,,,national
成都中医药大学,中药学,,,national
成都中医药大学,中药学（凌一揆班）,,,national
成都中医药大学,中药资源与开发,,,national
成都中医药大学,中西医临床医学,,,national
成都中医药大学,中西医临床医学（唐容川班）,,,national
成都中医药大学,临床医学,,,national
成都中医药大学,公共事业管理,,,national
成都中医药大学,制药工程,,,national
成都中医药大学,康复治疗学,,,national
成都中医药大学,护理学,,,national
成都中医药大学,药学,,,national
成都中医药大学,针灸推拿学,,,national
成都体育学院,体育教育,,,national
成都体育学院,新闻学,,,national
成都体育学院,旅游管理,,,national
成都体育学院,武术与民族传统体育,,,national
成都体育学院,运动人体科学,,,national
成都信息工程大学,信息与计算科学,,,national
成都信息工程大学,信息安全,,,national
成都信息工程大学,大气科学,,,national
成都信息工程大学,微电子科学与工程,,,national
成都信息工程大学,旅游管理,,,national
成都信息工程大学,环境工程,,,national
成都信息工程大学,环境科学,,,national
成都信息工程大学,电子信息工程,,,national
成都信息工程大学,电子信息科学与技术,,,national
成都信息工程大学,电子商务,,,national
成都信息工程大学,电子科学与技术,,,national
成都信息工程大学,经济统计学,,,national
成都信息工程大学,统计学,,,national
成都信息工程大学,计算机科学与技术,,,national
成都信息工程大学,软件工程,,,national
成都信息工程大学,通信工程,,,national
成都医学院,临床医学,,,national
成都医学院,信息管理与信息系统,,,national
成都医学院,医学检验技术,,,national
成都医学院,护理学,,,national
成都外国语学院,法语,,,national
成都大学,会计学,,,national
成都大学,体育教育,,,national
成都大学,动画,,,national
成都大学,土木工程,,,national
成都大学,学前教育,,,national
成都大学,工商管理,,,national
成都大学,广播电视编导,,,national
成都大学,旅游管理,,,national
成都大学,机械设计制造及其自动化,,,national
成都大学,汉语言文学,,,national
成都大学,法学,,,national
成都大学,药学,,,national
成都大学,视觉传达设计,,,national
成都大学,计算机科学与技术,,,national
成都大学,食品科学与工程,,,national
成都工业学院,微电子科学与工程,,,national
成都工业学院,机械电子工程,,,national
成都工业学院,物流管理,,,national
成都工业学院,计算机科学与技术,,,national
成都工业学院,通信工程,,,national
成都师范学院,英语,,,national
成都师范学院,计算机科学与技术,,,national
成都理工大学,会计学,,,national
成都理工大学,会计学（中英合作办学）,,,national
成都理工大学,信息工程,,,national
成都理工大学,化学工程与工艺,,,national
成都理工大学,土木工程,,,national
成都理工大学,地球物理学,,,national
成都理工大学,地理信息科学,,,national
成都理工大学,地质学,,,national
成都理工大学,地质工程,,,national
成都理工大学,工商管理,,,national
成都理工大学,工商管理（中英合作办学）,,,national
成都理工大学,市场营销,,,national
成都理工大学,广播电视学,,,national
成都理工大学,应用化学,,,national
成都理工大学,数学与应用数学,,,national
成都理工大学,机械工程,,,national
成都理工大学,材料科学与工程,,,national
成都理工大学,核工程与核技术,,,national
成都理工大学,测绘工程,,,national
成都理工大学,环境工程,,,national
成都理工大学,电子商务,,,national
成都理工大学,英语,,,national
成都理工大学,表演,,,national
成都理工大学,资源勘查工程,,,national
成都理工大学,资源勘查工程（石油地质）,,,national
成都理工大学,软件工程,,,national
成都理工大学,软件工程（中英合作办学）,,,national
成都银杏酒店管理学院,酒店管理,,,national
扬州大学,临床医学,,,national
扬州大学,体育教育,,,national
扬州大学,农业水利工程,,,national
扬州大学,农学,,,national
扬州大学,动物医学,,,national
扬州大学,动物科学,,,national
扬州大学,化学,,,national
扬州大学,化学（基础学科拔尖基地）,,,national
扬州大学,化学（师范）,,,national
扬州大学,历史学（师范）,,,national
扬州大学,园艺,,,national
扬州大学,土木工程,,,national
扬州大学,小学教育（师范）,,,national
扬州大学,工商管理,,,national
扬州大学,工程管理,,,national
扬州大学,建筑学,,,national
扬州大学,思想政治教育（师范）,,,national
扬州大学,护理学,,,national
扬州大学,教育技术学（师范）,,,national
扬州大学,数学与应用数学,,,national
扬州大学,数学与应用数学（师范）,,,national
扬州大学,机械设计制造及其自动化,,,national
扬州大学,材料成型及控制工程,,,national
扬州大学,植物保护,,,national
扬州大学,水利水电工程,,,national
扬州大学,汉语言文学,,,national
扬州大学,汉语言文学（师范）,,,national
扬州大学,法学,,,national
扬州大学,烹饪与营养教育,,,national
扬州大学,物理学（含师范）,,,national
扬州大学,环境设计,,,national
扬州大学,生物技术,,,national
扬州大学,生物科学,,,national
扬州大学,生物科学（师范）,,,national
扬州大学,电气工程及其自动化,,,national
扬州大学,社会体育指导与管理,,,national
扬州大学,种子科学与工程,,,national
扬州大学,秘书学,,,national
扬州大学,经济学,,,national
扬州大学,能源与动力工程,,,national
扬州大学,英语（师范）,,,national
扬州大学,草业科学,,,national
扬州大学,计算机科学与技术,,,national
扬州大学,车辆工程,,,national
扬州大学,软件工程,,,national
承德医学院,临床医学,,,national
承德医学院,护理学,,,national
攀枝花学院,材料科学与工程,,,national
文华学院,通信工程,,,national
新乡学院,制药工程,,,national
新乡学院,广播电视编导,,,national
新疆农业大学,农业水利工程,,,national
新疆农业大学,农业资源与环境,,,national
新疆农业大学,农学,,,national
新疆农业大学,农林经济管理,,,national
新疆农业大学,动物医学,,,national
新疆农业大学,动物科学,,,national
新疆农业大学,园艺,,,national
新疆农业大学,土地资源管理,,,national
新疆农业大学,机械设计制造及其自动化,,,national
新疆农业大学,林学,,,national
新疆农业大学,植物保护,,,national
新疆农业大学,水利水电工程,,,national
新疆农业大学,物联网工程,,,national
新疆农业大学,草业科学,,,national
新疆农业大学,食品科学与工程,,,national
新疆医科大学,中医学,,,national
新疆医科大学,中药学,,,national
新疆医科大学,临床医学,,,national
新疆医科大学,医学检验技术,,,national
新疆医科大学,口腔医学,,,national
新疆医科大学,护理学,,,national
新疆医科大学,药学,,,national
新疆医科大学,预防医学,,,national
新疆医科大学,麻醉学,,,national
新疆大学,中国少数民族语言文学,,,national
新疆大学,俄语,,,national
新疆大学,信息安全,,,national
新疆大学,化学,,,national
新疆大学,化学工程与工艺,,,national
新疆大学,历史学,,,national
新疆大学,土木工程,,,national
新疆大学,地理信息科学,,,national
新疆大学,工程管理,,,national
新疆大学,广告学,,,national
新疆大学,建筑学,,,national
新疆大学,思想政治教育,,,national
新疆大学,政治学与行政学,,,national
新疆大学,数学与应用数学,,,national
新疆大学,新闻学,,,national
新疆大学,旅游管理,,,national
新疆大学,服装与服饰设计,,,national
新疆大学,机械工程,,,national
新疆大学,汉语言文学,,,national
新疆大学,法学,,,national
新疆大学,物理学,,,national
新疆大学,生物工程,,,national
新疆大学,生物科学,,,national
新疆大学,电子信息工程,,,national
新疆大学,电气工程及其自动化,,,national
新疆大学,社会学,,,national
新疆大学,纺织工程,,,national
新疆大学,经济学,,,national
新疆大学,统计学,,,national
新疆大学,能源与动力工程,,,national
新疆大学,自动化,,,national
新疆大学,英语,,,national
新疆大学,行政管理,,,national
新疆大学,计算机科学与技术,,,national
新疆大学,软件工程,,,national
新疆大学,过程装备与控制工程,,,national
新疆大学,通信工程,,,national
新疆大学,高分子材料与工程,,,national
新疆工程学院,安全工程,,,national
新疆师范大学,体育教育,,,national
新疆师范大学,化学,,,national
新疆师范大学,地理科学,,,national
新疆师范大学,学前教育,,,national
新疆师范大学,小学教育,,,national
新疆师范大学,心理学,,,national
新疆师范大学,思想政治教育,,,national
新疆师范大学,教育技术学,,,national
新疆师范大学,旅游管理,,,national
新疆师范大学,汉语言文学,,,national
新疆师范大学,生物科学,,,national
新疆师范大学,美术学,,,national
新疆师范大学,舞蹈学,,,national
新疆师范大学,音乐学,,,national
新疆理工学院,通信工程,,,national
新疆科技学院,会计学,,,national
新疆科技学院,财务管理,,,national
新疆艺术学院,动画,,,national
新疆艺术学院,广播电视编导,,,national
新疆艺术学院,环境设计,,,national
新疆艺术学院,绘画,,,national
新疆艺术学院,舞蹈学,,,national
新疆艺术学院,舞蹈编导,,,national
新疆艺术学院,音乐表演,,,national
新疆财经大学,会计学,,,national
新疆财经大学,国际商务,,,national
新疆财经大学,国际经济与贸易,,,national
新疆财经大学,审计学,,,national
新疆财经大学,工商管理,,,national
新疆财经大学,市场营销,,,national
新疆财经大学,新闻学,,,national
新疆财经大学,旅游管理,,,national
新疆财经大学,法学,,,national
新疆财经大学,物流管理,,,national
新疆财经大学,电子商务,,,national
新疆财经大学,经济学,,,national
新疆财经大学,经济统计学,,,national
新疆财经大学,财务管理,,,national
新疆财经大学,财政学,,,national
新疆财经大学,金融学,,,national
无锡太湖学院,会计学,,,national
无锡太湖学院,国际经济与贸易,,,national
无锡太湖学院,机械工程,,,national
无锡太湖学院,物联网工程,,,national
无锡太湖学院,视觉传达设计,,,national
无锡学院,物联网工程,,,national
无锡学院,电子信息工程,,,national
昆明医科大学,临床医学,,,national
昆明医科大学,临床药学,,,national
昆明医科大学,口腔医学,,,national
昆明医科大学,护理学,,,national
昆明医科大学,法医学,,,national
昆明医科大学,药学,,,national
昆明医科大学,预防医学,,,national
昆明医科大学,麻醉学,,,national
昆明学院,学前教育,,,national
昆明学院,汉语言文学,,,national
昆明学院,物理学,,,national
昆明学院,物理学（中外合作办学）,,,national
昆明学院,酒店管理,,,national
昆明学院,音乐学,,,national
昆明理工大学,交通工程,,,national
昆明理工大学,交通运输,,,national
昆明理工大学,信息管理与信息系统,,,national
昆明理工大学,光电信息科学与工程,,,national
昆明理工大学,冶金工程,,,national
昆明理工大学,制药工程,,,national
昆明理工大学,功能材料,,,national
昆明理工大学,化学工程与工艺,,,national
昆明理工大学,国际经济与贸易,,,national
昆明理工大学,土木工程,,,national
昆明理工大学,城乡规划,,,national
昆明理工大学,安全工程,,,national
昆明理工大学,工业工程,,,national
昆明理工大学,工商管理,,,national
昆明理工大学,工程力学,,,national
昆明理工大学,工程管理,,,national
昆明理工大学,应用化学,,,national
昆明理工大学,建筑学,,,national
昆明理工大学,新能源材料与器件,,,national
昆明理工大学,新能源科学与工程,,,national
昆明理工大学,机械工程,,,national
昆明理工大学,材料成型及控制工程,,,national
昆明理工大学,材料科学与工程,,,national
昆明理工大学,水利水电工程,,,national
昆明理工大学,法学,,,national
昆明理工大学,测控技术与仪器,,,national
昆明理工大学,测绘工程,,,national
昆明理工大学,物流工程,,,national
昆明理工大学,环境工程,,,national
昆明理工大学,环境设计,,,national
昆明理工大学,电气工程及其自动化,,,national
昆明理工大学,矿物加工工程,,,national
昆明理工大学,给排水科学与工程,,,national
昆明理工大学,能源与动力工程,,,national
昆明理工大学,自动化,,,national
昆明理工大学,计算机科学与技术,,,national
昆明理工大学,资源勘查工程,,,national
昆明理工大学,资源环境科学,,,national
昆明理工大学,车辆工程,,,national
昆明理工大学,轻化工程,,,national
昆明理工大学,通信工程,,,national
昆明理工大学,食品科学与工程,,,national
昌吉学院,小学教育,,,national
星海音乐学院,作曲与作曲技术理论,,,national
星海音乐学院,录音艺术,,,national
星海音乐学院,舞蹈表演,3,2021,national
星海音乐学院,音乐学,,,national
星海音乐学院,音乐表演,,,national
景德镇学院,工艺美术,,,national
景德镇陶瓷大学,产品设计,,,national
景德镇陶瓷大学,公共艺术,,,national
景德镇陶瓷大学,动画,,,national
景德镇陶瓷大学,无机非金属材料工程,,,national
景德镇陶瓷大学,机械设计制造及其自动化,,,national
景德镇陶瓷大学,材料化学,,,national
景德镇陶瓷大学,材料物理,,,national
景德镇陶瓷大学,环境设计,,,national
景德镇陶瓷大学,电子科学与技术,,,national
景德镇陶瓷大学,绘画,,,national
景德镇陶瓷大学,视觉传达设计,,,national
景德镇陶瓷大学,陶瓷艺术设计,,,national
景德镇陶瓷大学,雕塑,,,national
暨南大学,中医学,,,national
暨南大学,中药学,,,national
暨南大学,临床医学,,,national
暨南大学,书法学,,,national
暨南大学,会计学,,,national
暨南大学,光电信息科学与工程,,,national
暨南大学,包装工程,,,national
暨南大学,包装工程（绿色智造卓越班）,,,national
暨南大学,历史学,,,national
暨南大学,口腔医学,,,national
暨南大学,国际商务,,,national
暨南大学,国际经济与贸易,,,national
暨南大学,土木工程,,,national
暨南大学,土木工程（城市更新）,,,national
暨南大学,土木工程（智能运维）,,,national
暨南大学,工商管理,,,national
暨南大学,工程力学,,,national
暨南大学,广告学,,,national
暨南大学,应用化学,,,national
暨南大学,应用物理学,,,national
暨南大学,戏剧影视导演,,,national
暨南大学,护理学,,,national
暨南大学,播音与主持艺术,,,national
暨南大学,数学与应用数学,,,national
暨南大学,新闻学,,,national
暨南大学,旅游管理,,,national
暨南大学,日语,,,national
暨南大学,汉语国际教育,,,national
暨南大学,汉语言,,,national
暨南大学,汉语言文学,,,national
暨南大学,法学,,,national
暨南大学,生态学,,,national
暨南大学,生物医学工程,,,national
暨南大学,生物技术,,,national
暨南大学,生物科学,,,national
暨南大学,电子信息工程,,,national
暨南大学,知识产权,,,national
暨南大学,经济学,,,national
暨南大学,经济统计学,,,national
暨南大学,网络与新媒体,,,national
暨南大学,网络空间安全,,,national
暨南大学,翻译,,,national
暨南大学,英语,,,national
暨南大学,药学,,,national
暨南大学,行政管理,,,national
暨南大学,计算机科学与技术,,,national
暨南大学,财政学,,,national
暨南大学,金融学,,,national
暨南大学,食品科学与工程,,,national
曲阜师范大学,体育教育,,,national
曲阜师范大学,化学,,,national
曲阜师范大学,历史学,,,national
曲阜师范大学,地理科学,,,national
曲阜师范大学,学前教育,,,national
曲阜师范大学,思想政治教育,,,national
曲阜师范大学,戏剧影视文学,,,national
曲阜师范大学,政治学与行政学,,,national
曲阜师范大学,教育学,,,national
曲阜师范大学,教育技术学,,,national
曲阜师范大学,数学与应用数学,,,national
曲阜师范大学,新闻学,,,national
曲阜师范大学,旅游管理,,,national
曲阜师范大学,汉语言文学,,,national
曲阜师范大学,物流管理,,,national
曲阜师范大学,物理学,,,national
曲阜师范大学,生物科学,,,national
曲阜师范大学,电子信息工程,,,national
曲阜师范大学,经济学,,,national
曲阜师范大学,统计学,,,national
曲阜师范大学,自动化,,,national
曲阜师范大学,英语,,,national
曲阜师范大学,视觉传达设计,,,national
曲阜师范大学,计算机科学与技术,,,national
曲阜师范大学,财务管理,,,national
曲阜师范大学,软件工程,,,national
曲阜师范大学,音乐学,,,national
曲靖师范学院,历史学,,,national
曲靖师范学院,汉语言文学,,,national
杭州医学院,医学影像技术,,,national
杭州医学院,医学检验技术,,,national
杭州医学院,药学,,,national
杭州师范大学,临床医学,,,national
杭州师范大学,公共事业管理（卫生事业管理方向）,,,national
杭州师范大学,公共艺术,,,national
杭州师范大学,动画,,,national
杭州师范大学,化学（师范）,,,national
杭州师范大学,历史学（历史学+思想政治教育本硕衔接试验班）（师范）,,,national
杭州师范大学,历史学（师范）,,,national
杭州师范大学,国际商务,,,national
杭州师范大学,学前教育（经亨颐实验班）（师范）,,,national
杭州师范大学,小学教育（经亨颐实验班）（师范）,,,national
杭州师范大学,应用心理学,,,national
杭州师范大学,应用心理学（经亨颐实验班）（师范）,,,national
杭州师范大学,护理学,,,national
杭州师范大学,数学与应用数学（经亨颐实验班）（师范）,,,national
杭州师范大学,日语,,,national
杭州师范大学,武术与民族传统体育（师范）,,,national
杭州师范大学,汉语言文学,,,national
杭州师范大学,环境工程,,,national
杭州师范大学,生物科学（师范）,,,national
杭州师范大学,电子商务,,,national
杭州师范大学,社会工作,,,national
杭州师范大学,英语,,,national
杭州师范大学,英语（经亨颐实验班）（师范）,,,national
杭州师范大学,药学,,,national
杭州师范大学,计算机科学与技术,,,national
杭州师范大学,计算机科学与技术（师范）,,,national
杭州师范大学,软件工程,,,national
杭州师范大学,音乐学（师范）,,,national
杭州师范大学,预防医学,,,national
杭州师范大学,高分子材料与工程,,,national
杭州师范大学,高分子材料与工程（中外合作）,,,national
杭州电子科技大学,会计学,,,national
杭州电子科技大学,信息与计算科学,,,national
杭州电子科技大学,信息安全,,,national
杭州电子科技大学,信息对抗技术,,,national
杭州电子科技大学,信息管理与信息系统,,,national
杭州电子科技大学,工业工程,,,national
杭州电子科技大学,工商管理,,,national
杭州电子科技大学,数字媒体技术,,,national
杭州电子科技大学,机械设计制造及其自动化,,,national
杭州电子科技大学,电子信息工程,,,national
杭州电子科技大学,电子科学与技术,,,national
杭州电子科技大学,电气工程及其自动化,,,national
杭州电子科技大学,网络工程,,,national
杭州电子科技大学,自动化,,,national
杭州电子科技大学,计算机科学与技术,,,national
杭州电子科技大学,财务管理,,,national
杭州电子科技大学,软件工程,,,national
杭州电子科技大学,通信工程,,,national
杭州电子科技大学,金融学,,,national
杭州电子科技大学,集成电路设计与集成系统,,,national
桂林医科大学,临床医学,,,national
桂林医科大学,药学,,,national
桂林医科大学,预防医学,,,national
桂林旅游学院,旅游管理,,,national
桂林旅游学院,烹饪与营养教育,,,national
桂林旅游学院,酒店管理,,,national
桂林理工大学,勘查技术与工程,,,national
桂林理工大学,化学工程与工艺,,,national
桂林理工大学,土木工程,,,national
桂林理工大学,地球化学,,,national
桂林理工大学,城乡规划,,,national
桂林理工大学,应用化学,,,national
桂林理工大学,应用物理学,,,national
桂林理工大学,旅游管理,,,national
桂林理工大学,无机非金属材料工程,,,national
桂林理工大学,机械设计制造及其自动化,,,national
桂林理工大学,测绘工程,,,national
桂林理工大学,环境工程,,,national
桂林理工大学,生物工程,,,national
桂林理工大学,给排水科学与工程,,,national
桂林理工大学,英语,,,national
桂林理工大学,计算机科学与技术,,,national
桂林理工大学,资源勘查工程,,,national
桂林理工大学,软件工程,,,national
桂林理工大学,通信工程,,,national
桂林理工大学,风景园林,,,national
桂林理工大学,高分子材料与工程,,,national
桂林电子科技大学,交通工程,,,national
桂林电子科技大学,产品设计,,,national
桂林电子科技大学,会计学,,,national
桂林电子科技大学,信息与计算科学,,,national
桂林电子科技大学,信息安全,,,national
桂林电子科技大学,信息管理与信息系统,,,national
桂林电子科技大学,光电信息科学与工程,,,national
桂林电子科技大学,工业工程,,,national
桂林电子科技大学,微电子科学与工程,,,national
桂林电子科技大学,机械电子工程,,,national
桂林电子科技大学,机械设计制造及其自动化,,,national
桂林电子科技大学,材料科学与工程,,,national
桂林电子科技大学,测控技术与仪器,,,national
桂林电子科技大学,物联网工程,,,national
桂林电子科技大学,环境工程,,,national
桂林电子科技大学,生物医学工程,,,national
桂林电子科技大学,电子信息工程,,,national
桂林电子科技大学,电子封装技术,,,national
桂林电子科技大学,电子科学与技术,,,national
桂林电子科技大学,自动化,,,national
桂林电子科技大学,计算机科学与技术,,,national
桂林电子科技大学,软件工程,,,national
桂林电子科技大学,软件工程（中外合作办学）,,,national
桂林电子科技大学,通信工程,,,national
桂林航天工业学院,测控技术与仪器,,,national
桂林航天工业学院,物流工程,,,national
梧州学院,电子信息工程,,,national
楚雄师范学院,人文教育,,,national
楚雄师范学院,小学教育,,,national
武汉东湖学院,新闻学,,,national
武汉东湖学院,电子商务,,,national
武汉体育学院,休闲体育,,,national
武汉体育学院,体育教育,,,national
武汉体育学院,体育经济与管理,,,national
武汉体育学院,新闻学,,,national
武汉体育学院,武术与民族传统体育,,,national
武汉体育学院,运动康复,,,national
武汉商学院,休闲体育,,,national
武汉商学院,烹饪与营养教育,,,national
武汉商学院,酒店管理,,,national
武汉大学,世界史,,,national
武汉大学,临床医学,,,national
武汉大学,人力资源管理,,,national
武汉大学,会计学,,,national
武汉大学,传播学,,,national
武汉大学,信息与计算科学,,,national
武汉大学,信息安全,,,national
武汉大学,公共事业管理,,,national
武汉大学,劳动与社会保障,,,national
武汉大学,化学,,,national
武汉大学,历史学,,,national
武汉大学,口腔医学,,,national
武汉大学,哲学,,,national
武汉大学,国际经济与贸易,,,national
武汉大学,土木工程,,,national
武汉大学,地球物理学,,,national
武汉大学,地理科学,,,national
武汉大学,城乡规划,,,national
武汉大学,外交学,,,national
武汉大学,导航工程,,,national
武汉大学,工商管理,,,national
武汉大学,工程力学,,,national
武汉大学,市场营销,,,national
武汉大学,广告学,,,national
武汉大学,应用化学,,,national
武汉大学,建筑学,,,national
武汉大学,微电子科学与工程,,,national
武汉大学,戏剧影视文学,,,national
武汉大学,护理学,,,national
武汉大学,政治学与行政学,,,national
武汉大学,数学与应用数学,,,national
武汉大学,新闻学,,,national
武汉大学,日语,,,national
武汉大学,机械设计制造及其自动化,,,national
武汉大学,水文与水资源工程,,,national
武汉大学,汉语言文学,,,national
武汉大学,法学,,,national
武汉大学,法语,,,national
武汉大学,物理学,,,national
武汉大学,环境工程,,,national
武汉大学,生物制药,,,national
武汉大学,生物技术,,,national
武汉大学,生物科学,,,national
武汉大学,电子信息工程,,,national
武汉大学,电气工程及其自动化,,,national
武汉大学,电波传播与天线,,,national
武汉大学,社会学,,,national
武汉大学,经济学,,,national
武汉大学,给排水科学与工程,,,national
武汉大学,统计学,,,national
武汉大学,翻译,,,national
武汉大学,考古学,,,national
武汉大学,能源与动力工程,,,national
武汉大学,英语,,,national
武汉大学,药学,,,national
武汉大学,行政管理,,,national
武汉大学,计算机科学与技术,,,national
武汉大学,软件工程,,,national
武汉大学,通信工程,,,national
武汉大学,遥感科学与技术,,,national
武汉大学,金融学,,,national
武汉大学,金融工程,,,national
武汉大学,预防医学,,,national
武汉大学,马克思主义理论,,,national
武汉工商学院,会计学（数智化注册会计师）,,,national
武汉工商学院,广告学（数智传播）,,,national
武汉工商学院,物流管理,,,national
武汉工商学院,电子商务,,,national
武汉工程大学,会计学,,,national
武汉工程大学,光电信息科学与工程,,,national
武汉工程大学,制药工程,,,national
武汉工程大学,化学工程与工艺,,,national
武汉工程大学,土木工程,,,national
武汉工程大学,应用化学,,,national
武汉工程大学,无机非金属材料工程,,,national
武汉工程大学,智能科学与技术,,,national
武汉工程大学,法学,,,national
武汉工程大学,环境工程,,,national
武汉工程大学,生物工程,,,national
武汉工程大学,电子商务,,,national
武汉工程大学,电气工程及其自动化,,,national
武汉工程大学,矿物加工工程,,,national
武汉工程大学,能源化学工程,,,national
武汉工程大学,自动化,,,national
武汉工程大学,软件工程,,,national
武汉工程大学,过程装备与控制工程,,,national
武汉工程大学,高分子材料与工程,,,national
武汉理工大学,交通工程,,,national
武汉理工大学,交通运输,,,national
武汉理工大学,产品设计,,,national
武汉理工大学,人力资源管理,,,national
武汉理工大学,会计学,,,national
武汉理工大学,信息与计算科学,,,national
武汉理工大学,信息管理与信息系统,,,national
武汉理工大学,光电信息科学与工程,,,national
武汉理工大学,制药工程,,,national
武汉理工大学,动画,,,national
武汉理工大学,土木工程,,,national
武汉理工大学,复合材料与工程,,,national
武汉理工大学,安全工程,,,national
武汉理工大学,工业工程,,,national
武汉理工大学,工业设计,,,national
武汉理工大学,工商管理,,,national
武汉理工大学,工程管理,,,national
武汉理工大学,建筑学,,,national
武汉理工大学,建筑环境与能源应用工程,,,national
武汉理工大学,思想政治教育,,,national
武汉理工大学,新能源材料与器件,,,national
武汉理工大学,无机非金属材料工程,,,national
武汉理工大学,机械工程,,,national
武汉理工大学,材料成型及控制工程,,,national
武汉理工大学,材料科学与工程,,,national
武汉理工大学,法学,,,national
武汉理工大学,测控技术与仪器,,,national
武汉理工大学,海事管理,,,national
武汉理工大学,物流工程,,,national
武汉理工大学,环境工程,,,national
武汉理工大学,环境设计,,,national
武汉理工大学,电子信息工程,,,national
武汉理工大学,电子科学与技术,,,national
武汉理工大学,电气工程及其自动化,,,national
武汉理工大学,矿物加工工程,,,national
武汉理工大学,能源与动力工程,,,national
武汉理工大学,自动化,,,national
武汉理工大学,航海技术,,,national
武汉理工大学,船舶与海洋工程,,,national
武汉理工大学,艺术设计学,,,national
武汉理工大学,英语,,,national
武汉理工大学,视觉传达设计,,,national
武汉理工大学,计算机科学与技术,,,national
武汉理工大学,车辆工程,,,national
武汉理工大学,轮机工程,,,national
武汉理工大学,通信工程,,,national
武汉理工大学,采矿工程,,,national
武汉理工大学,金融学,,,national
武汉理工大学,高分子材料与工程,,,national
武汉生物工程学院,生物工程,,,national
武汉科技大学,临床医学,,,national
武汉科技大学,信息与计算科学,,,national
武汉科技大学,信息管理与信息系统,,,national
武汉科技大学,冶金工程,,,national
武汉科技大学,化学工程与工艺,,,national
武汉科技大学,土木工程,,,national
武汉科技大学,安全工程,,,national
武汉科技大学,工业工程,,,national
武汉科技大学,工商管理,,,national
武汉科技大学,建筑环境与能源应用工程,,,national
武汉科技大学,无机非金属材料工程,,,national
武汉科技大学,机械工程,,,national
武汉科技大学,机械电子工程,,,national
武汉科技大学,材料物理,,,national
武汉科技大学,环境设计,,,national
武汉科技大学,电子信息工程,,,national
武汉科技大学,电气工程及其自动化,,,national
武汉科技大学,矿物加工工程,,,national
武汉科技大学,英语,,,national
武汉科技大学,行政管理,,,national
武汉科技大学,计算机科学与技术,,,national
武汉科技大学,软件工程,,,national
武汉科技大学,金属材料工程,,,national
武汉纺织大学,会计学,,,national
武汉纺织大学,信息管理与信息系统,,,national
武汉纺织大学,应用化学,,,national
武汉纺织大学,服装与服饰设计,,,national
武汉纺织大学,机械设计制造及其自动化,,,national
武汉纺织大学,环境工程,,,national
武汉纺织大学,环境设计,,,national
武汉纺织大学,电子信息工程,,,national
武汉纺织大学,电气工程及其自动化,,,national
武汉纺织大学,纺织工程,,,national
武汉纺织大学,英语,,,national
武汉纺织大学,计算机科学与技术,,,national
武汉纺织大学,财务管理,,,national
武汉纺织大学,轻化工程,,,national
武汉纺织大学,金融学,,,national
武汉纺织大学,非织造材料与工程,,,national
武汉纺织大学,高分子材料与工程,,,national
武汉轻工大学,会计学,,,national
武汉轻工大学,信息与计算科学,,,national
武汉轻工大学,制药工程,,,national
武汉轻工大学,动物科学,,,national
武汉轻工大学,包装工程,,,national
武汉轻工大学,旅游管理,,,national
武汉轻工大学,机械设计制造及其自动化,,,national
武汉轻工大学,水产养殖学,,,national
武汉轻工大学,物流管理,,,national
武汉轻工大学,电子信息科学与技术,,,national
武汉轻工大学,翻译,,,national
武汉轻工大学,视觉传达设计,,,national
武汉轻工大学,食品科学与工程,,,national
武汉音乐学院,作曲与作曲技术理论,,,national
武汉音乐学院,录音艺术,,,national
武汉音乐学院,舞蹈表演,,,national
武汉音乐学院,音乐学,,,national
武汉音乐学院,音乐表演,,,national
汕头大学,临床医学,,,national
汕头大学,会计学,,,national
汕头大学,国际经济与贸易,3,2021,national
汕头大学,土木工程,,,national
汕头大学,工商管理,3,2021,national
汕头大学,应用化学,,,national
汕头大学,护理学,3,2021,national
汕头大学,数学与应用数学,,,national
汕头大学,新闻学,3,2021,national
汕头大学,机械设计制造及其自动化,,,national
汕头大学,汉语言文学,,,national
汕头大学,法学,,,national
汕头大学,海洋科学,,,national
汕头大学,生物技术,,,national
汕头大学,电子信息工程,,,national
汕头大学,英语,3,2021,national
汕头大学,视觉传达设计,,,national
汕头大学,计算机科学与技术,3,2021,national
江南大学,临床医学,,,national
江南大学,产品设计,,,national
江南大学,会计学,,,national
江南大学,光电信息科学与工程,,,national
江南大学,公共艺术,,,national
江南大学,制药工程,,,national
江南大学,包装工程,,,national
江南大学,化学工程与工艺,,,national
江南大学,小学教育,,,national
江南大学,工业设计,,,national
江南大学,工商管理,,,national
江南大学,应用化学,,,national
江南大学,数字媒体艺术,,,national
江南大学,服装与服饰设计,,,national
江南大学,机械工程,,,national
江南大学,汉语言文学,,,national
江南大学,物联网工程,,,national
江南大学,环境工程,,,national
江南大学,环境设计,,,national
江南大学,生物工程,,,national
江南大学,生物技术,,,national
江南大学,电气工程及其自动化,,,national
江南大学,纺织工程,,,national
江南大学,自动化,,,national
江南大学,英语,,,national
江南大学,视觉传达设计,,,national
江南大学,计算机科学与技术,,,national
江南大学,轻化工程,,,national
江南大学,酿酒工程,,,national
江南大学,金融学,,,national
江南大学,食品科学与工程,,,national
江南大学,食品质量与安全,,,national
江南大学,高分子材料与工程,,,national
江汉大学,化学工程与工艺,,,national
江汉大学,材料成型及控制工程,,,national
江汉大学,汉语言文学,,,national
江汉大学,环境工程,,,national
江汉大学,生物技术,,,national
江汉大学,英语,,,national
江汉大学,音乐学,,,national
江苏大学,临床医学,,,national
江苏大学,交通运输,,,national
江苏大学,产品设计,,,national
江苏大学,信息安全,,,national
江苏大学,信息管理与信息系统,,,national
江苏大学,公共事业管理,,,national
江苏大学,农业机械化及其自动化,,,national
江苏大学,农业电气化,,,national
江苏大学,化学工程与工艺,,,national
江苏大学,医学检验技术,,,national
江苏大学,国际经济与贸易,,,national
江苏大学,复合材料与工程,,,national
江苏大学,工商管理,,,national
江苏大学,应用化学,,,national
江苏大学,思想政治教育,,,national
江苏大学,数学与应用数学,,,national
江苏大学,新能源科学与工程,,,national
江苏大学,机械电子工程,,,national
江苏大学,机械设计制造及其自动化,,,national
江苏大学,材料成型及控制工程,,,national
江苏大学,法学,,,national
江苏大学,测控技术与仪器,,,national
江苏大学,物理学,,,national
江苏大学,物联网工程,,,national
江苏大学,环境工程,,,national
江苏大学,电气工程及其自动化,,,national
江苏大学,统计学,,,national
江苏大学,能源与动力工程,,,national
江苏大学,自动化,,,national
江苏大学,英语,,,national
江苏大学,药学,,,national
江苏大学,视觉传达设计,,,national
江苏大学,计算机科学与技术,,,national
江苏大学,车辆工程,,,national
江苏大学,软件工程,,,national
江苏大学,金属材料工程,,,national
江苏大学,食品科学与工程,,,national
江苏大学,食品质量与安全,,,national
江苏师范大学,化学（师范）,,,national
江苏师范大学,历史学（师范）,,,national
江苏师范大学,地理科学（师范）,,,national
江苏师范大学,小学教育（师范）,,,national
江苏师范大学,广告学,,,national
江苏师范大学,播音与主持艺术,,,national
江苏师范大学,教育技术学（师范）,,,national
江苏师范大学,数学与应用数学,,,national
江苏师范大学,数学与应用数学（师范）,,,national
江苏师范大学,机械设计制造及其自动化,,,national
江苏师范大学,物理学（师范）,,,national
江苏师范大学,生物科学（师范）,,,national
江苏师范大学,统计学,,,national
江苏师范大学,美术学（师范）,,,national
江苏师范大学,英语（师范）,,,national
江苏师范大学,音乐学（师范）,,,national
江苏海洋大学,制药工程,,,national
江苏海洋大学,化学工程与工艺,,,national
江苏海洋大学,国际经济与贸易,,,national
江苏海洋大学,机械电子工程,,,national
江苏海洋大学,机械设计制造及其自动化,,,national
江苏海洋大学,水产养殖学,,,national
江苏海洋大学,汉语言文学,,,national
江苏海洋大学,测绘工程,,,national
江苏海洋大学,船舶与海洋工程,,,national
江苏海洋大学,计算机科学与技术,,,national
江苏海洋大学,食品科学与工程,,,national
江苏理工学院,会计学,,,national
江苏理工学院,市场营销,,,national
江苏理工学院,应用化学,,,national
江苏理工学院,机械设计制造及其自动化,,,national
江苏理工学院,汽车服务工程,,,national
江苏理工学院,环境工程,,,national
江苏理工学院,电子信息工程,,,national
江苏理工学院,软件工程,,,national
江苏科技大学,会计学,,,national
江苏科技大学,信息管理与信息系统,,,national
江苏科技大学,工业工程,,,national
江苏科技大学,工商管理,,,national
江苏科技大学,工程管理,,,national
江苏科技大学,机械电子工程,,,national
江苏科技大学,机械设计制造及其自动化,,,national
江苏科技大学,港口航道与海岸工程,,,national
江苏科技大学,焊接技术与工程,,,national
江苏科技大学,物流管理,,,national
江苏科技大学,电子信息工程,,,national
江苏科技大学,电气工程及其自动化,,,national
江苏科技大学,能源与动力工程,,,national
江苏科技大学,自动化,,,national
江苏科技大学,船舶与海洋工程,,,national
江苏科技大学,计算机科学与技术,,,national
江苏科技大学,轮机工程,,,national
江苏科技大学,金属材料工程,,,national
江苏第二师范学院,地理科学,,,national
江苏第二师范学院,数学与应用数学,,,national
江苏第二师范学院,汉语言文学,,,national
江苏第二师范学院,生物科学,,,national
江苏第二师范学院,计算机科学与技术,,,national
江苏警官学院,侦查学,,,national
江苏警官学院,刑事科学技术,,,national
江西中医药大学,中医学,,,national
江西中医药大学,中药制药,,,national
江西中医药大学,中药学,,,national
江西中医药大学,生物医学工程,,,national
江西中医药大学,药学,,,national
江西中医药大学,针灸推拿学,,,national
江西农业大学,会计学,,,national
江西农业大学,农业资源与环境,,,national
江西农业大学,农学,,,national
江西农业大学,农林经济管理,,,national
江西农业大学,动物医学,,,national
江西农业大学,动物科学,,,national
江西农业大学,园林,,,national
江西农业大学,园艺,,,national
江西农业大学,土地资源管理,,,national
江西农业大学,林学,,,national
江西农业大学,植物保护,,,national
江西农业大学,生物工程,,,national
江西农业大学,食品科学与工程,,,national
江西师范大学,会计学,,,national
江西师范大学,体育教育,,,national
江西师范大学,公共事业管理,,,national
江西师范大学,动画,,,national
江西师范大学,化学,,,national
江西师范大学,历史学,,,national
江西师范大学,商务英语,,,national
江西师范大学,国际经济与贸易,,,national
江西师范大学,地理信息科学,,,national
江西师范大学,地理科学,,,national
江西师范大学,学前教育,,,national
江西师范大学,小学教育,,,national
江西师范大学,工商管理,,,national
江西师范大学,广告学,,,national
江西师范大学,广播电视编导,,,national
江西师范大学,心理学,,,national
江西师范大学,思想政治教育,,,national
江西师范大学,播音与主持艺术,,,national
江西师范大学,教育技术学,,,national
江西师范大学,数学与应用数学,,,national
江西师范大学,新闻学,,,national
江西师范大学,汉语国际教育,,,national
江西师范大学,汉语言文学,,,national
江西师范大学,法学,,,national
江西师范大学,物理学,,,national
江西师范大学,生物工程,,,national
江西师范大学,生物科学,,,national
江西师范大学,电子信息工程,,,national
江西师范大学,社会工作,,,national
江西师范大学,经济学,,,national
江西师范大学,美术学,,,national
江西师范大学,舞蹈学,,,national
江西师范大学,英语,,,national
江西师范大学,行政管理,,,national
江西师范大学,视觉传达设计,,,national
江西师范大学,计算机科学与技术,,,national
江西师范大学,软件工程,,,national
江西师范大学,金融学,,,national
江西师范大学,音乐学,,,national
江西师范大学,音乐表演,,,national
江西服装学院,服装与服饰设计,,,national
江西服装学院,服装与服饰设计（中外合作办学）,,,national
江西服装学院,服装设计与工程,,,national
江西服装学院,服装设计与工程（中外合作办学）,,,national
江西服装学院,环境设计,,,national
江西水利电力大学,机械设计制造及其自动化,,,national
江西水利电力大学,水利水电工程,,,national
江西水利电力大学,环境设计,,,national
江西理工大学,会计学,,,national
江西理工大学,冶金工程（先进铜产业学院（鹰潭））,,,national
江西理工大学,冶金工程（冶金工程学院）,,,national
江西理工大学,化学工程与工艺,,,national
江西理工大学,国际经济与贸易,,,national
江西理工大学,土木工程,,,national
江西理工大学,地理信息科学,,,national
江西理工大学,地质工程,,,national
江西理工大学,工商管理,,,national
江西理工大学,工程造价,,,national
江西理工大学,应用化学,,,national
江西理工大学,机械工程,,,national
江西理工大学,汉语国际教育,,,national
江西理工大学,法学,,,national
江西理工大学,测绘工程,,,national
江西理工大学,电子信息科学与技术,,,national
江西理工大学,矿物加工工程,,,national
江西理工大学,给排水科学与工程,,,national
江西理工大学,自动化,,,national
江西理工大学,计算机科学与技术,,,national
江西理工大学,采矿工程,,,national
江西理工大学,金属材料工程（先进铜产业学院（鹰潭））,,,national
江西理工大学,金属材料工程（材料科学与工程学院）,,,national
江西科技师范大学,会计学,,,national
江西科技师范大学,制药工程,,,national
江西科技师范大学,应用化学,,,national
江西科技师范大学,数学与应用数学,,,national
江西科技师范大学,旅游管理,,,national
江西科技师范大学,电子信息工程,,,national
江西科技师范大学,财务管理,,,national
江西科技师范大学,音乐学,,,national
江西警察学院,经济犯罪侦查,,,national
江西财经大学,产品设计,,,national
江西财经大学,人力资源管理,,,national
江西财经大学,会计学,,,national
江西财经大学,保险学,,,national
江西财经大学,信息与计算科学,,,national
江西财经大学,信息管理与信息系统,,,national
江西财经大学,劳动与社会保障,,,national
江西财经大学,商务英语,,,national
江西财经大学,国际经济与贸易,,,national
江西财经大学,工商管理,,,national
江西财经大学,工程管理,,,national
江西财经大学,应用统计学,,,national
江西财经大学,数字媒体艺术,,,national
江西财经大学,新闻学,,,national
江西财经大学,旅游管理,,,national
江西财经大学,法学,,,national
江西财经大学,物流管理,,,national
江西财经大学,环境设计,,,national
江西财经大学,电子商务,,,national
江西财经大学,社会体育指导与管理,,,national
江西财经大学,社会工作,,,national
江西财经大学,税收学,,,national
江西财经大学,经济学,,,national
江西财经大学,经济统计学,,,national
江西财经大学,计算机科学与技术,,,national
江西财经大学,财务管理,,,national
江西财经大学,财政学,,,national
江西财经大学,软件工程,,,national
江西财经大学,金融学,,,national
江西财经大学,金融工程,,,national
池州学院,广播电视编导,,,national
池州学院,计算机科学与技术,,,national
沈阳体育学院,体育教育,,,national
沈阳体育学院,武术与民族传统体育,,,national
沈阳体育学院,社会体育指导与管理,,,national
沈阳农业大学,农业机械化及其自动化,,,national
沈阳农业大学,农业水利工程,,,national
沈阳农业大学,农业资源与环境,,,national
沈阳农业大学,农学,,,national
沈阳农业大学,农林经济管理,,,national
沈阳农业大学,动物医学,,,national
沈阳农业大学,园林,,,national
沈阳农业大学,园艺,,,national
沈阳农业大学,林学,,,national
沈阳农业大学,植物保护,,,national
沈阳农业大学,生物技术,,,national
沈阳农业大学,设施农业科学与工程,,,national
沈阳农业大学,食品科学与工程,,,national
沈阳农业大学,食品质量与安全,,,national
沈阳化工大学,制药工程,,,national
沈阳化工大学,化学工程与工艺,,,national
沈阳化工大学,应用化学,,,national
沈阳化工大学,无机非金属材料工程,,,national
沈阳化工大学,机械设计制造及其自动化,,,national
沈阳化工大学,环境工程,,,national
沈阳化工大学,生物工程,,,national
沈阳化工大学,电气工程及其自动化,,,national
沈阳化工大学,社会工作,,,national
沈阳化工大学,能源与动力工程,,,national
沈阳化工大学,能源化学工程,,,national
沈阳化工大学,自动化,,,national
沈阳化工大学,计算机科学与技术,,,national
沈阳化工大学,过程装备与控制工程,,,national
沈阳化工大学,高分子材料与工程,,,national
沈阳城市学院,广播电视编导,,,national
沈阳城市学院,酒店管理,,,national
沈阳大学,会计学,,,national
沈阳大学,体育教育,,,national
沈阳大学,土木工程,,,national
沈阳大学,小学教育,,,national
沈阳大学,旅游管理,,,national
沈阳大学,材料成型及控制工程,,,national
沈阳大学,环境工程,,,national
沈阳大学,英语,,,national
沈阳大学,音乐学,,,national
沈阳工业大学,会计学,,,national
沈阳工业大学,化学工程与工艺,,,national
沈阳工业大学,国际经济与贸易,,,national
沈阳工业大学,土木工程,,,national
沈阳工业大学,工业工程,,,national
沈阳工业大学,工业设计,,,national
沈阳工业大学,工商管理,,,national
沈阳工业大学,市场营销,,,national
沈阳工业大学,应用化学,,,national
沈阳工业大学,数学与应用数学,,,national
沈阳工业大学,机械设计制造及其自动化,,,national
沈阳工业大学,材料成型及控制工程,,,national
沈阳工业大学,法学,,,national
沈阳工业大学,测控技术与仪器,,,national
沈阳工业大学,焊接技术与工程,,,national
沈阳工业大学,电子信息工程,,,national
沈阳工业大学,电气工程及其自动化,,,national
沈阳工业大学,自动化,,,national
沈阳工业大学,计算机科学与技术,,,national
沈阳工业大学,金融学,,,national
沈阳工学院,机械设计制造及其自动化,,,national
沈阳工学院,材料成型及控制工程,,,national
沈阳工学院,计算机科学与技术,,,national
沈阳工程学院,电气工程及其自动化,,,national
沈阳师范大学,体育教育,,,national
沈阳师范大学,化学,,,national
沈阳师范大学,学前教育,,,national
沈阳师范大学,应用心理学,,,national
沈阳师范大学,思想政治教育,,,national
沈阳师范大学,教育学,,,national
沈阳师范大学,教育技术学,,,national
沈阳师范大学,新闻学,,,national
沈阳师范大学,旅游管理,,,national
沈阳师范大学,汉语国际教育,,,national
沈阳师范大学,汉语言文学,,,national
沈阳师范大学,法学,,,national
沈阳师范大学,物理学,,,national
沈阳师范大学,生物科学,,,national
沈阳师范大学,社会工作,,,national
沈阳师范大学,英语,,,national
沈阳师范大学,行政管理,,,national
沈阳师范大学,表演,,,national
沈阳师范大学,软件工程,,,national
沈阳师范大学,音乐学,,,national
沈阳建筑大学,土木工程,,,national
沈阳建筑大学,城乡规划,,,national
沈阳建筑大学,工程管理,,,national
沈阳建筑大学,工程造价,,,national
沈阳建筑大学,建筑学,,,national
沈阳建筑大学,建筑环境与能源应用工程,,,national
沈阳建筑大学,建筑电气与智能化,,,national
沈阳建筑大学,无机非金属材料工程,,,national
沈阳建筑大学,机械工程,,,national
沈阳建筑大学,机械设计制造及其自动化,,,national
沈阳建筑大学,测绘工程,,,national
沈阳建筑大学,环境设计,,,national
沈阳建筑大学,给排水科学与工程,,,national
沈阳建筑大学,计算机科学与技术,,,national
沈阳建筑大学,通信工程,,,national
沈阳建筑大学,风景园林,,,national
沈阳理工大学,产品设计,,,national
沈阳理工大学,探测制导与控制技术,,,national
沈阳理工大学,无机非金属材料工程,,,national
沈阳理工大学,材料成型及控制工程,,,national
沈阳理工大学,计算机科学与技术,,,national
沈阳航空航天大学,国际经济与贸易,,,national
沈阳航空航天大学,安全工程,,,national
沈阳航空航天大学,工业设计,,,national
沈阳航空航天大学,新能源科学与工程,,,national
沈阳航空航天大学,机械电子工程,,,national
沈阳航空航天大学,机械设计制造及其自动化,,,national
沈阳航空航天大学,测控技术与仪器,,,national
沈阳航空航天大学,物流管理,,,national
沈阳航空航天大学,电子信息工程,,,national
沈阳航空航天大学,网络工程,,,national
沈阳航空航天大学,自动化,,,national
沈阳航空航天大学,计算机科学与技术,,,national
沈阳航空航天大学,软件工程,,,national
沈阳航空航天大学,金属材料工程,,,national
沈阳航空航天大学,飞行器制造工程,,,national
沈阳航空航天大学,飞行器动力工程,,,national
沈阳航空航天大学,飞行器设计与工程,,,national
沈阳药科大学,中药学,,,national
沈阳药科大学,临床药学,,,national
沈阳药科大学,制药工程,,,national
沈阳药科大学,生物制药,,,national
沈阳药科大学,生物工程,,,national
沈阳药科大学,药事管理,,,national
沈阳药科大学,药学,,,national
沈阳药科大学,药物分析,,,national
沈阳药科大学,药物制剂,,,national
沈阳药科大学,药物化学,,,national
沈阳音乐学院,作曲与作曲技术理论,,,national
沈阳音乐学院,音乐学,,,national
沈阳音乐学院,音乐表演,,,national
河北中医药大学,中医学（含“5+3”和全科医学）,,,national
河北中医药大学,中药学,,,national
河北中医药大学,中西医临床医学,,,national
河北中医药大学,中西医临床医学（韩济生班）,,,national
河北中医药大学,护理学,,,national
河北中医药大学,针灸推拿学,,,national
河北传媒学院,广播电视编导,,,national
河北传媒学院,录音艺术,,,national
河北传媒学院,播音与主持艺术,,,national
河北体育学院,武术与民族传统体育,,,national
河北农业大学,会计学,,,national
河北农业大学,农业水利工程,,,national
河北农业大学,农业电气化,,,national
河北农业大学,农业资源与环境,,,national
河北农业大学,农学,,,national
河北农业大学,农林经济管理,,,national
河北农业大学,动物医学,,,national
河北农业大学,动物科学,,,national
河北农业大学,化学,,,national
河北农业大学,园艺,,,national
河北农业大学,土地资源管理,,,national
河北农业大学,机械设计制造及其自动化,,,national
河北农业大学,林学,,,national
河北农业大学,森林保护,,,national
河北农业大学,植物保护,,,national
河北农业大学,生物技术,,,national
河北农业大学,生物科学,,,national
河北农业大学,电子信息工程,,,national
河北农业大学,电气工程及其自动化,,,national
河北农业大学,种子科学与工程,,,national
河北农业大学,计算机科学与技术,,,national
河北农业大学,车辆工程,,,national
河北农业大学,食品科学与工程,,,national
河北农业大学,食品质量与安全,,,national
河北北方学院,医学检验技术,,,national
河北北方学院,药学,,,national
河北医科大学,中西医临床医学,,,national
河北医科大学,临床医学,,,national
河北医科大学,临床药学,,,national
河北医科大学,医学影像学,,,national
河北医科大学,医学影像技术,,,national
河北医科大学,医学检验技术,,,national
河北医科大学,卫生检验与检疫,,,national
河北医科大学,口腔医学,,,national
河北医科大学,基础医学,,,national
河北医科大学,康复治疗学,,,national
河北医科大学,护理学,,,national
河北医科大学,法医学,,,national
河北医科大学,药学,,,national
河北医科大学,预防医学,,,national
河北医科大学,麻醉学,,,national
河北地质大学,土地资源管理,,,national
河北地质大学,地下水科学与工程,,,national
河北地质大学,地质学,,,national
河北地质大学,工商管理,,,national
河北地质大学,工程管理,,,national
河北地质大学,旅游管理,,,national
河北地质大学,计算机科学与技术,,,national
河北地质大学,资源勘查工程,,,national
河北大学,临床医学,,,national
河北大学,信息安全,,,national
河北大学,光电信息科学与工程,,,national
河北大学,化学,,,national
河北大学,卫生检验与检疫,,,national
河北大学,历史学,,,national
河北大学,古典文献学,,,national
河北大学,哲学,,,national
河北大学,国际经济与贸易,,,national
河北大学,图书馆学,,,national
河北大学,学前教育,,,national
河北大学,广告学,,,national
河北大学,应用心理学,,,national
河北大学,应用物理学,,,national
河北大学,戏剧影视文学,,,national
河北大学,播音与主持艺术,,,national
河北大学,教育学,,,national
河北大学,数学与应用数学,,,national
河北大学,新闻学,,,national
河北大学,日语,,,national
河北大学,材料化学,,,national
河北大学,汉语国际教育,,,national
河北大学,汉语言文学,,,national
河北大学,法学,,,national
河北大学,测控技术与仪器,,,national
河北大学,生物信息学,,,national
河北大学,生物科学,,,national
河北大学,电子科学与技术,,,national
河北大学,电气工程及其自动化,,,national
河北大学,社会工作,,,national
河北大学,经济学,,,national
河北大学,经济统计学,,,national
河北大学,编辑出版学,,,national
河北大学,自动化,,,national
河北大学,英语,,,national
河北大学,药学,,,national
河北大学,视觉传达设计,,,national
河北大学,计算机科学与技术,,,national
河北大学,财政学,,,national
河北大学,通信工程,,,national
河北大学,金融学,,,national
河北工业大学,制药工程,,,national
河北工业大学,化学工程与工艺,,,national
河北工业大学,土木工程,,,national
河北工业大学,工业工程,,,national
河北工业大学,工商管理,,,national
河北工业大学,工程管理,,,national
河北工业大学,应用化学,,,national
河北工业大学,应用物理学,,,national
河北工业大学,建筑学,,,national
河北工业大学,建筑环境与能源应用工程,,,national
河北工业大学,思想政治教育,,,national
河北工业大学,无机非金属材料工程,,,national
河北工业大学,机械电子工程,,,national
河北工业大学,机械设计制造及其自动化,,,national
河北工业大学,材料成型及控制工程,,,national
河北工业大学,测控技术与仪器,,,national
河北工业大学,海洋技术,,,national
河北工业大学,物联网工程,,,national
河北工业大学,环境工程,,,national
河北工业大学,环境设计,,,national
河北工业大学,生物医学工程,,,national
河北工业大学,生物工程,,,national
河北工业大学,电子信息工程,,,national
河北工业大学,电子科学与技术,,,national
河北工业大学,电气工程及其自动化,,,national
河北工业大学,能源与动力工程,,,national
河北工业大学,自动化,,,national
河北工业大学,英语,,,national
河北工业大学,车辆工程,,,national
河北工业大学,过程装备与控制工程,,,national
河北工业大学,通信工程,,,national
河北工业大学,金属材料工程,,,national
河北工业大学,金融学,,,national
河北工业大学,高分子材料与工程,,,national
河北工程大学,土木工程,,,national
河北工程大学,工商管理,,,national
河北工程大学,工程管理,,,national
河北工程大学,应用统计学,,,national
河北工程大学,建筑学,,,national
河北工程大学,机械设计制造及其自动化,,,national
河北工程大学,水利水电工程,,,national
河北工程大学,水文与水资源工程,,,national
河北工程大学,测绘工程,,,national
河北工程大学,电子信息工程,,,national
河北工程大学,经济学,,,national
河北工程大学,给排水科学与工程,,,national
河北工程大学,计算机科学与技术,,,national
河北工程大学,资源勘查工程,,,national
河北师范大学,会计学,,,national
河北师范大学,体育教育,,,national
河北师范大学,俄语,,,national
河北师范大学,化学,,,national
河北师范大学,历史学,,,national
河北师范大学,国际经济与贸易,,,national
河北师范大学,地理科学,,,national
河北师范大学,广告学,,,national
河北师范大学,广播电视编导,,,national
河北师范大学,心理学,,,national
河北师范大学,思想政治教育,,,national
河北师范大学,政治学与行政学,,,national
河北师范大学,教育学,,,national
河北师范大学,教育技术学,,,national
河北师范大学,数学与应用数学,,,national
河北师范大学,新闻学,,,national
河北师范大学,汉语言,,,national
河北师范大学,汉语言文学,,,national
河北师范大学,法学,,,national
河北师范大学,物理学,,,national
河北师范大学,环境科学,,,national
河北师范大学,生物技术,,,national
河北师范大学,生物科学,,,national
河北师范大学,电子信息工程,,,national
河北师范大学,美术学,,,national
河北师范大学,翻译,,,national
河北师范大学,考古学,,,national
河北师范大学,舞蹈表演,,,national
河北师范大学,英语,,,national
河北师范大学,视觉传达设计,,,national
河北师范大学,计算机科学与技术,,,national
河北师范大学,运动康复,,,national
河北师范大学,音乐学,,,national
河北师范大学,音乐表演,,,national
河北建筑工程学院,土木工程,,,national
河北建筑工程学院,建筑学,,,national
河北建筑工程学院,建筑环境与能源应用工程,,,national
河北民族师范学院,小学教育,,,national
河北科技大学,制药工程,,,national
河北科技大学,化学工程与工艺,,,national
河北科技大学,服装与服饰设计,,,national
河北科技大学,机械设计制造及其自动化,,,national
河北科技大学,物流工程,,,national
河北科技大学,环境工程,,,national
河北科技大学,电子商务,,,national
河北科技大学,纺织工程,,,national
河北科技大学,翻译,,,national
河北科技大学,能源与动力工程,,,national
河北科技大学,计算机科学与技术,,,national
河北科技大学,金属材料工程,,,national
河北科技大学,食品科学与工程,,,national
河北经贸大学,会计学,,,national
河北经贸大学,保险学,,,national
河北经贸大学,工商管理,,,national
河北经贸大学,投资学,,,national
河北经贸大学,新闻学,,,national
河北经贸大学,旅游管理,,,national
河北经贸大学,法学,,,national
河北经贸大学,物流管理,,,national
河北经贸大学,财政学,,,national
河北经贸大学,贸易经济,,,national
河北经贸大学,金融学,,,national
河北美术学院,数字媒体艺术,,,national
河北美术学院,艺术与科技,,,national
河北金融学院,经济学,,,national
河北金融学院,经济统计学,,,national
河北金融学院,金融学,,,national
河南中医药大学,中医学,,,national
河南中医药大学,中医骨伤科学,,,national
河南中医药大学,中药学,,,national
河南中医药大学,中药资源与开发,,,national
河南中医药大学,中西医临床医学,,,national
河南中医药大学,公共事业管理（卫生事业管理方向）,,,national
河南中医药大学,制药工程,,,national
河南中医药大学,医学检验技术,,,national
河南中医药大学,康复治疗学,,,national
河南中医药大学,护理学,,,national
河南中医药大学,药学,,,national
河南中医药大学,针灸推拿学,,,national
河南农业大学,农业建筑环境与能源工程,,,national
河南农业大学,农业机械化及其自动化,,,national
河南农业大学,农学,,,national
河南农业大学,农林经济管理,,,national
河南农业大学,动物医学,,,national
河南农业大学,动物科学,,,national
河南农业大学,园林,,,national
河南农业大学,应用化学,,,national
河南农业大学,林学,,,national
河南农业大学,植物保护,,,national
河南农业大学,烟草,,,national
河南农业大学,生物工程,,,national
河南农业大学,电子信息科学与技术,,,national
河南农业大学,种子科学与工程,,,national
河南农业大学,管理科学,,,national
河南农业大学,计算机科学与技术,,,national
河南农业大学,风景园林,,,national
河南农业大学,食品科学与工程,,,national
河南医药大学,临床医学,,,national
河南医药大学,医学检验技术,,,national
河南医药大学,护理学,,,national
河南医药大学,生物医学工程,,,national
河南医药大学,药学,,,national
河南医药大学,预防医学,,,national
河南城建学院,工程管理,,,national
河南城建学院,给排水科学与工程,,,national
河南城建学院,给排水科学与工程（中外合作办学）,,,national
河南大学,临床医学,,,national
河南大学,人文地理与城乡规划,,,national
河南大学,会计学,,,national
河南大学,体育教育,,,national
河南大学,俄语,,,national
河南大学,动画,,,national
河南大学,劳动与社会保障,,,national
河南大学,化学,,,national
河南大学,历史学,,,national
河南大学,地理科学,,,national
河南大学,学前教育,,,national
河南大学,工商管理,,,national
河南大学,应用心理学,,,national
河南大学,思想政治教育,,,national
河南大学,护理学,,,national
河南大学,教育学,,,national
河南大学,数学与应用数学,,,national
河南大学,旅游管理,,,national
河南大学,武术与民族传统体育,,,national
河南大学,汉语国际教育,,,national
河南大学,汉语言文学,,,national
河南大学,法学,,,national
河南大学,物理学,,,national
河南大学,生物工程,,,national
河南大学,生物科学,,,national
河南大学,电子信息科学与技术,,,national
河南大学,电子商务,,,national
河南大学,经济学,,,national
河南大学,统计学,,,national
河南大学,编辑出版学,,,national
河南大学,美术学,,,national
河南大学,翻译,,,national
河南大学,英语,,,national
河南大学,药学,,,national
河南大学,行政管理,,,national
河南大学,表演,,,national
河南大学,视觉传达设计,,,national
河南大学,计算机科学与技术,,,national
河南大学,财政学,,,national
河南大学,软件工程,,,national
河南大学,金融学,,,national
河南大学,金融数学,,,national
河南大学,音乐学,,,national
河南大学,音乐表演,,,national
河南工业大学,产品设计,,,national
河南工业大学,会计学,,,national
河南工业大学,化学工程与工艺,,,national
河南工业大学,化学工程与工艺（合作办学）,,,national
河南工业大学,国际经济与贸易,,,national
河南工业大学,土木工程,,,national
河南工业大学,工程管理,,,national
河南工业大学,应用化学,,,national
河南工业大学,建筑学,,,national
河南工业大学,机械设计制造及其自动化,,,national
河南工业大学,材料科学与工程,,,national
河南工业大学,测控技术与仪器,,,national
河南工业大学,物流管理,,,national
河南工业大学,环境工程,,,national
河南工业大学,生物技术,,,national
河南工业大学,电子信息工程,,,national
河南工业大学,电子商务,,,national
河南工业大学,粮食工程,,,national
河南工业大学,英语,,,national
河南工业大学,视觉传达设计,,,national
河南工业大学,计算机科学与技术,,,national
河南工业大学,软件工程,,,national
河南工业大学,过程装备与控制工程,,,national
河南工业大学,金融学,,,national
河南工业大学,食品科学与工程,,,national
河南工业大学,食品科学与工程（油脂科学与技术）,,,national
河南工程学院,会计学,,,national
河南工程学院,服装与服饰设计,,,national
河南师范大学,体育教育,,,national
河南师范大学,光电信息科学与工程,,,national
河南师范大学,化学,,,national
河南师范大学,历史学,,,national
河南师范大学,国际政治,,,national
河南师范大学,国际经济与贸易,,,national
河南师范大学,学前教育,,,national
河南师范大学,广播电视学,,,national
河南师范大学,心理学,,,national
河南师范大学,思想政治教育,,,national
河南师范大学,投资学,,,national
河南师范大学,政治学与行政学,,,national
河南师范大学,教育学,,,national
河南师范大学,教育技术学,,,national
河南师范大学,数学与应用数学,,,national
河南师范大学,旅游管理,,,national
河南师范大学,日语,,,national
河南师范大学,水产养殖学,,,national
河南师范大学,汉语国际教育,,,national
河南师范大学,汉语言文学,,,national
河南师范大学,法学,,,national
河南师范大学,物理学,,,national
河南师范大学,环境工程,,,national
河南师范大学,生物技术,,,national
河南师范大学,生物科学,,,national
河南师范大学,电子信息工程,,,national
河南师范大学,社会学,,,national
河南师范大学,经济学,,,national
河南师范大学,美术学,,,national
河南师范大学,英语,,,national
河南师范大学,行政管理,,,national
河南师范大学,计算机科学与技术,,,national
河南师范大学,财务管理,,,national
河南师范大学,音乐学,,,national
河南牧业经济学院,动物科学,,,national
河南理工大学,人力资源管理,,,national
河南理工大学,会计学,,,national
河南理工大学,土木工程,,,national
河南理工大学,城市地下空间工程,,,national
河南理工大学,安全工程,,,national
河南理工大学,工商管理,,,national
河南理工大学,工程力学,,,national
河南理工大学,机械设计制造及其自动化,,,national
河南理工大学,材料科学与工程,,,national
河南理工大学,测控技术与仪器,,,national
河南理工大学,测绘工程,,,national
河南理工大学,电气工程及其自动化,,,national
河南理工大学,矿物加工工程,,,national
河南理工大学,能源与动力工程,,,national
河南理工大学,自动化,,,national
河南理工大学,计算机科学与技术,,,national
河南理工大学,财务管理,,,national
河南理工大学,资源勘查工程,,,national
河南理工大学,车辆工程,,,national
河南理工大学,软件工程,,,national
河南理工大学,通信工程,,,national
河南理工大学,采矿工程,,,national
河南科技大学,农业机械化及其自动化,,,national
河南科技大学,农学,,,national
河南科技大学,冶金工程,,,national
河南科技大学,制药工程,,,national
河南科技大学,应用物理学,,,national
河南科技大学,建筑环境与能源应用工程,,,national
河南科技大学,数学与应用数学,,,national
河南科技大学,无机非金属材料工程,,,national
河南科技大学,机械设计制造及其自动化,,,national
河南科技大学,材料成型及控制工程,,,national
河南科技大学,电子信息工程,,,national
河南科技大学,电子商务,,,national
河南科技大学,能源与动力工程,,,national
河南科技大学,自动化,,,national
河南科技大学,英语,,,national
河南科技大学,计算机科学与技术,,,national
河南科技大学,车辆工程,,,national
河南科技大学,金属材料工程,,,national
河南科技大学,食品科学与工程,,,national
河南科技大学,食品质量与安全,,,national
河南科技学院,农学,,,national
河南科技学院,园艺,,,national
河南科技学院,计算机科学与技术,,,national
河南科技学院,食品科学与工程,,,national
河南财经政法大学,人力资源管理,,,national
河南财经政法大学,人文地理与城乡规划,,,national
河南财经政法大学,会计学,,,national
河南财经政法大学,国际经济与贸易,,,national
河南财经政法大学,工商管理,,,national
河南财经政法大学,市场营销,,,national
河南财经政法大学,旅游管理,,,national
河南财经政法大学,法学,,,national
河南财经政法大学,电子商务,,,national
河南财经政法大学,经济统计学,,,national
河南财经政法大学,统计学,,,national
河南财经政法大学,财务管理,,,national
河南财经政法大学,金融学,,,national
河海大学,交通工程,,,national
河海大学,人力资源管理,,,national
河海大学,会计学,,,national
河海大学,信息管理与信息系统,,,national
河海大学,农业水利工程,,,national
河海大学,劳动与社会保障,,,national
河海大学,土地资源管理,,,national
河海大学,土木工程,,,national
河海大学,地理信息科学,,,national
河海大学,地质工程,,,national
河海大学,工程力学,,,national
河海大学,工程管理,,,national
河海大学,市场营销,,,national
河海大学,思想政治教育,,,national
河海大学,数学与应用数学,,,national
河海大学,新能源科学与工程,,,national
河海大学,机械工程,,,national
河海大学,材料科学与工程,,,national
河海大学,水利水电工程,,,national
河海大学,水务工程,,,national
河海大学,水文与水资源工程,,,national
河海大学,法学,,,national
河海大学,测绘工程,,,national
河海大学,海洋科学,,,national
河海大学,港口航道与海岸工程,,,national
河海大学,物联网工程,,,national
河海大学,环境工程,,,national
河海大学,环境科学,,,national
河海大学,电气工程及其自动化,,,national
河海大学,给排水科学与工程,,,national
河海大学,能源与动力工程,,,national
河海大学,自动化,,,national
河海大学,自然地理与资源环境,,,national
河海大学,英语,,,national
河海大学,计算机科学与技术,,,national
河海大学,通信工程,,,national
河西学院,计算机科学与技术,,,national
泉州信息工程学院,机械设计制造及其自动化,,,national
泉州信息工程学院,电子信息工程,,,national
泉州信息工程学院,软件工程,,,national
泉州师范学院,人文地理与城乡规划,,,national
泉州师范学院,化学工程与工艺,,,national
泉州师范学院,小学教育,,,national
泉州师范学院,特殊教育,,,national
泉州师范学院,计算机科学与技术,,,national
泉州师范学院,音乐学,,,national
泰山学院,历史学,,,national
泰山学院,旅游管理,,,national
泰山学院,电子信息科学与技术,,,national
泰山学院,软件工程,,,national
洛阳师范学院,学前教育,,,national
洛阳师范学院,数学与应用数学,,,national
洛阳师范学院,新闻学,,,national
洛阳师范学院,旅游管理,,,national
洛阳师范学院,汉语言文学,,,national
洛阳师范学院,物理学,,,national
洛阳师范学院,电子商务,,,national
洛阳师范学院,英语,,,national
洛阳师范学院,计算机科学与技术,,,national
洛阳师范学院,音乐表演,,,national
洛阳理工学院,无机非金属材料工程,,,national
洛阳理工学院,机械设计制造及其自动化,,,national
洛阳理工学院,电气工程及其自动化,,,national
洛阳理工学院,自动化,,,national
济南大学,会计学,,,national
济南大学,信息管理与信息系统,,,national
济南大学,化学工程与工艺,,,national
济南大学,土木工程,,,national
济南大学,工商管理,,,national
济南大学,应用化学,,,national
济南大学,机械工程,,,national
济南大学,机械工程（中外合作办学项目）,,,national
济南大学,材料科学与工程,,,national
济南大学,材料科学与工程（材料智能科学及技术创新班）,,,national
济南大学,汉语言文学（师范类）,,,national
济南大学,物理学（师范兼非师范类）,,,national
济南大学,物理学（物理拔尖班）,,,national
济南大学,环境工程,,,national
济南大学,环境工程（中外合作办学项目）,,,national
济南大学,生物技术,,,national
济南大学,社会工作,,,national
济南大学,给排水科学与工程,,,national
济南大学,网络工程,,,national
济南大学,网络工程（中外合作办学项目）,,,national
济南大学,计算机科学与技术,,,national
济南大学,计算机科学与技术（图灵班）,,,national
济南大学,通信工程,,,national
济南大学,金融学,,,national
济南大学,金融学（中外合作办学项目）,,,national
济南大学,音乐学（师范兼非师范类）,,,national
济南大学,高分子材料与工程,,,national
济宁医学院,精神医学,,,national
浙大城市学院,自动化,,,national
浙大城市学院,计算机科学与技术,,,national
浙大宁波理工学院,机械设计制造及其自动化,,,national
浙江万里学院,会展经济与管理,,,national
浙江万里学院,会计学,,,national
浙江万里学院,国际经济与贸易,,,national
浙江万里学院,物流管理,,,national
浙江万里学院,物联网工程,,,national
浙江万里学院,环境设计,,,national
浙江万里学院,生物工程,,,national
浙江万里学院,生物技术,,,national
浙江万里学院,电子商务,,,national
浙江万里学院,网络与新媒体,,,national
浙江万里学院,金融学,,,national
浙江中医药大学,中医学,,,national
浙江中医药大学,中医骨伤科学,,,national
浙江中医药大学,中药学,,,national
浙江中医药大学,临床医学,,,national
浙江中医药大学,健康服务与管理,,,national
浙江中医药大学,公共事业管理,,,national
浙江中医药大学,听力与言语康复学,,,national
浙江中医药大学,护理学,,,national
浙江中医药大学,药学,,,national
浙江中医药大学,针灸推拿学,,,national
浙江中医药大学,预防医学,,,national
浙江传媒学院,传播学,,,national
浙江传媒学院,动画,,,national
浙江传媒学院,广播电视学,,,national
浙江传媒学院,广播电视编导,,,national
浙江传媒学院,影视摄影与制作,,,national
浙江传媒学院,戏剧影视文学,,,national
浙江传媒学院,摄影,,,national
浙江传媒学院,播音与主持艺术,,,national
浙江传媒学院,数字媒体技术,,,national
浙江传媒学院,文化产业管理,,,national
浙江传媒学院,编辑出版学,,,national
浙江传媒学院,网络工程,,,national
浙江农林大学,农业资源与环境,,,national
浙江农林大学,农学,,,national
浙江农林大学,农林经济管理,,,national
浙江农林大学,动物医学,,,national
浙江农林大学,园林,,,national
浙江农林大学,园艺,,,national
浙江农林大学,应用化学,,,national
浙江农林大学,木材科学与工程,,,national
浙江农林大学,林学,,,national
浙江农林大学,植物保护,,,national
浙江农林大学,生态学,,,national
浙江农林大学,生物技术,,,national
浙江农林大学,计算机科学与技术,,,national
浙江农林大学,风景园林,,,national
浙江外国语学院,俄语,,,national
浙江外国语学院,商务英语,,,national
浙江外国语学院,小学教育,,,national
浙江外国语学院,旅游管理,,,national
浙江外国语学院,翻译,,,national
浙江外国语学院,英语,,,national
浙江外国语学院,阿拉伯语,,,national
浙江大学,临床医学,,,national
浙江大学,会计学,,,national
浙江大学,传播学,,,national
浙江大学,体育教育,,,national
浙江大学,俄语,,,national
浙江大学,信息与计算科学,,,national
浙江大学,信息安全,,,national
浙江大学,信息工程,,,national
浙江大学,信息管理与信息系统,,,national
浙江大学,光电信息科学与工程,,,national
浙江大学,农林经济管理,,,national
浙江大学,劳动与社会保障,,,national
浙江大学,化学,,,national
浙江大学,化学工程与工艺,,,national
浙江大学,历史学,,,national
浙江大学,古典文献学,,,national
浙江大学,哲学,,,national
浙江大学,园林,,,national
浙江大学,国际经济与贸易,,,national
浙江大学,土地资源管理,,,national
浙江大学,土木、水利与交通工程,,,national
浙江大学,土木工程,,,national
浙江大学,地理信息科学,,,national
浙江大学,地质学,,,national
浙江大学,大气科学,,,national
浙江大学,工业设计,,,national
浙江大学,工商管理,,,national
浙江大学,工程力学,,,national
浙江大学,建筑学,,,national
浙江大学,微电子科学与工程,,,national
浙江大学,德语,,,national
浙江大学,心理学,,,national
浙江大学,政治学与行政学,,,national
浙江大学,教育学,,,national
浙江大学,数学与应用数学,,,national
浙江大学,文物与博物馆学,,,national
浙江大学,新闻学,,,national
浙江大学,日语,,,national
浙江大学,机械工程,,,national
浙江大学,材料科学与工程,,,national
浙江大学,汉语言文学,,,national
浙江大学,法学,,,national
浙江大学,法语,,,national
浙江大学,物理学,,,national
浙江大学,环境工程,,,national
浙江大学,环境科学,,,national
浙江大学,生态学,,,national
浙江大学,生物医学,,,national
浙江大学,生物医学工程,,,national
浙江大学,生物工程,,,national
浙江大学,生物科学,,,national
浙江大学,电子与计算机工程,,,national
浙江大学,电子信息工程,,,national
浙江大学,电子科学与技术,,,national
浙江大学,电气工程及其自动化,,,national
浙江大学,社会学,,,national
浙江大学,经济学,,,national
浙江大学,统计学,,,national
浙江大学,翻译,,,national
浙江大学,能源与环境系统工程,,,national
浙江大学,自动化,,,national
浙江大学,艺术与科技,,,national
浙江大学,英语,,,national
浙江大学,药学,,,national
浙江大学,行政管理,,,national
浙江大学,西班牙语,,,national
浙江大学,计算机科学与技术,,,national
浙江大学,财政学,,,national
浙江大学,车辆工程,,,national
浙江大学,软件工程,,,national
浙江大学,过程装备与控制工程,,,national
浙江大学,金融学,,,national
浙江大学,预防医学,,,national
浙江大学,飞行器设计与工程,,,national
浙江大学,高分子材料与工程,,,national
浙江工业大学,信息与计算科学,,,national
浙江工业大学,信息管理与信息系统,,,national
浙江工业大学,光电信息科学与工程,,,national
浙江工业大学,公共事业管理,,,national
浙江工业大学,制药工程,,,national
浙江工业大学,化学工程与工艺,,,national
浙江工业大学,国际经济与贸易,,,national
浙江工业大学,土木工程,,,national
浙江工业大学,城乡规划,,,national
浙江工业大学,安全工程,,,national
浙江工业大学,工业工程,,,national
浙江工业大学,工业设计,,,national
浙江工业大学,工商管理,,,national
浙江工业大学,工程管理,,,national
浙江工业大学,广告学,,,national
浙江工业大学,广播电视学,,,national
浙江工业大学,应用化学,,,national
浙江工业大学,应用物理学,,,national
浙江工业大学,建筑学,,,national
浙江工业大学,播音与主持艺术,,,national
浙江工业大学,数字媒体技术,,,national
浙江工业大学,机械工程,,,national
浙江工业大学,材料科学与工程,,,national
浙江工业大学,汉语言文学,,,national
浙江工业大学,环境工程,,,national
浙江工业大学,环境设计,,,national
浙江工业大学,生物工程,,,national
浙江工业大学,生物技术,,,national
浙江工业大学,电气工程及其自动化,,,national
浙江工业大学,给排水科学与工程,,,national
浙江工业大学,网络工程,,,national
浙江工业大学,能源化学工程,,,national
浙江工业大学,自动化,,,national
浙江工业大学,英语,,,national
浙江工业大学,药学,,,national
浙江工业大学,行政管理,,,national
浙江工业大学,视觉传达设计,,,national
浙江工业大学,计算机科学与技术,,,national
浙江工业大学,财务管理,,,national
浙江工业大学,车辆工程,,,national
浙江工业大学,软件工程,,,national
浙江工业大学,过程装备与控制工程,,,national
浙江工业大学,通信工程,,,national
浙江工业大学,金融学,,,national
浙江工业大学,食品科学与工程,,,national
浙江工业大学,高分子材料与工程,,,national
浙江工商大学,人力资源管理,,,national
浙江工商大学,会计学,,,national
浙江工商大学,商务英语,,,national
浙江工商大学,国际商务,,,national
浙江工商大学,国际经济与贸易,,,national
浙江工商大学,土地资源管理,,,national
浙江工商大学,工商管理,,,national
浙江工商大学,市场营销,,,national
浙江工商大学,应用统计学,,,national
浙江工商大学,投资学,,,national
浙江工商大学,新闻学,,,national
浙江工商大学,旅游管理,,,national
浙江工商大学,日语,,,national
浙江工商大学,汉语言文学,,,national
浙江工商大学,法学,,,national
浙江工商大学,物流管理,,,national
浙江工商大学,环境工程,,,national
浙江工商大学,电子商务,,,national
浙江工商大学,经济学,,,national
浙江工商大学,经济统计学,,,national
浙江工商大学,英语,,,national
浙江工商大学,行政管理,,,national
浙江工商大学,视觉传达设计,,,national
浙江工商大学,计算机科学与技术,,,national
浙江工商大学,软件工程,,,national
浙江工商大学,金融学,,,national
浙江工商大学,金融工程,,,national
浙江工商大学,阿拉伯语,,,national
浙江工商大学,食品科学与工程,,,national
浙江工商大学,食品质量与安全,,,national
浙江师范大学,体育教育,,,national
浙江师范大学,信息与计算科学,,,national
浙江师范大学,光电信息科学与工程,,,national
浙江师范大学,动画,,,national
浙江师范大学,化学,,,national
浙江师范大学,历史学,,,national
浙江师范大学,地理科学,,,national
浙江师范大学,学前教育,,,national
浙江师范大学,工商管理,,,national
浙江师范大学,应用心理学,,,national
浙江师范大学,思想政治教育,,,national
浙江师范大学,戏剧影视文学,,,national
浙江师范大学,教育技术学,,,national
浙江师范大学,数学与应用数学,,,national
浙江师范大学,日语,,,national
浙江师范大学,汉语国际教育,,,national
浙江师范大学,汉语言文学,,,national
浙江师范大学,法学,,,national
浙江师范大学,物理学,,,national
浙江师范大学,特殊教育,,,national
浙江师范大学,环境科学与工程,,,national
浙江师范大学,生物科学,,,national
浙江师范大学,电子信息工程,,,national
浙江师范大学,电子商务,,,national
浙江师范大学,社会工作,,,national
浙江师范大学,科学教育,,,national
浙江师范大学,美术学,,,national
浙江师范大学,翻译,,,national
浙江师范大学,舞蹈学,,,national
浙江师范大学,英语,,,national
浙江师范大学,计算机科学与技术,,,national
浙江师范大学,软件工程,,,national
浙江师范大学,音乐学,,,national
浙江树人学院,计算机科学与技术,,,national
浙江海洋大学,机械设计制造及其自动化,,,national
浙江海洋大学,海洋渔业科学与技术,,,national
浙江海洋大学,海洋科学,,,national
浙江海洋大学,船舶与海洋工程,,,national
浙江海洋大学,行政管理,,,national
浙江海洋大学,食品科学与工程,,,national
浙江理工大学,丝绸设计与工程,,,national
浙江理工大学,产品设计,,,national
浙江理工大学,人力资源管理,,,national
浙江理工大学,信息管理与信息系统,,,national
浙江理工大学,国际经济与贸易,,,national
浙江理工大学,土木工程,,,national
浙江理工大学,工业设计,,,national
浙江理工大学,应用化学,,,national
浙江理工大学,应用物理学,,,national
浙江理工大学,数学与应用数学,,,national
浙江理工大学,服装与服饰设计,,,national
浙江理工大学,服装设计与工程,,,national
浙江理工大学,机械电子工程,,,national
浙江理工大学,机械设计制造及其自动化,,,national
浙江理工大学,材料科学与工程,,,national
浙江理工大学,法学,,,national
浙江理工大学,测控技术与仪器,,,national
浙江理工大学,环境设计,,,national
浙江理工大学,生物制药,,,national
浙江理工大学,电子信息工程,,,national
浙江理工大学,纺织工程,,,national
浙江理工大学,自动化,,,national
浙江理工大学,英语,,,national
浙江理工大学,表演,,,national
浙江理工大学,计算机科学与技术,,,national
浙江理工大学,轻化工程,,,national
浙江理工大学,非织造材料与工程,,,national
浙江理工大学,高分子材料与工程,,,national
浙江科技大学,信息与计算科学,,,national
浙江科技大学,化学工程与工艺,,,national
浙江科技大学,土木工程,,,national
浙江科技大学,工业设计,,,national
浙江科技大学,视觉传达设计,,,national
浙江科技大学,计算机科学与技术,,,national
浙江警察学院,交通管理工程,,,national
浙江警察学院,治安学,,,national
浙江警察学院,涉外警务,,,national
浙江警察学院,网络安全与执法,,,national
浙江财经大学,人力资源管理,,,national
浙江财经大学,会计学,,,national
浙江财经大学,劳动与社会保障,,,national
浙江财经大学,国际经济与贸易,,,national
浙江财经大学,审计学,,,national
浙江财经大学,工商管理,,,national
浙江财经大学,市场营销,,,national
浙江财经大学,汉语言文学,,,national
浙江财经大学,法学,,,national
浙江财经大学,社会工作,,,national
浙江财经大学,税收学,,,national
浙江财经大学,经济学,,,national
浙江财经大学,经济统计学,,,national
浙江财经大学,英语,,,national
浙江财经大学,行政管理,,,national
浙江财经大学,财务管理,,,national
浙江财经大学,财政学,,,national
浙江财经大学,金融学,,,national
浙江财经大学,金融工程,,,national
浙江越秀外国语学院,日语,,,national
浙江越秀外国语学院,朝鲜语,,,national
浙江越秀外国语学院,汉语国际教育,,,national
浙江越秀外国语学院,翻译,,,national
浙江音乐学院,作曲与作曲技术理论,,,national
浙江音乐学院,舞蹈学,,,national
浙江音乐学院,表演,,,national
浙江音乐学院,音乐学,,,national
浙江音乐学院,音乐表演,,,national
海南医科大学,临床医学,,,national
海南医科大学,临床医学（订单定向班）,,,national
海南医科大学,医学检验技术,,,national
海南医科大学,护理学,,,national
海南医科大学,护理学（中外合作办学）,,,national
海南医科大学,药学,,,national
海南医科大学,预防医学,,,national
海南大学,会计学,,,national
海南大学,信息安全,,,national
海南大学,农业资源与环境,,,national
海南大学,农学,,,national
海南大学,农林经济管理,,,national
海南大学,动物医学,,,national
海南大学,化学工程与工艺,,,national
海南大学,园林,,,national
海南大学,园艺,,,national
海南大学,国际经济与贸易,,,national
海南大学,土木工程,,,national
海南大学,工商管理,,,national
海南大学,应用化学,,,national
海南大学,思想政治教育,,,national
海南大学,戏剧影视文学,,,national
海南大学,数学与应用数学,,,national
海南大学,旅游管理,,,national
海南大学,日语,,,national
海南大学,机械设计制造及其自动化,,,national
海南大学,材料科学与工程,,,national
海南大学,植物保护,,,national
海南大学,水产养殖学,,,national
海南大学,汉语言文学,,,national
海南大学,法学,,,national
海南大学,海洋科学,,,national
海南大学,物流管理,,,national
海南大学,环境科学,,,national
海南大学,生物医学工程,,,national
海南大学,生物技术,,,national
海南大学,生物科学,,,national
海南大学,电子信息工程,,,national
海南大学,绘画,,,national
海南大学,自动化,,,national
海南大学,英语,,,national
海南大学,药学,,,national
海南大学,行政管理,,,national
海南大学,行政管理（中外合作办学）,,,national
海南大学,视觉传达设计,,,national
海南大学,计算机科学与技术,,,national
海南大学,车辆工程,,,national
海南大学,通信工程,,,national
海南大学,酒店管理,,,national
海南大学,酒店管理（中外合作办学）,,,national
海南大学,金融学,,,national
海南大学,音乐表演,,,national
海南大学,风景园林,,,national
海南大学,食品科学与工程,,,national
海南师范大学,体育教育,,,national
海南师范大学,体育教育（足球方向）,,,national
海南师范大学,化学,,,national
海南师范大学,历史学,,,national
海南师范大学,地理科学,,,national
海南师范大学,小学教育（中文与社会方向、数学与科学方向、英语教育方向）,,,national
海南师范大学,思想政治教育,,,national
海南师范大学,教育学,,,national
海南师范大学,数学与应用数学,,,national
海南师范大学,新闻学,,,national
海南师范大学,旅游管理,,,national
海南师范大学,汉语言文学,,,national
海南师范大学,物理学,,,national
海南师范大学,环境设计,,,national
海南师范大学,环境设计（中外合作办学）,,,national
海南师范大学,生物科学,,,national
海南师范大学,翻译,,,national
海南师范大学,英语（师范方向）,,,national
海南师范大学,计算机科学与技术,,,national
海南师范大学,音乐学,,,national
海南热带海洋学院,旅游管理,,,national
海南热带海洋学院,旅游管理（中外合作办学）,,,national
淮北师范大学,体育教育,,,national
淮北师范大学,学前教育,,,national
淮北师范大学,数学与应用数学,,,national
淮北师范大学,汉语言文学,,,national
淮北师范大学,物流管理,,,national
淮北师范大学,特殊教育,,,national
淮北师范大学,生物工程,,,national
淮北师范大学,电子信息工程,,,national
淮北师范大学,英语,,,national
淮北师范大学,计算机科学与技术,,,national
淮北师范大学,音乐学,,,national
淮南师范学院,英语,,,national
淮安大学,化学工程与工艺,,,national
淮安大学,土木工程,,,national
淮安大学,工商管理,,,national
淮安大学,机械设计制造及其自动化,,,national
淮安大学,计算机科学与技术,,,national
淮安大学,软件工程,,,national
淮安大学,通信工程,,,national
淮安大学,食品科学与工程,,,national
淮阴师范学院,化学工程与工艺,,,national
淮阴师范学院,小学教育,,,national
淮阴师范学院,思想政治教育,,,national
淮阴师范学院,数学与应用数学,,,national
淮阴师范学院,汉语言文学,,,national
淮阴师范学院,法学,,,national
淮阴师范学院,物理学,,,national
淮阴师范学院,生物技术,,,national
深圳大学,临床医学,,,national
深圳大学,临床医学（卓越班）,,,national
深圳大学,人力资源管理,,,national
深圳大学,会计学,,,national
深圳大学,信息与计算科学,3,2021,national
深圳大学,信息管理与信息系统（中外合作办学）,,,national
深圳大学,信息管理与信息系统（创新班）,,,national
深圳大学,信息管理与信息系统（卓越班）,,,national
深圳大学,光电信息科学与工程,,,national
深圳大学,光电信息科学与工程（卓越班）,,,national
深圳大学,化学,3,2021,national
深圳大学,化学（卓越班）,,,national
深圳大学,化学（师范）,,,national
深圳大学,化学（理工创新实验班）,,,national
深圳大学,土木工程（国际工程创新班）,,,national
深圳大学,土木工程（数学力学创新班）,,,national
深圳大学,城乡规划（智能空间治理）,,,national
深圳大学,工商管理,,,national
深圳大学,工商管理（全英班）,,,national
深圳大学,工程管理,,,national
深圳大学,市场营销,,,national
深圳大学,广告学,,,national
深圳大学,广告学（卓越班）,,,national
深圳大学,建筑学,,,national
深圳大学,建筑学（卓越班）,,,national
深圳大学,建筑学（数智设计创新班）,,,national
深圳大学,心理学,,,national
深圳大学,心理学（卓越班）,,,national
深圳大学,新闻学,3,2021,national
深圳大学,机械设计制造及其自动化,3,2021,national
深圳大学,机械设计制造及其自动化（创新班）,,,national
深圳大学,材料科学与工程,,,national
深圳大学,材料科学与工程（创新班）,,,national
深圳大学,法学,3,2021,national
深圳大学,生物医学工程,,,national
深圳大学,生物技术,,,national
深圳大学,生物科学,,,national
深圳大学,生物科学（卓越班）,,,national
深圳大学,生物科学（师范）,,,national
深圳大学,生物科学（理工创新实验班）,,,national
深圳大学,电子信息工程,,,national
深圳大学,电子信息工程（文华班）,,,national
深圳大学,经济学,,,national
深圳大学,网络与新媒体,,,national
深圳大学,网络与新媒体（传腾班）,,,national
深圳大学,自动化,3,2021,national
深圳大学,英语（师范）,,,national
深圳大学,行政管理,,,national
深圳大学,视觉传达设计,3,2021,national
深圳大学,计算机科学与技术,,,national
深圳大学,计算机科学与技术（创新班）,,,national
深圳大学,计算机科学与技术（卓越班）,,,national
深圳大学,计算机科学与技术（腾班）,,,national
深圳大学,软件工程,,,national
深圳大学,通信工程,,,national
深圳大学,金融学,,,national
深圳大学,金融学（创新班）,,,national
深圳大学,高分子材料与工程,3,2021,national
深圳大学,高分子材料与工程（创新班）,,,national
清华大学,产品设计,,,national
清华大学,化学,,,national
清华大学,化学工程与工业生物工程,,,national
清华大学,土木、水利与海洋工程,,,national
清华大学,城乡规划,,,national
清华大学,工程管理,,,national
清华大学,工艺美术,,,national
清华大学,智能工程与创意设计,,,national
清华大学,服装与服饰设计,,,national
清华大学,机械工程,,,national
清华大学,核工程与核技术,,,national
清华大学,法学,,,national
清华大学,环境设计,,,national
清华大学,社会学,,,national
清华大学,经济学,,,national
清华大学,绘画,,,national
清华大学,艺术与科技,,,national
清华大学,药学,,,national
清华大学,视觉传达设计,,,national
清华大学,计算机科学与技术,,,national
清华大学,陶瓷艺术设计,,,national
清华大学,雕塑,,,national
清华大学,风景园林,,,national
清华大学,高分子材料与工程,,,national
渤海大学,化学,,,national
渤海大学,历史学,,,national
渤海大学,小学教育,,,national
渤海大学,市场营销,,,national
渤海大学,数学与应用数学,,,national
渤海大学,新闻学,,,national
渤海大学,汉语言文学,,,national
渤海大学,自动化,,,national
渤海大学,计算机科学与技术,,,national
渤海大学,食品科学与工程,,,national
渤海大学,食品质量与安全,,,national
温州医科大学,临床医学,,,national
温州医科大学,临床医学（5+3一体化）,,,national
温州医科大学,临床医学（5+3一体化，儿科学方向）,,,national
温州医科大学,临床医学（5+3一体化，医学影像学方向）,,,national
温州医科大学,临床医学（5+3一体化，放射医学方向）,,,national
温州医科大学,临床医学（5+3一体化，精神医学方向）,,,national
温州医科大学,临床医学（5+3一体化，老年医学方向）,,,national
温州医科大学,临床医学（5+3一体化，麻醉学方向）,,,national
温州医科大学,临床医学（中外合作办学）,,,national
温州医科大学,临床医学（新医科交大医学班）,,,national
温州医科大学,临床医学（检验医师培养试验班）,,,national
温州医科大学,卫生检验与检疫,,,national
温州医科大学,护理学,,,national
温州医科大学,护理学（卓越班）,,,national
温州医科大学,生物医学工程,,,national
温州医科大学,生物医学工程（眼视光工程新工科班）,,,national
温州医科大学,眼视光医学,,,national
温州医科大学,眼视光医学（5+3一体化）,,,national
温州医科大学,眼视光医学（新医科班）,,,national
温州医科大学,药学,,,national
温州医科大学,药学（生物药学创新实验班）,,,national
温州大学,体育教育,,,national
温州大学,化学,,,national
温州大学,国际经济与贸易,,,national
温州大学,土木工程,,,national
温州大学,学前教育,,,national
温州大学,小学教育,,,national
温州大学,工业工程,,,national
温州大学,应用心理学,,,national
温州大学,思想政治教育,,,national
温州大学,教育技术学,,,national
温州大学,数学与应用数学,,,national
温州大学,服装与服饰设计,,,national
温州大学,机械工程,,,national
温州大学,材料科学与工程,,,national
温州大学,汉语言文学,,,national
温州大学,法学,,,national
温州大学,物理学,,,national
温州大学,生物科学,,,national
温州大学,电气工程及其自动化,,,national
温州大学,网络工程,,,national
温州大学,金融工程,,,national
温州大学,音乐学,,,national
渭南师范学院,学前教育,,,national
渭南师范学院,教育技术学,,,national
渭南师范学院,汉语言文学,,,national
湖北中医药大学,中医学,,,national
湖北中医药大学,中药学,,,national
湖北中医药大学,公共事业管理,,,national
湖北中医药大学,市场营销,,,national
湖北中医药大学,护理学,,,national
湖北中医药大学,针灸推拿学,,,national
湖北医药学院,临床医学,,,national
湖北医药学院,护理学,,,national
湖北医药学院,药学,,,national
湖北大学,人力资源管理,,,national
湖北大学,化学,,,national
湖北大学,历史学,,,national
湖北大学,哲学,,,national
湖北大学,国际经济与贸易,,,national
湖北大学,地理科学,,,national
湖北大学,广告学,,,national
湖北大学,思想政治教育,,,national
湖北大学,教育学,,,national
湖北大学,数字媒体艺术,,,national
湖北大学,数学与应用数学,,,national
湖北大学,新闻学,,,national
湖北大学,旅游管理,,,national
湖北大学,材料化学,,,national
湖北大学,档案学,,,national
湖北大学,汉语言文学,,,national
湖北大学,法学,,,national
湖北大学,物理学,,,national
湖北大学,环境工程,,,national
湖北大学,环境设计,,,national
湖北大学,生物工程,,,national
湖北大学,生物科学,,,national
湖北大学,电子科学与技术,,,national
湖北大学,社会体育指导与管理,,,national
湖北大学,美术学,,,national
湖北大学,英语,,,national
湖北大学,行政管理,,,national
湖北大学,计算机科学与技术,,,national
湖北大学,软件工程,,,national
湖北大学,金融学,,,national
湖北大学,高分子材料与工程,,,national
湖北工业大学,产品设计,,,national
湖北工业大学,产品设计（中美合作办学）,,,national
湖北工业大学,人力资源管理（数智化人资）,,,national
湖北工业大学,会计学,,,national
湖北工业大学,制药工程,,,national
湖北工业大学,化学工程与工艺,,,national
湖北工业大学,国际经济与贸易（数字贸易）,,,national
湖北工业大学,土木工程（拔尖创新人才实验班）,,,national
湖北工业大学,土木工程（绿色建造）,,,national
湖北工业大学,工程管理,,,national
湖北工业大学,市场营销（营销科学与数智管理）,,,national
湖北工业大学,建筑学（数智建筑）,,,national
湖北工业大学,微电子科学与工程,,,national
湖北工业大学,数字媒体艺术,,,national
湖北工业大学,机械设计制造及其自动化,,,national
湖北工业大学,机械设计制造及其自动化（中美合作办学）,,,national
湖北工业大学,机械设计制造及其自动化（中英合作办学）,,,national
湖北工业大学,机械设计制造及其自动化（拔尖创新人才实验班）,,,national
湖北工业大学,机械设计制造及其自动化（职教师资班）,,,national
湖北工业大学,材料成型及控制工程（数字化成形）,,,national
湖北工业大学,测控技术与仪器,,,national
湖北工业大学,环境工程（中美合作办学）,,,national
湖北工业大学,环境工程（数智生态）,,,national
湖北工业大学,环境设计,,,national
湖北工业大学,生物工程,,,national
湖北工业大学,电子信息工程,,,national
湖北工业大学,电子信息工程（中英合作办学）,,,national
湖北工业大学,电子商务（商务大数据分析）,,,national
湖北工业大学,电气工程及其自动化,,,national
湖北工业大学,电气工程及其自动化（中美合作办学）,,,national
湖北工业大学,电气工程及其自动化（拔尖创新人才实验班）,,,national
湖北工业大学,能源经济,,,national
湖北工业大学,自动化,,,national
湖北工业大学,英语,,,national
湖北工业大学,英语（拔尖创新人才实验班）,,,national
湖北工业大学,行政管理,,,national
湖北工业大学,视觉传达设计,,,national
湖北工业大学,视觉传达设计（中美合作办学）,,,national
湖北工业大学,计算机科学与技术,,,national
湖北工业大学,计算机科学与技术（AI教育师资班）,,,national
湖北工业大学,软件工程,,,national
湖北工业大学,软件工程（中美合作办学）,,,national
湖北工业大学,金融学（数智金融）,,,national
湖北工业大学,食品科学与工程,,,national
湖北工业大学,食品科学与工程（食品营养）,,,national
湖北工业大学,高分子材料与工程,,,national
湖北工程学院,计算机科学与技术,,,national
湖北师范大学,化学,,,national
湖北师范大学,化学（师范）,,,national
湖北师范大学,生物技术,,,national
湖北师范大学,生物科学,,,national
湖北文理学院,学前教育,,,national
湖北文理学院,旅游管理,,,national
湖北文理学院,机械设计制造及其自动化,,,national
湖北文理学院,社会工作,,,national
湖北民族大学,会计学,,,national
湖北民族大学,数学与应用数学,,,national
湖北民族大学,林学,,,national
湖北民族大学,汉语言文学,,,national
湖北民族大学,法学,,,national
湖北民族大学,英语,,,national
湖北民族大学,计算机科学与技术,,,national
湖北民族大学,食品科学与工程,,,national
湖北汽车工业学院,工业工程,,,national
湖北汽车工业学院,机械设计制造及其自动化,,,national
湖北汽车工业学院,材料科学与工程,,,national
湖北汽车工业学院,测控技术与仪器,,,national
湖北汽车工业学院,物流管理,,,national
湖北汽车工业学院,电子信息工程,,,national
湖北汽车工业学院,车辆工程,,,national
湖北理工学院,环境工程,,,national
湖北理工学院,环境工程（荆楚卓越计划）,,,national
湖北理工学院,电子信息工程,,,national
湖北理工学院,电气工程及其自动化,,,national
湖北理工学院,计算机科学与技术,,,national
湖北理工学院,计算机科学与技术（明德计划实验班）,,,national
湖北科技学院,体育教育,,,national
湖北科技学院,生物医学工程,,,national
湖北科技学院,药学,,,national
湖北第二师范学院,小学教育,,,national
湖北第二师范学院,新闻学,,,national
湖北第二师范学院,汉语言文学,,,national
湖北第二师范学院,物理学,,,national
湖北第二师范学院,计算机科学与技术,,,national
湖北经济学院,休闲体育,,,national
湖北经济学院,会计学,,,national
湖北经济学院,保险学,,,national
湖北经济学院,动画,,,national
湖北经济学院,商务英语,,,national
湖北经济学院,审计学,,,national
湖北经济学院,市场营销,,,national
湖北经济学院,新闻学,,,national
湖北经济学院,旅游管理,,,national
湖北经济学院,法学,,,national
湖北经济学院,物流管理,,,national
湖北经济学院,电子商务,,,national
湖北经济学院,经济学,,,national
湖北经济学院,统计学,,,national
湖北经济学院,计算机科学与技术,,,national
湖北经济学院,财务管理,,,national
湖北经济学院,财政学,,,national
湖北经济学院,软件工程,,,national
湖北经济学院,金融学,,,national
湖北美术学院,中国画,,,national
湖北美术学院,动画,,,national
湖北美术学院,环境设计,,,national
湖北美术学院,绘画,,,national
湖北美术学院,雕塑,,,national
湖北警官学院,侦查学,,,national
湖北警官学院,刑事科学技术,,,national
湖南中医药大学,中医学,,,national
湖南中医药大学,中药学,,,national
湖南中医药大学,中西医临床医学,,,national
湖南中医药大学,临床医学,,,national
湖南中医药大学,护理学,,,national
湖南中医药大学,药学,,,national
湖南中医药大学,计算机科学与技术,,,national
湖南中医药大学,针灸推拿学,,,national
湖南人文科技学院,材料成型及控制工程,,,national
湖南人文科技学院,电子商务,,,national
湖南人文科技学院,网络工程,,,national
湖南人文科技学院,能源与动力工程,,,national
湖南人文科技学院,财务管理,,,national
湖南信息学院,软件工程,,,national
湖南农业大学,会计学,,,national
湖南农业大学,农业机械化及其自动化,,,national
湖南农业大学,农学,,,national
湖南农业大学,农林经济管理,,,national
湖南农业大学,动物医学,,,national
湖南农业大学,动物科学,,,national
湖南农业大学,劳动与社会保障,,,national
湖南农业大学,园艺,,,national
湖南农业大学,市场营销,,,national
湖南农业大学,教育学,,,national
湖南农业大学,植物保护,,,national
湖南农业大学,水产养殖学,,,national
湖南农业大学,生物科学,,,national
湖南农业大学,社会体育指导与管理,,,national
湖南农业大学,种子科学与工程,,,national
湖南农业大学,英语,,,national
湖南农业大学,茶学,,,national
湖南农业大学,行政管理,,,national
湖南农业大学,计算机科学与技术,,,national
湖南农业大学,食品科学与工程,,,national
湖南医药学院,药学,,,national
湖南城市学院,土木工程,,,national
湖南城市学院,城乡规划,,,national
湖南城市学院,工程管理,,,national
湖南城市学院,电子信息工程,,,national
湖南大学,会计学,,,national
湖南大学,信息与计算科学,,,national
湖南大学,化学,,,national
湖南大学,化学工程与工艺,,,national
湖南大学,历史学,,,national
湖南大学,国际经济与贸易,,,national
湖南大学,工业设计,,,national
湖南大学,工商管理,,,national
湖南大学,工程力学,,,national
湖南大学,广告学,,,national
湖南大学,广播电视编导,,,national
湖南大学,应用化学,,,national
湖南大学,应用物理学,,,national
湖南大学,建筑学,,,national
湖南大学,建筑环境与能源应用工程,,,national
湖南大学,数学与应用数学,,,national
湖南大学,新闻学,,,national
湖南大学,日语,,,national
湖南大学,材料科学与工程,,,national
湖南大学,汉语言文学,,,national
湖南大学,法学,,,national
湖南大学,环境工程,,,national
湖南大学,生物技术,,,national
湖南大学,电子信息工程,,,national
湖南大学,电子科学与技术,,,national
湖南大学,电气工程及其自动化,,,national
湖南大学,经济学,,,national
湖南大学,经济统计学,,,national
湖南大学,给排水科学与工程,,,national
湖南大学,统计学,,,national
湖南大学,自动化,,,national
湖南大学,英语,,,national
湖南大学,行政管理,,,national
湖南大学,计算机科学与技术,,,national
湖南大学,财政学,,,national
湖南大学,通信工程,,,national
湖南大学,金融学,,,national
湖南女子学院,家政学,,,national
湖南女子学院,旅游管理,,,national
湖南工业大学,产品设计,,,national
湖南工业大学,会计学,,,national
湖南工业大学,体育教育,,,national
湖南工业大学,包装工程,,,national
湖南工业大学,包装设计,,,national
湖南工业大学,工商管理,,,national
湖南工业大学,市场营销,,,national
湖南工业大学,市场营销（数智工业营销方向）,,,national
湖南工业大学,广告学,,,national
湖南工业大学,数字媒体艺术,,,national
湖南工业大学,数学与应用数学,,,national
湖南工业大学,机械设计制造及其自动化,,,national
湖南工业大学,法学,,,national
湖南工业大学,测控技术与仪器,,,national
湖南工业大学,电气工程及其自动化,,,national
湖南工业大学,社会体育指导与管理,,,national
湖南工业大学,翻译,,,national
湖南工业大学,自动化,,,national
湖南工业大学,视觉传达设计,,,national
湖南工业大学,计算机科学与技术,,,national
湖南工业大学,音乐学,,,national
湖南工业大学,音乐学（师范类）,,,national
湖南工业大学,高分子材料与工程,,,national
湖南工商大学,会计学,,,national
湖南工商大学,保险学,,,national
湖南工商大学,信息管理与信息系统,,,national
湖南工商大学,商务英语,,,national
湖南工商大学,审计学,,,national
湖南工商大学,工商管理,,,national
湖南工商大学,工程管理,,,national
湖南工商大学,市场营销,,,national
湖南工商大学,法学,,,national
湖南工商大学,物流管理,,,national
湖南工商大学,经济学,,,national
湖南工商大学,行政管理,,,national
湖南工商大学,视觉传达设计,,,national
湖南工商大学,计算机科学与技术,,,national
湖南工商大学,财务管理,,,national
湖南工商大学,软件工程,,,national
湖南工商大学,酒店管理,,,national
湖南工商大学,金融学,,,national
湖南工学院,安全工程,,,national
湖南工学院,无机非金属材料工程,,,national
湖南工学院,机械设计制造及其自动化,,,national
湖南工学院,物流管理,,,national
湖南工程学院,人力资源管理,,,national
湖南工程学院,化学工程与工艺,,,national
湖南工程学院,机械设计制造及其自动化,,,national
湖南工程学院,电气工程及其自动化,,,national
湖南工程学院,自动化,,,national
湖南工程学院,通信工程,,,national
湖南师范大学,临床医学,,,national
湖南师范大学,人文地理与城乡规划,,,national
湖南师范大学,会计学,,,national
湖南师范大学,体育教育,,,national
湖南师范大学,俄语,,,national
湖南师范大学,信息与计算科学,,,national
湖南师范大学,化学,,,national
湖南师范大学,化学工程与工艺,,,national
湖南师范大学,历史学,,,national
湖南师范大学,哲学,,,national
湖南师范大学,地理科学,,,national
湖南师范大学,工商管理,,,national
湖南师范大学,应用电子技术教育,,,national
湖南师范大学,心理学,,,national
湖南师范大学,思想政治教育,,,national
湖南师范大学,戏剧影视文学,,,national
湖南师范大学,播音与主持艺术,,,national
湖南师范大学,政治学与行政学,,,national
湖南师范大学,教育学,,,national
湖南师范大学,数学与应用数学,,,national
湖南师范大学,新闻学,,,national
湖南师范大学,旅游管理,,,national
湖南师范大学,汉语言文学,,,national
湖南师范大学,法学,,,national
湖南师范大学,法语,,,national
湖南师范大学,物理学,,,national
湖南师范大学,生物技术,,,national
湖南师范大学,生物科学,,,national
湖南师范大学,电子信息工程,,,national
湖南师范大学,电子信息科学与技术,,,national
湖南师范大学,经济学,,,national
湖南师范大学,绘画,,,national
湖南师范大学,统计学,,,national
湖南师范大学,编辑出版学,,,national
湖南师范大学,网络与新媒体,,,national
湖南师范大学,美术学,,,national
湖南师范大学,舞蹈学,,,national
湖南师范大学,艺术设计学,,,national
湖南师范大学,英语,,,national
湖南师范大学,计算机科学与技术,,,national
湖南师范大学,软件工程,,,national
湖南师范大学,金融学,,,national
湖南师范大学,音乐学,,,national
湖南师范大学,音乐表演,,,national
湖南文理学院,体育教育,,,national
湖南文理学院,地理科学,,,national
湖南文理学院,学前教育,,,national
湖南文理学院,汉语言文学,,,national
湖南文理学院,英语,,,national
湖南涉外经济学院,金融学,,,national
湖南理工大学,人力资源管理,,,national
湖南理工大学,化学工程与工艺,,,national
湖南理工大学,广告学,,,national
湖南理工大学,应用化学,,,national
湖南理工大学,数学与应用数学,,,national
湖南理工大学,机械设计制造及其自动化,,,national
湖南理工大学,汉语言文学,,,national
湖南理工大学,物理学,,,national
湖南理工大学,电子信息工程,,,national
湖南理工大学,英语,,,national
湖南理工大学,视觉传达设计,,,national
湖南理工大学,计算机科学与技术,,,national
湖南科技大学,产品设计,,,national
湖南科技大学,会计学,,,national
湖南科技大学,体育教育,,,national
湖南科技大学,信息与计算科学,,,national
湖南科技大学,化学,,,national
湖南科技大学,化学工程与工艺,,,national
湖南科技大学,国际经济与贸易,,,national
湖南科技大学,土木工程,,,national
湖南科技大学,安全工程,,,national
湖南科技大学,建筑学,,,national
湖南科技大学,思想政治教育,,,national
湖南科技大学,教育学,,,national
湖南科技大学,机械设计制造及其自动化,,,national
湖南科技大学,材料成型及控制工程,,,national
湖南科技大学,汉语言文学,,,national
湖南科技大学,电子信息科学与技术,,,national
湖南科技大学,电气工程及其自动化,,,national
湖南科技大学,经济学,,,national
湖南科技大学,自动化,,,national
湖南科技大学,英语,,,national
湖南科技大学,计算机科学与技术,,,national
湖南科技大学,车辆工程,,,national
湖南科技大学,采矿工程,,,national
湖南科技学院,日语,,,national
湖南科技学院,电子信息工程,,,national
湖南科技学院,英语（师范）,,,national
湖南科技学院,计算机科学与技术,,,national
湖南第一师范学院,小学教育,,,national
湖南第一师范学院,市场营销,,,national
湖南第一师范学院,思想政治教育,,,national
湖南第一师范学院,教育技术学,,,national
湖南第一师范学院,数学与应用数学（本科师范类）,,,national
湖南第一师范学院,数学与应用数学（润之拔尖班）,,,national
湖南第一师范学院,数学与应用数学（润之英才班）,,,national
湖南第一师范学院,汉语言文学,,,national
湖南第一师范学院,音乐学（师范）,,,national
湖南第一师范学院,音乐学（非师范）,,,national
湖南警察学院,交通管理工程,,,national
湖南警察学院,侦查学,,,national
湖南警察学院,刑事科学技术,,,national
湖南警察学院,治安学,,,national
湖南财政经济学院,会计学,,,national
湖南财政经济学院,国际经济与贸易,,,national
湖南财政经济学院,计算机科学与技术,,,national
湖南财政经济学院,财务管理,,,national
湖南财政经济学院,财政学,,,national
湖南财政经济学院,金融学,,,national
湖州师范大学,数学与应用数学,,,national
湖州师范大学,电子商务,,,national
湖州师范大学,计算机科学与技术,,,national
湘南学院,临床医学,,,national
湘南学院,医学影像技术,,,national
湘南学院,应用化学,,,national
湘南学院,数学与应用数学,,,national
湘南学院,社会工作,,,national
湘南学院,计算机科学与技术,,,national
湘潭大学,中国共产党历史,,,national
湘潭大学,人力资源管理,,,national
湘潭大学,信息与计算科学,,,national
湘潭大学,信息管理与信息系统,,,national
湘潭大学,制药工程,,,national
湘潭大学,动画,,,national
湘潭大学,化学,,,national
湘潭大学,化学工程与工艺,,,national
湘潭大学,历史学,,,national
湘潭大学,哲学,,,national
湘潭大学,国际经济与贸易,,,national
湘潭大学,土木工程,,,national
湘潭大学,工商管理,,,national
湘潭大学,广告学,,,national
湘潭大学,微电子科学与工程,,,national
湘潭大学,德语,,,national
湘潭大学,数学与应用数学,,,national
湘潭大学,旅游管理,,,national
湘潭大学,机械设计制造及其自动化,,,national
湘潭大学,材料科学与工程,,,national
湘潭大学,档案学,,,national
湘潭大学,汉语言文学,,,national
湘潭大学,法学,,,national
湘潭大学,法语,,,national
湘潭大学,物理学,,,national
湘潭大学,环境工程,,,national
湘潭大学,环境科学,,,national
湘潭大学,电子信息工程,,,national
湘潭大学,电子商务,,,national
湘潭大学,知识产权,,,national
湘潭大学,经济学,,,national
湘潭大学,自动化,,,national
湘潭大学,英语,,,national
湘潭大学,行政管理,,,national
湘潭大学,计算机科学与技术,,,national
湘潭大学,软件工程,,,national
湘潭大学,过程装备与控制工程,,,national
湘潭大学,通信工程,,,national
湘潭大学,金融学,,,national
湘潭大学,食品科学与工程,,,national
滁州学院,地理信息科学,,,national
滁州学院,物联网工程,,,national
滁州学院,食品质量与安全,,,national
烟台大学,化学工程与工艺,,,national
烟台大学,土木工程,,,national
烟台大学,建筑学,,,national
烟台大学,数学与应用数学,,,national
烟台大学,机械设计制造及其自动化,,,national
烟台大学,法学,,,national
烟台大学,生物工程,,,national
烟台大学,生物科学,,,national
烟台大学,电子信息科学与技术,,,national
烟台大学,知识产权,,,national
烟台大学,英语,,,national
烟台大学,药学,,,national
烟台大学,计算机科学与技术,,,national
烟台大学,车辆工程,,,national
烟台大学,软件工程,,,national
燕山大学,产品设计,,,national
燕山大学,会计学,,,national
燕山大学,信息与计算科学,,,national
燕山大学,公共事业管理,,,national
燕山大学,化学工程与工艺,,,national
燕山大学,土木工程,,,national
燕山大学,工业设计,,,national
燕山大学,工商管理,,,national
燕山大学,应用化学,,,national
燕山大学,应用物理学,,,national
燕山大学,建筑环境与能源应用工程,,,national
燕山大学,旅游管理,,,national
燕山大学,无机非金属材料工程,,,national
燕山大学,机械设计制造及其自动化,,,national
燕山大学,材料成型及控制工程,,,national
燕山大学,材料物理,,,national
燕山大学,汉语言文学,,,national
燕山大学,法学,,,national
燕山大学,测控技术与仪器,,,national
燕山大学,环境工程,,,national
燕山大学,生物工程,,,national
燕山大学,电子信息工程,,,national
燕山大学,电子科学与技术,,,national
燕山大学,电气工程及其自动化,,,national
燕山大学,自动化,,,national
燕山大学,英语,,,national
燕山大学,行政管理,,,national
燕山大学,计算机科学与技术,,,national
燕山大学,车辆工程,,,national
燕山大学,软件工程,,,national
燕山大学,过程装备与控制工程,,,national
燕山大学,金属材料工程,,,national
燕山大学,高分子材料与工程,,,national
牡丹江师范学院,小学教育（师范）,,,national
牡丹江师范学院,数学与应用数学（师范）,,,national
牡丹江师范学院,旅游管理,,,national
牡丹江师范学院,汉语言文学（师范）,,,national
牡丹江师范学院,英语,,,national
牡丹江师范学院,英语（师范）,,,national
玉林师范学院,体育教育,,,national
玉林师范学院,汉语言文学,,,national
玉林师范学院,英语,,,national
珠海科技学院,制药工程,3,2021,national
珠海科技学院,旅游管理,,,national
珠海科技学院,计算机科学与技术,,,national
甘肃中医药大学,中医学,,,national
甘肃中医药大学,中药学,,,national
甘肃中医药大学,中西医临床医学,,,national
甘肃中医药大学,医学信息工程,,,national
甘肃农业大学,农业机械化及其自动化,,,national
甘肃农业大学,农学,,,national
甘肃农业大学,动物医学,,,national
甘肃农业大学,动物科学,,,national
甘肃农业大学,园艺,,,national
甘肃农业大学,土地资源管理,,,national
甘肃农业大学,林学,,,national
甘肃农业大学,植物保护,,,national
甘肃农业大学,水土保持与荒漠化防治,,,national
甘肃农业大学,草业科学,,,national
甘肃农业大学,食品科学与工程,,,national
甘肃政法大学,信息安全,,,national
甘肃政法大学,法学,,,national
甘肃政法大学,知识产权,,,national
甘肃政法大学,社会工作,,,national
电子科技大学,信息管理与信息系统（数据智能与治理）,,,national
电子科技大学,应用物理学（强基计划）,,,national
电子科技大学,微电子科学与工程,,,national
电子科技大学,智能电网信息工程（“人工智能+”复合型创新人才双学位培养计划）,,,national
电子科技大学,电子信息工程（“人工智能+”复合型创新人才双学位培养计划）,,,national
电子科技大学,电子信息工程（科技与艺术联合学位实验班）,,,national
电子科技大学,自动化（“人工智能+”复合型创新人才双学位培养计划）,,,national
电子科技大学,航空航天工程（智能无人机拔尖人才实验班）,,,national
电子科技大学,英语（语言认知与国际传播）,,,national
电子科技大学,计算机科学与技术（“人工智能+”复合型创新人才双学位培养计划）,,,national
电子科技大学,计算机科学与技术（国家“珠峰计划”拔尖人才实验班）,,,national
电子科技大学,计算机科学与技术（智能金融与区块链金融“双A”联合学位实验班）,,,national
电子科技大学,软件工程（“国家卓越工程师教育培养计划”特色班）,,,national
电子科技大学,软件工程（”人工智能+”创新人才培养实验班）,,,national
电子科技大学,软件工程（工业数智化）,,,national
电子科技大学,金融学,,,national
电子科技大学,集成电路设计与集成系统（国家示范性微电子学院）,,,national
电子科技大学中山学院,电子科学与技术,3,2021,national
白城师范学院,化学,,,national
百色学院,数学与应用数学,,,national
皖南医科大学,临床医学,,,national
皖南医科大学,护理学,,,national
皖南医科大学,法医学,,,national
皖南医科大学,麻醉学,,,national
皖江工学院,水利水电工程,,,national
皖西学院,法学,,,national
皖西学院,电子信息科学与技术,,,national
盐城工学院,制药工程,,,national
盐城工学院,化学工程与工艺,,,national
盐城工学院,土木工程,,,national
盐城工学院,机械设计制造及其自动化,,,national
盐城工学院,材料科学与工程,,,national
盐城工学院,环境工程,,,national
盐城工学院,环境设计,,,national
盐城工学院,电子信息工程,,,national
盐城工学院,电气工程及其自动化,,,national
盐城工学院,纺织工程,,,national
盐城工学院,给排水科学与工程,,,national
盐城工学院,过程装备与控制工程,,,national
盐城工学院,食品科学与工程,,,national
盐城师范学院,体育教育,,,national
盐城师范学院,化学,,,national
盐城师范学院,地理科学,,,national
盐城师范学院,应用心理学,,,national
盐城师范学院,汉语言文学,,,national
盐城师范学院,生物制药,,,national
盐城师范学院,生物工程,,,national
盐城师范学院,社会体育指导与管理,,,national
盐城师范学院,英语,,,national
盐城师范学院,软件工程,,,national
石家庄学院,学前教育,,,national
石家庄学院,旅游管理,,,national
石家庄学院,生物工程,,,national
石家庄铁道大学,交通工程,,,national
石家庄铁道大学,交通运输,,,national
石家庄铁道大学,会计学,,,national
石家庄铁道大学,土木工程,,,national
石家庄铁道大学,城市地下空间工程,,,national
石家庄铁道大学,工程力学,,,national
石家庄铁道大学,工程管理,,,national
石家庄铁道大学,建筑学,,,national
石家庄铁道大学,无机非金属材料工程,,,national
石家庄铁道大学,机械设计制造及其自动化,,,national
石家庄铁道大学,物流管理,,,national
石家庄铁道大学,电子信息工程,,,national
石家庄铁道大学,电气工程及其自动化,,,national
石家庄铁道大学,计算机科学与技术,,,national
石家庄铁道大学,车辆工程,,,national
石河子大学,中药学,,,national
石河子大学,临床医学,,,national
石河子大学,会计学,,,national
石河子大学,农业机械化及其自动化,,,national
石河子大学,农业水利工程,,,national
石河子大学,农业资源与环境,,,national
石河子大学,农学,,,national
石河子大学,动物医学,,,national
石河子大学,动物科学,,,national
石河子大学,化学工程与工艺,,,national
石河子大学,园艺,,,national
石河子大学,工商管理,,,national
石河子大学,应用化学,,,national
石河子大学,教育学,,,national
石河子大学,机械设计制造及其自动化,,,national
石河子大学,材料科学与工程,,,national
石河子大学,植物保护,,,national
石河子大学,水利水电工程,,,national
石河子大学,汉语言文学,,,national
石河子大学,环境工程,,,national
石河子大学,生物科学,,,national
石河子大学,经济学,,,national
石河子大学,美术学,,,national
石河子大学,英语,,,national
石河子大学,药学,,,national
石河子大学,计算机科学与技术,,,national
石河子大学,金融学,,,national
石河子大学,食品科学与工程,,,national
福州外语外贸学院,会计学,,,national
福州外语外贸学院,国际经济与贸易,,,national
福州外语外贸学院,物流管理,,,national
福州外语外贸学院,电子商务,,,national
福州大学,交通工程,,,national
福州大学,产品设计,,,national
福州大学,会计学,,,national
福州大学,公共事业管理,,,national
福州大学,制药工程,,,national
福州大学,化学,,,national
福州大学,化学工程与工艺,,,national
福州大学,土木工程,,,national
福州大学,地质工程,,,national
福州大学,城乡规划,,,national
福州大学,安全工程,,,national
福州大学,工业工程,,,national
福州大学,工商管理,,,national
福州大学,工艺美术,,,national
福州大学,市场营销,,,national
福州大学,应用物理学,,,national
福州大学,建筑学,,,national
福州大学,微电子科学与工程,,,national
福州大学,数字媒体艺术,,,national
福州大学,数学与应用数学,,,national
福州大学,机械设计制造及其自动化,,,national
福州大学,材料科学与工程,,,national
福州大学,法学,,,national
福州大学,物流管理,,,national
福州大学,环境工程,,,national
福州大学,电子商务,,,national
福州大学,电子科学与技术,,,national
福州大学,电气工程及其自动化,,,national
福州大学,社会学,,,national
福州大学,英语,,,national
福州大学,行政管理,,,national
福州大学,计算机科学与技术,,,national
福州大学,车辆工程,,,national
福州大学,通信工程,,,national
福州大学,金融学,,,national
福州大学,食品科学与工程,,,national
福建中医药大学,中医学,,,national
福建中医药大学,中药学,,,national
福建中医药大学,中西医临床医学,,,national
福建中医药大学,临床医学,,,national
福建中医药大学,康复作业治疗,,,national
福建中医药大学,康复治疗学,,,national
福建中医药大学,康复物理治疗,,,national
福建中医药大学,护理学,,,national
福建中医药大学,针灸推拿学,,,national
福建农林大学,产品设计,,,national
福建农林大学,产品设计（闽台合作）,,,national
福建农林大学,农业资源与环境,,,national
福建农林大学,农学,,,national
福建农林大学,农林经济管理,,,national
福建农林大学,动物医学,,,national
福建农林大学,园林,,,national
福建农林大学,园艺,,,national
福建农林大学,园艺（闽台合作项目）,,,national
福建农林大学,机械设计制造及其自动化,,,national
福建农林大学,植物保护,,,national
福建农林大学,生物工程,,,national
福建农林大学,茶学,,,national
福建农林大学,蜂学,,,national
福建农林大学,轻化工程,,,national
福建农林大学,金融学,,,national
福建农林大学,金融学（闽台合作）,,,national
福建农林大学,风景园林,,,national
福建农林大学,风景园林（中外合作办学）（4+0）,,,national
福建农林大学,食品科学与工程,,,national
福建农林大学,食品质量与安全,,,national
福建医科大学,临床医学,,,national
福建医科大学,临床药学,,,national
福建医科大学,医学影像技术,,,national
福建医科大学,医学检验技术,,,national
福建医科大学,口腔医学,,,national
福建医科大学,基础医学,,,national
福建医科大学,康复治疗学,,,national
福建医科大学,护理学,,,national
福建医科大学,药学,,,national
福建医科大学,预防医学,,,national
福建医科大学,麻醉学,,,national
福建师范大学,体育教育,,,national
福建师范大学,光电信息科学与工程,,,national
福建师范大学,化学,,,national
福建师范大学,历史学,,,national
福建师范大学,国际经济与贸易,,,national
福建师范大学,地理科学,,,national
福建师范大学,学前教育,,,national
福建师范大学,小学教育,,,national
福建师范大学,广播电视学,,,national
福建师范大学,广播电视编导,,,national
福建师范大学,心理学,,,national
福建师范大学,思想政治教育,,,national
福建师范大学,教育学,,,national
福建师范大学,数学与应用数学,,,national
福建师范大学,旅游管理,,,national
福建师范大学,服装与服饰设计,,,national
福建师范大学,汉语国际教育,,,national
福建师范大学,汉语言文学,,,national
福建师范大学,法学,,,national
福建师范大学,物理学,,,national
福建师范大学,环境工程,,,national
福建师范大学,生物工程,,,national
福建师范大学,生物科学,,,national
福建师范大学,社会体育指导与管理,,,national
福建师范大学,经济学,,,national
福建师范大学,统计学,,,national
福建师范大学,美术学,,,national
福建师范大学,翻译,,,national
福建师范大学,自然地理与资源环境,,,national
福建师范大学,舞蹈学,,,national
福建师范大学,英语,,,national
福建师范大学,计算机科学与技术,,,national
福建师范大学,金融学,,,national
福建师范大学,音乐学,,,national
福建师范大学,高分子材料与工程,,,national
福建江夏学院,行政管理,,,national
福建江夏学院,金融学,,,national
福建理工大学,土木工程,,,national
福建理工大学,城乡规划,,,national
福建理工大学,工程管理,,,national
福建理工大学,工程造价,,,national
福建理工大学,建筑学,,,national
福建理工大学,建筑环境与能源应用工程,,,national
福建理工大学,机械设计制造及其自动化,,,national
福建理工大学,材料科学与工程,,,national
福建理工大学,电气工程及其自动化,,,national
福建理工大学,给排水科学与工程,,,national
福建理工大学,计算机科学与技术,,,national
福建理工大学,车辆工程,,,national
福建理工大学,软件工程,,,national
福建理工大学,通信工程,,,national
福建警察学院,侦查学,,,national
福建警察学院,刑事科学技术,,,national
福建警察学院,警务指挥与战术,,,national
红河学院,越南语,,,national
绍兴大学,临床医学,,,national
绍兴大学,工商管理,,,national
绍兴大学,汉语言文学,,,national
绍兴大学,纺织工程,,,national
绥化学院,特殊教育,,,national
绵阳师范学院,小学教育,,,national
聊城大学,化学,,,national
聊城大学,历史学,,,national
聊城大学,小学教育,,,national
聊城大学,思想政治教育,,,national
聊城大学,数学与应用数学,,,national
聊城大学,汉语言文学,,,national
聊城大学,物理学,,,national
聊城大学,英语,,,national
聊城大学,通信工程,,,national
苏州大学,临床医学,,,national
苏州大学,体育教育,,,national
苏州大学,化学,,,national
苏州大学,化学工程与工艺,,,national
苏州大学,医学影像学,,,national
苏州大学,历史学,,,national
苏州大学,工商管理,,,national
苏州大学,广告学,,,national
苏州大学,应用心理学,,,national
苏州大学,建筑学,,,national
苏州大学,护理学,,,national
苏州大学,放射医学,,,national
苏州大学,教育学,,,national
苏州大学,数学与应用数学,,,national
苏州大学,新闻学,,,national
苏州大学,日语,,,national
苏州大学,服装与服饰设计,,,national
苏州大学,服装设计与工程,,,national
苏州大学,档案学,,,national
苏州大学,汉语国际教育,,,national
苏州大学,汉语言文学,,,national
苏州大学,法医学,,,national
苏州大学,法学,,,national
苏州大学,物理学,,,national
苏州大学,电子信息工程,,,national
苏州大学,电气工程及其自动化,,,national
苏州大学,社会学,,,national
苏州大学,纳米材料与技术,,,national
苏州大学,纺织工程,,,national
苏州大学,美术学,,,national
苏州大学,英语,,,national
苏州大学,药学,,,national
苏州大学,行政管理,,,national
苏州大学,视觉传达设计,,,national
苏州大学,计算机科学与技术,,,national
苏州大学,软件工程,,,national
苏州大学,运动康复,,,national
苏州大学,通信工程,,,national
苏州大学,音乐学,,,national
苏州大学,预防医学,,,national
苏州大学,风景园林,,,national
苏州大学,高分子材料与工程,,,national
苏州工学院,市场营销,,,national
苏州工学院,新能源科学与工程,,,national
苏州工学院,服装设计与工程,,,national
苏州工学院,机械工程,,,national
苏州工学院,材料科学与工程,,,national
苏州工学院,生物工程,,,national
苏州工学院,电子信息工程,,,national
苏州工学院,自动化,,,national
苏州工学院,食品质量与安全,,,national
苏州科技大学,历史学,,,national
苏州科技大学,土木工程,,,national
苏州科技大学,城乡规划,,,national
苏州科技大学,工程管理,,,national
苏州科技大学,应用心理学,,,national
苏州科技大学,应用物理学,,,national
苏州科技大学,建筑学,,,national
苏州科技大学,建筑电气与智能化,,,national
苏州科技大学,数学与应用数学,,,national
苏州科技大学,环境工程,,,national
苏州科技大学,环境科学,,,national
苏州科技大学,电子信息工程,,,national
苏州科技大学,给排水科学与工程,,,national
苏州科技大学,英语,,,national
苏州科技大学,计算机科学与技术,,,national
苏州科技大学,风景园林,,,national
荆楚理工学院,广播电视编导,,,national
莆田学院,数学与应用数学,,,national
蚌埠医科大学,临床医学,,,national
蚌埠医科大学,医学检验技术,,,national
蚌埠医科大学,护理学,,,national
蚌埠学院,无机非金属材料工程,,,national
蚌埠学院,电子信息工程,,,national
蚌埠学院,计算机科学与技术,,,national
衡阳师范学院,地理科学,,,national
衡阳师范学院,旅游管理,,,national
衡阳师范学院,生物科学,,,national
衡阳师范学院,经济学,,,national
衡阳师范学院,英语,,,national
衢州学院,机械设计制造及其自动化,,,national
西交利物浦大学,国际商务,,,national
西京学院,会计学,,,national
西京学院,机械设计制造及其自动化,,,national
西北农林科技大学,会计学,,,national
西北农林科技大学,农业机械化及其自动化,,,national
西北农林科技大学,农业水利工程,,,national
西北农林科技大学,农学,,,national
西北农林科技大学,农林经济管理,,,national
西北农林科技大学,动物医学,,,national
西北农林科技大学,动物科学,,,national
西北农林科技大学,园林,,,national
西北农林科技大学,园艺,,,national
西北农林科技大学,土地资源管理,,,national
西北农林科技大学,应用化学,,,national
西北农林科技大学,木材科学与工程,,,national
西北农林科技大学,机械设计制造及其自动化,,,national
西北农林科技大学,林学,,,national
西北农林科技大学,森林保护,,,national
西北农林科技大学,植物保护,,,national
西北农林科技大学,水产养殖学,,,national
西北农林科技大学,水利水电工程,,,national
西北农林科技大学,水土保持与荒漠化防治,,,national
西北农林科技大学,水文与水资源工程,,,national
西北农林科技大学,生物工程,,,national
西北农林科技大学,生物技术,,,national
西北农林科技大学,生物科学,,,national
西北农林科技大学,社会学,,,national
西北农林科技大学,草业科学,,,national
西北农林科技大学,葡萄与葡萄酒工程,,,national
西北农林科技大学,设施农业科学与工程,,,national
西北农林科技大学,资源环境科学,,,national
西北农林科技大学,软件工程,,,national
西北农林科技大学,金融学,,,national
西北农林科技大学,食品科学与工程,,,national
西北农林科技大学,食品质量与安全,,,national
西北大学,人文地理与城乡规划,,,national
西北大学,光电信息科学与工程,,,national
西北大学,制药工程,,,national
西北大学,劳动与社会保障,,,national
西北大学,化学,,,national
西北大学,化学工程与工艺,,,national
西北大学,历史学,,,national
西北大学,国际经济与贸易,,,national
西北大学,地质学,,,national
西北大学,地质工程,,,national
西北大学,城乡规划,,,national
西北大学,工商管理,,,national
西北大学,广播电视编导,,,national
西北大学,应用化学,,,national
西北大学,应用物理学,,,national
西北大学,戏剧影视文学,,,national
西北大学,数学与应用数学,,,national
西北大学,文物保护技术,,,national
西北大学,新闻学,,,national
西北大学,材料化学,,,national
西北大学,汉语言文学,,,national
西北大学,法学,,,national
西北大学,物理学,,,national
西北大学,生物工程,,,national
西北大学,生物科学,,,national
西北大学,电子科学与技术,,,national
西北大学,经济学,,,national
西北大学,考古学,,,national
西北大学,能源化学工程,,,national
西北大学,自然地理与资源环境,,,national
西北大学,英语,,,national
西北大学,行政管理,,,national
西北大学,计算机科学与技术,,,national
西北大学,资源勘查工程,,,national
西北大学,软件工程,,,national
西北大学,金融学,,,national
西北工业大学,会计学,,,national
西北工业大学,信息与计算科学,,,national
西北工业大学,信息管理与信息系统,,,national
西北工业大学,光电信息科学与工程,,,national
西北工业大学,化学工程与工艺,,,national
西北工业大学,国际经济与贸易,,,national
西北工业大学,复合材料与工程,,,national
西北工业大学,工商管理,,,national
西北工业大学,工程力学,,,national
西北工业大学,工程管理,,,national
西北工业大学,应用物理学,,,national
西北工业大学,微机电系统工程,,,national
西北工业大学,探测制导与控制技术,,,national
西北工业大学,数学与应用数学,,,national
西北工业大学,机器人工程,,,national
西北工业大学,机械电子工程,,,national
西北工业大学,机械设计制造及其自动化,,,national
西北工业大学,材料成型及控制工程,,,national
西北工业大学,材料物理,,,national
西北工业大学,材料科学与工程,,,national
西北工业大学,水声工程,,,national
西北工业大学,法学,,,national
西北工业大学,物联网工程,,,national
西北工业大学,电子科学与技术,,,national
西北工业大学,电气工程及其自动化,,,national
西北工业大学,能源与动力工程,,,national
西北工业大学,自动化,,,national
西北工业大学,船舶与海洋工程,,,national
西北工业大学,英语,,,national
西北工业大学,计算机科学与技术,,,national
西北工业大学,软件工程,,,national
西北工业大学,通信工程,,,national
西北工业大学,飞行器制造工程,,,national
西北工业大学,飞行器动力工程,,,national
西北工业大学,飞行器设计与工程,,,national
西北工业大学,高分子材料与工程,,,national
西北师范大学,人力资源管理,,,national
西北师范大学,会计学,,,national
西北师范大学,体育教育,,,national
西北师范大学,化学,,,national
西北师范大学,历史学,,,national
西北师范大学,地理信息科学,,,national
西北师范大学,地理科学,,,national
西北师范大学,广播电视编导,,,national
西北师范大学,应用心理学,,,national
西北师范大学,思想政治教育,,,national
西北师范大学,教育学,,,national
西北师范大学,教育技术学,,,national
西北师范大学,数学与应用数学,,,national
西北师范大学,新闻学,,,national
西北师范大学,旅游管理,,,national
西北师范大学,汉语国际教育,,,national
西北师范大学,汉语言文学,,,national
西北师范大学,法学,,,national
西北师范大学,物理学,,,national
西北师范大学,生物科学,,,national
西北师范大学,社会工作,,,national
西北师范大学,经济学,,,national
西北师范大学,绘画,,,national
西北师范大学,美术学,,,national
西北师范大学,翻译,,,national
西北师范大学,英语,,,national
西北师范大学,计算机科学与技术,,,national
西北师范大学,金融学,,,national
西北师范大学,音乐学,,,national
西北政法大学,政治学与行政学,,,national
西北政法大学,新闻学,,,national
西北政法大学,法学,,,national
西北政法大学,电子商务及法律,,,national
西北政法大学,英语,,,national
西北政法大学,行政管理,,,national
西北政法大学,财务管理,,,national
西北民族大学,中国少数民族语言文学,,,national
西北民族大学,动物医学,,,national
西北民族大学,教育技术学,,,national
西北民族大学,新闻学,,,national
西北民族大学,民族学,,,national
西北民族大学,汉语言文学,,,national
西北民族大学,生物工程,,,national
西北民族大学,绘画,,,national
西北民族大学,舞蹈学,,,national
西北民族大学,舞蹈表演,,,national
西北民族大学,阿拉伯语,,,national
西北民族大学,音乐表演,,,national
西华大学,产品设计,,,national
西华大学,会计学,,,national
西华大学,化学,,,national
西华大学,工商管理,,,national
西华大学,工程造价,,,national
西华大学,应用物理学,,,national
西华大学,思想政治教育,,,national
西华大学,机械设计制造及其自动化,,,national
西华大学,材料成型及控制工程,,,national
西华大学,材料科学与工程,,,national
西华大学,汉语言文学,,,national
西华大学,生物工程,,,national
西华大学,电气工程及其自动化,,,national
西华大学,能源与动力工程,,,national
西华大学,计算机科学与技术,,,national
西华大学,食品科学与工程,,,national
西华师范大学,化学,,,national
西华师范大学,历史学,,,national
西华师范大学,地理科学,,,national
西华师范大学,天文学,,,national
西华师范大学,小学教育,,,national
西华师范大学,政治学与行政学,,,national
西华师范大学,汉语言文学,,,national
西华师范大学,物理学,,,national
西华师范大学,生物科学,,,national
西华师范大学,英语,,,national
西华师范大学,野生动物与自然保护区管理,,,national
西南交通大学,交通工程,,,national
西南交通大学,交通运输,,,national
西南交通大学,产品设计,,,national
西南交通大学,会计学,,,national
西南交通大学,传播学,,,national
西南交通大学,信息管理与信息系统,,,national
西南交通大学,公共事业管理,,,national
西南交通大学,制药工程,,,national
西南交通大学,土木工程,,,national
西南交通大学,地质工程,,,national
西南交通大学,城乡规划,,,national
西南交通大学,城市地下空间工程,,,national
西南交通大学,安全工程,,,national
西南交通大学,工业工程,,,national
西南交通大学,工商管理,,,national
西南交通大学,工程力学,,,national
西南交通大学,工程管理,,,national
西南交通大学,广告学,,,national
西南交通大学,应用心理学,,,national
西南交通大学,应用物理学,,,national
西南交通大学,建筑学,,,national
西南交通大学,建筑环境与能源应用工程,,,national
西南交通大学,德语,,,national
西南交通大学,思想政治教育,,,national
西南交通大学,数学与应用数学,,,national
西南交通大学,数据科学与大数据技术,,,national
西南交通大学,机械设计制造及其自动化,,,national
西南交通大学,材料成型及控制工程,,,national
西南交通大学,材料科学与工程,,,national
西南交通大学,汉语言文学,,,national
西南交通大学,测控技术与仪器,,,national
西南交通大学,测绘工程,,,national
西南交通大学,物流工程,,,national
西南交通大学,环境工程,,,national
西南交通大学,生物工程,,,national
西南交通大学,电子信息工程,,,national
西南交通大学,电子信息科学与技术,,,national
西南交通大学,电子科学与技术,,,national
西南交通大学,电气工程及其自动化,,,national
西南交通大学,统计学,,,national
西南交通大学,翻译,,,national
西南交通大学,能源与动力工程,,,national
西南交通大学,英语,,,national
西南交通大学,计算机科学与技术,,,national
西南交通大学,车辆工程,,,national
西南交通大学,轨道交通信号与控制,,,national
西南交通大学,软件工程,,,national
西南交通大学,通信工程,,,national
西南交通大学,道路桥梁与渡河工程,,,national
西南交通大学,铁道工程,,,national
西南交通大学,风景园林,,,national
西南医科大学,中西医临床医学,,,national
西南医科大学,临床医学,,,national
西南医科大学,医学检验技术,,,national
西南医科大学,口腔医学,,,national
西南医科大学,护理学,,,national
西南医科大学,药学,,,national
西南医科大学,预防医学,,,national
西南医科大学,麻醉学,,,national
西南大学,人文地理与城乡规划,,,national
西南大学,会计学,,,national
西南大学,体育教育,,,national
西南大学,俄语,,,national
西南大学,农业机械化及其自动化,,,national
西南大学,农业资源与环境,,,national
西南大学,农学,,,national
西南大学,农林经济管理,,,national
西南大学,制药工程,,,national
西南大学,动物医学,,,national
西南大学,动物科学,,,national
西南大学,化学,,,national
西南大学,历史学,,,national
西南大学,哲学,,,national
西南大学,园林,,,national
西南大学,园艺,,,national
西南大学,地理科学,,,national
西南大学,学前教育,,,national
西南大学,工商管理,,,national
西南大学,市场营销,,,national
西南大学,广播电视编导,,,national
西南大学,应用心理学,,,national
西南大学,心理学,,,national
西南大学,思想政治教育,,,national
西南大学,戏剧影视文学,,,national
西南大学,播音与主持艺术,,,national
西南大学,教育学,,,national
西南大学,教育技术学,,,national
西南大学,数学与应用数学,,,national
西南大学,新闻学,,,national
西南大学,日语,,,national
西南大学,机械设计制造及其自动化,,,national
西南大学,植物保护,,,national
西南大学,民族学,,,national
西南大学,水产养殖学,,,national
西南大学,水土保持与荒漠化防治,,,national
西南大学,汉语言文学,,,national
西南大学,法学,,,national
西南大学,物理学,,,national
西南大学,特殊教育,,,national
西南大学,环境科学与工程,,,national
西南大学,生物科学,,,national
西南大学,电气工程及其自动化,,,national
西南大学,社会工作,,,national
西南大学,经济学,,,national
西南大学,绘画,,,national
西南大学,统计学,,,national
西南大学,美术学,,,national
西南大学,英语,,,national
西南大学,药学,,,national
西南大学,蚕学,,,national
西南大学,行政管理,,,national
西南大学,视觉传达设计,,,national
西南大学,计算机科学与技术,,,national
西南大学,软件工程,,,national
西南大学,通信工程,,,national
西南大学,金融学,,,national
西南大学,音乐学,,,national
西南大学,食品科学与工程,,,national
西南大学,食品质量与安全,,,national
西南政法大学,会计学,,,national
西南政法大学,传播学,,,national
西南政法大学,审计学,,,national
西南政法大学,工商管理,,,national
西南政法大学,广播电视学,,,national
西南政法大学,思想政治教育,,,national
西南政法大学,政治学与行政学,,,national
西南政法大学,新闻学,,,national
西南政法大学,法学,,,national
西南政法大学,法学（中外合作办学）,,,national
西南政法大学,法学（法商融合法治人才拔尖班）,,,national
西南政法大学,法学（法律审计拔尖班）,,,national
西南政法大学,法学（法律金融拔尖班）,,,national
西南政法大学,法学（涉外法治拔尖班）,,,national
西南政法大学,法学（科技法学拔尖班）,,,national
西南政法大学,法学（纪检监察拔尖班）,,,national
西南政法大学,知识产权,,,national
西南政法大学,行政管理,,,national
西南政法大学,行政管理（城市治理实验班）,,,national
西南林业大学,园林,,,national
西南林业大学,园艺,,,national
西南林业大学,木材科学与工程,,,national
西南林业大学,林学,,,national
西南林业大学,森林保护,,,national
西南林业大学,环境工程,,,national
西南林业大学,环境设计,,,national
西南民族大学,中国少数民族语言文学,,,national
西南民族大学,信息与计算科学,,,national
西南民族大学,动物医学,,,national
西南民族大学,动物科学,,,national
西南民族大学,国际经济与贸易,,,national
西南民族大学,城乡规划,,,national
西南民族大学,应用心理学,,,national
西南民族大学,建筑学,,,national
西南民族大学,新闻学,,,national
西南民族大学,旅游管理,,,national
西南民族大学,日语,,,national
西南民族大学,汉语言文学,,,national
西南民族大学,汉语言文学（拔尖创新班）,,,national
西南民族大学,法学,,,national
西南民族大学,电子信息工程,,,national
西南民族大学,绘画,,,national
西南民族大学,舞蹈表演,,,national
西南民族大学,英语,,,national
西南民族大学,计算机科学与技术,,,national
西南民族大学,食品科学与工程,,,national
西南石油大学,会计学,,,national
西南石油大学,信息与计算科学,,,national
西南石油大学,勘查技术与工程,,,national
西南石油大学,化学工程与工艺,,,national
西南石油大学,土木工程,,,national
西南石油大学,工业设计,,,national
西南石油大学,工商管理,,,national
西南石油大学,工程管理,,,national
西南石油大学,市场营销,,,national
西南石油大学,应用化学,,,national
西南石油大学,新能源材料与器件,,,national
西南石油大学,机械工程,,,national
西南石油大学,机械设计制造及其自动化,,,national
西南石油大学,油气储运工程,,,national
西南石油大学,测控技术与仪器,,,national
西南石油大学,测绘工程,,,national
西南石油大学,海洋油气工程,,,national
西南石油大学,环境工程,,,national
西南石油大学,电气工程及其自动化,,,national
西南石油大学,石油工程,,,national
西南石油大学,社会工作,,,national
西南石油大学,自动化,,,national
西南石油大学,英语,,,national
西南石油大学,计算机科学与技术,,,national
西南石油大学,资源勘查工程,,,national
西南石油大学,软件工程,,,national
西南石油大学,过程装备与控制工程,,,national
西南石油大学,高分子材料与工程,,,national
西南科技大学,光电信息科学与工程,,,national
西南科技大学,农学,,,national
西南科技大学,土木工程,,,national
西南科技大学,工业工程,,,national
西南科技大学,工业设计,,,national
西南科技大学,工商管理,,,national
西南科技大学,应用化学,,,national
西南科技大学,机械设计制造及其自动化,,,national
西南科技大学,材料科学与工程,,,national
西南科技大学,物流管理,,,national
西南科技大学,特种能源技术与工程,,,national
西南科技大学,环境工程,,,national
西南科技大学,生物技术,,,national
西南科技大学,电子信息工程,,,national
西南科技大学,经济学,,,national
西南科技大学,自动化,,,national
西南科技大学,计算机科学与技术,,,national
西南科技大学,软件工程,,,national
西南科技大学,辐射防护与核安全,,,national
西南财经大学,人力资源管理,,,national
西南财经大学,会计学（中外合作办学）,,,national
西南财经大学,会计学（双语实验班）,,,national
西南财经大学,会计学（大数据会计）,,,national
西南财经大学,会计学（注册会计师专门化方向）,,,national
西南财经大学,保险学,,,national
西南财经大学,保险学（财务与会计双语实验班）,,,national
西南财经大学,劳动与社会保障,,,national
西南财经大学,商务英语,,,national
西南财经大学,国际经济与贸易（双语实验班）,,,national
西南财经大学,审计学,,,national
西南财经大学,工商管理,,,national
西南财经大学,工商管理（双语实验班）,,,national
西南财经大学,市场营销,,,national
西南财经大学,市场营销（中外合作办学）（金融服务与营销）,,,national
西南财经大学,投资学,,,national
西南财经大学,数学与应用数学（基础学科拔尖实验班）,,,national
西南财经大学,数学与应用数学（数学与经济学双学位）,,,national
西南财经大学,法学,,,national
西南财经大学,法学（法学与会计学双学位）,,,national
西南财经大学,法学（法学与国商双学位）,,,national
西南财经大学,法学（法学与金融学双学位）,,,national
西南财经大学,税收学,,,national
西南财经大学,经济学（国家经济学基础人才培养基地班）,,,national
西南财经大学,经济统计学,,,national
西南财经大学,统计学,,,national
西南财经大学,行政管理,,,national
西南财经大学,计算机科学与技术,,,national
西南财经大学,计算机科学与技术（基础学科拔尖实验班）,,,national
西南财经大学,财务管理,,,national
西南财经大学,财政学,,,national
西南财经大学,金融学,,,national
西南财经大学,金融学（双语实验班）,,,national
西南财经大学,金融学（智能金融与区块链金融）,,,national
西南财经大学,金融学（经管国际化创新实验班）,,,national
西南财经大学,金融学（证券与期货方向）,,,national
西南财经大学,金融工程,,,national
西安交通大学,临床医学,,,national
西安交通大学,书法学,,,national
西安交通大学,会计学,,,national
西安交通大学,信息与计算科学,,,national
西安交通大学,信息工程,,,national
西安交通大学,光电信息科学与工程,,,national
西安交通大学,制药工程,,,national
西安交通大学,劳动与社会保障,,,national
西安交通大学,化学工程与工艺,,,national
西安交通大学,口腔医学,,,national
西安交通大学,哲学,,,national
西安交通大学,国际经济与贸易,,,national
西安交通大学,基础医学,,,national
西安交通大学,工业工程,,,national
西安交通大学,工业设计,,,national
西安交通大学,工商管理,,,national
西安交通大学,工程力学,,,national
西安交通大学,应用化学,,,national
西安交通大学,应用物理学,,,national
西安交通大学,建筑学,,,national
西安交通大学,微电子科学与工程,,,national
西安交通大学,护理学,,,national
西安交通大学,数学与应用数学,,,national
西安交通大学,新能源科学与工程,,,national
西安交通大学,机械工程,,,national
西安交通大学,材料物理,,,national
西安交通大学,材料科学与工程,,,national
西安交通大学,核工程与核技术,,,national
西安交通大学,法医学,,,national
西安交通大学,法学,,,national
西安交通大学,测控技术与仪器,,,national
西安交通大学,物联网工程,,,national
西安交通大学,环境工程,,,national
西安交通大学,环境设计,,,national
西安交通大学,生物医学工程,,,national
西安交通大学,电子商务,,,national
西安交通大学,电子科学与技术,,,national
西安交通大学,电气工程及其自动化,,,national
西安交通大学,社会学,,,national
西安交通大学,经济学,,,national
西安交通大学,经济统计学,,,national
西安交通大学,统计学,,,national
西安交通大学,网络与新媒体,,,national
西安交通大学,能源与动力工程,,,national
西安交通大学,自动化,,,national
西安交通大学,英语,,,national
西安交通大学,药学,,,national
西安交通大学,行政管理,,,national
西安交通大学,计算机科学与技术,,,national
西安交通大学,财政学,,,national
西安交通大学,贸易经济,,,national
西安交通大学,车辆工程,,,national
西安交通大学,软件工程,,,national
西安交通大学,过程装备与控制工程,,,national
西安交通大学,金融学,,,national
西安交通大学,金融工程,,,national
西安交通大学,预防医学,,,national
西安交通大学,飞行器设计与工程,,,national
西安交通大学城市学院,会计学,,,national
西安体育学院,体育教育,,,national
西安体育学院,体育经济与管理,,,national
西安医学院,临床医学,,,national
西安医学院,护理学,,,national
西安培华学院,会计学,,,national
西安外国语大学,会计学,,,national
西安外国语大学,俄语,,,national
西安外国语大学,印地语,,,national
西安外国语大学,哈萨克语,,,national
西安外国语大学,商务英语,,,national
西安外国语大学,工商管理,,,national
西安外国语大学,德语,,,national
西安外国语大学,意大利语,,,national
西安外国语大学,新闻学,,,national
西安外国语大学,旅游管理,,,national
西安外国语大学,日语,,,national
西安外国语大学,朝鲜语,,,national
西安外国语大学,法语,,,national
西安外国语大学,翻译,,,national
西安外国语大学,英语,,,national
西安外国语大学,葡萄牙语,,,national
西安外国语大学,西班牙语,,,national
西安外国语大学,金融学,,,national
西安外国语大学,阿拉伯语,,,national
西安工业大学,书法学,,,national
西安工业大学,产品设计,,,national
西安工业大学,人力资源管理,,,national
西安工业大学,会计学,,,national
西安工业大学,信息对抗技术,,,national
西安工业大学,光电信息科学与工程,,,national
西安工业大学,土木工程,,,national
西安工业大学,工业工程,,,national
西安工业大学,机械电子工程,,,national
西安工业大学,机械设计制造及其自动化,,,national
西安工业大学,汉语言文学,,,national
西安工业大学,测控技术与仪器,,,national
西安工业大学,电子信息工程,,,national
西安工业大学,电气工程及其自动化,,,national
西安工业大学,自动化,,,national
西安工业大学,计算机科学与技术,,,national
西安工业大学,软件工程,,,national
西安工业大学,通信工程,,,national
西安工业大学,金属材料工程,,,national
西安工业大学,高分子材料与工程,,,national
西安工商学院,软件工程,,,national
西安工程大学,工商管理,,,national
西安工程大学,应用物理学,,,national
西安工程大学,服装与服饰设计,,,national
西安工程大学,服装设计与工程,,,national
西安工程大学,机械工程,,,national
西安工程大学,材料成型及控制工程,,,national
西安工程大学,电子信息工程,,,national
西安工程大学,电气工程及其自动化,,,national
西安工程大学,纺织工程,,,national
西安工程大学,英语,,,national
西安工程大学,计算机科学与技术,,,national
西安建筑科技大学,交通运输,,,national
西安建筑科技大学,信息管理与信息系统,,,national
西安建筑科技大学,历史建筑保护工程,,,national
西安建筑科技大学,土木工程,,,national
西安建筑科技大学,城乡规划,,,national
西安建筑科技大学,城市地下空间工程,,,national
西安建筑科技大学,工商管理,,,national
西安建筑科技大学,工程力学,,,national
西安建筑科技大学,工程管理,,,national
西安建筑科技大学,建筑学,,,national
西安建筑科技大学,建筑环境与能源应用工程,,,national
西安建筑科技大学,建筑电气与智能化,,,national
西安建筑科技大学,文化产业管理,,,national
西安建筑科技大学,机械设计制造及其自动化,,,national
西安建筑科技大学,材料成型及控制工程,,,national
西安建筑科技大学,材料科学与工程,,,national
西安建筑科技大学,环境工程,,,national
西安建筑科技大学,环境科学,,,national
西安建筑科技大学,环境设计,,,national
西安建筑科技大学,社会体育指导与管理,,,national
西安建筑科技大学,给排水科学与工程,,,national
西安建筑科技大学,自动化,,,national
西安建筑科技大学,视觉传达设计,,,national
西安建筑科技大学,计算机科学与技术,,,national
西安建筑科技大学,雕塑,,,national
西安建筑科技大学,风景园林,,,national
西安文理学院,旅游管理,,,national
西安明德理工学院,通信工程,,,national
西安理工大学,产品设计,,,national
西安理工大学,会计学,,,national
西安理工大学,信息与计算科学,,,national
西安理工大学,光电信息科学与工程,,,national
西安理工大学,农业水利工程,,,national
西安理工大学,包装工程,,,national
西安理工大学,印刷工程,,,national
西安理工大学,土木工程,,,national
西安理工大学,城市地下空间工程,,,national
西安理工大学,工业工程,,,national
西安理工大学,工业设计,,,national
西安理工大学,工商管理,,,national
西安理工大学,工程管理,,,national
西安理工大学,应用化学,,,national
西安理工大学,应用物理学,,,national
西安理工大学,机械设计制造及其自动化,,,national
西安理工大学,材料成型及控制工程,,,national
西安理工大学,材料物理,,,national
西安理工大学,材料科学与工程,,,national
西安理工大学,水利水电工程,,,national
西安理工大学,水文与水资源工程,,,national
西安理工大学,测控技术与仪器,,,national
西安理工大学,环境工程,,,national
西安理工大学,电子科学与技术,,,national
西安理工大学,电气工程及其自动化,,,national
西安理工大学,给排水科学与工程,,,national
西安理工大学,能源与动力工程,,,national
西安理工大学,自动化,,,national
西安理工大学,英语,,,national
西安理工大学,计算机科学与技术,,,national
西安理工大学,软件工程,,,national
西安理工大学,通信工程,,,national
西安电子科技大学,信息与计算科学,,,national
西安电子科技大学,信息安全,,,national
西安电子科技大学,信息工程,,,national
西安电子科技大学,信息管理与信息系统,,,national
西安电子科技大学,光电信息科学与工程,,,national
西安电子科技大学,工业设计,,,national
西安电子科技大学,工商管理,,,national
西安电子科技大学,探测制导与控制技术,,,national
西安电子科技大学,数学与应用数学,,,national
西安电子科技大学,机械设计制造及其自动化,,,national
西安电子科技大学,材料科学与工程,,,national
西安电子科技大学,测控技术与仪器,,,national
西安电子科技大学,生物医学工程,,,national
西安电子科技大学,电子信息工程,,,national
西安电子科技大学,电子信息科学与技术,,,national
西安电子科技大学,电子封装技术,,,national
西安电子科技大学,电子科学与技术,,,national
西安电子科技大学,电气工程及其自动化,,,national
西安电子科技大学,网络空间安全,,,national
西安电子科技大学,自动化,,,national
西安电子科技大学,英语,,,national
西安电子科技大学,计算机科学与技术,,,national
西安电子科技大学,软件工程,,,national
西安电子科技大学,通信工程,,,national
西安电子科技大学,金融学,,,national
西安石油大学,人力资源管理,,,national
西安石油大学,会计学,,,national
西安石油大学,化学工程与工艺,,,national
西安石油大学,应用化学,,,national
西安石油大学,机械电子工程,,,national
西安石油大学,机械设计制造及其自动化,,,national
西安石油大学,焊接技术与工程,,,national
西安石油大学,石油工程,,,national
西安石油大学,英语,,,national
西安石油大学,计算机科学与技术,,,national
西安石油大学,财务管理,,,national
西安石油大学,过程装备与控制工程,,,national
西安科技大学,化学工程与工艺,,,national
西安科技大学,土木工程,,,national
西安科技大学,地理信息科学,,,national
西安科技大学,地质工程,,,national
西安科技大学,安全工程,,,national
西安科技大学,工程管理,,,national
西安科技大学,机械电子工程,,,national
西安科技大学,机械设计制造及其自动化,,,national
西安科技大学,测绘工程,,,national
西安科技大学,消防工程,,,national
西安科技大学,电子信息工程,,,national
西安科技大学,电子商务,,,national
西安科技大学,电气工程及其自动化,,,national
西安科技大学,矿物加工工程,,,national
西安科技大学,自动化,,,national
西安科技大学,计算机科学与技术,,,national
西安科技大学,资源勘查工程,,,national
西安科技大学,软件工程,,,national
西安科技大学,通信工程,,,national
西安科技大学,采矿工程,,,national
西安美术学院,中国画,,,national
西安美术学院,产品设计,,,national
西安美术学院,公共艺术,,,national
西安美术学院,动画,,,national
西安美术学院,实验艺术,,,national
西安美术学院,工艺美术,,,national
西安美术学院,服装与服饰设计,,,national
西安美术学院,环境设计,,,national
西安美术学院,绘画,,,national
西安美术学院,美术学,,,national
西安美术学院,艺术与科技,,,national
西安美术学院,视觉传达设计,,,national
西安美术学院,雕塑,,,national
西安翻译学院,国际经济与贸易,,,national
西安翻译学院,翻译,,,national
西安翻译学院,英语,,,national
西安航空学院,机械电子工程,,,national
西安财经大学,会计学,,,national
西安财经大学,保险学,,,national
西安财经大学,信息管理与信息系统,,,national
西安财经大学,公共事业管理,,,national
西安财经大学,市场营销,,,national
西安财经大学,应用统计学,,,national
西安财经大学,法学,,,national
西安财经大学,电子商务,,,national
西安财经大学,经济学,,,national
西安财经大学,经济统计学,,,national
西安财经大学,财务管理,,,national
西安财经大学,金融学,,,national
西安邮电大学,会计学,,,national
西安邮电大学,信息安全,,,national
西安邮电大学,工商管理,,,national
西安邮电大学,数字媒体艺术,,,national
西安邮电大学,智能科学与技术,,,national
西安邮电大学,物流管理,,,national
西安邮电大学,电子商务,,,national
西安邮电大学,电磁场与无线技术,,,national
西安邮电大学,软件工程,,,national
西安邮电大学,通信工程,,,national
西安邮电大学,集成电路设计与集成系统,,,national
西安音乐学院,作曲与作曲技术理论,,,national
西安音乐学院,音乐学,,,national
西安音乐学院,音乐表演,,,national
西昌学院,中国少数民族语言文学,,,national
西昌学院,农学,,,national
西昌学院,农学（彝加）,,,national
西昌学院,动物科学,,,national
西昌学院,动物科学（彝加）,,,national
西昌学院,电子商务,,,national
西藏农牧大学,农学,,,national
西藏农牧大学,林学,,,national
西藏农牧大学,电气工程及其自动化,,,national
西藏大学,中国少数民族语言文学,,,national
西藏大学,历史学,,,national
西藏大学,地理科学,,,national
西藏大学,工商管理,,,national
西藏大学,数学与应用数学,,,national
西藏大学,旅游管理,,,national
西藏大学,汉语言文学,,,national
西藏大学,法学,,,national
西藏大学,物理学,,,national
西藏大学,环境科学,,,national
西藏大学,生物科学,,,national
西藏大学,经济学,,,national
西藏大学,美术学,,,national
西藏大学,英语,,,national
西藏大学,视觉传达设计,,,national
西藏大学,计算机科学与技术,,,national
西藏大学,通信工程,,,national
西藏大学,音乐学,,,national
西藏大学,预防医学,,,national
西藏民族大学,会计学,,,national
西藏民族大学,体育教育,,,national
西藏民族大学,学前教育,,,national
西藏民族大学,新闻学,,,national
西藏民族大学,汉语言文学,,,national
西藏民族大学,法学,,,national
西藏民族大学,英语,,,national
西藏藏医药大学,藏医学,,,national
西藏藏医药大学,藏药学,,,national
许昌学院,电气工程及其自动化,,,national
许昌学院,英语,,,national
贵州中医药大学,中医学,,,national
贵州中医药大学,中药学,,,national
贵州医科大学,临床医学,,,national
贵州医科大学,儿科学,,,national
贵州医科大学,医学检验技术,,,national
贵州医科大学,口腔医学,,,national
贵州医科大学,护理学,,,national
贵州医科大学,法医学,,,national
贵州医科大学,生物医学工程,,,national
贵州医科大学,生物技术,,,national
贵州医科大学,药学,,,national
贵州医科大学,预防医学,,,national
贵州大学,体育教育,,,national
贵州大学,信息安全,,,national
贵州大学,农业机械化及其自动化,,,national
贵州大学,农学,,,national
贵州大学,农林经济管理,,,national
贵州大学,冶金工程,,,national
贵州大学,动物医学,,,national
贵州大学,动物科学,,,national
贵州大学,化学,,,national
贵州大学,化学工程与工艺,,,national
贵州大学,哲学,,,national
贵州大学,园艺,,,national
贵州大学,土木工程,,,national
贵州大学,安全工程,,,national
贵州大学,工程管理,,,national
贵州大学,建筑学,,,national
贵州大学,政治学与行政学,,,national
贵州大学,数学与应用数学,,,national
贵州大学,文化产业管理,,,national
贵州大学,旅游管理,,,national
贵州大学,机械设计制造及其自动化,,,national
贵州大学,材料科学与工程,,,national
贵州大学,林学,,,national
贵州大学,植物保护,,,national
贵州大学,水土保持与荒漠化防治,,,national
贵州大学,汉语言文学,,,national
贵州大学,法学,,,national
贵州大学,测控技术与仪器,,,national
贵州大学,测绘工程,,,national
贵州大学,物理学,,,national
贵州大学,环境工程,,,national
贵州大学,生物科学,,,national
贵州大学,电子信息科学与技术,,,national
贵州大学,电子科学与技术,,,national
贵州大学,电气工程及其自动化,,,national
贵州大学,矿物加工工程,,,national
贵州大学,社会工作,,,national
贵州大学,绘画,,,national
贵州大学,自动化,,,national
贵州大学,舞蹈表演,,,national
贵州大学,英语,,,national
贵州大学,草业科学,,,national
贵州大学,行政管理,,,national
贵州大学,表演,,,national
贵州大学,视觉传达设计,,,national
贵州大学,计算机科学与技术,,,national
贵州大学,通信工程,,,national
贵州大学,酿酒工程,,,national
贵州大学,采矿工程,,,national
贵州大学,音乐表演,,,national
贵州大学,食品科学与工程,,,national
贵州师范大学,人文地理与城乡规划,,,national
贵州师范大学,体育教育,,,national
贵州师范大学,化学,,,national
贵州师范大学,历史学,,,national
贵州师范大学,地理科学,,,national
贵州师范大学,天文学,,,national
贵州师范大学,小学教育,,,national
贵州师范大学,市场营销,,,national
贵州师范大学,广播电视学,,,national
贵州师范大学,应用心理学,,,national
贵州师范大学,思想政治教育,,,national
贵州师范大学,政治学与行政学,,,national
贵州师范大学,教育学,,,national
贵州师范大学,数学与应用数学,,,national
贵州师范大学,文化产业管理,,,national
贵州师范大学,旅游管理,,,national
贵州师范大学,日语,,,national
贵州师范大学,汉语言文学,,,national
贵州师范大学,法学,,,national
贵州师范大学,物理学,,,national
贵州师范大学,环境设计,,,national
贵州师范大学,生物技术,,,national
贵州师范大学,生物科学,,,national
贵州师范大学,电子信息工程,,,national
贵州师范大学,英语,,,national
贵州师范大学,财务管理,,,national
贵州师范大学,通信工程,,,national
贵州师范大学,音乐学,,,national
贵州师范学院,学前教育,,,national
贵州师范学院,广播电视学,,,national
贵州师范学院,数学与应用数学,,,national
贵州师范学院,英语,,,national
贵州师范学院,音乐学,,,national
贵州民族大学,中国少数民族语言文学,,,national
贵州民族大学,产品设计,,,national
贵州民族大学,应用物理学,,,national
贵州民族大学,播音与主持艺术,,,national
贵州民族大学,数学与应用数学,,,national
贵州民族大学,新闻学,,,national
贵州民族大学,旅游管理,,,national
贵州民族大学,民族学,,,national
贵州民族大学,社会学,,,national
贵州民族大学,舞蹈表演,,,national
贵州民族大学,行政管理,,,national
贵州民族大学,音乐表演,,,national
贵州理工学院,机械设计制造及其自动化,,,national
贵州理工学院,飞行器制造工程,,,national
贵州财经大学,人力资源管理,,,national
贵州财经大学,会计学,,,national
贵州财经大学,信息管理与信息系统,,,national
贵州财经大学,劳动与社会保障,,,national
贵州财经大学,审计学,,,national
贵州财经大学,工商管理,,,national
贵州财经大学,市场营销,,,national
贵州财经大学,旅游管理,,,national
贵州财经大学,法学,,,national
贵州财经大学,物流管理,,,national
贵州财经大学,税收学,,,national
贵州财经大学,经济学,,,national
贵州财经大学,经济统计学,,,national
贵州财经大学,统计学,,,national
贵州财经大学,行政管理,,,national
贵州财经大学,财务管理,,,national
贵州财经大学,金融学,,,national
贵州财经大学,金融工程,,,national
贺州学院,广播电视编导,,,national
贺州学院,旅游管理,,,national
贺州学院,环境设计,,,national
贺州学院,通信工程,,,national
贺州学院,食品科学与工程,,,national
赣南医科大学,临床医学,,,national
赣南医科大学,护理学,,,national
赣南师范大学,体育教育,,,national
赣南师范大学,化学,,,national
赣南师范大学,思想政治教育,,,national
赣南师范大学,教育学,,,national
赣南师范大学,数学与应用数学,,,national
赣南师范大学,旅游管理,,,national
赣南师范大学,汉语言文学,,,national
赣南师范大学,物理学,,,national
赣南师范大学,英语,,,national
赣南师范大学,计算机科学与技术,,,national
赣南师范大学,音乐学,,,national
赤峰大学,生物科学,,,national
辽宁中医药大学,中医学,,,national
辽宁中医药大学,中药学,,,national
辽宁中医药大学,中西医临床医学,,,national
辽宁中医药大学,针灸推拿学,,,national
辽宁大学,人力资源管理,,,national
辽宁大学,历史学,,,national
辽宁大学,哲学,,,national
辽宁大学,国民经济管理,,,national
辽宁大学,国际政治,,,national
辽宁大学,国际经济与贸易,,,national
辽宁大学,工商管理,,,national
辽宁大学,市场营销,,,national
辽宁大学,应用化学,,,national
辽宁大学,播音与主持艺术,,,national
辽宁大学,新闻学,,,national
辽宁大学,汉语言文学,,,national
辽宁大学,法学,,,national
辽宁大学,环境工程,,,national
辽宁大学,生物技术,,,national
辽宁大学,经济学,,,national
辽宁大学,英语,,,national
辽宁大学,行政管理,,,national
辽宁大学,计算机科学与技术,,,national
辽宁大学,财政学,,,national
辽宁大学,金融学,,,national
辽宁对外经贸学院,会展经济与管理,,,national
辽宁对外经贸学院,国际经济与贸易,,,national
辽宁工业大学,信息与计算科学,,,national
辽宁工业大学,土木工程,,,national
辽宁工业大学,工商管理,,,national
辽宁工业大学,工程管理,,,national
辽宁工业大学,广告学,,,national
辽宁工业大学,机械设计制造及其自动化,,,national
辽宁工业大学,材料科学与工程,,,national
辽宁工业大学,自动化,,,national
辽宁工业大学,视觉传达设计,,,national
辽宁工业大学,车辆工程,,,national
辽宁工业大学,软件工程,,,national
辽宁工程技术大学,信息管理与信息系统,,,national
辽宁工程技术大学,土木工程,,,national
辽宁工程技术大学,安全工程,,,national
辽宁工程技术大学,工程力学,,,national
辽宁工程技术大学,工程管理,,,national
辽宁工程技术大学,机械设计制造及其自动化,,,national
辽宁工程技术大学,测控技术与仪器,,,national
辽宁工程技术大学,测绘工程,,,national
辽宁工程技术大学,电气工程及其自动化,,,national
辽宁工程技术大学,软件工程,,,national
辽宁工程技术大学,通信工程,,,national
辽宁工程技术大学,采矿工程,,,national
辽宁师范大学,体育教育,,,national
辽宁师范大学,信息管理与信息系统,,,national
辽宁师范大学,动画,,,national
辽宁师范大学,化学,,,national
辽宁师范大学,历史学,,,national
辽宁师范大学,地理科学,,,national
辽宁师范大学,心理学,,,national
辽宁师范大学,思想政治教育,,,national
辽宁师范大学,教育学,,,national
辽宁师范大学,数学与应用数学,,,national
辽宁师范大学,汉语国际教育,,,national
辽宁师范大学,汉语言文学,,,national
辽宁师范大学,法学,,,national
辽宁师范大学,物理学,,,national
辽宁师范大学,特殊教育,,,national
辽宁师范大学,英语,,,national
辽宁师范大学,计算机科学与技术,,,national
辽宁师范大学,音乐学,,,national
辽宁石油化工大学,化学工程与工艺,,,national
辽宁石油化工大学,工商管理,,,national
辽宁石油化工大学,应用化学,,,national
辽宁石油化工大学,机械设计制造及其自动化,,,national
辽宁石油化工大学,油气储运工程,,,national
辽宁石油化工大学,环境工程,,,national
辽宁石油化工大学,电气工程及其自动化,,,national
辽宁石油化工大学,能源化学工程,,,national
辽宁石油化工大学,自动化,,,national
辽宁石油化工大学,计算机科学与技术,,,national
辽宁石油化工大学,软件工程,,,national
辽宁石油化工大学,过程装备与控制工程,,,national
辽宁石油化工大学,高分子材料与工程,,,national
辽宁科技大学,冶金工程,,,national
辽宁科技大学,无机非金属材料工程,,,national
辽宁科技大学,网络工程,,,national
辽宁科技大学,自动化,,,national
辽宁科技大学,采矿工程,,,national
辽宁科技学院,冶金工程,,,national
辽宁科技学院,广告学,,,national
辽宁警察学院,治安学,,,national
辽宁警察学院,网络安全与执法,,,national
运城学院,旅游管理,,,national
运城学院,电子科学与技术,,,national
通化师范学院,中药学,,,national
通化师范学院,化学,,,national
通化师范学院,历史学,,,national
通化师范学院,学前教育,,,national
通化师范学院,思想政治教育,,,national
通化师范学院,数学与应用数学,,,national
通化师范学院,汉语言文学,,,national
通化师范学院,物业管理,,,national
通化师范学院,物理学,,,national
通化师范学院,生物科学,,,national
通化师范学院,英语,,,national
通化师范学院,计算机科学与技术,,,national
通化师范学院,音乐学,,,national
通化师范学院,食品科学与工程,,,national
遵义医科大学,临床医学,,,national
遵义医科大学,临床医学（农村免费订单定向）,,,national
遵义医科大学,制药工程,,,national
遵义医科大学,医学检验技术,,,national
遵义医科大学,口腔医学,,,national
遵义医科大学,护理学,,,national
遵义医科大学,药学,,,national
遵义医科大学,预防医学,,,national
遵义医科大学,麻醉学,,,national
遵义师范学院,小学教育,,,national
遵义师范学院,数学与应用数学,,,national
遵义师范学院,汉语言文学,,,national
遵义师范学院,物理学,,,national
遵义师范学院,电子信息科学与技术,,,national
邢台学院,国际经济与贸易,,,national
邢台学院,舞蹈学,,,national
邢台学院,表演,,,national
邯郸学院,英语,,,national
邵阳学院,会计学,,,national
邵阳学院,电子信息工程,,,national
邵阳学院,计算机科学与技术,,,national
郑州大学,世界史,,,national
郑州大学,临床医学（5+3一体化儿科学）,,,national
郑州大学,临床医学（5+3一体化沈琼班）,,,national
郑州大学,临床医学（5+3一体化）,,,national
郑州大学,临床医学（省医临床医学院）,,,national
郑州大学,临床医学（第一临床医学院）,,,national
郑州大学,临床医学（第二临床医学院）,,,national
郑州大学,临床医学（第五临床医学院）,,,national
郑州大学,人文科学试验班（历史学）,,,national
郑州大学,人文科学试验班（汉语言文学）,,,national
郑州大学,会计学,,,national
郑州大学,体育教育,,,national
郑州大学,俄语,,,national
郑州大学,信息与计算科学,,,national
郑州大学,冶金工程,,,national
郑州大学,制药工程,,,national
郑州大学,化学,,,national
郑州大学,化学工程与工艺,,,national
郑州大学,化学工程与工艺（化学工程与工艺与工程管理双学士学位复合型人才培养项目）,,,national
郑州大学,医学影像学,,,national
郑州大学,医学检验技术,,,national
郑州大学,历史学,,,national
郑州大学,口腔医学,,,national
郑州大学,土木工程,,,national
郑州大学,土木工程（中外合作办学）,,,national
郑州大学,土木工程（土木工程与法学双学士学位复合型人才培养项目）,,,national
郑州大学,城乡规划,,,national
郑州大学,安全工程,,,national
郑州大学,工业工程,,,national
郑州大学,工商管理（商业智能管理）,,,national
郑州大学,工程力学,,,national
郑州大学,广告学,,,national
郑州大学,建筑学,,,national
郑州大学,建筑学（中外合作办学）,,,national
郑州大学,建筑学（历史遗产保护）,,,national
郑州大学,建筑学（建筑学与物理学双学士学位复合型人才培养项目）,,,national
郑州大学,德语,,,national
郑州大学,思想政治教育,,,national
郑州大学,护理学,,,national
郑州大学,数学与应用数学,,,national
郑州大学,新闻学,,,national
郑州大学,机械工程,,,national
郑州大学,机械工程（中外合作办学）,,,national
郑州大学,材料科学与工程,,,national
郑州大学,材料科学与工程（中外合作办学）,,,national
郑州大学,水利水电工程,,,national
郑州大学,水文与水资源工程,,,national
郑州大学,汉语国际教育,,,national
郑州大学,汉语言文学,,,national
郑州大学,法学,,,national
郑州大学,法学（法学与英语双学士学位复合型人才培养项目）,,,national
郑州大学,物流管理,,,national
郑州大学,物理学,,,national
郑州大学,环境工程,,,national
郑州大学,电子信息工程,,,national
郑州大学,电子信息工程（中外合作办学）,,,national
郑州大学,电子科学与技术,,,national
郑州大学,电气工程及其自动化,,,national
郑州大学,社会体育指导与管理,,,national
郑州大学,社会工作,,,national
郑州大学,经济学（中外合作办学）,,,national
郑州大学,经济学（数智经济）,,,national
郑州大学,经济学（经济学与数学与应用数学双学士学位复合型人才培养项目）,,,national
郑州大学,考古学,,,national
郑州大学,自动化,,,national
郑州大学,英语,,,national
郑州大学,药学,,,national
郑州大学,行政管理,,,national
郑州大学,视觉传达设计,,,national
郑州大学,计算机科学与技术,,,national
郑州大学,计算机科学与技术（中外合作办学）,,,national
郑州大学,软件工程,,,national
郑州大学,软件工程（卓越工程师班）,,,national
郑州大学,通信工程,,,national
郑州大学,通信工程（中外合作办学）,,,national
郑州大学,金融学,,,national
郑州大学,金融学（金融学与人工智能双学士学位复合型人才培养项目）,,,national
郑州大学,雕塑,,,national
郑州大学,音乐表演（器乐）,,,national
郑州大学,音乐表演（声乐）,,,national
郑州大学,预防医学,,,national
郑州大学,预防医学（数智健康保障）,,,national
郑州大学,预防医学（预防医学与行政管理双学士学位复合型人才培养项目）,,,national
郑州大学,高分子材料与工程,,,national
郑州师范学院,特殊教育,,,national
郑州师范学院,特殊教育（康复方向）,,,national
郑州师范学院,特殊教育（特殊教育地方公 费师范生）,,,national
郑州航空工业管理学院,会计学,,,national
郑州航空工业管理学院,审计学,,,national
郑州航空工业管理学院,工业工程,,,national
郑州航空工业管理学院,工程管理,,,national
郑州航空工业管理学院,机械设计制造及其自动化,,,national
郑州航空工业管理学院,档案学,,,national
郑州航空工业管理学院,物流管理,,,national
郑州航空工业管理学院,计算机科学与技术,,,national
郑州航空工业管理学院,财务管理,,,national
郑州航空工业管理学院,贸易经济,,,national
郑州航空工业管理学院,金融学,,,national
郑州航空工业管理学院,飞行器设计与工程,,,national
郑州警察学院,侦查学,,,national
郑州警察学院,刑事科学技术,,,national
郑州警察学院,治安学,,,national
郑州轻工业大学,产品设计,,,national
郑州轻工业大学,会计学,,,national
郑州轻工业大学,动画,,,national
郑州轻工业大学,化学工程与工艺,,,national
郑州轻工业大学,工商管理,,,national
郑州轻工业大学,应用化学,,,national
郑州轻工业大学,建筑电气与智能化,,,national
郑州轻工业大学,数字媒体艺术,,,national
郑州轻工业大学,机械设计制造及其自动化,,,national
郑州轻工业大学,物流管理,,,national
郑州轻工业大学,环境设计,,,national
郑州轻工业大学,生物工程,,,national
郑州轻工业大学,电子信息工程,,,national
郑州轻工业大学,电子科学与技术,,,national
郑州轻工业大学,电气工程及其自动化,,,national
郑州轻工业大学,社会工作,,,national
郑州轻工业大学,能源与动力工程,,,national
郑州轻工业大学,自动化,,,national
郑州轻工业大学,英语,,,national
郑州轻工业大学,视觉传达设计,,,national
郑州轻工业大学,计算机科学与技术,,,national
郑州轻工业大学,软件工程,,,national
郑州轻工业大学,过程装备与控制工程,,,national
郑州轻工业大学,食品科学与工程,,,national
郑州轻工业大学,高分子材料与工程,,,national
重庆三峡科技大学,汉语言文学,,,national
重庆三峡科技大学,汉语言文学（师范类）,,,national
重庆三峡科技大学,电子信息工程,,,national
重庆交通大学,交通工程,,,national
重庆交通大学,交通运输,,,national
重庆交通大学,交通运输（交运与工商联合学士学位项目）,,,national
重庆交通大学,土木工程,,,national
重庆交通大学,土木工程（智能检测与计量实验班）,,,national
重庆交通大学,土木工程（茅以升桥梁实验班）,,,national
重庆交通大学,土木工程（茅以升道路实验班）,,,national
重庆交通大学,土木工程（隧道与地下工程卓越班）,,,national
重庆交通大学,工商管理,,,national
重庆交通大学,工程力学,,,national
重庆交通大学,工程管理,,,national
重庆交通大学,建筑学,,,national
重庆交通大学,数学与应用数学,,,national
重庆交通大学,旅游管理,,,national
重庆交通大学,机械设计制造及其自动化,,,national
重庆交通大学,材料科学与工程,,,national
重庆交通大学,材料科学与工程（能源环境材料实验班）,,,national
重庆交通大学,水利水电工程,,,national
重庆交通大学,测绘工程,,,national
重庆交通大学,港口航道与海岸工程,,,national
重庆交通大学,物流管理,,,national
重庆交通大学,物流管理（低空物流实验班）,,,national
重庆交通大学,环境科学与工程,,,national
重庆交通大学,船舶与海洋工程,,,national
重庆交通大学,英语,,,national
重庆交通大学,计算机科学与技术,,,national
重庆交通大学,轮机工程,,,national
重庆医科大学,临床医学,,,national
重庆医科大学,临床药学,,,national
重庆医科大学,儿科学,,,national
重庆医科大学,医学实验技术,,,national
重庆医科大学,医学影像学,,,national
重庆医科大学,医学影像技术,,,national
重庆医科大学,医学检验技术,,,national
重庆医科大学,口腔医学,,,national
重庆医科大学,口腔医学技术,,,national
重庆医科大学,基础医学,,,national
重庆医科大学,应用统计学,,,national
重庆医科大学,护理学,,,national
重庆医科大学,法医学,,,national
重庆医科大学,生物医学工程,,,national
重庆医科大学,精神医学,,,national
重庆医科大学,药学,,,national
重庆医科大学,预防医学,,,national
重庆医科大学,麻醉学,,,national
重庆大学,会计学,,,national
重庆大学,体育教育,,,national
重庆大学,信息安全,,,national
重庆大学,信息管理与信息系统,,,national
重庆大学,光电信息科学与工程,,,national
重庆大学,冶金工程,,,national
重庆大学,化学工程与工艺,,,national
重庆大学,土木工程,,,national
重庆大学,城乡规划,,,national
重庆大学,城市地下空间工程,,,national
重庆大学,安全工程,,,national
重庆大学,工业工程,,,national
重庆大学,工商管理,,,national
重庆大学,工程力学,,,national
重庆大学,工程管理,,,national
重庆大学,工程造价,,,national
重庆大学,市场营销,,,national
重庆大学,建筑学,,,national
重庆大学,建筑环境与能源应用工程,,,national
重庆大学,播音与主持艺术,,,national
重庆大学,数学与应用数学,,,national
重庆大学,新能源科学与工程,,,national
重庆大学,新闻学,,,national
重庆大学,机械电子工程,,,national
重庆大学,机械设计制造及其自动化,,,national
重庆大学,材料成型及控制工程,,,national
重庆大学,材料科学与工程,,,national
重庆大学,核工程与核技术,,,national
重庆大学,法学,,,national
重庆大学,测控技术与仪器,,,national
重庆大学,物理学,,,national
重庆大学,环境工程,,,national
重庆大学,环境生态工程,,,national
重庆大学,生物医学工程,,,national
重庆大学,生物科学,,,national
重庆大学,电子信息工程,,,national
重庆大学,电气工程及其自动化,,,national
重庆大学,经济学,,,national
重庆大学,绘画,,,national
重庆大学,给排水科学与工程,,,national
重庆大学,统计学,,,national
重庆大学,能源与动力工程,,,national
重庆大学,能源经济,,,national
重庆大学,自动化,,,national
重庆大学,舞蹈表演,,,national
重庆大学,航空航天工程,,,national
重庆大学,英语,,,national
重庆大学,行政管理,,,national
重庆大学,计算机科学与技术,,,national
重庆大学,财务管理,,,national
重庆大学,车辆工程,,,national
重庆大学,软件工程,,,national
重庆大学,通信工程,,,national
重庆大学,金融学,,,national
重庆大学,集成电路设计与集成系统,,,national
重庆大学,风景园林,,,national
重庆工商大学,会计学,,,national
重庆工商大学,体育教育,,,national
重庆工商大学,国际经济与贸易,,,national
重庆工商大学,土地资源管理,,,national
重庆工商大学,审计学,,,national
重庆工商大学,工商管理,,,national
重庆工商大学,市场营销,,,national
重庆工商大学,投资学,,,national
重庆工商大学,数学与应用数学,,,national
重庆工商大学,机械设计制造及其自动化,,,national
重庆工商大学,物流管理,,,national
重庆工商大学,环境工程,,,national
重庆工商大学,电子商务,,,national
重庆工商大学,社会工作,,,national
重庆工商大学,经济学,,,national
重庆工商大学,经济统计学,,,national
重庆工商大学,财务管理,,,national
重庆工商大学,贸易经济,,,national
重庆工商大学,金融学,,,national
重庆工商大学,食品科学与工程,,,national
重庆师范大学,体育教育（师范）,,,national
重庆师范大学,化学（师范）,,,national
重庆师范大学,历史学（师范）,,,national
重庆师范大学,地理科学,,,national
重庆师范大学,学前教育（师范）,,,national
重庆师范大学,小学教育（师范）,,,national
重庆师范大学,小学教育（师范）（全科教师）,,,national
重庆师范大学,工商管理,,,national
重庆师范大学,广播电视编导,,,national
重庆师范大学,应用心理学,,,national
重庆师范大学,思想政治教育（师范）,,,national
重庆师范大学,教育学（师范）,,,national
重庆师范大学,数学与应用数学（师范）,,,national
重庆师范大学,文物与博物馆学,,,national
重庆师范大学,新闻学,,,national
重庆师范大学,材料化学,,,national
重庆师范大学,汉语国际教育,,,national
重庆师范大学,汉语言文学（师范）,,,national
重庆师范大学,物理学（师范）,,,national
重庆师范大学,特殊教育（师范）,,,national
重庆师范大学,生物科学（师范）,,,national
重庆师范大学,电子信息科学与技术,,,national
重庆师范大学,电子商务,,,national
重庆师范大学,科学教育（师范）,,,national
重庆师范大学,经济学,,,national
重庆师范大学,绘画,,,national
重庆师范大学,英语（师范）,,,national
重庆师范大学,计算机科学与技术,,,national
重庆师范大学,财务管理,,,national
重庆师范大学,软件工程,,,national
重庆师范大学,音乐学（师范）,,,national
重庆师范大学,音乐表演,,,national
重庆文理学院,会展经济与管理,,,national
重庆文理学院,园林,,,national
重庆文理学院,广播电视编导,,,national
重庆文理学院,机械工程,,,national
重庆文理学院,材料科学与工程,,,national
重庆文理学院,物流工程,,,national
重庆文理学院,环境科学,,,national
重庆文理学院,环境设计,,,national
重庆文理学院,电子信息科学与技术,,,national
重庆理工大学,会计学,,,national
重庆理工大学,制药工程,,,national
重庆理工大学,市场营销,,,national
重庆理工大学,机械设计制造及其自动化,,,national
重庆理工大学,材料成型及控制工程,,,national
重庆理工大学,测控技术与仪器,,,national
重庆理工大学,计算机科学与技术,,,national
重庆理工大学,财务管理,,,national
重庆理工大学,车辆工程,,,national
重庆理工大学,软件工程,,,national
重庆理工大学,金融学,,,national
重庆科技大学,冶金工程,,,national
重庆科技大学,国际经济与贸易,,,national
重庆科技大学,工程管理,,,national
重庆科技大学,无机非金属材料工程,,,national
重庆科技大学,机械电子工程,,,national
重庆科技大学,机械设计制造及其自动化,,,national
重庆科技大学,油气储运工程,,,national
重庆科技大学,焊接技术与工程,,,national
重庆科技大学,电气工程及其自动化,,,national
重庆科技大学,石油工程,,,national
重庆财经学院,会计学,,,national
重庆财经学院,资产评估,,,national
重庆财经学院,软件工程,,,national
重庆邮电大学,信息与计算科学,,,national
重庆邮电大学,信息安全,,,national
重庆邮电大学,信息管理与信息系统,,,national
重庆邮电大学,市场营销,,,national
重庆邮电大学,智能科学与技术,,,national
重庆邮电大学,机械设计制造及其自动化,,,national
重庆邮电大学,测控技术与仪器,,,national
重庆邮电大学,电子信息工程,,,national
重庆邮电大学,电子商务,,,national
重庆邮电大学,电气工程及其自动化,,,national
重庆邮电大学,自动化,,,national
重庆邮电大学,计算机科学与技术,,,national
重庆邮电大学,软件工程,,,national
重庆邮电大学,通信工程,,,national
金陵科技学院,会计学,,,national
金陵科技学院,动画,,,national
金陵科技学院,建筑电气与智能化,,,national
金陵科技学院,旅游管理,,,national
金陵科技学院,服装与服饰设计,,,national
金陵科技学院,环境设计,,,national
金陵科技学院,计算机科学与技术,,,national
金陵科技学院,软件工程,,,national
铜陵学院,会计学,,,national
铜陵学院,国际经济与贸易,,,national
铜陵学院,广告学,,,national
铜陵学院,计算机科学与技术,,,national
锦州医科大学,临床医学,,,national
锦州医科大学,护理学,,,national
长安大学,交通工程,,,national
长安大学,交通运输,,,national
长安大学,会计学,,,national
长安大学,勘查技术与工程,,,national
长安大学,化学工程与工艺,,,national
长安大学,国际经济与贸易,,,national
长安大学,土木工程,,,national
长安大学,地下水科学与工程,,,national
长安大学,地球物理学,,,national
长安大学,地理信息科学,,,national
长安大学,地质学,,,national
长安大学,地质工程,,,national
长安大学,城乡规划,,,national
长安大学,工程管理,,,national
长安大学,建筑学,,,national
长安大学,建筑环境与能源应用工程,,,national
长安大学,数学与应用数学,,,national
长安大学,机械设计制造及其自动化,,,national
长安大学,材料成型及控制工程,,,national
长安大学,材料科学与工程,,,national
长安大学,水文与水资源工程,,,national
长安大学,测绘工程,,,national
长安大学,物流管理,,,national
长安大学,环境工程,,,national
长安大学,电子信息工程,,,national
长安大学,电气工程及其自动化,,,national
长安大学,给排水科学与工程,,,national
长安大学,能源与动力工程,,,national
长安大学,自动化,,,national
长安大学,行政管理,,,national
长安大学,计算机科学与技术,,,national
长安大学,资源勘查工程,,,national
长安大学,车辆工程,,,national
长安大学,道路桥梁与渡河工程,,,national
长安大学,遥感科学与技术,,,national
长春中医药大学,中医学,,,national
长春中医药大学,中医骨伤科学,,,national
长春中医药大学,中药学,,,national
长春中医药大学,中药资源与开发,,,national
长春中医药大学,中西医临床医学,,,national
长春中医药大学,护理学,,,national
长春中医药大学,针灸推拿学,,,national
长春人文学院,音乐学,,,national
长春光华学院,会计学,,,national
长春光华学院,机械工程,,,national
长春光华学院,电子信息工程,,,national
长春大学,会计学,,,national
长春大学,机械工程,,,national
长春大学,特殊教育,,,national
长春大学,网络工程,,,national
长春大学旅游学院,旅游管理,,,national
长春工业大学,信息与计算科学,,,national
长春工业大学,化学,,,national
长春工业大学,化学工程与工艺,,,national
长春工业大学,机械工程,,,national
长春工业大学,材料成型及控制工程,,,national
长春工业大学,电子信息工程,,,national
长春工业大学,电气工程及其自动化,,,national
长春工业大学,统计学,,,national
长春工业大学,自动化,,,national
长春工业大学,计算机科学与技术,,,national
长春工业大学,软件工程,,,national
长春工业大学,金属材料工程,,,national
长春工业大学,金融学,,,national
长春工业大学,高分子材料与工程,,,national
长春工程学院,土木工程,,,national
长春工程学院,地质工程,,,national
长春工程学院,工程造价,,,national
长春工程学院,建筑环境与能源应用工程,,,national
长春工程学院,水利水电工程,,,national
长春工程学院,测绘工程,,,national
长春工程学院,电气工程及其自动化,,,national
长春工程学院,给排水科学与工程,,,national
长春工程学院,能源与动力工程,,,national
长春师范大学,化学,,,national
长春师范大学,历史学,,,national
长春师范大学,地理科学,,,national
长春师范大学,小学教育,,,national
长春师范大学,数学与应用数学,,,national
长春师范大学,汉语言文学,,,national
长春师范大学,物理学,,,national
长春师范大学,科学教育,,,national
长春师范大学,英语,,,national
长春师范大学,计算机科学与技术,,,national
长春师范大学,音乐学,,,national
长春理工大学,信息与计算科学,,,national
长春理工大学,信息对抗技术,,,national
长春理工大学,光电信息科学与工程,,,national
长春理工大学,应用物理学,,,national
长春理工大学,微电子科学与工程,,,national
长春理工大学,无机非金属材料工程,,,national
长春理工大学,机械电子工程,,,national
长春理工大学,机械设计制造及其自动化,,,national
长春理工大学,材料化学,,,national
长春理工大学,汉语言文学,,,national
长春理工大学,测控技术与仪器,,,national
长春理工大学,生物医学工程,,,national
长春理工大学,电子信息工程,,,national
长春理工大学,电子科学与技术,,,national
长春理工大学,社会工作,,,national
长春理工大学,自动化,,,national
长春理工大学,英语,,,national
长春理工大学,计算机科学与技术,,,national
长春理工大学,软件工程,,,national
长春理工大学,过程装备与控制工程,,,national
长春理工大学,通信工程,,,national
长春理工大学,金融工程,,,national
长春电子科技学院,计算机科学与技术,,,national
长春财经学院,会计学,,,national
长春财经学院,国际经济与贸易,,,national
长春财经学院,计算机科学与技术,,,national
长江大学,临床医学,,,national
长江大学,会计学,,,national
长江大学,农学,,,national
长江大学,勘查技术与工程,,,national
长江大学,园林,,,national
长江大学,土木工程,,,national
长江大学,地球物理学,,,national
长江大学,地质学,,,national
长江大学,应用化学,,,national
长江大学,护理学,,,national
长江大学,数学与应用数学,,,national
长江大学,机械设计制造及其自动化,,,national
长江大学,材料成型及控制工程,,,national
长江大学,植物保护,,,national
长江大学,水文与水资源工程,,,national
长江大学,汉语言文学,,,national
长江大学,物流管理,,,national
长江大学,物理学,,,national
长江大学,生物技术,,,national
长江大学,电子信息工程,,,national
长江大学,石油工程,,,national
长江大学,给排水科学与工程,,,national
长江大学,网络工程,,,national
长江大学,自动化,,,national
长江大学,资源勘查工程,,,national
长江师范学院,体育教育（师范）,,,national
长江师范学院,旅游管理,,,national
长江师范学院,食品科学与工程,,,national
长沙学院,公共事业管理,,,national
长沙学院,功能材料,,,national
长沙学院,动画,,,national
长沙学院,广播电视编导,,,national
长沙学院,旅游管理,,,national
长沙学院,材料成型及控制工程,,,national
长沙学院,物流管理,,,national
长沙学院,生物工程,,,national
长沙学院,英语,,,national
长沙学院,软件工程,,,national
长沙学院,音乐学,,,national
长沙师范学院,体育教育,,,national
长沙师范学院,学前教育,,,national
长沙理工大学,交通工程,,,national
长沙理工大学,交通运输,,,national
长沙理工大学,人力资源管理,,,national
长沙理工大学,会计学,,,national
长沙理工大学,国际经济与贸易,,,national
长沙理工大学,土木工程,,,national
长沙理工大学,工程力学,,,national
长沙理工大学,工程管理,,,national
长沙理工大学,应用化学,,,national
长沙理工大学,应用统计学,,,national
长沙理工大学,建筑学,,,national
长沙理工大学,建筑环境与能源应用工程,,,national
长沙理工大学,数字媒体艺术,,,national
长沙理工大学,数学与应用数学,,,national
长沙理工大学,新能源科学与工程,,,national
长沙理工大学,机械设计制造及其自动化,,,national
长沙理工大学,水利水电工程,,,national
长沙理工大学,汉语言文学,,,national
长沙理工大学,法学,,,national
长沙理工大学,测控技术与仪器,,,national
长沙理工大学,测绘工程,,,national
长沙理工大学,港口航道与海岸工程,,,national
长沙理工大学,物流工程,,,national
长沙理工大学,物理学,,,national
长沙理工大学,环境设计,,,national
长沙理工大学,电子信息工程,,,national
长沙理工大学,电子信息科学与技术,,,national
长沙理工大学,电气工程及其自动化,,,national
长沙理工大学,给排水科学与工程,,,national
长沙理工大学,能源与动力工程,,,national
长沙理工大学,自动化,,,national
长沙理工大学,英语,,,national
长沙理工大学,视觉传达设计,,,national
长沙理工大学,计算机科学与技术,,,national
长沙理工大学,财务管理,,,national
长沙理工大学,车辆工程,,,national
长沙理工大学,软件工程,,,national
长沙理工大学,道路桥梁与渡河工程,,,national
长沙理工大学,金融学,,,national
长沙理工大学,食品科学与工程,,,national
长治医学院,临床医学,,,national
长治医学院,药学,,,national
闽南师范大学,化学,,,national
闽南师范大学,心理学,,,national
闽南师范大学,数学与应用数学,,,national
闽南师范大学,汉语言文学,,,national
闽南师范大学,电子信息工程,,,national
闽南师范大学,英语,,,national
闽南师范大学,计算机科学与技术,,,national
闽南理工学院,机械设计制造及其自动化,,,national
闽江大学,会计学,,,national
闽江大学,工商管理,,,national
闽江大学,广告学,,,national
闽江大学,服装与服饰设计,,,national
闽江大学,服装设计与工程,,,national
闽江大学,汉语国际教育,,,national
闽江大学,电子商务,,,national
闽江大学,计算机科学与技术,,,national
阜阳师范大学,化学,,,national
阜阳师范大学,学前教育,,,national
阜阳师范大学,数学与应用数学,,,national
阜阳师范大学,汉语言文学,,,national
阜阳师范大学,物理学,,,national
阜阳师范大学,生物科学,,,national
阳光学院,电子信息工程,,,national
阳光学院,电子商务,,,national
阳光学院,计算机科学与技术,,,national
陇东学院,生物科学,,,national
陕西中医药大学,中医学,,,national
陕西中医药大学,中药学,,,national
陕西国际商贸学院,中药学,,,national
陕西学前师范学院,体育教育,,,national
陕西学前师范学院,学前教育,,,national
陕西师范大学,体育教育,,,national
陕西师范大学,俄语,,,national
陕西师范大学,信息与计算科学,,,national
陕西师范大学,化学,,,national
陕西师范大学,历史学,,,national
陕西师范大学,哲学,,,national
陕西师范大学,地理信息科学,,,national
陕西师范大学,地理科学,,,national
陕西师范大学,学前教育,,,national
陕西师范大学,广播电视编导,,,national
陕西师范大学,应用化学,,,national
陕西师范大学,应用心理学,,,national
陕西师范大学,心理学,,,national
陕西师范大学,思想政治教育,,,national
陕西师范大学,播音与主持艺术,,,national
陕西师范大学,教育学,,,national
陕西师范大学,教育技术学,,,national
陕西师范大学,数学与应用数学,,,national
陕西师范大学,文物与博物馆学,,,national
陕西师范大学,新闻学,,,national
陕西师范大学,旅游管理,,,national
陕西师范大学,材料化学,,,national
陕西师范大学,汉语言文学,,,national
陕西师范大学,物理学,,,national
陕西师范大学,生物技术,,,national
陕西师范大学,生物科学,,,national
陕西师范大学,电子信息科学与技术,,,national
陕西师范大学,社会学,,,national
陕西师范大学,经济学,,,national
陕西师范大学,绘画,,,national
陕西师范大学,编辑出版学,,,national
陕西师范大学,美术学,,,national
陕西师范大学,舞蹈学,,,national
陕西师范大学,英语,,,national
陕西师范大学,计算机科学与技术,,,national
陕西师范大学,软件工程,,,national
陕西师范大学,运动训练,,,national
陕西师范大学,音乐学,,,national
陕西理工大学,机械设计制造及其自动化,,,national
陕西理工大学,材料成型及控制工程,,,national
陕西理工大学,汉语言文学,,,national
陕西理工大学,电气工程及其自动化,,,national
陕西理工大学,计算机科学与技术,,,national
陕西科技大学,信息与计算科学,,,national
陕西科技大学,制药工程,,,national
陕西科技大学,动画,,,national
陕西科技大学,包装工程,,,national
陕西科技大学,化学工程与工艺,,,national
陕西科技大学,工业设计,,,national
陕西科技大学,工商管理,,,national
陕西科技大学,应用化学,,,national
陕西科技大学,无机非金属材料工程,,,national
陕西科技大学,机械设计制造及其自动化,,,national
陕西科技大学,材料化学,,,national
陕西科技大学,材料物理,,,national
陕西科技大学,环境工程,,,national
陕西科技大学,环境设计,,,national
陕西科技大学,生物工程,,,national
陕西科技大学,电子信息工程,,,national
陕西科技大学,电气工程及其自动化,,,national
陕西科技大学,自动化,,,national
陕西科技大学,视觉传达设计,,,national
陕西科技大学,轻化工程,,,national
陕西科技大学,食品科学与工程,,,national
集宁师范学院,生物科学,,,national
集美大学,交通运输,,,national
集美大学,会计学,,,national
集美大学,小学教育,,,national
集美大学,数学与应用数学,,,national
集美大学,旅游管理,,,national
集美大学,机械电子工程,,,national
集美大学,机械设计制造及其自动化,,,national
集美大学,武术与民族传统体育,,,national
集美大学,水产养殖学,,,national
集美大学,海洋渔业科学与技术,,,national
集美大学,物流管理,,,national
集美大学,环境设计,,,national
集美大学,电子信息工程,,,national
集美大学,社会工作,,,national
集美大学,经济学,,,national
集美大学,美术学,,,national
集美大学,航海技术,,,national
集美大学,船舶与海洋工程,,,national
集美大学,英语,,,national
集美大学,计算机科学与技术,,,national
集美大学,轮机工程,,,national
集美大学,软件工程,,,national
集美大学,通信工程,,,national
集美大学,音乐学,,,national
集美大学,食品科学与工程,,,national
青岛农业大学,农业机械化及其自动化,,,national
青岛农业大学,农学,,,national
青岛农业大学,农林经济管理,,,national
青岛农业大学,动物医学,,,national
青岛农业大学,动物科学,,,national
青岛农业大学,动画,,,national
青岛农业大学,园林,,,national
青岛农业大学,园艺,,,national
青岛农业大学,应用化学,,,national
青岛农业大学,植物保护,,,national
青岛农业大学,水产养殖学,,,national
青岛农业大学,风景园林,,,national
青岛农业大学,食品科学与工程,,,national
青岛农业大学,食品质量与安全,,,national
青岛大学,临床医学,,,national
青岛大学,会计学,,,national
青岛大学,信息管理与信息系统,,,national
青岛大学,医学影像学,,,national
青岛大学,医学检验技术,,,national
青岛大学,历史学,,,national
青岛大学,口腔医学,,,national
青岛大学,复合材料与工程,,,national
青岛大学,小学教育,,,national
青岛大学,工商管理,,,national
青岛大学,应用化学,,,national
青岛大学,应用心理学,,,national
青岛大学,应用物理学,,,national
青岛大学,微电子科学与工程,,,national
青岛大学,德语,,,national
青岛大学,护理学,,,national
青岛大学,数学与应用数学,,,national
青岛大学,新闻学,,,national
青岛大学,旅游管理,,,national
青岛大学,日语,,,national
青岛大学,机械工程,,,national
青岛大学,汉语言文学,,,national
青岛大学,法学,,,national
青岛大学,生物技术,,,national
青岛大学,电子信息工程,,,national
青岛大学,电气工程及其自动化,,,national
青岛大学,纺织工程,,,national
青岛大学,经济学,,,national
青岛大学,绘画,,,national
青岛大学,自动化,,,national
青岛大学,英语,,,national
青岛大学,药学,,,national
青岛大学,计算机科学与技术,,,national
青岛大学,软件工程,,,national
青岛大学,金融学,,,national
青岛大学,音乐学,,,national
青岛大学,音乐表演,,,national
青岛大学,预防医学,,,national
青岛大学,高分子材料与工程,,,national
青岛理工大学,产品设计,,,national
青岛理工大学,会计学,,,national
青岛理工大学,信息管理与信息系统,,,national
青岛理工大学,土木工程,,,national
青岛理工大学,城乡规划,,,national
青岛理工大学,工程管理,,,national
青岛理工大学,工程造价,,,national
青岛理工大学,市场营销,,,national
青岛理工大学,建筑学,,,national
青岛理工大学,建筑环境与能源应用工程,,,national
青岛理工大学,机械设计制造及其自动化,,,national
青岛理工大学,材料科学与工程,,,national
青岛理工大学,物流管理,,,national
青岛理工大学,环境工程,,,national
青岛理工大学,环境设计,,,national
青岛理工大学,电子信息工程,,,national
青岛理工大学,给排水科学与工程,,,national
青岛理工大学,计算机科学与技术,,,national
青岛理工大学,车辆工程,,,national
青岛理工大学,风景园林,,,national
青岛科技大学,信息工程,,,national
青岛科技大学,制药工程,,,national
青岛科技大学,动画,,,national
青岛科技大学,化学工程与工艺,,,national
青岛科技大学,国际经济与贸易,,,national
青岛科技大学,安全工程,,,national
青岛科技大学,工商管理,,,national
青岛科技大学,应用化学,,,national
青岛科技大学,应用物理学,,,national
青岛科技大学,新能源科学与工程,,,national
青岛科技大学,机械工程,,,national
青岛科技大学,材料化学,,,national
青岛科技大学,测控技术与仪器,,,national
青岛科技大学,环境工程,,,national
青岛科技大学,能源与动力工程,,,national
青岛科技大学,自动化,,,national
青岛科技大学,英语,,,national
青岛科技大学,计算机科学与技术,,,national
青岛科技大学,财务管理,,,national
青岛科技大学,软件工程,,,national
青岛科技大学,过程装备与控制工程,,,national
青岛科技大学,通信工程,,,national
青岛科技大学,金属材料工程,,,national
青岛科技大学,高分子材料与工程,,,national
青岛黄海学院,船舶与海洋工程,,,national
青海大学,中医学,,,national
青海大学,会计学,,,national
青海大学,农学,,,national
青海大学,动物医学,,,national
青海大学,动物科学,,,national
青海大学,化学工程与工艺,,,national
青海大学,土木工程,,,national
青海大学,地质工程,,,national
青海大学,机械设计制造及其自动化,,,national
青海大学,材料成型及控制工程,,,national
青海大学,材料科学与工程,,,national
青海大学,林学,,,national
青海大学,测绘工程,,,national
青海大学,生态学,,,national
青海大学,电气工程及其自动化,,,national
青海大学,草业科学,,,national
青海大学,藏医学,,,national
青海大学,计算机科学与技术,,,national
青海大学,资源勘查工程,,,national
青海大学,预防医学,,,national
青海大学,食品科学与工程,,,national
青海师范大学,中国少数民族语言文学,,,national
青海师范大学,体育教育,,,national
青海师范大学,化学,,,national
青海师范大学,历史学,,,national
青海师范大学,地理科学,,,national
青海师范大学,学前教育,,,national
青海师范大学,小学教育,,,national
青海师范大学,数学与应用数学,,,national
青海师范大学,汉语言文学,,,national
青海师范大学,生物技术,,,national
青海师范大学,生物科学,,,national
青海师范大学,社会工作,,,national
青海师范大学,英语,,,national
青海师范大学,计算机科学与技术,,,national
青海民族大学,中国少数民族语言文学,,,national
青海民族大学,学前教育,,,national
青海民族大学,小学教育,,,national
青海民族大学,旅游管理,,,national
青海民族大学,法学,,,national
青海民族大学,社会工作,,,national
青海民族大学,网络工程,,,national
青海民族大学,通信工程,,,national
首都体育学院,休闲体育,,,national
首都体育学院,体育教育,,,national
首都体育学院,体育经济与管理,,,national
首都体育学院,新闻学,,,national
首都体育学院,社会体育指导与管理,,,national
首都体育学院,舞蹈表演,,,national
首都体育学院,运动人体科学,,,national
首都医科大学,中医学,,,national
首都医科大学,中药学,,,national
首都医科大学,临床医学,,,national
首都医科大学,临床药学,,,national
首都医科大学,儿科学,,,national
首都医科大学,公共事业管理,,,national
首都医科大学,医学检验技术,,,national
首都医科大学,口腔医学,,,national
首都医科大学,护理学,,,national
首都医科大学,生物医学工程,,,national
首都医科大学,药学,,,national
首都医科大学,预防医学,,,national
首都师范大学,世界史（外语双学士学位项目）,,,national
首都师范大学,俄语,,,national
首都师范大学,俄语（世界史双学士学位项目）,,,national
首都师范大学,公共事业管理（数智治理）,,,national
首都师范大学,化学（师范）,,,national
首都师范大学,历史学（书法学双学士学位项目）,,,national
首都师范大学,历史学（基地班）,,,national
首都师范大学,历史学（师范）,,,national
首都师范大学,历史学（师范）（地理科学师范双学士学位项目）,,,national
首都师范大学,历史学（教育部拔尖计划实验班）,,,national
首都师范大学,地理信息科学,,,national
首都师范大学,地理信息科学（考古学双学士学位项目）,,,national
首都师范大学,地理科学（师范）,,,national
首都师范大学,地理科学（师范）（历史学师范双学士学位项目）,,,national
首都师范大学,学前教育（师范）,,,national
首都师范大学,学前教育（师范）（君颀书院）,,,national
首都师范大学,小学教育（师范）（伯良书院）,,,national
首都师范大学,小学教育（师范）（敬修书院）,,,national
首都师范大学,心理学,,,national
首都师范大学,心理学（师范）,,,national
首都师范大学,心理学（潘菽实验班）,,,national
首都师范大学,思想政治教育（师范）,,,national
首都师范大学,教育学,,,national
首都师范大学,教育技术学,,,national
首都师范大学,教育技术学（师范）,,,national
首都师范大学,数学与应用数学（师范）,,,national
首都师范大学,数学与应用数学（师范）（未来教师实验班）,,,national
首都师范大学,数学与应用数学（教育部拔尖计划实验班）,,,national
首都师范大学,数学与应用数学（数理实验班）,,,national
首都师范大学,文化产业管理,,,national
首都师范大学,日语,,,national
首都师范大学,日语（世界史双学士学位项目）,,,national
首都师范大学,汉语国际教育,,,national
首都师范大学,汉语言文学,,,national
首都师范大学,汉语言文学（师范）,,,national
首都师范大学,汉语言文学（师范）（未来教师实验班）,,,national
首都师范大学,汉语言文学（教育部拔尖计划实验班）,,,national
首都师范大学,法学,,,national
首都师范大学,法学（数智法治实验班）,,,national
首都师范大学,法语,,,national
首都师范大学,法语（世界史双学士学位项目）,,,national
首都师范大学,物理学（师范）,,,national
首都师范大学,物理学（师范）（未来教师实验班）,,,national
首都师范大学,生物技术,,,national
首都师范大学,生物技术（实验班）,,,national
首都师范大学,生物科学,,,national
首都师范大学,生物科学（实验班）,,,national
首都师范大学,生物科学（师范）,,,national
首都师范大学,社会工作,,,national
首都师范大学,秘书学,,,national
首都师范大学,绘画（国画）,,,national
首都师范大学,绘画（油画）,,,national
首都师范大学,统计学（数理实验班）,,,national
首都师范大学,"美术学（初等教育,师范）",,,national
首都师范大学,美术学（师范）,,,national
首都师范大学,美术学（艺术市场）,,,national
首都师范大学,舞蹈学,,,national
首都师范大学,舞蹈学（师范）,,,national
首都师范大学,英语,,,national
首都师范大学,英语（世界史双学士学位项目）,,,national
首都师范大学,英语（师范）,,,national
首都师范大学,英语（师范）（未来教师实验班）,,,national
首都师范大学,西班牙语,,,national
首都师范大学,西班牙语（世界史双学士学位项目）,,,national
首都师范大学,视觉传达设计,,,national
首都师范大学,计算机科学与技术,,,national
首都师范大学,计算机科学与技术（师范）,,,national
首都师范大学,"音乐学（初等教育,师范）（声乐主项,钢琴副项）",,,national
首都师范大学,"音乐学（初等教育,师范）（钢琴主项,声乐副项）",,,national
首都师范大学,"音乐学（师范）（声乐主项,钢琴副项）",,,national
首都师范大学,"音乐学（师范）（钢琴主项,声乐副项）",,,national
首都师范大学,马克思主义理论,,,national
首都师范大学,马克思主义理论（德语双学士学位项目）,,,national
首都师范大学,马克思主义理论（英语双学士学位项目）,,,national
首都经济贸易大学,人力资源管理,,,national
首都经济贸易大学,会计学,,,national
首都经济贸易大学,保险学,,,national
首都经济贸易大学,信息管理与信息系统,,,national
首都经济贸易大学,劳动与社会保障,,,national
首都经济贸易大学,劳动关系,,,national
首都经济贸易大学,商务英语,,,national
首都经济贸易大学,国际经济与贸易,,,national
首都经济贸易大学,城市管理,,,national
首都经济贸易大学,安全工程,,,national
首都经济贸易大学,工商管理,,,national
首都经济贸易大学,市场营销,,,national
首都经济贸易大学,法学,,,national
首都经济贸易大学,电子商务,,,national
首都经济贸易大学,经济学,,,national
首都经济贸易大学,经济统计学,,,national
首都经济贸易大学,统计学,,,national
首都经济贸易大学,行政管理,,,national
首都经济贸易大学,财务管理,,,national
首都经济贸易大学,财政学,,,national
首都经济贸易大学,贸易经济,,,national
首都经济贸易大学,资产评估,,,national
首都经济贸易大学,金融学,,,national
首都经济贸易大学,金融工程,,,national
香港中文大学（深圳）,计算机科学与技术,3,2021,national
鲁东大学,传播学,,,national
鲁东大学,体育教育,,,national
鲁东大学,化学,,,national
鲁东大学,地理信息科学,,,national
鲁东大学,地理科学,,,national
鲁东大学,小学教育,,,national
鲁东大学,旅游管理,,,national
鲁东大学,水产养殖学,,,national
鲁东大学,汉语言,,,national
鲁东大学,汉语言文学,,,national
鲁东大学,物理学,,,national
鲁东大学,生物科学,,,national
鲁东大学,英语,,,national
鲁东大学,计算机科学与技术,,,national
鲁迅美术学院,中国画,,,national
鲁迅美术学院,产品设计,,,national
鲁迅美术学院,动画,,,national
鲁迅美术学院,工艺美术,,,national
鲁迅美术学院,摄影,,,national
鲁迅美术学院,服装与服饰设计,,,national
鲁迅美术学院,环境设计,,,national
鲁迅美术学院,绘画,,,national
鲁迅美术学院,视觉传达设计,,,national
鲁迅美术学院,雕塑,,,national
黄冈师范学院,广播电视编导,,,national
黄冈师范学院,教育技术学,,,national
黄冈师范学院,数学与应用数学,,,national
黄冈师范学院,汉语言文学,,,national
黄冈师范学院,生物科学,,,national
黄冈师范学院,电子信息工程,,,national
黄冈师范学院,英语,,,national
黄冈师范学院,软件工程,,,national
黄冈师范学院,音乐学,,,national
黄山学院,产品设计,,,national
黄山学院,制药工程,,,national
黄山学院,市场营销,,,national
黄山学院,旅游管理,,,national
黄山学院,汉语国际教育,,,national
黄淮学院,动画,,,national
黄淮学院,新能源科学与工程,,,national
黄淮学院,计算机科学与技术,,,national
黑龙江中医药大学,中医学,,,national
黑龙江中医药大学,中药学,,,national
黑龙江中医药大学,中药资源与开发,,,national
黑龙江中医药大学,中西医临床医学,,,national
黑龙江中医药大学,医学实验技术,,,national
黑龙江中医药大学,康复治疗学,,,national
黑龙江中医药大学,护理学,,,national
黑龙江中医药大学,药学,,,national
黑龙江中医药大学,药物制剂,,,national
黑龙江中医药大学,针灸推拿学,,,national
黑龙江八一农垦大学,会计学,,,national
黑龙江八一农垦大学,农业机械化及其自动化,,,national
黑龙江八一农垦大学,农学,,,national
黑龙江八一农垦大学,农林经济管理,,,national
黑龙江八一农垦大学,动物医学,,,national
黑龙江八一农垦大学,园艺,,,national
黑龙江八一农垦大学,植物保护,,,national
黑龙江八一农垦大学,食品科学与工程,,,national
黑龙江外国语学院,英语,,,national
黑龙江大学,传播学,,,national
黑龙江大学,俄语,,,national
黑龙江大学,农业资源与环境,,,national
黑龙江大学,化学,,,national
黑龙江大学,哲学,,,national
黑龙江大学,商务英语,,,national
黑龙江大学,国际经济与贸易,,,national
黑龙江大学,图书馆学,,,national
黑龙江大学,政治学与行政学,,,national
黑龙江大学,数学与应用数学,,,national
黑龙江大学,数学与应用数学（数学科学学院）,,,national
黑龙江大学,新闻学,,,national
黑龙江大学,旅游管理,,,national
黑龙江大学,日语,,,national
黑龙江大学,服装与服饰设计,,,national
黑龙江大学,材料化学,,,national
黑龙江大学,档案学,,,national
黑龙江大学,水利水电工程,,,national
黑龙江大学,汉语国际教育,,,national
黑龙江大学,汉语言文学,,,national
黑龙江大学,法学,,,national
黑龙江大学,生物工程,,,national
黑龙江大学,生物技术,,,national
黑龙江大学,生物技术（生命科学学院）,,,national
黑龙江大学,电子科学与技术,,,national
黑龙江大学,经济学,,,national
黑龙江大学,统计学,,,national
黑龙江大学,翻译（俄语）,,,national
黑龙江大学,翻译（英语）,,,national
黑龙江大学,英语,,,national
黑龙江大学,行政管理,,,national
黑龙江大学,视觉传达设计,,,national
黑龙江大学,视觉传达设计（创意设计产业方向）,,,national
黑龙江大学,计算机科学与技术,,,national
黑龙江大学,通信工程,,,national
黑龙江大学,金融学,,,national
黑龙江大学,金融学（经济与工商管理学院）,,,national
黑龙江大学,阿拉伯语,,,national
黑龙江工程学院,机械设计制造及其自动化,,,national
黑龙江工程学院,测绘工程,,,national
黑龙江工程学院,电气工程及其自动化,,,national
黑龙江工程学院,计算机科学与技术,,,national
黑龙江科技大学,会计学,,,national
黑龙江科技大学,安全工程,,,national
黑龙江科技大学,机械设计制造及其自动化,,,national
黑龙江科技大学,环境工程,,,national
黑龙江科技大学,电气工程及其自动化,,,national
黑龙江科技大学,采矿工程,,,national
黔南民族师范学院,学前教育,,,national
黔南民族师范学院,汉语言文学,,,national
黔南民族师范学院,生物技术,,,national
黔南民族师范学院,社会工作,,,national
黔南民族师范学院,英语,,,national
齐鲁工业大学,产品设计,,,national
齐鲁工业大学,信息与计算科学,,,national
齐鲁工业大学,光电信息科学与工程,,,national
齐鲁工业大学,印刷工程,,,national
齐鲁工业大学,应用化学,,,national
齐鲁工业大学,无机非金属材料工程,,,national
齐鲁工业大学,机械设计制造及其自动化,,,national
齐鲁工业大学,物联网工程,,,national
齐鲁工业大学,环境工程,,,national
齐鲁工业大学,环境设计,,,national
齐鲁工业大学,生物工程,,,national
齐鲁工业大学,电子信息工程,,,national
齐鲁工业大学,自动化,,,national
齐鲁工业大学,英语,,,national
齐鲁工业大学,视觉传达设计,,,national
齐鲁工业大学,软件工程,,,national
齐鲁工业大学,轻化工程,,,national
齐鲁工业大学,食品科学与工程,,,national
齐鲁工业大学,食品质量与安全,,,national
齐鲁工业大学,高分子材料与工程,,,national
齐鲁师范学院,生物科学,,,national
齐鲁理工学院,计算机科学与技术,,,national
齐鲁理工学院,贸易经济,,,national
齐齐哈尔医学院,护理学,,,national
齐齐哈尔医学院,精神医学,,,national
齐齐哈尔医学院,药学,,,national
齐齐哈尔大学,化学工程与工艺,,,national
齐齐哈尔大学,应用化学,,,national
齐齐哈尔大学,服装与服饰设计,,,national
齐齐哈尔大学,汉语言文学,,,national
齐齐哈尔大学,生物科学,,,national
齐齐哈尔大学,计算机科学与技术,,,national
齐齐哈尔大学,食品科学与工程,,,national
东莞城市学院,保险学,3,2021,provincial
东莞城市学院,工商管理,3,2021,provincial
东莞城市学院,数字媒体艺术,3,2021,provincial
东莞城市学院,计算机科学与技术,3,2021,provincial
东莞城市学院,财务管理,3,2021,provincial
东莞城市学院,软件工程,3,2021,provincial
东莞城市学院,金融学,3,2021,provincial
东莞理工学院,光电信息科学与工程,3,2021,provincial
东莞理工学院,化学工程与工艺,3,2021,provincial
东莞理工学院,土木工程,3,2021,provincial
东莞理工学院,小学教育,3,2021,provincial
东莞理工学院,工业设计,3,2021,provincial
东莞理工学院,广播电视学,3,2021,provincial
东莞理工学院,材料成型及控制工程,3,2021,provincial
东莞理工学院,法学,3,2021,provincial
东莞理工学院,网络工程,3,2021,provincial
东莞理工学院,英语,3,2021,provincial
东莞理工学院,高分子材料与工程,3,2021,provincial
五邑大学,交通工程,3,2021,provincial
五邑大学,会计学,3,2021,provincial
五邑大学,工业设计,3,2021,provincial
五邑大学,工程管理,3,2021,provincial
五邑大学,建筑学,3,2021,provincial
五邑大学,旅游管理,3,2021,provincial
五邑大学,法学,3,2021,provincial
五邑大学,电气工程及其自动化,3,2021,provincial
五邑大学,社会工作,3,2021,provincial
仲恺农业工程学院,产品设计,3,2021,provincial
仲恺农业工程学院,应用化学,3,2021,provincial
仲恺农业工程学院,生物技术,3,2021,provincial
仲恺农业工程学院,电气工程及其自动化,3,2021,provincial
仲恺农业工程学院,食品质量与安全,3,2021,provincial
佛山科学技术学院,口腔医学,3,2021,provincial
佛山科学技术学院,护理学,3,2021,provincial
佛山科学技术学院,材料科学与工程,3,2021,provincial
佛山科学技术学院,汉语言文学,3,2021,provincial
佛山科学技术学院,电气工程及其自动化,3,2021,provincial
佛山科学技术学院,药学,3,2021,provincial
北京师范大学-香港浸会大学联合国际学院,经济学,3,2021,provincial
北京理工大学珠海学院,信息工程,3,2021,provincial
北京理工大学珠海学院,信息管理与信息系统,3,2021,provincial
北京理工大学珠海学院,机械电子工程,3,2021,provincial
北京理工大学珠海学院,自动化,3,2021,provincial
华南农业大学,制药工程,3,2021,provincial
华南农业大学,动物药学,3,2021,provincial
华南农业大学,工商管理,3,2021,provincial
华南农业大学,市场营销,3,2021,provincial
华南农业大学,服装与服饰设计,3,2021,provincial
华南农业大学,森林保护,3,2021,provincial
华南农业大学,水产养殖学,3,2021,provincial
华南农业大学,法学,3,2021,provincial
华南农业大学,电气工程及其自动化,3,2021,provincial
华南农业大学,计算机科学与技术,3,2021,provincial
华南农业大学珠江学院,人力资源管理,3,2021,provincial
华南农业大学珠江学院,环境设计,3,2021,provincial
华南师范大学,产品设计,3,2021,provincial
华南师范大学,会展经济与管理,3,2021,provincial
华南师范大学,俄语,3,2021,provincial
华南师范大学,文化产业管理,3,2021,provincial
华南师范大学,材料化学,3,2021,provincial
华南师范大学,特殊教育,3,2021,provincial
华南师范大学,环境科学,3,2021,provincial
华南师范大学,网络工程,3,2021,provincial
华南师范大学,自然地理与资源环境,3,2021,provincial
华南师范大学,通信工程,3,2021,provincial
南方医科大学,健康服务与管理,3,2021,provincial
南方医科大学,翻译,3,2021,provincial
南方医科大学,麻醉学,3,2021,provincial
南方科技大学,机械工程,3,2021,provincial
嘉应学院,临床医学,3,2021,provincial
嘉应学院,小学教育,3,2021,provincial
嘉应学院,生物科学,3,2021,provincial
嘉应学院,软件工程,3,2021,provincial
岭南师范学院,国际经济与贸易,3,2021,provincial
岭南师范学院,应用化学,3,2021,provincial
岭南师范学院,心理学,3,2021,provincial
岭南师范学院,生物科学,3,2021,provincial
岭南师范学院,社会工作,3,2021,provincial
广东东软学院,电子商务,3,2021,provincial
广东东软学院,财务管理,3,2021,provincial
广东以色列理工学院,化学工程与工艺,3,2021,provincial
广东以色列理工学院,生物技术,3,2021,provincial
广东医科大学,信息管理与信息系统,3,2021,provincial
广东医科大学,口腔医学,3,2021,provincial
广东医科大学,应用心理学,3,2021,provincial
广东医科大学,康复治疗学,3,2021,provincial
广东医科大学,生物医学工程,3,2021,provincial
广东医科大学,社会工作,3,2021,provincial
广东医科大学,统计学,3,2021,provincial
广东培正学院,工商管理,3,2021,provincial
广东培正学院,绘画,3,2021,provincial
广东外语外贸大学,乌尔都语,3,2021,provincial
广东外语外贸大学,国际政治,3,2021,provincial
广东外语外贸大学,土耳其语,3,2021,provincial
广东外语外贸大学,塞尔维亚语,3,2021,provincial
广东外语外贸大学,孟加拉语,3,2021,provincial
广东外语外贸大学,希腊语,3,2021,provincial
广东外语外贸大学,应用心理学,3,2021,provincial
广东外语外贸大学,教育学,3,2021,provincial
广东外语外贸大学,柬埔寨语,3,2021,provincial
广东外语外贸大学,社会工作,3,2021,provincial
广东外语外贸大学,经济统计学,3,2021,provincial
广东外语外贸大学,缅甸语,3,2021,provincial
广东外语外贸大学,网络空间安全,3,2021,provincial
广东外语外贸大学,老挝语,3,2021,provincial
广东外语外贸大学,财政学,3,2021,provincial
广东外语外贸大学南国商学院,朝鲜语,3,2021,provincial
广东外语外贸大学南国商学院,英语,3,2021,provincial
广东工业大学,人力资源管理,3,2021,provincial
广东工业大学,工业工程,3,2021,provincial
广东工业大学,应用统计学,3,2021,provincial
广东工业大学,数学与应用数学,3,2021,provincial
广东工业大学,机器人工程,3,2021,provincial
广东工业大学,测控技术与仪器,3,2021,provincial
广东工业大学,环境科学,3,2021,provincial
广东工业大学,电子商务,3,2021,provincial
广东工业大学,翻译,3,2021,provincial
广东工业大学,视觉传达设计,3,2021,provincial
广东工业大学,集成电路设计与集成系统,3,2021,provincial
广东技术师范大学,光电信息科学与工程,3,2021,provincial
广东技术师范大学,建筑电气与智能化,3,2021,provincial
广东技术师范大学,数学与应用数学,3,2021,provincial
广东技术师范大学,电子信息工程,3,2021,provincial
广东技术师范大学,英语,3,2021,provincial
广东技术师范大学,视觉传达设计,3,2021,provincial
广东技术师范大学,财务会计教育,3,2021,provincial
广东技术师范大学,财务管理,3,2021,provincial
广东技术师范大学,金融学,3,2021,provincial
广东技术师范大学,音乐学,3,2021,provincial
广东海洋大学,大气科学,3,2021,provincial
广东海洋大学,工商管理,3,2021,provincial
广东海洋大学,建筑环境与能源应用工程,3,2021,provincial
广东海洋大学,港口航道与海岸工程,3,2021,provincial
广东海洋大学,社会学,3,2021,provincial
广东海洋大学,能源与动力工程,3,2021,provincial
广东海洋大学,轮机工程,3,2021,provincial
广东理工学院,机械电子工程,3,2021,provincial
广东理工学院,计算机科学与技术,3,2021,provincial
广东白云学院,土木工程,3,2021,provincial
广东白云学院,服装设计与工程,3,2021,provincial
广东白云学院,物流管理,3,2021,provincial
广东白云学院,电子信息工程,3,2021,provincial
广东石油化工学院,会计学,3,2021,provincial
广东石油化工学院,应用化学,3,2021,provincial
广东石油化工学院,自动化,3,2021,provincial
广东石油化工学院,计算机科学与技术,3,2021,provincial
广东石油化工学院,食品科学与工程,3,2021,provincial
广东科技学院,物流管理,3,2021,provincial
广东科技学院,财务管理,3,2021,provincial
广东第二师范学院,物理学,3,2021,provincial
广东第二师范学院,环境设计,3,2021,provincial
广东第二师范学院,计算机科学与技术,3,2021,provincial
广东药科大学,健康服务与管理,3,2021,provincial
广东药科大学,制药工程,3,2021,provincial
广东药科大学,化妆品科学与技术,3,2021,provincial
广东药科大学,康复治疗学,3,2021,provincial
广东药科大学,物流管理,3,2021,provincial
广东药科大学,生物科学,3,2021,provincial
广东药科大学,药物化学,3,2021,provincial
广东警官学院,交通管理工程,3,2021,provincial
广东警官学院,禁毒学,3,2021,provincial
广东警官学院,网络安全与执法,3,2021,provincial
广东财经大学,会展经济与管理,3,2021,provincial
广东财经大学,播音与主持艺术,3,2021,provincial
广东财经大学,数学与应用数学,3,2021,provincial
广东财经大学,汉语言文学,3,2021,provincial
广东财经大学,环境设计,3,2021,provincial
广东财经大学,社会工作,3,2021,provincial
广东财经大学,翻译,3,2021,provincial
广东财经大学,行政管理,3,2021,provincial
广东财经大学,金融工程,3,2021,provincial
广东金融学院,审计学,3,2021,provincial
广东金融学院,市场营销,3,2021,provincial
广东金融学院,投资学,3,2021,provincial
广东金融学院,法学,3,2021,provincial
广东金融学院,计算机科学与技术,3,2021,provincial
广州中医药大学,中医养生学,3,2021,provincial
广州中医药大学,医学信息工程,3,2021,provincial
广州中医药大学,医学影像学,3,2021,provincial
广州中医药大学,生物医学工程,3,2021,provincial
广州中医药大学,眼视光学,3,2021,provincial
广州体育学院,播音与主持艺术,3,2021,provincial
广州体育学院,舞蹈表演,3,2021,provincial
广州体育学院,运动康复,3,2021,provincial
广州医科大学,康复物理治疗,3,2021,provincial
广州医科大学,法学,3,2021,provincial
广州医科大学,食品卫生与营养学,3,2021,provincial
广州医科大学,麻醉学,3,2021,provincial
广州华商学院,信息管理与信息系统,3,2021,provincial
广州华商学院,审计学,3,2021,provincial
广州华商学院,广告学,3,2021,provincial
广州华立学院,工程管理,3,2021,provincial
广州华立学院,计算机科学与技术,3,2021,provincial
广州南方学院,汉语言文学,3,2021,provincial
广州南方学院,物流管理,3,2021,provincial
广州南方学院,电子信息科学与技术,3,2021,provincial
广州南方学院,计算机科学与技术,3,2021,provincial
广州商学院,电子商务,3,2021,provincial
广州商学院,金融学,3,2021,provincial
广州城市理工学院,工商管理,3,2021,provincial
广州城市理工学院,电气工程及其自动化,3,2021,provincial
广州城市理工学院,车辆工程,3,2021,provincial
广州城市理工学院,通信工程,3,2021,provincial
广州大学,体育教育,3,2021,provincial
广州大学,国际经济与贸易,3,2021,provincial
广州大学,物联网工程,3,2021,provincial
广州大学,生物科学,3,2021,provincial
广州大学,通信工程,3,2021,provincial
广州工商学院,工商管理,3,2021,provincial
广州工商学院,市场营销,3,2021,provincial
广州应用科技学院,法学,3,2021,provincial
广州应用科技学院,金融学,3,2021,provincial
广州新华学院,人文地理与城乡规划,3,2021,provincial
广州新华学院,药学,3,2021,provincial
广州新华学院,行政管理,3,2021,provincial
广州理工学院,工程管理,3,2021,provincial
广州理工学院,电气工程及其自动化,3,2021,provincial
广州美术学院,公共艺术,3,2021,provincial
广州美术学院,影视摄影与制作,3,2021,provincial
广州美术学院,艺术教育,3,2021,provincial
广州美术学院,艺术管理,3,2021,provincial
广州航海学院,港口航道与海岸工程,3,2021,provincial
广州航海学院,船舶与海洋工程,3,2021,provincial
广州软件学院,物流管理,3,2021,provincial
广州软件学院,物联网工程,3,2021,provincial
广州软件学院,软件工程,3,2021,provincial
惠州学院,土木工程,3,2021,provincial
惠州学院,学前教育,3,2021,provincial
惠州学院,法学,3,2021,provincial
惠州学院,生物技术,3,2021,provincial
惠州学院,英语,3,2021,provincial
惠州学院,计算机科学与技术,3,2021,provincial
惠州学院,软件工程,3,2021,provincial
星海音乐学院,舞蹈学,3,2021,provincial
星海音乐学院,舞蹈编导,3,2021,provincial
星海音乐学院,表演,3,2021,provincial
汕头大学,光电信息科学与工程,3,2021,provincial
汕头大学,公共艺术,3,2021,provincial
汕头大学,市场营销,3,2021,provincial
汕头大学,数据科学与大数据技术,3,2021,provincial
汕头大学,智能制造工程,3,2021,provincial
汕头大学,材料科学与工程,3,2021,provincial
汕头大学,环境工程,3,2021,provincial
汕头大学,统计学,3,2021,provincial
汕头大学,行政管理,3,2021,provincial
汕头大学,通信工程,3,2021,provincial
汕头大学,金融学,3,2021,provincial
深圳北理莫斯科大学,国际经济与贸易,3,2021,provincial
深圳北理莫斯科大学,数学与应用数学,3,2021,provincial
深圳北理莫斯科大学,材料科学与工程,3,2021,provincial
深圳大学,交通工程,3,2021,provincial
深圳大学,体育教育,3,2021,provincial
深圳大学,国际经济与贸易,3,2021,provincial
深圳大学,微电子科学与工程,3,2021,provincial
深圳大学,新能源科学与工程,3,2021,provincial
深圳大学,日语,3,2021,provincial
深圳大学,法语,3,2021,provincial
深圳大学,测控技术与仪器,3,2021,provincial
深圳大学,海洋科学,3,2021,provincial
深圳大学,物流管理,3,2021,provincial
深圳技术大学,交通运输,3,2021,provincial
深圳技术大学,工业设计,3,2021,provincial
湛江科技学院,会计学,3,2021,provincial
湛江科技学院,英语,3,2021,provincial
珠海科技学院,工商管理,3,2021,provincial
珠海科技学院,应用化学,3,2021,provincial
珠海科技学院,机械设计制造及其自动化,3,2021,provincial
珠海科技学院,电子信息科学与技术,3,2021,provincial
珠海科技学院,金融学,3,2021,provincial
电子科技大学中山学院,产品设计,3,2021,provincial
电子科技大学中山学院,工商管理,3,2021,provincial
电子科技大学中山学院,法学,3,2021,provincial
电子科技大学中山学院,电子信息工程,3,2021,provincial
肇庆学院,化学,3,2021,provincial
肇庆学院,机械设计制造及其自动化,3,2021,provincial
肇庆学院,物联网工程,3,2021,provincial
肇庆学院,生物技术,3,2021,provincial
肇庆学院,视觉传达设计,3,2021,provincial
韩山师范学院,体育教育,3,2021,provincial
韩山师范学院,教育技术学,3,2021,provincial
韩山师范学院,数学与应用数学,3,2021,provincial
韩山师范学院,环境科学,3,2021,provincial
韩山师范学院,生物技术,3,2021,provincial
韶关学院,信息与计算科学,3,2021,provincial
韶关学院,心理学,3,2021,provincial
韶关学院,自动化,3,2021,provincial
韶关学院,行政管理,3,2021,provincial
韶关学院,通信工程,3,2021,provincial
香港中文大学（深圳）,会计学,3,2021,provincial
香港中文大学（深圳）,国际商务,3,2021,provincial
香港中文大学（深圳）,数据科学与大数据技术,3,2021,provincial
香港中文大学（深圳）,经济学,3,2021,provincial
香港中文大学（深圳）,金融工程,3,2021,provincial
