学科类,批次,专业,标签,判定依据,配对数_24_25,超额漂移_24_25,阈值_24_25,显著_24_25,同向率_24_25,配对数_25_26,超额漂移_25_26,阈值_25_26,显著_25_26,同向率_25_26,两段合计超额漂移,原始位次口径_24_25,原始位次口径_25_26,单元数_2024,单元数_2025,单元数_2026,供给变动_24_26,层次分化_25_26
历史学科类,本科批,历史学,持续降温,两段同向且均超置换阈值，单元同向率达标,21,+0.0613,0.0428,是,0.86,54,+0.0682,0.0339,是,0.80,+0.1294,+0.0931,+0.0910,71,63,71,+0,211:8个/+12.3% 985:4个/-3.7% 双一流:2个/+10.4% 普通公办:39个/+6.4% 民办:1个/-11.1%
历史学科类,本科批,汉语言文学,持续降温,两段同向且均超置换阈值，单元同向率达标,109,+0.0571,0.0177,是,0.83,169,+0.0510,0.0189,是,0.65,+0.1081,+0.0890,+0.0738,197,197,216,+19,211:12个/+15.7% 985:15个/+10.8% 双一流:3个/-0.1% 普通公办:101个/+7.7% 民办:38个/-2.4%
历史学科类,本科批,汉语国际教育,持续降温,两段同向且均超置换阈值，单元同向率达标,53,+0.0363,0.0256,是,0.66,55,+0.0510,0.0336,是,0.71,+0.0873,+0.0682,+0.0738,82,74,63,-19,211:8个/+7.0% 985:5个/+6.0% 普通公办:34个/+5.8% 民办:8个/-4.2%
物理学科类,专科批,口腔医学,持续降温,两段同向且均超置换阈值，单元同向率达标,25,+0.0636,0.0189,是,0.96,28,+0.0420,0.0178,是,0.93,+0.1055,+0.0376,+0.0472,26,29,29,+3,普通公办:21个/+4.3% 民办:7个/+2.9%
物理学科类,专科批,小学教育,持续降温,两段同向且均超置换阈值，单元同向率达标,5,+0.0506,0.0415,是,1.00,10,+0.0490,0.0291,是,0.80,+0.0996,+0.0247,+0.0542,22,18,14,-8,普通公办:10个/+4.9%
物理学科类,本科批,儿科学,持续降温,两段同向且均超置换阈值，单元同向率达标,11,+0.1339,0.0493,是,0.82,11,+0.3294,0.0519,是,0.82,+0.4633,+0.1563,+0.3471,11,12,11,+0,普通公办:11个/+32.9%
物理学科类,本科批,临床医学,持续降温,两段同向且均超置换阈值，单元同向率达标,126,+0.1340,0.0137,是,0.88,133,+0.2157,0.0137,是,0.92,+0.3497,+0.1564,+0.2335,152,151,156,+4,211:16个/+19.8% 985:16个/+24.2% 双一流:1个/+23.0% 普通公办:89个/+21.6% 民办:11个/+20.8%
物理学科类,本科批,精算学,持续降温,两段同向且均超置换阈值，单元同向率达标,6,+0.1958,0.0698,是,1.00,7,+0.1201,0.0697,是,0.86,+0.3159,+0.2182,+0.1379,7,8,8,+1,211:3个/+25.1% 985:1个/+25.9% 普通公办:3个/+9.0%
物理学科类,本科批,口腔医学,持续降温,两段同向且均超置换阈值，单元同向率达标,40,+0.1448,0.0245,是,0.88,44,+0.1514,0.0248,是,0.93,+0.2962,+0.1672,+0.1691,46,46,49,+3,211:1个/+38.4% 985:9个/+21.7% 普通公办:27个/+15.7% 民办:7个/+8.1%
物理学科类,本科批,医学影像学,持续降温,两段同向且均超置换阈值，单元同向率达标,23,+0.0629,0.0328,是,0.96,24,+0.1678,0.0347,是,0.96,+0.2307,+0.0853,+0.1856,28,25,24,-4,211:1个/-8.5% 普通公办:20个/+16.9% 民办:3个/+15.2%
物理学科类,本科批,麻醉学,持续降温,两段同向且均超置换阈值，单元同向率达标,19,+0.0758,0.0360,是,0.74,21,+0.1343,0.0371,是,0.90,+0.2101,+0.0982,+0.1520,22,22,22,+0,211:1个/+2.6% 普通公办:18个/+15.2% 民办:2个/+13.1%
物理学科类,本科批,中西医临床医学,持续降温,两段同向且均超置换阈值，单元同向率达标,23,+0.0529,0.0328,是,0.91,23,+0.1554,0.0355,是,1.00,+0.2083,+0.0753,+0.1732,25,24,25,+0,211:1个/+17.0% 普通公办:19个/+15.5% 民办:3个/+15.7%
物理学科类,本科批,金融数学,持续降温,两段同向且均超置换阈值，单元同向率达标,16,+0.1248,0.0399,是,0.81,14,+0.0745,0.0454,是,0.86,+0.1993,+0.1472,+0.0922,18,18,15,-3,211:2个/+17.7% 普通公办:12个/+7.4%
物理学科类,本科批,精神医学,持续降温,两段同向且均超置换阈值，单元同向率达标,11,+0.0744,0.0493,是,0.73,11,+0.0958,0.0519,是,0.73,+0.1702,+0.0968,+0.1136,12,12,12,+0,普通公办:11个/+9.6%
物理学科类,本科批,眼视光医学,持续降温,两段同向且均超置换阈值，单元同向率达标,9,+0.1020,0.0541,是,0.89,8,+0.0670,0.0628,是,0.75,+0.1690,+0.1244,+0.0848,11,9,8,-3,211:1个/+15.1% 普通公办:6个/+6.7% 民办:1个/+2.7%
物理学科类,本科批,物理学,持续降温,两段同向且均超置换阈值，单元同向率达标,20,+0.0770,0.0352,是,0.80,52,+0.0901,0.0228,是,0.73,+0.1671,+0.0994,+0.1078,59,63,76,+17,211:10个/-0.7% 985:2个/+0.6% 双一流:3个/+7.7% 普通公办:37个/+11.1%
物理学科类,本科批,汉语国际教育,持续降温,两段同向且均超置换阈值，单元同向率达标,12,+0.0897,0.0472,是,1.00,10,+0.0676,0.0552,是,0.80,+0.1572,+0.1121,+0.0853,19,16,16,-3,211:1个/+11.4% 普通公办:3个/+5.6% 民办:6个/+6.6%
物理学科类,本科批,汉语言文学,持续降温,两段同向且均超置换阈值，单元同向率达标,19,+0.0651,0.0360,是,0.84,22,+0.0704,0.0363,是,0.82,+0.1356,+0.0875,+0.0882,31,30,29,-2,211:1个/+4.7% 普通公办:10个/+7.0% 民办:11个/+8.9%
物理学科类,本科批,风景园林,持续降温,两段同向且均超置换阈值，单元同向率达标,25,+0.0742,0.0313,是,0.88,23,+0.0502,0.0355,是,0.70,+0.1244,+0.0966,+0.0679,34,31,27,-7,211:5个/+5.0% 普通公办:13个/+6.0% 民办:5个/+1.8%
物理学科类,本科批,小学教育,持续降温,两段同向且均超置换阈值，单元同向率达标,12,+0.0719,0.0472,是,1.00,24,+0.0459,0.0347,是,0.71,+0.1178,+0.0943,+0.0636,32,32,31,-1,普通公办:17个/+9.5% 民办:7个/+2.4%
物理学科类,本科批,数学与应用数学,持续降温,两段同向且均超置换阈值，单元同向率达标,60,+0.0528,0.0199,是,0.73,116,+0.0646,0.0146,是,0.77,+0.1174,+0.0752,+0.0824,130,137,145,+15,211:21个/+7.1% 985:7个/+15.7% 双一流:2个/-0.1% 普通公办:80个/+6.5% 民办:6个/+1.6%
物理学科类,本科批,新闻学,持续降温,两段同向且均超置换阈值，单元同向率达标,14,+0.0648,0.0433,是,1.00,16,+0.0492,0.0424,是,0.75,+0.1140,+0.0872,+0.0670,21,22,18,-3,211:2个/+13.6% 普通公办:10个/+8.3% 民办:4个/+3.2%
物理学科类,本科批,工程造价,持续降温,两段同向且均超置换阈值，单元同向率达标,54,+0.0660,0.0210,是,0.89,39,+0.0440,0.0264,是,0.62,+0.1100,+0.0884,+0.0617,63,58,42,-21,普通公办:17个/+3.2% 民办:22个/+4.4%
物理学科类,本科批,英语,持续降温,两段同向且均超置换阈值，单元同向率达标,79,+0.0507,0.0172,是,0.82,84,+0.0549,0.0175,是,0.74,+0.1057,+0.0731,+0.0727,118,103,102,-16,211:8个/+5.3% 985:1个/+43.1% 双一流:1个/-38.3% 普通公办:45个/+8.2% 民办:29个/+1.5%
物理学科类,本科批,药学,持续降温,两段同向且均超置换阈值，单元同向率达标,87,+0.0408,0.0165,是,0.82,103,+0.0490,0.0155,是,0.79,+0.0898,+0.0632,+0.0667,96,110,119,+23,211:6个/-1.9% 985:3个/-3.1% 双一流:2个/+6.4% 普通公办:78个/+6.7% 民办:14个/+0.6%
物理学科类,本科批,经济学,持续降温,两段同向且均超置换阈值，单元同向率达标,62,+0.0511,0.0196,是,0.79,57,+0.0374,0.0217,是,0.67,+0.0885,+0.0735,+0.0551,73,86,75,+2,211:10个/+0.8% 985:4个/-1.6% 普通公办:38个/+4.9% 民办:5个/+1.2%
物理学科类,本科批,统计学,持续降温,两段同向且均超置换阈值，单元同向率达标,33,+0.0388,0.0271,是,0.82,34,+0.0449,0.0283,是,0.76,+0.0837,+0.0612,+0.0627,35,40,41,+6,211:6个/-0.8% 985:1个/+4.6% 双一流:1个/+5.8% 普通公办:26个/+4.5%
物理学科类,本科批,护理学,持续降温,两段同向且均超置换阈值，单元同向率达标,88,+0.0423,0.0164,是,0.77,98,+0.0403,0.0160,是,0.77,+0.0826,+0.0647,+0.0581,98,112,110,+12,211:5个/+1.8% 985:2个/-6.5% 双一流:1个/-2.0% 普通公办:60个/+7.0% 民办:30个/+2.8%
物理学科类,本科批,医学检验技术,持续降温,两段同向且均超置换阈值，单元同向率达标,43,+0.0408,0.0236,是,0.79,47,+0.0351,0.0240,是,0.77,+0.0758,+0.0632,+0.0528,47,51,53,+6,双一流:1个/+11.0% 普通公办:34个/+4.3% 民办:12个/+1.8%
物理学科类,本科批,人力资源管理,持续降温,两段同向且均超置换阈值，单元同向率达标,47,+0.0478,0.0226,是,0.74,47,+0.0243,0.0240,是,0.77,+0.0721,+0.0702,+0.0421,71,62,58,-13,211:6个/-0.4% 985:2个/+8.2% 普通公办:22个/+2.1% 民办:17个/+3.9%
物理学科类,本科批,法学,持续降温,两段同向且均超置换阈值，单元同向率达标,78,+0.0261,0.0173,是,0.63,76,+0.0366,0.0185,是,0.70,+0.0627,+0.0485,+0.0544,98,95,93,-5,211:15个/+5.4% 985:4个/+9.6% 普通公办:47个/+5.2% 民办:10个/-1.2%
物理学科类,本科批,经济统计学,持续降温,两段同向且均超置换阈值，单元同向率达标,32,+0.0298,0.0275,是,0.72,37,+0.0286,0.0270,是,0.62,+0.0585,+0.0522,+0.0464,34,40,45,+11,211:5个/+0.5% 985:1个/+12.0% 普通公办:25个/+3.2% 民办:6个/+2.5%
物理学科类,本科批,会计学,持续降温,两段同向且均超置换阈值，单元同向率达标,143,+0.0197,0.0127,是,0.71,137,+0.0356,0.0136,是,0.79,+0.0553,+0.0421,+0.0533,164,165,165,+1,211:15个/+4.2% 985:3个/+0.3% 双一流:1个/+8.5% 普通公办:77个/+4.3% 民办:41个/+2.3%
物理学科类,本科批,工商管理,持续降温,两段同向且均超置换阈值，单元同向率达标,65,+0.0209,0.0191,是,0.66,56,+0.0341,0.0219,是,0.70,+0.0550,+0.0433,+0.0518,107,91,73,-34,211:6个/+6.3% 985:3个/+10.7% 双一流:1个/+12.8% 普通公办:35个/+3.4% 民办:11个/-0.5%
物理学科类,本科批,大数据管理与应用,持续降温,两段同向且均超置换阈值，单元同向率达标,52,+0.0243,0.0214,是,0.77,60,+0.0275,0.0211,是,0.72,+0.0517,+0.0467,+0.0452,66,76,88,+22,211:8个/+2.8% 985:6个/+20.3% 双一流:1个/+9.2% 普通公办:28个/+1.4% 民办:17个/+3.4%
物理学科类,本科批,信息与计算科学,持续降温,两段同向且均超置换阈值，单元同向率达标,80,+0.0309,0.0171,是,0.69,76,+0.0200,0.0185,是,0.61,+0.0509,+0.0533,+0.0377,103,100,96,-7,211:14个/+0.5% 985:16个/+14.1% 双一流:3个/+7.5% 普通公办:42个/+1.2% 民办:1个/+2.4%
物理学科类,本科批,金融学,持续降温,两段同向且均超置换阈值，单元同向率达标,94,+0.0321,0.0159,是,0.72,86,+0.0187,0.0173,是,0.62,+0.0508,+0.0545,+0.0365,114,119,112,-2,211:11个/-1.8% 985:1个/+2.7% 普通公办:50个/+2.9% 民办:24个/+1.3%
物理学科类,本科批,软件工程,持续降温,两段同向且均超置换阈值，单元同向率达标,136,+0.0162,0.0131,是,0.65,146,+0.0193,0.0132,是,0.68,+0.0355,+0.0386,+0.0370,165,176,184,+19,211:14个/+1.1% 985:9个/+3.7% 双一流:5个/+5.9% 普通公办:74个/+1.7% 民办:44个/+1.9%
物理学科类,专科批,飞机电子设备维修,持续升温,两段同向且均超置换阈值，单元同向率达标,5,-0.0496,0.0415,是,1.00,5,-0.0747,0.0429,是,1.00,-0.1243,-0.0755,-0.0695,6,6,6,+0,普通公办:4个/-5.0% 民办:1个/-9.1%
物理学科类,专科批,机械设计与制造,持续升温,两段同向且均超置换阈值，单元同向率达标,12,-0.0354,0.0250,是,0.67,13,-0.0276,0.0254,是,0.69,-0.0630,-0.0613,-0.0224,13,18,14,+1,普通公办:13个/-2.8%
物理学科类,专科批,飞机机电设备维修,持续升温,两段同向且均超置换阈值，单元同向率达标,17,-0.0250,0.0215,是,0.76,20,-0.0292,0.0207,是,0.70,-0.0541,-0.0509,-0.0240,19,23,23,+4,普通公办:16个/-3.7% 民办:4个/+0.9%
物理学科类,专科批,工业机器人技术,持续升温,两段同向且均超置换阈值，单元同向率达标,29,-0.0205,0.0173,是,0.76,33,-0.0196,0.0160,是,0.88,-0.0401,-0.0464,-0.0144,39,42,46,+7,普通公办:28个/-1.9% 民办:5个/-2.0%
物理学科类,专科批,电气自动化技术,持续升温,两段同向且均超置换阈值，单元同向率达标,64,-0.0173,0.0118,是,0.70,70,-0.0157,0.0111,是,0.76,-0.0329,-0.0432,-0.0105,72,82,88,+16,普通公办:57个/-1.7% 民办:13个/-0.1%
物理学科类,本科批,边防军人子女预科班,持续升温,两段同向且均超置换阈值，单元同向率达标,6,-0.1784,0.0698,是,1.00,8,-0.1018,0.0628,是,0.75,-0.2802,-0.1560,-0.0841,6,8,8,+2,985:1个/-23.9% 普通公办:7个/-7.8%
物理学科类,本科批,核工程与核技术,持续升温,两段同向且均超置换阈值，单元同向率达标,8,-0.0939,0.0570,是,1.00,10,-0.0671,0.0552,是,0.80,-0.1610,-0.0715,-0.0494,10,13,16,+6,211:1个/-2.3% 985:1个/+0.9% 普通公办:7个/-9.1% 民办:1个/+0.7%
物理学科类,本科批,石油工程,持续升温,两段同向且均超置换阈值，单元同向率达标,18,-0.0793,0.0370,是,1.00,19,-0.0655,0.0388,是,1.00,-0.1448,-0.0569,-0.0478,20,22,27,+7,双一流:2个/-4.5% 普通公办:17个/-7.0%
物理学科类,本科批,油气储运工程,持续升温,两段同向且均超置换阈值，单元同向率达标,21,-0.0713,0.0343,是,0.95,20,-0.0626,0.0379,是,0.75,-0.1339,-0.0489,-0.0449,24,24,24,+0,双一流:1个/-6.7% 普通公办:18个/-6.8% 民办:1个/+0.6%
物理学科类,本科批,农业机械化及其自动化,持续升温,两段同向且均超置换阈值，单元同向率达标,11,-0.0620,0.0493,是,0.91,12,-0.0692,0.0489,是,0.83,-0.1312,-0.0396,-0.0515,12,13,12,+0,211:5个/-13.8% 985:1个/-6.9% 普通公办:6个/-5.3%
物理学科类,本科批,测控技术与仪器,持续升温,两段同向且均超置换阈值，单元同向率达标,60,-0.0635,0.0199,是,0.92,59,-0.0614,0.0213,是,0.93,-0.1249,-0.0411,-0.0437,68,70,70,+2,211:9个/-3.5% 985:1个/-6.2% 双一流:2个/-5.3% 普通公办:44个/-6.8% 民办:3个/+1.1%
物理学科类,本科批,过程装备与控制工程,持续升温,两段同向且均超置换阈值，单元同向率达标,34,-0.0593,0.0266,是,0.88,31,-0.0604,0.0300,是,0.94,-0.1197,-0.0369,-0.0426,41,40,39,-2,211:4个/-8.9% 普通公办:27个/-5.3%
物理学科类,本科批,高分子材料与工程,持续升温,两段同向且均超置换阈值，单元同向率达标,46,-0.0483,0.0228,是,0.80,49,-0.0558,0.0235,是,0.88,-0.1041,-0.0259,-0.0380,68,58,65,-3,211:10个/-6.3% 985:4个/+1.0% 普通公办:35个/-5.7%
物理学科类,本科批,机械电子工程,持续升温,两段同向且均超置换阈值，单元同向率达标,61,-0.0489,0.0197,是,0.89,65,-0.0399,0.0202,是,0.83,-0.0889,-0.0265,-0.0222,69,71,82,+13,211:5个/+0.0% 双一流:2个/-3.6% 普通公办:44个/-5.6% 民办:14个/-0.8%
物理学科类,本科批,无机非金属材料工程,持续升温,两段同向且均超置换阈值，单元同向率达标,28,-0.0336,0.0296,是,0.86,25,-0.0542,0.0340,是,0.88,-0.0878,-0.0112,-0.0365,40,33,32,-8,211:4个/-5.2% 985:1个/-9.1% 双一流:1个/-2.5% 普通公办:19个/-5.4%
物理学科类,本科批,化学工程与工艺,持续升温,两段同向且均超置换阈值，单元同向率达标,82,-0.0516,0.0169,是,0.88,96,-0.0324,0.0162,是,0.78,-0.0840,-0.0292,-0.0147,107,116,142,+35,211:11个/-3.0% 985:1个/-0.1% 双一流:4个/-0.9% 普通公办:74个/-4.4% 民办:6个/+0.2%
物理学科类,本科批,材料成型及控制工程,持续升温,两段同向且均超置换阈值，单元同向率达标,59,-0.0475,0.0201,是,0.90,67,-0.0327,0.0199,是,0.79,-0.0802,-0.0251,-0.0150,77,75,82,+5,211:6个/-1.5% 985:1个/-0.7% 普通公办:52个/-3.9% 民办:8个/-1.3%
物理学科类,本科批,能源与动力工程,持续升温,两段同向且均超置换阈值，单元同向率达标,68,-0.0345,0.0186,是,0.82,68,-0.0435,0.0197,是,0.85,-0.0780,-0.0121,-0.0257,78,79,82,+4,211:9个/-2.7% 985:5个/-0.9% 双一流:2个/-3.6% 普通公办:47个/-6.2% 民办:5个/-2.2%
物理学科类,本科批,机械工程,持续升温,两段同向且均超置换阈值，单元同向率达标,47,-0.0443,0.0226,是,0.87,46,-0.0328,0.0243,是,0.85,-0.0770,-0.0219,-0.0150,56,54,60,+4,211:7个/-2.6% 985:3个/-2.4% 双一流:2个/-6.6% 普通公办:26个/-5.0% 民办:8个/-1.6%
物理学科类,本科批,材料科学与工程,持续升温,两段同向且均超置换阈值，单元同向率达标,52,-0.0403,0.0214,是,0.73,61,-0.0353,0.0209,是,0.82,-0.0756,-0.0179,-0.0176,60,68,81,+21,211:13个/-3.3% 985:2个/-5.5% 双一流:4个/-4.9% 普通公办:39个/-4.0% 民办:3个/+2.1%
物理学科类,本科批,车辆工程,持续升温,两段同向且均超置换阈值，单元同向率达标,67,-0.0302,0.0188,是,0.82,60,-0.0444,0.0211,是,0.82,-0.0746,-0.0078,-0.0267,75,77,76,+1,211:8个/-5.7% 985:2个/-19.2% 普通公办:39个/-5.0% 民办:11个/+2.1%
物理学科类,本科批,机械设计制造及其自动化,持续升温,两段同向且均超置换阈值，单元同向率达标,215,-0.0397,0.0109,是,0.84,205,-0.0318,0.0110,是,0.78,-0.0715,-0.0173,-0.0141,259,265,272,+13,211:18个/-2.6% 985:4个/-2.2% 双一流:2个/-2.1% 普通公办:131个/-5.4% 民办:50个/-0.4%
物理学科类,本科批,新能源材料与器件,持续升温,两段同向且均超置换阈值，单元同向率达标,32,-0.0393,0.0275,是,0.84,32,-0.0307,0.0294,是,0.81,-0.0700,-0.0169,-0.0130,39,41,52,+13,211:3个/-9.0% 985:1个/+0.3% 双一流:1个/-1.4% 普通公办:27个/-3.2%
物理学科类,本科批,新能源科学与工程,持续升温,两段同向且均超置换阈值，单元同向率达标,47,-0.0266,0.0226,是,0.77,51,-0.0379,0.0230,是,0.80,-0.0645,-0.0042,-0.0202,53,58,74,+21,211:6个/-3.1% 985:3个/+1.8% 普通公办:35个/-5.2% 民办:7个/-0.6%
物理学科类,本科批,应用化学,持续升温,两段同向且均超置换阈值，单元同向率达标,83,-0.0326,0.0168,是,0.63,91,-0.0297,0.0167,是,0.75,-0.0622,-0.0102,-0.0119,98,105,108,+10,211:15个/-3.0% 985:5个/-0.2% 双一流:3个/-1.8% 普通公办:66个/-3.0% 民办:2个/+1.8%
物理学科类,本科批,智能制造工程,持续升温,两段同向且均超置换阈值，单元同向率达标,82,-0.0276,0.0169,是,0.76,89,-0.0342,0.0169,是,0.76,-0.0617,-0.0052,-0.0164,92,102,128,+36,211:7个/-2.5% 985:6个/-5.6% 双一流:2个/-1.8% 普通公办:55个/-5.3% 民办:19个/+1.8%
物理学科类,本科批,自动化,持续升温,两段同向且均超置换阈值，单元同向率达标,156,-0.0317,0.0120,是,0.78,167,-0.0276,0.0124,是,0.75,-0.0592,-0.0093,-0.0098,167,181,199,+32,211:12个/-2.9% 985:5个/-0.0% 双一流:4个/-4.4% 普通公办:105个/-4.9% 民办:41个/+0.1%
物理学科类,本科批,机器人工程,持续升温,两段同向且均超置换阈值，单元同向率达标,69,-0.0254,0.0185,是,0.72,74,-0.0284,0.0187,是,0.70,-0.0538,-0.0030,-0.0107,80,81,112,+32,211:9个/+0.2% 985:4个/+2.5% 普通公办:34个/-4.0% 民办:27个/-1.5%
物理学科类,本科批,电气工程及其自动化,持续升温,两段同向且均超置换阈值，单元同向率达标,222,-0.0258,0.0108,是,0.72,223,-0.0217,0.0104,是,0.70,-0.0474,-0.0034,-0.0039,256,263,272,+16,211:23个/-0.3% 985:11个/+1.8% 双一流:4个/+0.7% 普通公办:132个/-3.5% 民办:53个/-0.9%
物理学科类,本科批,预防医学,趋势（内部分化）,两段同向且显著，但单元同向率偏低，由部分院校拉动,44,+0.0236,0.0234,是,0.59,45,+0.0719,0.0245,是,0.84,+0.0955,+0.0460,+0.0896,49,51,52,+3,211:7个/+8.5% 985:1个/-5.8% 双一流:1个/+11.4% 普通公办:33个/+7.8% 民办:3个/+1.5%
历史学科类,专科批,民航空中安全保卫,单年跳变,仅 2025→2026 显著，另一段落在噪声带内,5,+0.0579,0.1142,否,0.80,5,+0.0993,0.0827,是,0.60,+0.1571,+0.0347,+0.0165,8,7,7,-1,普通公办:2个/-2.2% 民办:3个/+12.2%
历史学科类,专科批,临床医学,单年跳变,仅 2025→2026 显著，另一段落在噪声带内,8,+0.0746,0.0805,否,0.62,11,+0.0556,0.0524,是,0.91,+0.1302,+0.0515,-0.0272,10,11,14,+4,普通公办:6个/+4.5% 民办:5个/+6.3%
历史学科类,专科批,高速铁路客运服务,单年跳变,仅 2025→2026 显著，另一段落在噪声带内,9,+0.0650,0.0756,否,0.56,9,+0.0651,0.0580,是,0.78,+0.1301,+0.0419,-0.0177,13,11,13,+0,普通公办:3个/+0.5% 民办:6个/+7.6%
历史学科类,专科批,口腔医学,单年跳变,仅 2025→2026 显著，另一段落在噪声带内,15,+0.0559,0.0574,否,0.80,19,+0.0655,0.0402,是,0.84,+0.1213,+0.0328,-0.0173,16,20,21,+5,普通公办:13个/+5.9% 民办:6个/+16.8%
历史学科类,专科批,建筑室内设计,单年跳变,仅 2024→2025 显著，另一段落在噪声带内,12,+0.0684,0.0634,是,0.92,10,+0.0434,0.0551,否,0.80,+0.1118,+0.0453,-0.0394,16,15,13,-3,普通公办:6个/+4.7% 民办:4个/+0.4%
历史学科类,专科批,康复治疗技术,单年跳变,仅 2024→2025 显著，另一段落在噪声带内,15,-0.0790,0.0574,是,0.87,20,-0.0127,0.0393,否,0.55,-0.0916,-0.1021,-0.0955,19,26,34,+15,普通公办:17个/-2.2% 民办:3个/+12.2%
历史学科类,专科批,无人机应用技术,单年跳变,仅 2024→2025 显著，另一段落在噪声带内,9,-0.1115,0.0756,是,0.89,16,+0.0217,0.0437,否,0.81,-0.0897,-0.1346,-0.0611,13,20,37,+24,普通公办:11个/+1.8% 民办:5个/+3.2%
历史学科类,专科批,金融服务与管理,单年跳变,仅 2025→2026 显著，另一段落在噪声带内,6,-0.0019,0.1012,否,0.50,10,-0.0846,0.0551,是,0.80,-0.0865,-0.0250,-0.1674,12,12,11,-1,普通公办:8个/-11.6% 民办:2个/+2.5%
历史学科类,专科批,空中乘务,单年跳变,仅 2025→2026 显著，另一段落在噪声带内,26,+0.0342,0.0430,否,0.65,33,+0.0432,0.0298,是,0.76,+0.0774,+0.0110,-0.0396,38,38,43,+5,普通公办:16个/+3.6% 民办:17个/+5.2%
历史学科类,专科批,酒店管理与数字化运营,单年跳变,仅 2025→2026 显著，另一段落在噪声带内,9,-0.0253,0.0756,否,0.56,16,-0.0516,0.0437,是,0.69,-0.0770,-0.0485,-0.1344,14,26,26,+12,普通公办:12个/-5.8% 民办:4个/+1.1%
历史学科类,专科批,工程造价,单年跳变,仅 2024→2025 显著，另一段落在噪声带内,24,+0.0874,0.0449,是,0.79,19,-0.0130,0.0402,否,0.53,+0.0744,+0.0643,-0.0958,31,29,25,-6,普通公办:18个/-1.8% 民办:1个/+1.2%
历史学科类,专科批,跨境电子商务,单年跳变,仅 2025→2026 显著，另一段落在噪声带内,12,-0.0037,0.0634,否,0.50,14,-0.0510,0.0466,是,0.86,-0.0547,-0.0268,-0.1338,18,19,19,+1,普通公办:12个/-6.6% 民办:2个/-0.9%
历史学科类,专科批,护理,单年跳变,仅 2025→2026 显著，另一段落在噪声带内,64,+0.0068,0.0267,否,0.52,74,+0.0324,0.0185,是,0.65,+0.0392,-0.0163,-0.0504,78,93,90,+12,普通公办:41个/-0.1% 民办:33个/+10.9%
历史学科类,专科批,大数据与会计,单年跳变,仅 2025→2026 显著，另一段落在噪声带内,80,-0.0170,0.0241,否,0.54,85,-0.0220,0.0173,是,0.65,-0.0390,-0.0401,-0.1048,99,101,112,+13,普通公办:67个/-3.6% 民办:18个/+5.5%
历史学科类,专科批,新能源汽车技术,单年跳变,仅 2025→2026 显著，另一段落在噪声带内,17,-0.0142,0.0541,否,0.53,25,+0.0392,0.0354,是,0.64,+0.0250,-0.0373,-0.0436,23,28,39,+16,普通公办:20个/+3.1% 民办:5个/+7.9%
历史学科类,专科批,现代物流管理,单年跳变,仅 2025→2026 显著，另一段落在噪声带内,25,+0.0143,0.0438,否,0.60,31,-0.0321,0.0311,是,0.65,-0.0178,-0.0088,-0.1149,34,40,38,+4,普通公办:30个/-3.4% 民办:1个/+6.1%
历史学科类,专科批,铁道交通运营管理,单年跳变,仅 2025→2026 显著，另一段落在噪声带内,10,-0.0507,0.0711,否,0.90,9,+0.0598,0.0580,是,1.00,+0.0091,-0.0738,-0.0230,12,11,10,-2,普通公办:9个/+6.0%
历史学科类,本科批,哲学,单年跳变,仅 2024→2025 显著，另一段落在噪声带内,12,+0.1169,0.0563,是,0.75,12,+0.0600,0.0735,否,0.75,+0.1769,+0.1488,+0.0829,14,14,13,-1,211:6个/+8.7% 985:2个/-6.8% 双一流:1个/+1.3% 普通公办:3个/+11.8%
历史学科类,本科批,朝鲜语,单年跳变,仅 2025→2026 显著，另一段落在噪声带内,17,-0.0330,0.0471,否,0.71,15,-0.0767,0.0655,是,0.73,-0.1096,-0.0011,-0.0538,32,24,20,-12,211:1个/-1.1% 普通公办:10个/-6.7% 民办:4个/-13.8%
历史学科类,本科批,西班牙语,单年跳变,仅 2025→2026 显著，另一段落在噪声带内,12,-0.0127,0.0563,否,0.58,10,-0.0927,0.0812,是,0.80,-0.1054,+0.0191,-0.0698,22,18,18,-4,普通公办:7个/-1.8% 民办:3个/-16.4%
历史学科类,本科批,政治学与行政学,单年跳变,仅 2024→2025 显著，另一段落在噪声带内,12,+0.0606,0.0563,是,0.83,15,+0.0404,0.0655,否,0.67,+0.1009,+0.0924,+0.0632,20,19,19,-1,211:3个/+7.3% 985:3个/+17.7% 普通公办:9个/+1.6%
历史学科类,本科批,护理学,单年跳变,仅 2025→2026 显著，另一段落在噪声带内,22,+0.0041,0.0420,否,0.50,19,+0.0892,0.0575,是,0.74,+0.0933,+0.0360,+0.1120,37,25,20,-17,211:1个/-1.0% 普通公办:13个/+10.8% 民办:5个/+5.4%
历史学科类,本科批,思想政治教育,单年跳变,仅 2025→2026 显著，另一段落在噪声带内,20,+0.0403,0.0437,否,0.65,46,+0.0523,0.0368,是,0.67,+0.0927,+0.0722,+0.0752,58,59,55,-3,211:4个/+9.0% 985:1个/+12.4% 双一流:1个/-1.6% 普通公办:38个/+3.5% 民办:2个/-7.3%
历史学科类,本科批,审计学,单年跳变,仅 2025→2026 显著，另一段落在噪声带内,34,-0.0258,0.0324,否,0.59,33,-0.0562,0.0439,是,0.67,-0.0820,+0.0061,-0.0334,43,39,40,-3,普通公办:16个/+6.8% 民办:17个/-8.2%
历史学科类,本科批,社会学,单年跳变,仅 2024→2025 显著，另一段落在噪声带内,8,+0.0855,0.0704,是,0.88,8,-0.0074,0.0905,否,0.50,+0.0781,+0.1174,+0.0154,11,12,9,-2,985:2个/-8.0% 普通公办:6个/+1.7%
历史学科类,本科批,物流管理,单年跳变,仅 2025→2026 显著，另一段落在噪声带内,43,-0.0177,0.0286,否,0.67,37,-0.0573,0.0414,是,0.76,-0.0749,+0.0142,-0.0344,54,54,42,-12,211:1个/-6.9% 普通公办:22个/-2.2% 民办:14个/-8.6%
历史学科类,本科批,商务英语,单年跳变,仅 2025→2026 显著，另一段落在噪声带内,37,-0.0244,0.0309,否,0.59,39,-0.0466,0.0403,是,0.85,-0.0710,+0.0075,-0.0237,60,52,47,-13,211:2个/+3.1% 普通公办:29个/-4.6% 民办:8个/-11.2%
历史学科类,本科批,旅游管理,单年跳变,仅 2025→2026 显著，另一段落在噪声带内,48,-0.0244,0.0268,否,0.67,46,-0.0441,0.0368,是,0.67,-0.0685,+0.0075,-0.0213,62,62,57,-5,211:5个/-4.9% 普通公办:35个/-5.1% 民办:6个/-1.8%
历史学科类,本科批,劳动与社会保障,单年跳变,仅 2024→2025 显著，另一段落在噪声带内,22,+0.0431,0.0420,是,0.68,19,+0.0231,0.0575,否,0.53,+0.0661,+0.0749,+0.0459,32,26,25,-7,211:3个/-2.5% 985:3个/+6.8% 双一流:1个/-1.5% 普通公办:10个/+3.1% 民办:2个/-13.7%
历史学科类,本科批,建筑学,单年跳变,仅 2025→2026 显著，另一段落在噪声带内,12,+0.0402,0.0563,否,0.67,12,-0.1054,0.0735,是,0.67,-0.0652,+0.0721,-0.0826,18,17,15,-3,普通公办:11个/-8.9% 民办:1个/-13.7%
历史学科类,本科批,小学教育,单年跳变,仅 2024→2025 显著，另一段落在噪声带内,15,+0.0795,0.0504,是,0.87,28,-0.0234,0.0475,否,0.61,+0.0561,+0.1114,-0.0005,47,41,36,-11,普通公办:20个/+2.8% 民办:8个/-5.2%
历史学科类,本科批,新闻学,单年跳变,仅 2024→2025 显著，另一段落在噪声带内,44,+0.0505,0.0282,是,0.77,44,-0.0035,0.0377,否,0.55,+0.0470,+0.0824,+0.0193,64,55,51,-13,211:8个/-1.9% 985:1个/+12.4% 双一流:1个/+19.6% 普通公办:27个/+0.7% 民办:7个/-6.6%
历史学科类,本科批,国际商务,单年跳变,仅 2024→2025 显著，另一段落在噪声带内,7,-0.1029,0.0769,是,0.86,8,+0.0598,0.0905,否,0.62,-0.0432,-0.0711,+0.0826,20,11,10,-10,211:1个/+20.3% 985:1个/+12.5% 普通公办:6个/+1.8%
历史学科类,本科批,财务管理,单年跳变,仅 2024→2025 显著，另一段落在噪声带内,92,-0.0238,0.0196,是,0.65,88,-0.0151,0.0269,否,0.58,-0.0389,+0.0081,+0.0078,115,99,105,-10,211:2个/+7.7% 普通公办:42个/+1.4% 民办:44个/-4.2%
历史学科类,本科批,国际经济与贸易,单年跳变,仅 2025→2026 显著，另一段落在噪声带内,116,-0.0079,0.0172,否,0.54,105,-0.0272,0.0244,是,0.61,-0.0351,+0.0239,-0.0043,174,150,145,-29,211:10个/+2.7% 985:12个/+8.8% 双一流:3个/+0.5% 普通公办:59个/-2.9% 民办:21个/-6.8%
历史学科类,本科批,税收学,单年跳变,仅 2024→2025 显著，另一段落在噪声带内,16,+0.0526,0.0487,是,0.62,20,-0.0243,0.0561,否,0.70,+0.0283,+0.0845,-0.0014,21,24,26,+5,211:2个/-7.0% 985:1个/+5.5% 普通公办:10个/+1.1% 民办:7个/-7.5%
历史学科类,本科批,日语,单年跳变,仅 2025→2026 显著，另一段落在噪声带内,98,-0.0136,0.0189,否,0.55,97,+0.0365,0.0255,是,0.61,+0.0229,+0.0183,+0.0593,138,129,108,-30,211:10个/+5.0% 985:1个/-0.3% 双一流:1个/+4.8% 普通公办:65个/+4.9% 民办:20个/-6.1%
历史学科类,本科批,学前教育,单年跳变,仅 2025→2026 显著，另一段落在噪声带内,16,+0.0239,0.0487,否,0.69,31,-0.0456,0.0453,是,0.77,-0.0217,+0.0558,-0.0228,69,53,38,-31,普通公办:23个/-4.0% 民办:8个/-9.0%
历史学科类,本科批,戏剧影视文学,单年跳变,仅 2024→2025 显著，另一段落在噪声带内,12,+0.0655,0.0563,是,0.67,10,-0.0465,0.0812,否,0.60,+0.0190,+0.0974,-0.0236,17,13,12,-5,211:1个/+1.2% 985:1个/+72.8% 普通公办:6个/-4.6% 民办:2个/-11.6%
物理学科类,专科批,无人机应用技术,单年跳变,仅 2024→2025 显著，另一段落在噪声带内,14,-0.0579,0.0234,是,0.64,28,-0.0161,0.0178,否,0.71,-0.0739,-0.0838,-0.0109,22,39,60,+38,普通公办:19个/-1.6% 民办:9个/-1.6%
物理学科类,专科批,针灸推拿,单年跳变,仅 2025→2026 显著，另一段落在噪声带内,8,+0.0298,0.0309,否,0.75,12,+0.0420,0.0264,是,0.83,+0.0718,+0.0038,+0.0472,8,13,15,+7,普通公办:8个/+4.7% 民办:4个/+0.3%
物理学科类,专科批,飞行器数字化制造技术,单年跳变,仅 2024→2025 显著，另一段落在噪声带内,8,-0.0457,0.0309,是,0.75,10,-0.0201,0.0291,否,0.70,-0.0658,-0.0716,-0.0149,8,11,12,+4,普通公办:9个/-2.7% 民办:1个/+0.0%
物理学科类,专科批,船舶工程技术,单年跳变,仅 2024→2025 显著，另一段落在噪声带内,8,-0.0358,0.0309,是,0.62,7,-0.0230,0.0354,否,0.71,-0.0588,-0.0617,-0.0178,9,8,9,+0,普通公办:5个/-2.7% 民办:2个/-0.5%
物理学科类,专科批,道路与桥梁工程技术,单年跳变,仅 2025→2026 显著，另一段落在噪声带内,10,+0.0157,0.0277,否,0.70,8,+0.0429,0.0324,是,0.88,+0.0586,-0.0102,+0.0481,12,10,10,-2,普通公办:8个/+4.3%
物理学科类,专科批,助产,单年跳变,仅 2024→2025 显著，另一段落在噪声带内,9,+0.0297,0.0292,是,0.78,5,+0.0259,0.0429,否,0.80,+0.0556,+0.0038,+0.0311,11,11,6,-5,普通公办:4个/+2.9% 民办:1个/+2.3%
物理学科类,专科批,学前教育,单年跳变,仅 2024→2025 显著，另一段落在噪声带内,13,+0.0385,0.0242,是,0.85,17,+0.0125,0.0221,否,0.59,+0.0510,+0.0125,+0.0177,48,39,27,-21,普通公办:14个/+1.5% 民办:3个/-6.1%
物理学科类,专科批,智能焊接技术,单年跳变,仅 2024→2025 显著，另一段落在噪声带内,8,-0.0333,0.0309,是,1.00,12,-0.0128,0.0264,否,0.83,-0.0461,-0.0592,-0.0076,10,15,15,+5,普通公办:11个/-1.1% 民办:1个/-1.5%
物理学科类,专科批,临床医学,单年跳变,仅 2024→2025 显著，另一段落在噪声带内,23,+0.0376,0.0194,是,0.87,24,+0.0078,0.0194,否,0.62,+0.0454,+0.0117,+0.0130,24,27,28,+4,普通公办:16个/+0.5% 民办:8个/+2.7%
物理学科类,专科批,工程造价,单年跳变,仅 2024→2025 显著，另一段落在噪声带内,33,+0.0300,0.0159,是,0.79,27,+0.0078,0.0183,否,0.63,+0.0379,+0.0041,+0.0130,47,37,30,-17,普通公办:25个/+0.8% 民办:2个/+2.1%
物理学科类,专科批,商务英语,单年跳变,仅 2025→2026 显著，另一段落在噪声带内,7,+0.0113,0.0339,否,0.57,5,-0.0490,0.0429,是,0.80,-0.0377,-0.0146,-0.0438,11,8,6,-5,普通公办:4个/-5.0% 民办:1个/+12.6%
物理学科类,专科批,铁道供电技术,单年跳变,仅 2025→2026 显著，另一段落在噪声带内,6,-0.0154,0.0374,否,0.67,6,+0.0475,0.0388,是,1.00,+0.0321,-0.0414,+0.0527,7,7,7,+0,普通公办:5个/+4.4% 民办:1个/+6.0%
物理学科类,专科批,建筑工程技术,单年跳变,仅 2024→2025 显著，另一段落在噪声带内,27,+0.0236,0.0181,是,0.74,22,+0.0083,0.0200,否,0.59,+0.0319,-0.0023,+0.0135,40,35,26,-14,普通公办:20个/+1.7% 民办:2个/-3.0%
物理学科类,专科批,市场营销,单年跳变,仅 2025→2026 显著，另一段落在噪声带内,22,+0.0068,0.0197,否,0.59,16,+0.0237,0.0229,是,0.75,+0.0305,-0.0191,+0.0289,26,25,16,-10,普通公办:15个/+2.4% 民办:1个/-1.8%
物理学科类,专科批,护理,单年跳变,仅 2024→2025 显著，另一段落在噪声带内,78,+0.0215,0.0106,是,0.74,80,+0.0086,0.0103,否,0.61,+0.0301,-0.0044,+0.0138,95,101,91,-4,普通公办:50个/+1.5% 民办:30个/+0.4%
物理学科类,专科批,铁道机车运用与维护,单年跳变,仅 2025→2026 显著，另一段落在噪声带内,12,-0.0127,0.0250,否,0.58,13,+0.0419,0.0254,是,0.77,+0.0292,-0.0386,+0.0471,13,13,14,+1,普通公办:12个/+4.4% 民办:1个/-0.0%
物理学科类,专科批,云计算技术应用,单年跳变,仅 2025→2026 显著，另一段落在噪声带内,15,+0.0066,0.0227,否,0.80,11,-0.0294,0.0277,是,0.64,-0.0229,-0.0193,-0.0242,17,16,13,-4,普通公办:11个/-2.9%
物理学科类,专科批,机电一体化技术,单年跳变,仅 2024→2025 显著，另一段落在噪声带内,58,-0.0153,0.0124,是,0.67,64,-0.0066,0.0116,否,0.64,-0.0219,-0.0412,-0.0014,70,78,101,+31,普通公办:50个/-0.8% 民办:14个/-0.6%
物理学科类,专科批,动物医学,单年跳变,仅 2025→2026 显著，另一段落在噪声带内,14,-0.0037,0.0234,否,0.57,18,+0.0232,0.0214,是,0.67,+0.0194,-0.0297,+0.0284,16,20,26,+10,普通公办:12个/+2.5% 民办:6个/+2.3%
物理学科类,专科批,医学检验技术,单年跳变,仅 2024→2025 显著，另一段落在噪声带内,23,+0.0251,0.0194,是,0.87,21,-0.0118,0.0204,否,0.52,+0.0133,-0.0008,-0.0066,28,31,27,-1,普通公办:15个/+2.1% 民办:6个/-1.7%
物理学科类,专科批,计算机应用技术,单年跳变,仅 2024→2025 显著，另一段落在噪声带内,43,+0.0154,0.0142,是,0.58,45,-0.0053,0.0137,否,0.53,+0.0100,-0.0106,-0.0001,66,60,54,-12,普通公办:29个/+1.2% 民办:16个/-1.8%
物理学科类,专科批,铁道交通运营管理,单年跳变,仅 2025→2026 显著，另一段落在噪声带内,13,-0.0209,0.0242,否,0.92,13,+0.0257,0.0254,是,0.92,+0.0047,-0.0469,+0.0309,14,15,13,-1,普通公办:13个/+2.6%
物理学科类,本科批,基础医学,单年跳变,仅 2025→2026 显著，另一段落在噪声带内,10,+0.0491,0.0516,否,0.80,13,+0.1415,0.0471,是,1.00,+0.1905,+0.0715,+0.1592,14,14,13,-1,211:2个/+24.7% 普通公办:11个/+14.1%
物理学科类,本科批,功能材料,单年跳变,仅 2025→2026 显著，另一段落在噪声带内,6,-0.0584,0.0698,否,1.00,8,-0.1121,0.0628,是,1.00,-0.1705,-0.0360,-0.0944,9,8,12,+3,211:1个/-3.0% 普通公办:6个/-13.2% 民办:1个/-6.4%
物理学科类,本科批,传播学,单年跳变,仅 2024→2025 显著，另一段落在噪声带内,7,+0.1073,0.0629,是,0.86,8,+0.0542,0.0628,否,0.88,+0.1615,+0.1297,+0.0719,9,8,8,-1,211:1个/+1.8% 普通公办:5个/+9.5% 民办:2个/+1.3%
物理学科类,本科批,焊接技术与工程,单年跳变,仅 2025→2026 显著，另一段落在噪声带内,11,-0.0465,0.0493,否,0.82,13,-0.0758,0.0471,是,0.92,-0.1223,-0.0241,-0.0580,13,16,15,+2,普通公办:10个/-9.1% 民办:3个/-0.2%
物理学科类,本科批,矿物加工工程,单年跳变,仅 2024→2025 显著，另一段落在噪声带内,7,-0.0657,0.0629,是,1.00,7,-0.0532,0.0697,否,0.86,-0.1189,-0.0433,-0.0354,9,9,8,-1,普通公办:7个/-5.3%
物理学科类,本科批,轻化工程,单年跳变,仅 2024→2025 显著，另一段落在噪声带内,8,-0.0805,0.0570,是,0.88,11,-0.0379,0.0519,否,0.91,-0.1184,-0.0581,-0.0202,9,11,12,+3,211:1个/-4.1% 普通公办:10个/-2.7%
物理学科类,本科批,投资学,单年跳变,仅 2025→2026 显著，另一段落在噪声带内,11,+0.0475,0.0493,否,0.73,8,+0.0688,0.0628,是,1.00,+0.1164,+0.0699,+0.0866,12,12,14,+2,211:1个/+17.6% 普通公办:4个/+6.9% 民办:3个/+2.8%
物理学科类,本科批,生物科学,单年跳变,仅 2025→2026 显著，另一段落在噪声带内,21,+0.0296,0.0343,否,0.62,43,+0.0809,0.0251,是,0.77,+0.1104,+0.0520,+0.0986,52,58,64,+12,211:6个/+3.5% 985:3个/+16.5% 双一流:2个/-1.6% 普通公办:32个/+10.0%
物理学科类,本科批,飞行器设计与工程,单年跳变,仅 2024→2025 显著，另一段落在噪声带内,9,-0.0884,0.0541,是,0.89,10,-0.0211,0.0552,否,0.60,-0.1095,-0.0660,-0.0034,10,14,18,+8,211:1个/+2.7% 985:4个/+6.2% 普通公办:5个/-4.7%
物理学科类,本科批,中医学,单年跳变,仅 2025→2026 显著，另一段落在噪声带内,41,+0.0168,0.0242,否,0.61,42,+0.0925,0.0254,是,0.90,+0.1093,+0.0392,+0.1103,46,45,50,+4,211:4个/+16.7% 双一流:5个/+13.9% 普通公办:28个/+8.9% 民办:5个/+2.1%
物理学科类,本科批,食品营养与健康,单年跳变,仅 2024→2025 显著，另一段落在噪声带内,9,-0.0578,0.0541,是,0.78,11,-0.0408,0.0519,否,0.73,-0.0986,-0.0354,-0.0231,10,15,16,+6,211:2个/-4.8% 普通公办:7个/-4.9% 民办:2个/+2.9%
物理学科类,本科批,采矿工程,单年跳变,仅 2024→2025 显著，另一段落在噪声带内,18,-0.0617,0.0370,是,0.94,15,-0.0359,0.0439,否,0.93,-0.0976,-0.0393,-0.0182,19,20,17,-2,211:1个/-8.2% 普通公办:14个/-3.3%
物理学科类,本科批,金属材料工程,单年跳变,仅 2024→2025 显著，另一段落在噪声带内,25,-0.0682,0.0313,是,0.88,27,-0.0278,0.0326,否,0.89,-0.0961,-0.0458,-0.0101,29,32,34,+5,211:1个/-15.0% 普通公办:24个/-3.3% 民办:2个/+0.3%
物理学科类,本科批,助产学,单年跳变,仅 2025→2026 显著，另一段落在噪声带内,10,+0.0205,0.0516,否,0.80,7,+0.0737,0.0697,是,0.71,+0.0942,+0.0429,+0.0914,11,13,8,-3,普通公办:4个/+1.9% 民办:3个/+13.4%
物理学科类,本科批,园林,单年跳变,仅 2024→2025 显著，另一段落在噪声带内,22,+0.0783,0.0335,是,0.82,18,+0.0157,0.0397,否,0.61,+0.0940,+0.1007,+0.0334,28,26,20,-8,211:5个/-2.3% 985:1个/+2.0% 双一流:1个/+0.8% 普通公办:10个/+2.8% 民办:1个/-2.1%
物理学科类,本科批,电气工程与智能控制,单年跳变,仅 2025→2026 显著，另一段落在噪声带内,12,-0.0436,0.0472,否,0.58,13,-0.0475,0.0471,是,0.77,-0.0911,-0.0212,-0.0297,13,13,17,+4,211:1个/-2.2% 普通公办:8个/-7.2% 民办:4个/+2.2%
物理学科类,本科批,资产评估,单年跳变,仅 2024→2025 显著，另一段落在噪声带内,12,+0.0891,0.0472,是,1.00,8,+0.0001,0.0628,否,0.50,+0.0893,+0.1115,+0.0179,12,12,10,-2,普通公办:3个/+1.8% 民办:5个/-0.5%
物理学科类,本科批,储能科学与工程,单年跳变,仅 2025→2026 显著，另一段落在噪声带内,20,-0.0285,0.0352,否,0.75,24,-0.0572,0.0347,是,0.92,-0.0857,-0.0061,-0.0395,24,28,29,+5,211:6个/-5.0% 985:1个/-9.5% 普通公办:16个/-5.8% 民办:1个/-4.6%
物理学科类,本科批,能源化学工程,单年跳变,仅 2025→2026 显著，另一段落在噪声带内,11,-0.0389,0.0493,否,1.00,15,-0.0456,0.0439,是,1.00,-0.0845,-0.0165,-0.0278,17,19,16,-1,普通公办:15个/-4.6%
物理学科类,本科批,化学,单年跳变,仅 2025→2026 显著，另一段落在噪声带内,25,+0.0138,0.0313,否,0.56,54,+0.0695,0.0223,是,0.70,+0.0833,+0.0362,+0.0872,70,70,86,+16,211:11个/+3.5% 985:3个/-2.8% 双一流:2个/+1.2% 普通公办:38个/+8.7%
物理学科类,本科批,学前教育,单年跳变,仅 2025→2026 显著，另一段落在噪声带内,15,+0.0347,0.0416,否,0.87,21,+0.0485,0.0371,是,0.76,+0.0833,+0.0571,+0.0663,38,36,26,-12,普通公办:14个/+3.5% 民办:7个/+4.9%
物理学科类,本科批,水文与水资源工程,单年跳变,仅 2024→2025 显著，另一段落在噪声带内,7,-0.0734,0.0629,是,0.86,11,-0.0095,0.0519,否,0.64,-0.0830,-0.0510,+0.0082,13,12,15,+2,211:3个/-1.0% 985:2个/+2.5% 普通公办:5个/+3.0% 民办:1个/-6.4%
物理学科类,本科批,船舶与海洋工程,单年跳变,仅 2024→2025 显著，另一段落在噪声带内,19,-0.0498,0.0360,是,0.84,23,-0.0318,0.0355,否,0.78,-0.0816,-0.0274,-0.0141,20,25,34,+14,211:2个/-6.0% 985:3个/-0.6% 普通公办:16个/-5.9% 民办:2个/-3.2%
物理学科类,本科批,飞行器动力工程,单年跳变,仅 2024→2025 显著，另一段落在噪声带内,11,-0.0579,0.0493,是,0.82,12,-0.0204,0.0489,否,0.75,-0.0783,-0.0355,-0.0026,11,12,12,+1,985:2个/+12.8% 普通公办:9个/-3.5% 民办:1个/+9.7%
物理学科类,本科批,财政学,单年跳变,仅 2024→2025 显著，另一段落在噪声带内,14,+0.0453,0.0433,是,0.79,12,+0.0322,0.0489,否,0.67,+0.0775,+0.0677,+0.0500,19,16,14,-5,211:1个/+3.9% 普通公办:9个/+4.2% 民办:2个/-0.3%
物理学科类,本科批,资源勘查工程,单年跳变,仅 2024→2025 显著，另一段落在噪声带内,24,-0.0472,0.0320,是,0.75,21,-0.0262,0.0371,否,0.76,-0.0734,-0.0248,-0.0084,27,32,31,+4,211:2个/-3.2% 双一流:2个/-11.4% 普通公办:17个/-2.1%
物理学科类,本科批,运动康复,单年跳变,仅 2025→2026 显著，另一段落在噪声带内,6,-0.0062,0.0698,否,0.50,6,+0.0787,0.0776,是,0.83,+0.0725,+0.0162,+0.0964,7,7,11,+4,211:1个/-17.1% 普通公办:5个/+10.2%
物理学科类,本科批,飞行器制造工程,单年跳变,仅 2024→2025 显著，另一段落在噪声带内,15,-0.0457,0.0416,是,0.87,18,-0.0246,0.0397,否,0.67,-0.0703,-0.0233,-0.0069,16,18,22,+6,211:1个/-2.9% 双一流:1个/-5.3% 普通公办:12个/-3.2% 民办:4个/+3.7%
物理学科类,本科批,应用心理学,单年跳变,仅 2025→2026 显著，另一段落在噪声带内,20,+0.0045,0.0352,否,0.50,24,+0.0648,0.0347,是,0.79,+0.0694,+0.0269,+0.0826,31,33,35,+4,211:2个/+18.0% 双一流:1个/-10.1% 普通公办:19个/+6.3% 民办:2个/+6.3%
物理学科类,本科批,翻译,单年跳变,仅 2025→2026 显著，另一段落在噪声带内,21,+0.0112,0.0343,否,0.62,22,+0.0581,0.0363,是,0.73,+0.0693,+0.0336,+0.0758,30,27,24,-6,211:3个/+7.5% 普通公办:13个/+6.1% 民办:6个/+4.5%
物理学科类,本科批,建筑学,单年跳变,仅 2024→2025 显著，另一段落在噪声带内,46,+0.0562,0.0228,是,0.76,43,+0.0116,0.0251,否,0.58,+0.0677,+0.0786,+0.0293,65,53,52,-13,211:3个/-2.7% 985:1个/+41.1% 普通公办:31个/+2.8% 民办:8个/+0.8%
物理学科类,本科批,新能源汽车工程,单年跳变,仅 2025→2026 显著，另一段落在噪声带内,18,-0.0107,0.0370,否,0.72,20,-0.0562,0.0379,是,0.80,-0.0669,+0.0117,-0.0385,23,24,33,+10,普通公办:12个/-6.6% 民办:8个/-0.1%
物理学科类,本科批,日语,单年跳变,仅 2025→2026 显著，另一段落在噪声带内,38,+0.0222,0.0251,否,0.61,35,+0.0436,0.0278,是,0.71,+0.0659,+0.0446,+0.0614,59,48,39,-20,211:3个/+9.6% 普通公办:18个/+6.7% 民办:14个/+0.2%
物理学科类,本科批,地理信息科学,单年跳变,仅 2024→2025 显著，另一段落在噪声带内,21,+0.0420,0.0343,是,0.86,23,+0.0220,0.0355,否,0.78,+0.0640,+0.0644,+0.0397,30,29,35,+5,211:6个/+9.4% 985:1个/-19.5% 普通公办:16个/+2.2%
物理学科类,本科批,应急技术与管理,单年跳变,仅 2025→2026 显著，另一段落在噪声带内,17,-0.0202,0.0384,否,0.65,18,-0.0433,0.0397,是,0.78,-0.0634,+0.0022,-0.0255,18,22,21,+3,211:2个/-8.1% 普通公办:16个/-3.7%
物理学科类,本科批,信息管理与信息系统,单年跳变,仅 2024→2025 显著，另一段落在噪声带内,59,+0.0424,0.0201,是,0.83,57,+0.0203,0.0217,否,0.60,+0.0627,+0.0648,+0.0381,83,74,78,-5,211:10个/-6.9% 985:1个/-12.2% 普通公办:39个/+3.6% 民办:7个/+3.9%
物理学科类,本科批,中药学,单年跳变,仅 2025→2026 显著，另一段落在噪声带内,28,+0.0092,0.0296,否,0.61,34,+0.0498,0.0283,是,0.76,+0.0590,+0.0316,+0.0675,35,40,44,+9,211:3个/+7.9% 普通公办:22个/+7.8% 民办:9个/+2.1%
物理学科类,本科批,工程管理,单年跳变,仅 2024→2025 显著，另一段落在噪声带内,94,+0.0407,0.0159,是,0.82,79,+0.0173,0.0181,否,0.66,+0.0580,+0.0631,+0.0350,114,113,85,-29,211:8个/+4.2% 985:1个/-2.8% 普通公办:54个/+1.9% 民办:16个/+0.3%
物理学科类,本科批,交通运输,单年跳变,仅 2024→2025 显著，另一段落在噪声带内,28,-0.0515,0.0296,是,0.75,29,-0.0046,0.0313,否,0.52,-0.0561,-0.0291,+0.0132,36,35,34,-2,211:5个/+1.7% 普通公办:18个/-3.3% 民办:6个/+1.5%
物理学科类,本科批,金融工程,单年跳变,仅 2024→2025 显著，另一段落在噪声带内,49,+0.0406,0.0220,是,0.84,49,+0.0155,0.0235,否,0.57,+0.0561,+0.0630,+0.0333,63,60,54,-9,211:6个/+2.4% 985:2个/+20.4% 普通公办:30个/+1.7% 民办:11个/+0.2%
物理学科类,本科批,少数民族预科班,单年跳变,仅 2024→2025 显著，另一段落在噪声带内,25,-0.0389,0.0313,是,0.72,18,-0.0168,0.0397,否,0.56,-0.0557,-0.0165,+0.0009,25,25,18,-7,211:4个/-5.1% 985:1个/-5.6% 普通公办:13个/+2.3%
物理学科类,本科批,安全工程,单年跳变,仅 2024→2025 显著，另一段落在噪声带内,39,-0.0408,0.0248,是,0.72,46,-0.0146,0.0243,否,0.61,-0.0554,-0.0184,+0.0032,47,48,58,+11,211:4个/+2.7% 普通公办:37个/-1.6% 民办:5个/-1.5%
物理学科类,本科批,水利水电工程,单年跳变,仅 2024→2025 显著，另一段落在噪声带内,24,-0.0337,0.0320,是,0.71,29,-0.0206,0.0313,否,0.66,-0.0543,-0.0113,-0.0028,25,30,69,+44,211:6个/-3.1% 普通公办:17个/-1.7% 民办:6个/-0.4%
物理学科类,本科批,税收学,单年跳变,仅 2024→2025 显著，另一段落在噪声带内,15,+0.0624,0.0416,是,0.67,16,-0.0130,0.0424,否,0.75,+0.0494,+0.0848,+0.0047,17,20,21,+4,211:1个/-8.6% 普通公办:10个/-1.0% 民办:5个/-1.3%
物理学科类,本科批,针灸推拿学,单年跳变,仅 2025→2026 显著，另一段落在噪声带内,23,-0.0193,0.0328,否,0.65,24,+0.0680,0.0347,是,0.83,+0.0486,+0.0031,+0.0857,23,25,26,+3,211:1个/+20.7% 双一流:1个/+34.8% 普通公办:17个/+7.3% 民办:5个/+1.6%
物理学科类,本科批,城市地下空间工程,单年跳变,仅 2024→2025 显著，另一段落在噪声带内,14,+0.0570,0.0433,是,0.79,9,-0.0087,0.0588,否,0.56,+0.0483,+0.0794,+0.0091,22,18,14,-8,双一流:2个/+5.6% 普通公办:7个/-2.7%
物理学科类,本科批,食品质量与安全,单年跳变,仅 2024→2025 显著，另一段落在噪声带内,30,-0.0292,0.0285,是,0.67,31,-0.0182,0.0300,否,0.74,-0.0474,-0.0068,-0.0004,34,35,42,+8,211:1个/-15.4% 普通公办:22个/-2.0% 民办:8个/-0.2%
物理学科类,本科批,财务管理,单年跳变,仅 2025→2026 显著，另一段落在噪声带内,74,+0.0168,0.0177,否,0.74,78,+0.0301,0.0182,是,0.76,+0.0469,+0.0392,+0.0478,92,91,97,+5,211:1个/-9.7% 普通公办:43个/+4.6% 民办:34个/+1.1%
物理学科类,本科批,保险学,单年跳变,仅 2024→2025 显著，另一段落在噪声带内,14,+0.0433,0.0433,是,0.79,9,-0.0093,0.0588,否,0.67,+0.0340,+0.0657,+0.0084,20,16,15,-5,211:1个/-3.5% 普通公办:7个/-0.9% 民办:1个/+2.2%
物理学科类,本科批,食品科学与工程,单年跳变,仅 2024→2025 显著，另一段落在噪声带内,84,-0.0199,0.0167,是,0.60,74,-0.0107,0.0187,否,0.66,-0.0306,+0.0025,+0.0070,99,99,96,-3,211:14个/-1.5% 985:2个/-4.5% 普通公办:50个/-1.0% 民办:8个/-0.0%
物理学科类,本科批,康复治疗学,单年跳变,仅 2025→2026 显著，另一段落在噪声带内,39,+0.0036,0.0248,否,0.54,44,+0.0262,0.0248,是,0.77,+0.0298,+0.0260,+0.0439,47,52,55,+8,211:1个/-5.3% 双一流:1个/-6.0% 普通公办:29个/+3.2% 民办:13个/+1.8%
物理学科类,本科批,电子信息工程,单年跳变,仅 2024→2025 显著，另一段落在噪声带内,155,-0.0134,0.0121,是,0.64,145,-0.0095,0.0132,否,0.60,-0.0229,+0.0090,+0.0082,174,181,189,+15,211:18个/+0.9% 985:6个/-5.8% 双一流:2个/+1.9% 普通公办:86个/-1.6% 民办:33个/+0.2%
物理学科类,本科批,应用统计学,单年跳变,仅 2024→2025 显著，另一段落在噪声带内,20,+0.0390,0.0352,是,0.85,25,-0.0206,0.0340,否,0.68,+0.0185,+0.0614,-0.0028,24,30,37,+13,985:1个/-18.7% 双一流:1个/-1.6% 普通公办:22个/-1.5% 民办:1个/-3.0%
物理学科类,本科批,计算机科学与技术,单年跳变,仅 2025→2026 显著，另一段落在噪声带内,297,+0.0027,0.0095,否,0.52,318,+0.0121,0.0088,是,0.62,+0.0148,+0.0251,+0.0299,375,384,425,+50,211:35个/+2.8% 985:24个/+3.3% 双一流:4个/+3.9% 普通公办:173个/+0.7% 民办:82个/+1.6%
物理学科类,本科批,国际经济与贸易,单年跳变,仅 2024→2025 显著，另一段落在噪声带内,84,+0.0223,0.0167,是,0.67,68,-0.0092,0.0197,否,0.59,+0.0132,+0.0447,+0.0085,127,111,97,-30,211:9个/-0.0% 985:3个/+1.1% 普通公办:38个/-1.2% 民办:18个/-1.5%
历史学科类,专科批,铁道机车运用与维护,震荡/大小年,两段均显著但方向相反,5,-0.1220,0.1142,是,0.80,5,+0.1689,0.0827,是,0.80,+0.0469,-0.1451,+0.0861,9,6,6,-3,普通公办:5个/+16.9%
历史学科类,专科批,动物医学,震荡/大小年,两段均显著但方向相反,9,-0.0858,0.0756,是,0.78,12,+0.1053,0.0500,是,0.92,+0.0196,-0.1089,+0.0225,14,14,19,+5,普通公办:7个/+9.6% 民办:5个/+10.6%
历史学科类,专科批,市场营销,震荡/大小年,两段均显著但方向相反,22,+0.0478,0.0472,是,0.77,17,-0.0454,0.0424,是,0.82,+0.0024,+0.0247,-0.1282,27,27,21,-6,普通公办:16个/-4.8% 民办:1个/-1.8%
历史学科类,本科批,法学,震荡/大小年,两段均显著但方向相反,170,-0.0229,0.0141,是,0.62,184,+0.0626,0.0182,是,0.72,+0.0397,+0.0089,+0.0854,205,209,231,+26,211:32个/+13.5% 985:20个/+5.0% 双一流:2个/+14.4% 普通公办:114个/+5.5% 民办:16个/-1.9%
历史学科类,本科批,会计学,震荡/大小年,两段均显著但方向相反,155,-0.0279,0.0148,是,0.65,168,+0.0193,0.0190,是,0.60,-0.0086,+0.0040,+0.0421,188,190,207,+19,211:16个/+12.6% 双一流:2个/+10.3% 普通公办:86个/+2.7% 民办:64个/-2.3%
物理学科类,本科批,应用物理学,震荡/大小年,两段均显著但方向相反,35,+0.0328,0.0261,是,0.60,36,-0.0281,0.0274,是,0.64,+0.0047,+0.0552,-0.0104,39,44,44,+5,211:7个/-0.0% 985:7个/-2.3% 双一流:1个/+5.2% 普通公办:21个/-3.4%
历史学科类,专科批,关务与外贸服务,平稳,两段均未超过置换阈值,6,-0.0792,0.1012,否,0.67,7,-0.0291,0.0674,否,0.57,-0.1084,-0.1023,-0.1119,8,10,9,+1,普通公办:4个/-3.3% 民办:3个/+4.2%
历史学科类,专科批,小学语文教育,平稳,两段均未超过置换阈值,5,+0.0913,0.1142,否,0.60,6,+0.0102,0.0744,否,0.50,+0.1015,+0.0682,-0.0726,19,12,13,-6,普通公办:6个/+1.0%
历史学科类,专科批,现代文秘,平稳,两段均未超过置换阈值,5,+0.0714,0.1142,否,0.80,5,+0.0144,0.0827,否,0.60,+0.0858,+0.0483,-0.0684,6,8,6,+0,普通公办:5个/+1.4%
历史学科类,专科批,畜牧兽医,平稳,两段均未超过置换阈值,5,-0.0838,0.1142,否,0.80,5,-0.0014,0.0827,否,0.60,-0.0852,-0.1069,-0.0842,6,9,10,+4,普通公办:5个/-0.1%
历史学科类,专科批,民航安全技术管理,平稳,两段均未超过置换阈值,5,-0.0524,0.1142,否,0.80,7,-0.0315,0.0674,否,0.57,-0.0839,-0.0755,-0.1143,7,8,9,+2,普通公办:6个/-4.0% 民办:1个/+0.9%
历史学科类,专科批,大数据与财务管理,平稳,两段均未超过置换阈值,11,-0.0464,0.0671,否,0.55,14,-0.0373,0.0466,否,0.64,-0.0837,-0.0695,-0.1201,12,19,23,+11,普通公办:10个/-5.1% 民办:4个/+6.8%
历史学科类,专科批,建筑工程技术,平稳,两段均未超过置换阈值,9,+0.0755,0.0756,否,0.67,13,-0.0031,0.0482,否,0.54,+0.0724,+0.0524,-0.0859,13,17,16,+3,普通公办:12个/-2.5% 民办:1个/+1.2%
历史学科类,专科批,工商企业管理,平稳,两段均未超过置换阈值,7,+0.0505,0.0901,否,0.71,8,+0.0213,0.0613,否,0.50,+0.0718,+0.0274,-0.0616,10,9,9,-1,普通公办:7个/-0.9% 民办:1个/+11.3%
历史学科类,专科批,云计算技术应用,平稳,两段均未超过置换阈值,8,-0.0241,0.0805,否,0.75,6,-0.0451,0.0744,否,0.67,-0.0692,-0.0472,-0.1279,9,9,8,-1,普通公办:6个/-4.5%
历史学科类,专科批,智慧健康养老服务与管理,平稳,两段均未超过置换阈值,14,-0.0462,0.0593,否,0.64,20,-0.0224,0.0393,否,0.60,-0.0686,-0.0693,-0.1052,17,21,31,+14,普通公办:15个/-2.3% 民办:5个/+6.5%
历史学科类,专科批,动漫制作技术,平稳,两段均未超过置换阈值,11,+0.0315,0.0671,否,0.82,11,+0.0370,0.0524,否,0.73,+0.0684,+0.0084,-0.0458,13,17,19,+6,普通公办:7个/+1.7% 民办:4个/+4.9%
历史学科类,专科批,工程测量技术,平稳,两段均未超过置换阈值,5,+0.0449,0.1142,否,1.00,5,+0.0219,0.0827,否,0.60,+0.0668,+0.0218,-0.0609,5,8,7,+2,普通公办:5个/+2.2%
历史学科类,专科批,网络营销与直播电商,平稳,两段均未超过置换阈值,7,+0.0722,0.0901,否,0.86,9,-0.0059,0.0580,否,0.56,+0.0662,+0.0490,-0.0888,8,15,19,+11,普通公办:6个/-2.4% 民办:3个/+3.6%
历史学科类,专科批,民航运输服务,平稳,两段均未超过置换阈值,7,-0.0320,0.0901,否,0.57,10,-0.0336,0.0551,否,0.80,-0.0656,-0.0552,-0.1164,8,10,13,+5,普通公办:7个/-4.5% 民办:3个/-0.7%
历史学科类,专科批,现代通信技术,平稳,两段均未超过置换阈值,5,+0.0777,0.1142,否,0.60,5,-0.0124,0.0827,否,0.60,+0.0652,+0.0546,-0.0953,5,6,7,+2,普通公办:5个/-1.2%
历史学科类,专科批,供用电技术,平稳,两段均未超过置换阈值,6,-0.0563,0.1012,否,0.83,5,-0.0083,0.0827,否,0.60,-0.0646,-0.0794,-0.0911,7,6,6,-1,普通公办:5个/-0.8%
历史学科类,专科批,广告艺术设计,平稳,两段均未超过置换阈值,6,+0.0584,0.1012,否,1.00,5,+0.0061,0.0827,否,0.60,+0.0645,+0.0353,-0.0767,7,7,5,-2,普通公办:4个/-1.1% 民办:1个/+16.4%
历史学科类,专科批,建筑装饰工程技术,平稳,两段均未超过置换阈值,6,+0.0581,0.1012,否,1.00,5,+0.0059,0.0827,否,0.60,+0.0640,+0.0350,-0.0769,7,7,7,+0,普通公办:4个/+1.2% 民办:1个/+0.6%
历史学科类,专科批,环境艺术设计,平稳,两段均未超过置换阈值,5,+0.0663,0.1142,否,1.00,6,-0.0040,0.0744,否,0.67,+0.0623,+0.0432,-0.0868,5,6,6,+1,普通公办:5个/-0.6% 民办:1个/+7.1%
历史学科类,专科批,金融科技应用,平稳,两段均未超过置换阈值,5,+0.0685,0.1142,否,0.60,6,-0.0116,0.0744,否,0.50,+0.0569,+0.0454,-0.0945,6,10,9,+3,普通公办:4个/-2.7% 民办:2个/+3.2%
历史学科类,专科批,医学美容技术,平稳,两段均未超过置换阈值,8,+0.0136,0.0805,否,0.62,12,+0.0430,0.0500,否,0.58,+0.0565,-0.0096,-0.0398,10,14,16,+6,普通公办:7个/-2.1% 民办:5个/+10.3%
历史学科类,专科批,中医康复技术,平稳,两段均未超过置换阈值,6,-0.0446,0.1012,否,1.00,6,-0.0115,0.0744,否,0.67,-0.0561,-0.0677,-0.0943,8,10,9,+1,普通公办:4个/-2.3% 民办:2个/+15.7%
历史学科类,专科批,中文,平稳,两段均未超过置换阈值,5,+0.0500,0.1142,否,0.60,5,+0.0054,0.0827,否,0.60,+0.0554,+0.0269,-0.0774,5,5,7,+2,普通公办:5个/+0.5%
历史学科类,专科批,口腔医学技术,平稳,两段均未超过置换阈值,9,+0.0141,0.0756,否,0.56,9,+0.0405,0.0580,否,0.67,+0.0546,-0.0090,-0.0423,12,14,12,+0,普通公办:6个/+3.8% 民办:3个/+6.7%
历史学科类,专科批,医学影像技术,平稳,两段均未超过置换阈值,7,+0.0017,0.0901,否,0.57,8,+0.0513,0.0613,否,0.88,+0.0530,-0.0214,-0.0315,11,10,11,+0,普通公办:5个/+4.5% 民办:3个/+27.2%
历史学科类,专科批,机械设计与制造,平稳,两段均未超过置换阈值,5,+0.0199,0.1142,否,0.60,5,+0.0327,0.0827,否,0.80,+0.0527,-0.0032,-0.0501,6,6,6,+0,普通公办:5个/+3.3%
历史学科类,专科批,城市轨道交通运营管理,平稳,两段均未超过置换阈值,8,-0.0119,0.0805,否,0.75,7,+0.0639,0.0674,否,0.86,+0.0520,-0.0351,-0.0189,11,12,12,+1,普通公办:5个/+7.1% 民办:2个/+5.5%
历史学科类,专科批,虚拟现实技术应用,平稳,两段均未超过置换阈值,5,-0.0477,0.1142,否,0.60,7,-0.0021,0.0674,否,0.57,-0.0498,-0.0708,-0.0849,5,9,10,+5,普通公办:4个/+1.8% 民办:3个/-1.4%
历史学科类,专科批,社区管理与服务,平稳,两段均未超过置换阈值,9,-0.0272,0.0756,否,0.56,9,-0.0218,0.0580,否,0.56,-0.0489,-0.0503,-0.1046,9,11,14,+5,普通公办:9个/-2.2%
历史学科类,专科批,应用化工技术,平稳,两段均未超过置换阈值,6,-0.0642,0.1012,否,0.67,7,+0.0173,0.0674,否,0.57,-0.0469,-0.0873,-0.0655,7,7,8,+1,普通公办:7个/+1.7%
历史学科类,专科批,小学教育,平稳,两段均未超过置换阈值,6,-0.0245,0.1012,否,0.83,10,-0.0219,0.0551,否,0.70,-0.0464,-0.0476,-0.1048,21,19,14,-7,普通公办:10个/-2.2%
历史学科类,专科批,石油化工技术,平稳,两段均未超过置换阈值,5,-0.0141,0.1142,否,0.80,5,-0.0273,0.0827,否,0.60,-0.0414,-0.0372,-0.1101,5,5,6,+1,普通公办:5个/-2.7%
历史学科类,专科批,会展策划与管理,平稳,两段均未超过置换阈值,5,-0.0301,0.1142,否,0.80,6,-0.0071,0.0744,否,0.67,-0.0372,-0.0532,-0.0899,11,6,8,-3,普通公办:6个/-0.7%
历史学科类,专科批,智能控制技术,平稳,两段均未超过置换阈值,7,-0.0257,0.0901,否,0.71,11,-0.0094,0.0524,否,0.55,-0.0351,-0.0488,-0.0922,8,11,16,+8,普通公办:10个/-0.9% 民办:1个/+6.3%
历史学科类,专科批,大数据技术,平稳,两段均未超过置换阈值,20,-0.0333,0.0498,否,0.70,28,-0.0014,0.0331,否,0.54,-0.0347,-0.0564,-0.0842,26,35,33,+7,普通公办:21个/-1.3% 民办:7个/+11.5%
历史学科类,专科批,商务英语,平稳,两段均未超过置换阈值,7,-0.0117,0.0901,否,0.57,7,-0.0225,0.0674,否,0.71,-0.0342,-0.0348,-0.1053,9,13,9,+0,普通公办:5个/-2.3% 民办:2个/-1.4%
历史学科类,专科批,国际经济与贸易,平稳,两段均未超过置换阈值,8,-0.0179,0.0805,否,0.62,8,-0.0132,0.0613,否,0.75,-0.0311,-0.0410,-0.0960,8,11,11,+3,普通公办:7个/-1.4% 民办:1个/-0.1%
历史学科类,专科批,计算机网络技术,平稳,两段均未超过置换阈值,16,+0.0223,0.0557,否,0.62,17,+0.0061,0.0424,否,0.59,+0.0284,-0.0008,-0.0767,25,26,25,+0,普通公办:15个/+0.5% 民办:2个/+12.4%
历史学科类,专科批,智能制造装备技术,平稳,两段均未超过置换阈值,9,-0.0233,0.0756,否,0.56,10,-0.0030,0.0551,否,0.50,-0.0262,-0.0464,-0.0858,9,11,11,+2,普通公办:9个/-0.7% 民办:1个/+0.1%
历史学科类,专科批,物联网应用技术,平稳,两段均未超过置换阈值,11,-0.0227,0.0671,否,0.73,19,-0.0014,0.0402,否,0.53,-0.0241,-0.0458,-0.0842,12,23,21,+9,普通公办:13个/-2.9% 民办:6个/+2.7%
历史学科类,专科批,中药学,平稳,两段均未超过置换阈值,6,-0.0276,0.1012,否,0.83,8,+0.0046,0.0613,否,0.50,-0.0230,-0.0507,-0.0782,10,10,14,+4,普通公办:7个/+1.1% 民办:1个/-1.9%
历史学科类,专科批,药品经营与管理,平稳,两段均未超过置换阈值,5,-0.0131,0.1142,否,0.80,5,-0.0075,0.0827,否,0.80,-0.0206,-0.0363,-0.0903,7,7,8,+1,普通公办:5个/-0.7%
历史学科类,专科批,汽车技术服务与营销,平稳,两段均未超过置换阈值,7,+0.0249,0.0901,否,0.71,7,-0.0450,0.0674,否,0.86,-0.0201,+0.0018,-0.1278,10,10,7,-3,普通公办:5个/-4.9% 民办:2个/-1.4%
历史学科类,专科批,汽车制造与试验技术,平稳,两段均未超过置换阈值,11,+0.0053,0.0671,否,0.55,12,-0.0248,0.0500,否,0.75,-0.0195,-0.0179,-0.1076,11,18,15,+4,普通公办:11个/-2.8% 民办:1个/+4.3%
历史学科类,专科批,机械制造及自动化,平稳,两段均未超过置换阈值,23,+0.0001,0.0461,否,0.52,25,+0.0183,0.0354,否,0.68,+0.0184,-0.0230,-0.0645,26,30,32,+6,普通公办:23个/+1.6% 民办:2个/+7.4%
历史学科类,专科批,早期教育,平稳,两段均未超过置换阈值,5,+0.0339,0.1142,否,0.60,5,-0.0512,0.0827,否,0.60,-0.0173,+0.0108,-0.1340,9,10,13,+4,普通公办:5个/-5.1%
历史学科类,专科批,汽车检测与维修技术,平稳,两段均未超过置换阈值,9,-0.0200,0.0756,否,0.67,13,+0.0030,0.0482,否,0.69,-0.0171,-0.0432,-0.0799,12,15,18,+6,普通公办:11个/+0.3% 民办:2个/+0.7%
历史学科类,专科批,道路与桥梁工程技术,平稳,两段均未超过置换阈值,7,+0.0079,0.0901,否,0.57,8,+0.0083,0.0613,否,0.50,+0.0162,-0.0153,-0.0745,7,10,9,+2,普通公办:8个/+0.8%
历史学科类,专科批,园林技术,平稳,两段均未超过置换阈值,5,+0.0288,0.1142,否,0.60,5,-0.0130,0.0827,否,0.60,+0.0158,+0.0057,-0.0958,5,5,5,+0,普通公办:5个/-1.3%
历史学科类,专科批,药学,平稳,两段均未超过置换阈值,10,-0.0089,0.0711,否,0.60,15,+0.0246,0.0451,否,0.67,+0.0157,-0.0320,-0.0582,11,15,19,+8,普通公办:11个/+2.3% 民办:4个/+13.0%
历史学科类,专科批,信息安全技术应用,平稳,两段均未超过置换阈值,6,+0.0140,0.1012,否,0.50,11,+0.0016,0.0524,否,0.55,+0.0156,-0.0091,-0.0812,9,14,16,+7,普通公办:9个/+0.2% 民办:2个/+0.3%
历史学科类,专科批,法律事务,平稳,两段均未超过置换阈值,5,-0.0021,0.1142,否,0.60,6,-0.0127,0.0744,否,0.50,-0.0148,-0.0252,-0.0955,7,7,9,+2,普通公办:3个/+1.2% 民办:3个/-4.2%
历史学科类,专科批,数控技术,平稳,两段均未超过置换阈值,13,-0.0226,0.0613,否,0.62,14,+0.0093,0.0466,否,0.64,-0.0132,-0.0457,-0.0735,17,14,17,+0,普通公办:12个/+0.0% 民办:2个/+2.4%
历史学科类,专科批,计算机应用技术,平稳,两段均未超过置换阈值,19,+0.0101,0.0511,否,0.58,27,-0.0012,0.0339,否,0.52,+0.0089,-0.0130,-0.0840,28,35,35,+7,普通公办:19个/-0.7% 民办:8个/+6.1%
历史学科类,专科批,软件技术,平稳,两段均未超过置换阈值,19,-0.0258,0.0511,否,0.63,23,+0.0183,0.0369,否,0.57,-0.0074,-0.0489,-0.0645,23,33,28,+5,普通公办:17个/+1.1% 民办:6个/+3.8%
历史学科类,专科批,船舶工程技术,平稳,两段均未超过置换阈值,5,-0.0349,0.1142,否,0.60,5,+0.0288,0.0827,否,0.60,-0.0061,-0.0581,-0.0540,6,6,5,-1,普通公办:3个/-0.0% 民办:2个/+10.6%
历史学科类,专科批,旅游管理,平稳,两段均未超过置换阈值,31,+0.0159,0.0392,否,0.55,34,-0.0220,0.0292,否,0.53,-0.0061,-0.0072,-0.1048,35,46,43,+8,普通公办:28个/-3.4% 民办:6个/+1.8%
历史学科类,专科批,电子商务,平稳,两段均未超过置换阈值,38,+0.0070,0.0349,否,0.58,45,-0.0130,0.0251,否,0.64,-0.0060,-0.0161,-0.0958,53,59,58,+5,普通公办:37个/-4.0% 民办:8个/+4.1%
历史学科类,专科批,针灸推拿,平稳,两段均未超过置换阈值,7,+0.0012,0.0901,否,0.57,10,-0.0071,0.0551,否,0.60,-0.0059,-0.0219,-0.0899,7,11,11,+4,普通公办:6个/-0.7% 民办:4个/+5.8%
历史学科类,专科批,学前教育,平稳,两段均未超过置换阈值,13,+0.0098,0.0613,否,0.62,26,-0.0042,0.0346,否,0.50,+0.0056,-0.0133,-0.0870,45,46,41,-4,普通公办:23个/-2.3% 民办:3个/+4.4%
历史学科类,专科批,中医学,平稳,两段均未超过置换阈值,7,+0.0204,0.0901,否,0.57,7,-0.0148,0.0674,否,0.57,+0.0055,-0.0027,-0.0977,7,9,11,+4,普通公办:5个/-1.5% 民办:2个/+1.4%
历史学科类,专科批,人工智能技术应用,平稳,两段均未超过置换阈值,13,-0.0070,0.0613,否,0.54,23,+0.0016,0.0369,否,0.57,-0.0054,-0.0301,-0.0812,17,29,42,+25,普通公办:16个/-0.3% 民办:7个/+3.7%
历史学科类,专科批,电气自动化技术,平稳,两段均未超过置换阈值,30,+0.0044,0.0399,否,0.53,31,-0.0001,0.0311,否,0.52,+0.0043,-0.0188,-0.0829,34,37,39,+5,普通公办:27个/-0.2% 民办:4个/+5.0%
历史学科类,专科批,园艺技术,平稳,两段均未超过置换阈值,5,+0.0129,0.1142,否,0.60,5,-0.0090,0.0827,否,0.60,+0.0039,-0.0102,-0.0918,5,7,6,+1,普通公办:5个/-0.9%
历史学科类,专科批,电力系统自动化技术,平稳,两段均未超过置换阈值,6,-0.0386,0.1012,否,0.50,7,+0.0422,0.0674,否,0.57,+0.0036,-0.0617,-0.0406,6,10,8,+2,普通公办:7个/+4.2%
历史学科类,专科批,宠物医疗技术,平稳,两段均未超过置换阈值,11,-0.0359,0.0671,否,0.73,11,+0.0323,0.0524,否,0.73,-0.0035,-0.0590,-0.0505,13,12,19,+6,普通公办:8个/+2.2% 民办:3个/+7.8%
历史学科类,专科批,数字媒体技术,平稳,两段均未超过置换阈值,21,+0.0060,0.0485,否,0.57,34,-0.0081,0.0292,否,0.59,-0.0022,-0.0171,-0.0910,29,41,45,+16,普通公办:24个/-1.5% 民办:10个/+9.2%
历史学科类,专科批,食品智能加工技术,平稳,两段均未超过置换阈值,5,+0.0210,0.1142,否,0.80,5,-0.0232,0.0827,否,0.60,-0.0022,-0.0021,-0.1060,6,7,7,+1,普通公办:5个/-2.3%
历史学科类,专科批,机电一体化技术,平稳,两段均未超过置换阈值,19,-0.0099,0.0511,否,0.58,30,+0.0080,0.0317,否,0.57,-0.0019,-0.0330,-0.0748,25,32,53,+28,普通公办:24个/-0.2% 民办:6个/+4.3%
历史学科类,专科批,工业机器人技术,平稳,两段均未超过置换阈值,14,+0.0069,0.0593,否,0.57,14,-0.0082,0.0466,否,0.64,-0.0014,-0.0162,-0.0910,20,19,20,+0,普通公办:13个/-0.8% 民办:1个/-0.9%
历史学科类,专科批,医学检验技术,平稳,两段均未超过置换阈值,14,-0.0468,0.0593,否,0.64,13,+0.0480,0.0482,否,0.69,+0.0012,-0.0699,-0.0348,16,18,20,+4,普通公办:9个/+2.5% 民办:4个/+32.3%
历史学科类,本科批,跨境电子商务,平稳,两段均未超过置换阈值,7,-0.0693,0.0769,否,0.86,9,-0.0716,0.0856,否,0.78,-0.1409,-0.0375,-0.0487,12,10,16,+4,普通公办:4个/-5.8% 民办:5个/-12.0%
历史学科类,本科批,供应链管理,平稳,两段均未超过置换阈值,9,-0.0338,0.0663,否,0.89,10,-0.0807,0.0812,否,0.90,-0.1145,-0.0019,-0.0579,12,14,16,+4,普通公办:4个/-9.4% 民办:6个/-6.7%
历史学科类,本科批,文物与博物馆学,平稳,两段均未超过置换阈值,6,+0.0505,0.0845,否,0.83,7,+0.0552,0.0994,否,1.00,+0.1057,+0.0824,+0.0781,6,10,9,+3,985:1个/+4.1% 普通公办:5个/+9.7% 民办:1个/+5.5%
历史学科类,本科批,酒店管理,平稳,两段均未超过置换阈值,14,-0.0313,0.0522,否,0.71,11,-0.0621,0.0772,否,0.73,-0.0934,+0.0006,-0.0392,18,16,12,-6,211:1个/+11.0% 普通公办:10个/-6.8%
历史学科类,本科批,互联网金融,平稳,两段均未超过置换阈值,7,-0.0232,0.0769,否,0.57,6,-0.0664,0.1097,否,1.00,-0.0896,+0.0086,-0.0435,8,10,7,-1,普通公办:2个/-6.6% 民办:4个/-7.9%
历史学科类,本科批,电子商务,平稳,两段均未超过置换阈值,19,-0.0308,0.0446,否,0.68,16,-0.0475,0.0632,否,0.75,-0.0783,+0.0010,-0.0246,43,29,23,-20,普通公办:8个/-6.1% 民办:8个/-3.8%
历史学科类,本科批,马克思主义理论,平稳,两段均未超过置换阈值,5,+0.0468,0.0935,否,0.60,10,+0.0301,0.0812,否,0.60,+0.0770,+0.0787,+0.0530,7,11,12,+5,211:4个/+4.0% 985:1个/+22.4% 普通公办:5个/+1.8%
历史学科类,本科批,城乡规划,平稳,两段均未超过置换阈值,7,+0.0008,0.0769,否,0.57,10,-0.0736,0.0812,否,0.70,-0.0728,+0.0327,-0.0507,16,20,14,-2,985:1个/+3.4% 普通公办:8个/-9.5% 民办:1个/+4.1%
历史学科类,本科批,健康服务与管理,平稳,两段均未超过置换阈值,13,-0.0301,0.0542,否,0.69,22,-0.0420,0.0535,否,0.82,-0.0722,+0.0017,-0.0192,19,26,27,+8,普通公办:12个/-2.7% 民办:10个/-6.3%
历史学科类,本科批,阿拉伯语,平稳,两段均未超过置换阈值,5,-0.0389,0.0935,否,0.80,6,-0.0290,0.1097,否,0.67,-0.0679,-0.0070,-0.0062,5,7,6,+1,普通公办:4个/+0.9% 民办:2个/-8.1%
历史学科类,本科批,知识产权,平稳,两段均未超过置换阈值,9,+0.0289,0.0663,否,0.56,10,+0.0365,0.0812,否,0.70,+0.0654,+0.0608,+0.0593,11,12,18,+7,985:1个/+18.1% 普通公办:7个/+4.2% 民办:2个/-0.7%
历史学科类,本科批,中国少数民族语言文学,平稳,两段均未超过置换阈值,5,+0.0256,0.0935,否,0.80,5,-0.0884,0.1218,否,0.80,-0.0628,+0.0575,-0.0655,5,10,10,+5,普通公办:5个/-8.8%
历史学科类,本科批,财政学,平稳,两段均未超过置换阈值,13,+0.0441,0.0542,否,0.62,11,+0.0182,0.0772,否,0.64,+0.0623,+0.0760,+0.0410,14,13,14,+0,211:1个/+12.3% 普通公办:9个/+1.8% 民办:1个/-7.3%
历史学科类,本科批,文化产业管理,平稳,两段均未超过置换阈值,15,-0.0287,0.0504,否,0.67,12,-0.0330,0.0735,否,0.75,-0.0617,+0.0032,-0.0101,19,19,15,-4,985:1个/-1.5% 普通公办:8个/-7.6% 民办:3个/-2.7%
历史学科类,本科批,行政管理,平稳,两段均未超过置换阈值,32,+0.0318,0.0339,否,0.75,35,+0.0294,0.0426,否,0.63,+0.0612,+0.0636,+0.0523,46,48,46,+0,211:9个/+7.4% 双一流:1个/-1.2% 普通公办:22个/+2.4% 民办:3个/-5.6%
历史学科类,本科批,市场营销,平稳,两段均未超过置换阈值,42,-0.0205,0.0289,否,0.69,34,-0.0394,0.0433,否,0.79,-0.0599,+0.0113,-0.0165,65,58,43,-22,211:1个/+32.4% 985:1个/+5.7% 普通公办:24个/-3.8% 民办:8个/-5.6%
历史学科类,本科批,保险学,平稳,两段均未超过置换阈值,10,-0.0136,0.0626,否,0.60,12,-0.0458,0.0735,否,0.75,-0.0594,+0.0182,-0.0230,14,15,16,+2,211:2个/+4.8% 985:1个/-16.3% 普通公办:8个/-4.6% 民办:1个/-7.5%
历史学科类,本科批,风景园林,平稳,两段均未超过置换阈值,11,+0.0345,0.0593,否,0.64,11,+0.0225,0.0772,否,0.73,+0.0570,+0.0663,+0.0453,18,16,12,-6,211:4个/+28.7% 普通公办:6个/+2.2% 民办:1个/-9.6%
历史学科类,本科批,地理信息科学,平稳,两段均未超过置换阈值,6,+0.0232,0.0845,否,0.67,6,+0.0310,0.1097,否,0.50,+0.0543,+0.0551,+0.0539,7,7,7,+0,211:1个/+8.9% 普通公办:5个/-2.7%
历史学科类,本科批,编辑出版学,平稳,两段均未超过置换阈值,6,+0.0137,0.0845,否,0.50,7,+0.0396,0.0994,否,0.71,+0.0534,+0.0456,+0.0625,6,8,8,+2,211:1个/+4.0% 985:2个/+7.2% 普通公办:4个/+5.2%
历史学科类,本科批,资产评估,平稳,两段均未超过置换阈值,11,+0.0159,0.0593,否,0.55,6,+0.0337,0.1097,否,0.50,+0.0496,+0.0478,+0.0565,12,12,7,-5,普通公办:3个/+9.5% 民办:3个/-12.9%
历史学科类,本科批,法语,平稳,两段均未超过置换阈值,11,-0.0206,0.0593,否,0.55,13,-0.0290,0.0707,否,0.54,-0.0495,+0.0113,-0.0061,18,16,15,-3,211:3个/+2.5% 普通公办:7个/+0.2% 民办:3个/-7.4%
历史学科类,本科批,德语,平稳,两段均未超过置换阈值,16,-0.0090,0.0487,否,0.62,15,-0.0400,0.0655,否,0.67,-0.0490,+0.0229,-0.0172,18,17,16,-2,211:4个/+3.7% 985:1个/-4.0% 双一流:1个/+12.6% 普通公办:4个/-4.1% 民办:5个/-9.5%
历史学科类,本科批,艺术史论,平稳,两段均未超过置换阈值,5,+0.0016,0.0935,否,0.60,5,+0.0306,0.1218,否,0.60,+0.0322,+0.0334,+0.0535,8,6,5,-3,双一流:2个/+47.9% 普通公办:3个/-2.7%
历史学科类,本科批,传播学,平稳,两段均未超过置换阈值,24,+0.0318,0.0404,否,0.54,23,+0.0003,0.0522,否,0.52,+0.0320,+0.0636,+0.0231,31,31,26,-5,211:2个/-15.4% 985:4个/+4.1% 双一流:1个/+14.2% 普通公办:13个/+0.0% 民办:3个/-13.0%
历史学科类,本科批,档案学,平稳,两段均未超过置换阈值,5,+0.0239,0.0935,否,0.80,6,+0.0042,0.1097,否,0.50,+0.0281,+0.0558,+0.0271,6,6,8,+2,211:2个/+4.6% 普通公办:4个/-4.6%
历史学科类,本科批,广播电视编导,平稳,两段均未超过置换阈值,21,-0.0010,0.0428,否,0.52,24,-0.0192,0.0511,否,0.54,-0.0203,+0.0308,+0.0036,30,31,31,+1,211:3个/+4.0% 普通公办:18个/-1.9% 民办:3个/-5.8%
历史学科类,本科批,经济学,平稳,两段均未超过置换阈值,52,-0.0128,0.0258,否,0.60,56,+0.0325,0.0333,否,0.62,+0.0197,+0.0191,+0.0554,66,66,63,-3,211:5个/+6.9% 985:7个/+2.6% 双一流:2个/+8.9% 普通公办:36个/+4.5% 民办:6个/-4.8%
历史学科类,本科批,农林经济管理,平稳,两段均未超过置换阈值,11,+0.0079,0.0593,否,0.55,11,+0.0110,0.0772,否,0.64,+0.0189,+0.0398,+0.0339,14,12,14,+0,211:3个/+1.6% 普通公办:8个/-0.7%
历史学科类,本科批,秘书学,平稳,两段均未超过置换阈值,5,+0.0216,0.0935,否,0.60,5,-0.0337,0.1218,否,0.60,-0.0121,+0.0535,-0.0109,10,8,7,-3,普通公办:4个/-1.2% 民办:1个/-5.6%
历史学科类,本科批,金融学,平稳,两段均未超过置换阈值,82,-0.0171,0.0210,否,0.63,76,+0.0065,0.0289,否,0.51,-0.0106,+0.0148,+0.0294,105,109,96,-9,211:6个/+15.4% 985:2个/+35.1% 普通公办:47个/+2.9% 民办:21个/-8.8%
历史学科类,本科批,应用心理学,平稳,两段均未超过置换阈值,12,+0.0252,0.0563,否,0.67,17,-0.0148,0.0611,否,0.53,+0.0104,+0.0570,+0.0081,19,21,21,+2,双一流:1个/-15.6% 普通公办:10个/+2.3% 民办:6个/-1.8%
历史学科类,本科批,翻译,平稳,两段均未超过置换阈值,25,+0.0154,0.0397,否,0.60,24,-0.0051,0.0511,否,0.50,+0.0103,+0.0473,+0.0178,45,36,32,-13,211:2个/+5.0% 985:1个/+3.5% 普通公办:17个/+0.5% 民办:4个/-5.6%
历史学科类,本科批,少数民族预科班,平稳,两段均未超过置换阈值,14,-0.0123,0.0522,否,0.50,13,+0.0225,0.0707,否,0.54,+0.0102,+0.0196,+0.0453,14,14,13,-1,211:2个/-12.8% 985:1个/+26.2% 普通公办:10个/+3.3%
历史学科类,本科批,广播电视学,平稳,两段均未超过置换阈值,10,+0.0121,0.0626,否,0.50,9,-0.0200,0.0856,否,0.78,-0.0079,+0.0440,+0.0028,19,12,13,-6,985:1个/+7.8% 普通公办:6个/-1.4% 民办:2个/-8.5%
历史学科类,本科批,公共事业管理,平稳,两段均未超过置换阈值,31,-0.0278,0.0346,否,0.58,31,+0.0201,0.0453,否,0.68,-0.0077,+0.0040,+0.0430,44,39,42,-2,211:3个/+5.7% 985:3个/+3.2% 普通公办:23个/+1.5% 民办:2个/-8.3%
历史学科类,本科批,经济与金融,平稳,两段均未超过置换阈值,7,+0.0141,0.0769,否,0.71,7,-0.0067,0.0994,否,0.71,+0.0075,+0.0460,+0.0162,10,8,7,-3,211:1个/-0.2% 普通公办:5个/-0.7% 民办:1个/-7.5%
历史学科类,本科批,网络与新媒体,平稳,两段均未超过置换阈值,52,+0.0224,0.0258,否,0.65,55,-0.0285,0.0336,否,0.67,-0.0061,+0.0543,-0.0057,64,69,70,+6,211:7个/+2.4% 985:2个/+3.2% 普通公办:27个/-1.9% 民办:19个/-7.7%
历史学科类,本科批,工商管理,平稳,两段均未超过置换阈值,80,-0.0106,0.0212,否,0.56,81,+0.0162,0.0280,否,0.57,+0.0056,+0.0213,+0.0391,120,114,105,-15,211:12个/+5.3% 985:6个/+16.6% 双一流:1个/-1.2% 普通公办:47个/+1.6% 民办:15个/-6.6%
历史学科类,本科批,广告学,平稳,两段均未超过置换阈值,19,+0.0175,0.0446,否,0.68,14,-0.0231,0.0680,否,0.64,-0.0056,+0.0494,-0.0002,27,23,20,-7,211:3个/-0.8% 普通公办:7个/-3.6% 民办:4个/-5.8%
历史学科类,本科批,人力资源管理,平稳,两段均未超过置换阈值,53,+0.0239,0.0256,否,0.60,48,-0.0190,0.0359,否,0.60,+0.0049,+0.0558,+0.0038,90,72,62,-28,211:6个/+1.5% 985:3个/+8.6% 普通公办:25个/-1.3% 民办:14个/-5.7%
历史学科类,本科批,俄语,平稳,两段均未超过置换阈值,59,+0.0199,0.0245,否,0.61,50,-0.0163,0.0350,否,0.58,+0.0035,+0.0517,+0.0065,74,70,64,-10,211:7个/+1.1% 985:1个/+2.0% 双一流:1个/+7.1% 普通公办:34个/-1.6% 民办:7个/-5.0%
历史学科类,本科批,艺术管理,平稳,两段均未超过置换阈值,7,+0.0081,0.0769,否,0.57,6,-0.0054,0.1097,否,0.50,+0.0027,+0.0400,+0.0175,7,9,10,+3,双一流:1个/+6.3% 普通公办:4个/-5.1% 民办:1个/+23.6%
历史学科类,本科批,英语,平稳,两段均未超过置换阈值,158,-0.0004,0.0146,否,0.50,183,-0.0021,0.0182,否,0.51,-0.0025,+0.0314,+0.0208,257,231,233,-24,211:20个/+4.5% 985:6个/+0.7% 双一流:3个/-0.9% 普通公办:109个/+3.8% 民办:45个/-6.5%
历史学科类,本科批,社会工作,平稳,两段均未超过置换阈值,38,+0.0273,0.0305,否,0.63,42,-0.0294,0.0387,否,0.67,-0.0021,+0.0591,-0.0065,47,51,49,+2,211:5个/+4.0% 985:3个/-1.8% 普通公办:32个/-5.0% 民办:2个/-5.9%
物理学科类,专科批,通用航空器维修,平稳,两段均未超过置换阈值,5,-0.0296,0.0415,否,0.80,5,-0.0387,0.0429,否,0.80,-0.0683,-0.0555,-0.0335,5,7,5,+0,普通公办:4个/-4.2% 民办:1个/+1.2%
物理学科类,专科批,食品智能加工技术,平稳,两段均未超过置换阈值,5,+0.0286,0.0415,否,0.80,8,+0.0304,0.0324,否,0.62,+0.0590,+0.0027,+0.0356,7,8,11,+4,普通公办:8个/+3.0%
物理学科类,专科批,园林技术,平稳,两段均未超过置换阈值,6,+0.0180,0.0374,否,0.67,6,+0.0362,0.0388,否,1.00,+0.0542,-0.0079,+0.0414,6,6,7,+1,普通公办:6个/+3.6%
物理学科类,专科批,广告艺术设计,平稳,两段均未超过置换阈值,6,+0.0258,0.0374,否,0.83,5,+0.0235,0.0429,否,0.80,+0.0493,-0.0001,+0.0287,7,7,5,-2,普通公办:4个/+2.7% 民办:1个/-1.8%
物理学科类,专科批,建筑室内设计,平稳,两段均未超过置换阈值,13,+0.0177,0.0242,否,0.77,9,+0.0298,0.0306,否,0.78,+0.0475,-0.0082,+0.0350,16,17,11,-5,普通公办:6个/+4.9% 民办:3个/-1.6%
物理学科类,专科批,油气储运技术,平稳,两段均未超过置换阈值,5,-0.0364,0.0415,否,0.80,7,-0.0063,0.0354,否,0.86,-0.0426,-0.0623,-0.0011,5,7,7,+2,普通公办:7个/-0.6%
物理学科类,专科批,精细化工技术,平稳,两段均未超过置换阈值,6,-0.0328,0.0374,否,0.67,6,-0.0093,0.0388,否,0.67,-0.0422,-0.0588,-0.0041,6,6,7,+1,普通公办:6个/-0.9%
物理学科类,专科批,民航安全技术管理,平稳,两段均未超过置换阈值,7,+0.0010,0.0339,否,0.57,5,-0.0364,0.0429,否,1.00,-0.0354,-0.0249,-0.0312,9,10,7,-2,普通公办:4个/-3.8% 民办:1个/-1.3%
物理学科类,专科批,石油化工技术,平稳,两段均未超过置换阈值,11,-0.0243,0.0263,否,0.73,13,-0.0108,0.0254,否,0.69,-0.0351,-0.0502,-0.0056,11,13,13,+2,普通公办:12个/-0.8% 民办:1个/-2.2%
物理学科类,专科批,畜牧兽医,平稳,两段均未超过置换阈值,9,-0.0290,0.0292,否,1.00,13,-0.0051,0.0254,否,0.62,-0.0341,-0.0549,+0.0001,10,17,17,+7,普通公办:13个/-0.5%
物理学科类,专科批,医学美容技术,平稳,两段均未超过置换阈值,12,+0.0189,0.0250,否,0.58,15,+0.0147,0.0237,否,0.67,+0.0336,-0.0071,+0.0199,14,15,16,+2,普通公办:7个/+0.3% 民办:8个/+3.2%
物理学科类,专科批,口腔医学技术,平稳,两段均未超过置换阈值,10,+0.0184,0.0277,否,0.60,12,+0.0129,0.0264,否,0.58,+0.0312,-0.0075,+0.0181,13,16,16,+3,普通公办:6个/+2.7% 民办:6个/-0.4%
物理学科类,专科批,模具设计与制造,平稳,两段均未超过置换阈值,5,-0.0263,0.0415,否,0.80,6,-0.0043,0.0388,否,0.67,-0.0306,-0.0522,+0.0009,6,8,6,+0,普通公办:5个/-0.6% 民办:1个/-0.2%
物理学科类,专科批,国际邮轮乘务管理,平稳,两段均未超过置换阈值,5,-0.0201,0.0415,否,0.80,7,-0.0096,0.0354,否,0.57,-0.0297,-0.0460,-0.0044,7,7,10,+3,普通公办:4个/+1.8% 民办:3个/-2.0%
物理学科类,专科批,移动互联应用技术,平稳,两段均未超过置换阈值,5,+0.0116,0.0415,否,0.60,5,+0.0180,0.0429,否,1.00,+0.0296,-0.0143,+0.0232,6,7,7,+1,普通公办:5个/+1.8%
物理学科类,专科批,建筑装饰工程技术,平稳,两段均未超过置换阈值,8,+0.0048,0.0309,否,0.50,7,+0.0241,0.0354,否,0.57,+0.0289,-0.0211,+0.0293,12,11,9,-3,普通公办:6个/+2.6% 民办:1个/-2.0%
物理学科类,专科批,园艺技术,平稳,两段均未超过置换阈值,6,+0.0187,0.0374,否,0.67,6,+0.0098,0.0388,否,0.67,+0.0285,-0.0072,+0.0150,7,7,7,+0,普通公办:6个/+1.0%
物理学科类,专科批,金融科技应用,平稳,两段均未超过置换阈值,7,+0.0207,0.0339,否,0.86,6,+0.0071,0.0388,否,0.67,+0.0278,-0.0052,+0.0123,10,8,7,-3,普通公办:5个/+0.8% 民办:1个/-1.8%
物理学科类,专科批,应用化工技术,平稳,两段均未超过置换阈值,11,-0.0182,0.0263,否,0.64,13,-0.0068,0.0254,否,0.77,-0.0250,-0.0441,-0.0016,16,16,19,+3,普通公办:13个/-0.7%
物理学科类,专科批,中医学,平稳,两段均未超过置换阈值,10,+0.0171,0.0277,否,0.60,12,+0.0074,0.0264,否,0.58,+0.0245,-0.0088,+0.0126,11,14,15,+4,普通公办:9个/+0.6% 民办:3个/+4.6%
物理学科类,专科批,智能建造技术,平稳,两段均未超过置换阈值,5,+0.0008,0.0415,否,0.60,10,-0.0238,0.0291,否,0.80,-0.0230,-0.0252,-0.0186,6,11,15,+9,普通公办:10个/-2.4%
物理学科类,专科批,民航运输服务,平稳,两段均未超过置换阈值,6,-0.0279,0.0374,否,0.83,9,+0.0050,0.0306,否,0.78,-0.0229,-0.0538,+0.0102,7,9,10,+3,普通公办:6个/+0.5% 民办:3个/+0.6%
物理学科类,专科批,智能网联汽车技术,平稳,两段均未超过置换阈值,7,-0.0138,0.0339,否,0.71,11,-0.0089,0.0277,否,0.55,-0.0227,-0.0397,-0.0037,10,15,22,+12,普通公办:11个/-0.9%
物理学科类,专科批,机械制造及自动化,平稳,两段均未超过置换阈值,39,-0.0143,0.0147,否,0.67,42,-0.0078,0.0141,否,0.67,-0.0221,-0.0402,-0.0026,51,51,52,+1,普通公办:34个/-0.8% 民办:8个/-1.4%
物理学科类,专科批,食品检验检测技术,平稳,两段均未超过置换阈值,7,+0.0301,0.0339,否,0.86,9,-0.0082,0.0306,否,0.67,+0.0218,+0.0041,-0.0030,10,14,12,+2,普通公办:8个/-0.8% 民办:1个/-2.0%
物理学科类,专科批,旅游管理,平稳,两段均未超过置换阈值,28,+0.0048,0.0177,否,0.61,23,+0.0168,0.0197,否,0.61,+0.0216,-0.0212,+0.0220,39,34,29,-10,普通公办:20个/+1.9% 民办:3个/-1.9%
物理学科类,专科批,社区管理与服务,平稳,两段均未超过置换阈值,9,-0.0062,0.0292,否,0.56,7,+0.0277,0.0354,否,0.86,+0.0216,-0.0321,+0.0329,9,10,7,-2,普通公办:7个/+2.8%
物理学科类,专科批,发电厂及电力系统,平稳,两段均未超过置换阈值,8,-0.0019,0.0309,否,0.50,9,+0.0234,0.0306,否,0.67,+0.0215,-0.0278,+0.0286,8,9,11,+3,普通公办:9个/+2.3%
物理学科类,专科批,电子商务,平稳,两段均未超过置换阈值,37,-0.0125,0.0150,否,0.68,33,-0.0085,0.0160,否,0.52,-0.0210,-0.0384,-0.0033,53,48,46,-7,普通公办:27个/+0.6% 民办:6个/-2.0%
物理学科类,专科批,康复治疗技术,平稳,两段均未超过置换阈值,28,-0.0088,0.0177,否,0.57,31,-0.0116,0.0167,否,0.65,-0.0204,-0.0347,-0.0064,33,37,42,+9,普通公办:24个/-0.7% 民办:7个/-1.6%
物理学科类,专科批,工程测量技术,平稳,两段均未超过置换阈值,11,+0.0064,0.0263,否,0.73,8,+0.0132,0.0324,否,0.88,+0.0197,-0.0195,+0.0184,13,13,10,-3,普通公办:8个/+1.3%
物理学科类,专科批,现代通信技术,平稳,两段均未超过置换阈值,9,+0.0039,0.0292,否,0.78,9,+0.0157,0.0306,否,0.67,+0.0196,-0.0220,+0.0209,11,11,11,+0,普通公办:8个/+2.9% 民办:1个/-2.1%
物理学科类,专科批,早期教育,平稳,两段均未超过置换阈值,5,+0.0248,0.0415,否,0.80,5,-0.0065,0.0429,否,0.60,+0.0182,-0.0012,-0.0013,12,10,9,-3,普通公办:5个/-0.7%
物理学科类,专科批,药学,平稳,两段均未超过置换阈值,19,+0.0116,0.0206,否,0.58,18,+0.0060,0.0214,否,0.56,+0.0175,-0.0143,+0.0112,25,24,24,-1,普通公办:15个/+0.9% 民办:3个/-2.3%
物理学科类,专科批,热能动力工程技术,平稳,两段均未超过置换阈值,9,-0.0061,0.0292,否,0.56,9,+0.0234,0.0306,否,0.89,+0.0173,-0.0320,+0.0286,11,10,9,-2,普通公办:9个/+2.3%
物理学科类,专科批,汽车技术服务与营销,平稳,两段均未超过置换阈值,8,-0.0110,0.0309,否,0.62,6,-0.0060,0.0388,否,0.50,-0.0170,-0.0370,-0.0008,12,9,6,-6,普通公办:5个/+0.7% 民办:1个/-1.9%
物理学科类,专科批,智能控制技术,平稳,两段均未超过置换阈值,17,-0.0113,0.0215,否,0.76,19,-0.0053,0.0211,否,0.74,-0.0166,-0.0372,-0.0001,20,19,27,+7,普通公办:18个/-0.5% 民办:1个/-0.7%
物理学科类,专科批,电子信息工程技术,平稳,两段均未超过置换阈值,9,-0.0042,0.0292,否,0.56,10,-0.0117,0.0291,否,0.70,-0.0159,-0.0301,-0.0065,13,14,17,+4,普通公办:8个/-1.2% 民办:2个/-1.4%
物理学科类,专科批,机电设备技术,平稳,两段均未超过置换阈值,6,+0.0003,0.0374,否,0.50,6,-0.0156,0.0388,否,0.83,-0.0153,-0.0256,-0.0104,6,8,7,+1,普通公办:5个/-1.5% 民办:1个/-1.6%
物理学科类,专科批,城市轨道交通机电技术,平稳,两段均未超过置换阈值,6,-0.0294,0.0374,否,0.83,6,+0.0148,0.0388,否,0.67,-0.0146,-0.0553,+0.0200,7,6,7,+0,普通公办:5个/+1.6% 民办:1个/-1.5%
物理学科类,专科批,医学影像技术,平稳,两段均未超过置换阈值,15,+0.0189,0.0227,否,0.73,14,-0.0043,0.0245,否,0.50,+0.0145,-0.0071,+0.0009,18,21,16,-2,普通公办:10个/-1.7% 民办:4个/+1.0%
物理学科类,专科批,汽车制造与试验技术,平稳,两段均未超过置换阈值,23,+0.0033,0.0194,否,0.61,18,+0.0110,0.0214,否,0.67,+0.0143,-0.0226,+0.0162,23,26,20,-3,普通公办:15个/+1.6% 民办:3个/+0.1%
物理学科类,专科批,城市轨道车辆应用技术,平稳,两段均未超过置换阈值,9,-0.0126,0.0292,否,0.56,7,+0.0264,0.0354,否,0.86,+0.0138,-0.0385,+0.0316,9,14,8,-1,普通公办:6个/+2.8% 民办:1个/+0.8%
物理学科类,专科批,动车组检修技术,平稳,两段均未超过置换阈值,6,-0.0240,0.0374,否,0.83,5,+0.0105,0.0429,否,0.80,-0.0136,-0.0500,+0.0157,6,6,8,+2,普通公办:5个/+1.0%
物理学科类,专科批,中药学,平稳,两段均未超过置换阈值,14,+0.0054,0.0234,否,0.50,13,+0.0080,0.0254,否,0.54,+0.0134,-0.0205,+0.0132,16,19,19,+3,普通公办:9个/+2.2% 民办:4个/-0.1%
物理学科类,专科批,国际经济与贸易,平稳,两段均未超过置换阈值,6,-0.0125,0.0374,否,0.83,5,-0.0006,0.0429,否,0.60,-0.0131,-0.0384,+0.0046,10,8,7,-3,普通公办:4个/-0.3% 民办:1个/+3.1%
物理学科类,专科批,铁道通信与信息化技术,平稳,两段均未超过置换阈值,5,-0.0291,0.0415,否,1.00,5,+0.0162,0.0429,否,0.80,-0.0129,-0.0550,+0.0214,5,6,6,+1,普通公办:5个/+1.6%
物理学科类,专科批,现代物流管理,平稳,两段均未超过置换阈值,33,+0.0005,0.0159,否,0.52,26,+0.0123,0.0187,否,0.65,+0.0128,-0.0254,+0.0175,42,40,36,-6,普通公办:25个/+1.4% 民办:1个/-1.7%
物理学科类,专科批,供用电技术,平稳,两段均未超过置换阈值,10,-0.0104,0.0277,否,0.60,10,-0.0020,0.0291,否,0.70,-0.0124,-0.0363,+0.0032,12,12,12,+0,普通公办:10个/-0.2%
物理学科类,专科批,人工智能技术应用,平稳,两段均未超过置换阈值,25,-0.0053,0.0189,否,0.56,35,-0.0063,0.0153,否,0.60,-0.0116,-0.0312,-0.0011,34,51,61,+27,普通公办:27个/-0.4% 民办:8个/-1.8%
物理学科类,专科批,大数据与会计,平稳,两段均未超过置换阈值,75,+0.0069,0.0107,否,0.59,76,+0.0046,0.0106,否,0.54,+0.0115,-0.0190,+0.0098,101,92,95,-6,普通公办:62个/+0.4% 民办:14个/+1.4%
物理学科类,专科批,烹饪工艺与营养,平稳,两段均未超过置换阈值,5,+0.0039,0.0415,否,0.60,5,-0.0151,0.0429,否,0.60,-0.0113,-0.0221,-0.0099,6,12,7,+1,普通公办:4个/-0.9% 民办:1个/-1.5%
物理学科类,专科批,环境工程技术,平稳,两段均未超过置换阈值,8,+0.0143,0.0309,否,0.75,10,-0.0039,0.0291,否,0.50,+0.0104,-0.0116,+0.0013,11,12,12,+1,普通公办:10个/-0.4%
物理学科类,专科批,石油工程技术,平稳,两段均未超过置换阈值,7,-0.0199,0.0339,否,0.71,7,+0.0100,0.0354,否,0.86,-0.0099,-0.0458,+0.0152,7,7,7,+0,普通公办:7个/+1.0%
物理学科类,专科批,智能制造装备技术,平稳,两段均未超过置换阈值,13,-0.0021,0.0242,否,0.54,14,-0.0070,0.0245,否,0.57,-0.0091,-0.0280,-0.0018,13,14,21,+8,普通公办:13个/-0.7% 民办:1个/-3.2%
物理学科类,专科批,动漫制作技术,平稳,两段均未超过置换阈值,12,-0.0112,0.0250,否,0.58,10,+0.0024,0.0291,否,0.50,-0.0088,-0.0371,+0.0076,14,14,14,+0,普通公办:6个/+4.6% 民办:4个/-2.0%
物理学科类,专科批,数控技术,平稳,两段均未超过置换阈值,23,-0.0102,0.0194,否,0.74,24,+0.0015,0.0194,否,0.50,-0.0087,-0.0361,+0.0067,31,27,33,+2,普通公办:21个/-0.1% 民办:3个/+0.5%
物理学科类,专科批,信息安全技术应用,平稳,两段均未超过置换阈值,18,+0.0050,0.0209,否,0.56,14,+0.0036,0.0245,否,0.57,+0.0085,-0.0209,+0.0088,25,23,25,+0,普通公办:13个/+0.7% 民办:1个/-4.0%
物理学科类,专科批,汽车检测与维修技术,平稳,两段均未超过置换阈值,17,-0.0009,0.0215,否,0.53,18,+0.0093,0.0214,否,0.61,+0.0084,-0.0268,+0.0145,20,25,26,+6,普通公办:15个/+0.5% 民办:3个/+1.3%
物理学科类,专科批,药品经营与管理,平稳,两段均未超过置换阈值,9,-0.0000,0.0292,否,0.56,7,-0.0074,0.0354,否,0.86,-0.0074,-0.0259,-0.0022,12,11,9,-3,普通公办:6个/-0.6% 民办:1个/-1.0%
物理学科类,专科批,网络营销与直播电商,平稳,两段均未超过置换阈值,7,+0.0115,0.0339,否,0.71,8,-0.0042,0.0324,否,0.62,+0.0073,-0.0144,+0.0010,12,11,14,+2,普通公办:5个/+3.3% 民办:3个/-1.7%
物理学科类,专科批,应用电子技术,平稳,两段均未超过置换阈值,9,-0.0034,0.0292,否,0.56,9,-0.0033,0.0306,否,0.56,-0.0067,-0.0293,+0.0019,11,13,12,+1,普通公办:8个/+0.2% 民办:1个/-1.3%
物理学科类,专科批,移动应用开发,平稳,两段均未超过置换阈值,7,-0.0008,0.0339,否,0.57,5,-0.0053,0.0429,否,0.60,-0.0062,-0.0267,-0.0001,8,7,6,-2,普通公办:4个/-0.7% 民办:1个/+5.0%
物理学科类,专科批,智能机器人技术,平稳,两段均未超过置换阈值,5,+0.0085,0.0415,否,0.60,5,-0.0027,0.0429,否,0.80,+0.0058,-0.0174,+0.0025,6,8,8,+2,普通公办:2个/-0.7% 民办:3个/-0.2%
物理学科类,专科批,数字媒体技术,平稳,两段均未超过置换阈值,32,+0.0060,0.0163,否,0.53,44,-0.0114,0.0138,否,0.64,-0.0054,-0.0199,-0.0062,44,56,55,+11,普通公办:31个/-0.6% 民办:13个/-1.7%
物理学科类,专科批,中医康复技术,平稳,两段均未超过置换阈值,7,+0.0026,0.0339,否,0.57,7,-0.0079,0.0354,否,0.57,-0.0053,-0.0233,-0.0027,9,12,9,+0,普通公办:5个/-1.5% 民办:2个/+2.4%
物理学科类,专科批,高速铁路客运服务,平稳,两段均未超过置换阈值,12,+0.0074,0.0250,否,0.58,9,-0.0126,0.0306,否,0.67,-0.0052,-0.0185,-0.0074,14,13,10,-4,普通公办:3个/+0.6% 民办:6个/-1.5%
物理学科类,专科批,空中乘务,平稳,两段均未超过置换阈值,29,+0.0058,0.0173,否,0.55,26,-0.0109,0.0187,否,0.73,-0.0051,-0.0201,-0.0057,40,38,35,-5,普通公办:14个/-0.9% 民办:12个/-1.4%
物理学科类,专科批,计算机网络技术,平稳,两段均未超过置换阈值,33,+0.0011,0.0159,否,0.52,27,-0.0059,0.0183,否,0.67,-0.0049,-0.0248,-0.0007,56,40,42,-14,普通公办:21个/-0.5% 民办:6个/-1.5%
物理学科类,专科批,智慧健康养老服务与管理,平稳,两段均未超过置换阈值,15,-0.0039,0.0227,否,0.60,17,+0.0085,0.0221,否,0.59,+0.0046,-0.0299,+0.0137,19,21,27,+8,普通公办:14个/+1.5% 民办:3个/-1.9%
物理学科类,专科批,新能源汽车检测与维修技术,平稳,两段均未超过置换阈值,9,+0.0143,0.0292,否,0.67,9,-0.0098,0.0306,否,0.56,+0.0045,-0.0116,-0.0046,16,16,14,-2,普通公办:6个/-2.2% 民办:3个/+3.4%
物理学科类,专科批,金融服务与管理,平稳,两段均未超过置换阈值,9,+0.0159,0.0292,否,0.78,8,-0.0204,0.0324,否,0.62,-0.0044,-0.0100,-0.0152,17,11,11,-6,普通公办:6个/-2.0% 民办:2个/+1.2%
物理学科类,专科批,城市轨道交通运营管理,平稳,两段均未超过置换阈值,10,-0.0083,0.0277,否,0.70,7,+0.0124,0.0354,否,0.71,+0.0041,-0.0342,+0.0176,17,12,11,-6,普通公办:5个/+1.2% 民办:2个/+9.6%
物理学科类,专科批,物联网应用技术,平稳,两段均未超过置换阈值,23,-0.0017,0.0194,否,0.52,23,-0.0022,0.0197,否,0.52,-0.0039,-0.0276,+0.0030,28,36,29,+1,普通公办:19个/+1.2% 民办:4个/-2.2%
物理学科类,专科批,大数据技术,平稳,两段均未超过置换阈值,36,+0.0054,0.0151,否,0.58,32,-0.0020,0.0163,否,0.53,+0.0035,-0.0205,+0.0032,52,53,45,-7,普通公办:26个/+0.5% 民办:6个/-1.0%
物理学科类,专科批,宠物医疗技术,平稳,两段均未超过置换阈值,12,-0.0201,0.0250,否,0.83,12,+0.0166,0.0264,否,0.75,-0.0035,-0.0460,+0.0218,13,13,19,+6,普通公办:10个/+1.7% 民办:2个/+3.7%
物理学科类,专科批,婴幼儿托育服务与管理,平稳,两段均未超过置换阈值,7,+0.0025,0.0339,否,0.57,11,+0.0009,0.0277,否,0.55,+0.0034,-0.0234,+0.0061,12,17,17,+5,普通公办:11个/+0.1%
物理学科类,专科批,电力系统自动化技术,平稳,两段均未超过置换阈值,11,-0.0024,0.0263,否,0.73,11,+0.0058,0.0277,否,0.55,+0.0034,-0.0284,+0.0110,12,12,12,+0,普通公办:11个/+0.6%
物理学科类,专科批,工业过程自动化技术,平稳,两段均未超过置换阈值,5,-0.0015,0.0415,否,0.60,6,-0.0020,0.0388,否,0.50,-0.0034,-0.0274,+0.0032,5,6,7,+2,普通公办:6个/-0.2%
物理学科类,专科批,虚拟现实技术应用,平稳,两段均未超过置换阈值,7,+0.0028,0.0339,否,0.57,6,+0.0004,0.0388,否,0.50,+0.0032,-0.0231,+0.0056,9,10,10,+1,普通公办:4个/+3.7% 民办:2个/-1.6%
物理学科类,专科批,铁道信号自动控制,平稳,两段均未超过置换阈值,8,-0.0218,0.0309,否,0.88,9,+0.0249,0.0306,否,0.78,+0.0032,-0.0477,+0.0301,8,10,10,+2,普通公办:9个/+2.5%
物理学科类,专科批,新能源汽车技术,平稳,两段均未超过置换阈值,40,+0.0016,0.0146,否,0.53,47,-0.0047,0.0134,否,0.64,-0.0031,-0.0243,+0.0005,48,59,65,+17,普通公办:34个/-0.4% 民办:13个/-1.7%
物理学科类,专科批,铁道车辆技术,平稳,两段均未超过置换阈值,5,-0.0292,0.0415,否,1.00,6,+0.0315,0.0388,否,0.83,+0.0023,-0.0552,+0.0367,8,6,9,+1,普通公办:6个/+3.2%
物理学科类,专科批,酒店管理与数字化运营,平稳,两段均未超过置换阈值,15,+0.0108,0.0227,否,0.60,13,-0.0089,0.0254,否,0.69,+0.0019,-0.0151,-0.0037,23,24,18,-5,普通公办:11个/-0.8% 民办:2个/-5.1%
物理学科类,专科批,新能源装备技术,平稳,两段均未超过置换阈值,5,+0.0127,0.0415,否,0.60,7,-0.0137,0.0354,否,0.71,-0.0010,-0.0132,-0.0085,7,7,8,+1,普通公办:3个/-2.0% 民办:4个/-1.1%
物理学科类,专科批,软件技术,平稳,两段均未超过置换阈值,43,+0.0104,0.0142,否,0.67,41,-0.0112,0.0143,否,0.63,-0.0008,-0.0156,-0.0060,58,67,56,-2,普通公办:30个/-0.4% 民办:11个/-1.7%
物理学科类,专科批,跨境电子商务,平稳,两段均未超过置换阈值,13,+0.0093,0.0242,否,0.54,10,-0.0101,0.0291,否,0.70,-0.0008,-0.0166,-0.0049,22,14,11,-11,普通公办:8个/-0.3% 民办:2个/-4.5%
物理学科类,专科批,铁道工程技术,平稳,两段均未超过置换阈值,11,-0.0189,0.0263,否,0.73,10,+0.0196,0.0291,否,0.80,+0.0007,-0.0448,+0.0248,14,13,13,-1,普通公办:9个/+2.1% 民办:1个/+0.7%
物理学科类,专科批,大数据与财务管理,平稳,两段均未超过置换阈值,13,-0.0056,0.0242,否,0.62,13,+0.0054,0.0254,否,0.54,-0.0002,-0.0315,+0.0106,16,17,17,+1,普通公办:11个/+0.5% 民办:2个/+0.8%
物理学科类,本科批,探测制导与控制技术,平稳,两段均未超过置换阈值,6,-0.0687,0.0698,否,1.00,7,-0.0504,0.0697,否,0.57,-0.1191,-0.0463,-0.0327,7,9,8,+1,211:1个/+4.7% 985:2个/+6.2% 普通公办:4个/-5.9%
物理学科类,本科批,中医骨伤科学,平稳,两段均未超过置换阈值,8,+0.0489,0.0570,否,0.62,8,+0.0538,0.0628,否,0.88,+0.1028,+0.0713,+0.0716,9,9,10,+1,211:1个/+18.7% 普通公办:7个/+5.0%
物理学科类,本科批,海洋技术,平稳,两段均未超过置换阈值,7,-0.0396,0.0629,否,0.57,7,-0.0573,0.0697,否,1.00,-0.0968,-0.0172,-0.0395,9,8,8,-1,211:2个/-6.3% 985:1个/-5.7% 普通公办:4个/-5.0%
物理学科类,本科批,智能感知工程,平稳,两段均未超过置换阈值,7,-0.0404,0.0629,否,0.71,9,-0.0564,0.0588,否,0.78,-0.0968,-0.0181,-0.0386,7,9,15,+8,普通公办:8个/-7.3% 民办:1个/+4.3%
物理学科类,本科批,复合材料与工程,平稳,两段均未超过置换阈值,11,-0.0410,0.0493,否,0.91,10,-0.0505,0.0552,否,0.90,-0.0915,-0.0186,-0.0327,12,15,14,+2,双一流:1个/-6.3% 普通公办:9个/-5.0%
物理学科类,本科批,人文地理与城乡规划,平稳,两段均未超过置换阈值,8,+0.0550,0.0570,否,0.88,10,+0.0325,0.0552,否,0.80,+0.0875,+0.0774,+0.0502,15,12,13,-2,211:4个/-1.2% 985:1个/+1.9% 普通公办:4个/+11.8% 民办:1个/+2.5%
物理学科类,本科批,纺织工程,平稳,两段均未超过置换阈值,12,-0.0464,0.0472,否,0.92,13,-0.0408,0.0471,否,0.85,-0.0872,-0.0240,-0.0230,16,16,22,+6,211:1个/-6.4% 双一流:1个/+2.7% 普通公办:10个/-4.4% 民办:1个/+4.4%
物理学科类,本科批,德语,平稳,两段均未超过置换阈值,7,+0.0516,0.0629,否,0.57,8,+0.0334,0.0628,否,0.62,+0.0850,+0.0740,+0.0511,9,8,8,-1,211:1个/-4.4% 普通公办:4个/+1.1% 民办:3个/+6.0%
物理学科类,本科批,能源经济,平稳,两段均未超过置换阈值,5,+0.0739,0.0779,否,0.60,6,+0.0062,0.0776,否,0.50,+0.0801,+0.0963,+0.0240,5,6,7,+2,普通公办:5个/-2.6% 民办:1个/+5.1%
物理学科类,本科批,冶金工程,平稳,两段均未超过置换阈值,8,-0.0500,0.0570,否,1.00,8,-0.0295,0.0628,否,0.75,-0.0795,-0.0276,-0.0118,10,10,10,+0,普通公办:8个/-2.9%
物理学科类,本科批,包装工程,平稳,两段均未超过置换阈值,6,-0.0285,0.0698,否,1.00,5,-0.0476,0.0870,否,0.80,-0.0760,-0.0061,-0.0298,9,7,7,-2,普通公办:5个/-4.8%
物理学科类,本科批,服装设计与工程,平稳,两段均未超过置换阈值,6,-0.0566,0.0698,否,0.83,6,-0.0148,0.0776,否,0.83,-0.0714,-0.0342,+0.0029,7,7,7,+0,普通公办:6个/-1.5%
物理学科类,本科批,卫生检验与检疫,平稳,两段均未超过置换阈值,9,+0.0486,0.0541,否,0.78,12,+0.0213,0.0489,否,0.67,+0.0698,+0.0710,+0.0390,9,13,12,+3,双一流:1个/-2.2% 普通公办:10个/+2.1% 民办:1个/+2.8%
物理学科类,本科批,药事管理,平稳,两段均未超过置换阈值,6,+0.0268,0.0698,否,0.83,6,+0.0428,0.0776,否,0.67,+0.0696,+0.0492,+0.0605,8,7,6,-2,211:1个/+29.0% 普通公办:1个/+5.6% 民办:4个/+0.9%
物理学科类,本科批,智能采矿工程,平稳,两段均未超过置换阈值,9,-0.0385,0.0541,否,0.78,7,-0.0291,0.0697,否,0.71,-0.0676,-0.0161,-0.0114,9,10,9,+0,211:1个/+0.0% 普通公办:6个/-3.5%
物理学科类,本科批,材料物理,平稳,两段均未超过置换阈值,8,-0.0417,0.0570,否,0.75,8,-0.0230,0.0628,否,0.62,-0.0647,-0.0193,-0.0052,8,10,11,+3,211:1个/+31.2% 985:2个/+2.5% 普通公办:5个/-2.8%
物理学科类,本科批,法语,平稳,两段均未超过置换阈值,11,+0.0179,0.0493,否,0.64,12,+0.0464,0.0489,否,0.67,+0.0643,+0.0403,+0.0641,16,12,15,-1,211:3个/+13.8% 普通公办:5个/+7.2% 民办:4个/-0.2%
物理学科类,本科批,药物分析,平稳,两段均未超过置换阈值,6,+0.0399,0.0698,否,0.83,5,+0.0218,0.0870,否,0.60,+0.0617,+0.0623,+0.0396,7,6,7,+0,普通公办:5个/+2.2%
物理学科类,本科批,烹饪与营养教育,平稳,两段均未超过置换阈值,5,-0.0275,0.0779,否,0.80,5,-0.0340,0.0870,否,0.60,-0.0615,-0.0051,-0.0163,6,6,5,-1,普通公办:4个/-6.1% 民办:1个/+3.7%
物理学科类,本科批,生态学,平稳,两段均未超过置换阈值,10,+0.0435,0.0516,否,0.80,12,+0.0161,0.0489,否,0.67,+0.0596,+0.0659,+0.0338,11,13,12,+1,211:4个/+0.1% 普通公办:8个/+1.6%
物理学科类,本科批,文化产业管理,平稳,两段均未超过置换阈值,6,+0.0619,0.0698,否,0.83,6,-0.0024,0.0776,否,0.50,+0.0595,+0.0843,+0.0153,6,6,7,+1,普通公办:2个/+1.6% 民办:4个/-0.2%
物理学科类,本科批,中药资源与开发,平稳,两段均未超过置换阈值,9,+0.0128,0.0541,否,0.67,10,+0.0450,0.0552,否,0.80,+0.0578,+0.0352,+0.0627,11,11,11,+0,双一流:3个/+7.7% 普通公办:6个/+4.3% 民办:1个/+3.6%
物理学科类,本科批,勘查技术与工程,平稳,两段均未超过置换阈值,15,-0.0330,0.0416,否,0.67,12,-0.0234,0.0489,否,0.83,-0.0564,-0.0106,-0.0057,19,16,16,-3,985:1个/-14.3% 双一流:1个/-9.8% 普通公办:10个/-2.3%
物理学科类,本科批,广告学,平稳,两段均未超过置换阈值,10,+0.0437,0.0516,否,0.80,10,+0.0119,0.0552,否,0.60,+0.0556,+0.0661,+0.0296,18,13,11,-7,211:2个/+13.5% 普通公办:6个/+0.1% 民办:2个/+0.3%
物理学科类,本科批,材料化学,平稳,两段均未超过置换阈值,13,-0.0239,0.0452,否,0.62,11,-0.0281,0.0519,否,0.91,-0.0520,-0.0015,-0.0104,18,16,14,-4,211:1个/+5.2% 普通公办:9个/-3.0% 民办:1个/-0.8%
物理学科类,本科批,网络与新媒体,平稳,两段均未超过置换阈值,25,+0.0225,0.0313,否,0.68,29,+0.0292,0.0313,否,0.62,+0.0516,+0.0449,+0.0469,33,37,38,+5,211:1个/-9.6% 普通公办:12个/+0.6% 民办:16个/+4.1%
物理学科类,本科批,互联网金融,平稳,两段均未超过置换阈值,9,+0.0189,0.0541,否,0.67,5,+0.0326,0.0870,否,0.80,+0.0515,+0.0413,+0.0503,11,9,6,-5,普通公办:1个/-7.7% 民办:4个/+3.9%
物理学科类,本科批,木材科学与工程,平稳,两段均未超过置换阈值,8,-0.0427,0.0570,否,0.75,7,-0.0061,0.0697,否,0.57,-0.0488,-0.0203,+0.0117,9,11,11,+2,211:2个/-7.6% 985:1个/-0.6% 普通公办:4个/+1.5%
物理学科类,本科批,劳动与社会保障,平稳,两段均未超过置换阈值,14,+0.0075,0.0433,否,0.57,8,+0.0387,0.0628,否,0.88,+0.0462,+0.0299,+0.0564,23,16,13,-10,211:1个/+4.5% 普通公办:7个/+3.2%
物理学科类,本科批,海洋资源与环境,平稳,两段均未超过置换阈值,5,-0.0364,0.0779,否,0.60,5,-0.0093,0.0870,否,0.60,-0.0457,-0.0140,+0.0084,6,7,8,+2,211:1个/+1.2% 985:1个/+3.0% 普通公办:3个/-2.0%
物理学科类,本科批,农林经济管理,平稳,两段均未超过置换阈值,11,+0.0302,0.0493,否,0.73,9,+0.0153,0.0588,否,0.56,+0.0455,+0.0526,+0.0331,11,13,11,+0,211:3个/+1.6% 985:1个/-17.4% 普通公办:5个/+1.5%
物理学科类,本科批,智慧农业,平稳,两段均未超过置换阈值,14,-0.0260,0.0433,否,0.71,15,-0.0189,0.0439,否,0.73,-0.0449,-0.0036,-0.0011,15,16,22,+7,211:4个/-2.7% 985:1个/-4.6% 普通公办:10个/-1.2%
物理学科类,本科批,口腔医学技术,平稳,两段均未超过置换阈值,6,+0.0262,0.0698,否,0.67,8,+0.0182,0.0628,否,0.75,+0.0444,+0.0486,+0.0359,6,10,10,+4,普通公办:2个/+3.9% 民办:6个/+0.4%
物理学科类,本科批,智慧交通,平稳,两段均未超过置换阈值,7,+0.0236,0.0629,否,0.57,7,+0.0207,0.0697,否,0.71,+0.0443,+0.0460,+0.0384,9,8,12,+3,211:1个/-2.8% 普通公办:4个/+2.8% 民办:2个/+5.5%
物理学科类,本科批,审计学,平稳,两段均未超过置换阈值,25,+0.0158,0.0313,否,0.64,25,+0.0273,0.0340,否,0.80,+0.0430,+0.0382,+0.0450,27,29,33,+6,211:2个/+7.1% 普通公办:9个/+7.3% 民办:14个/+2.4%
物理学科类,本科批,广播电视编导,平稳,两段均未超过置换阈值,8,+0.0009,0.0570,否,0.50,11,+0.0405,0.0519,否,0.73,+0.0414,+0.0233,+0.0582,12,15,13,+1,211:1个/+25.5% 普通公办:7个/+1.0% 民办:3个/+6.3%
物理学科类,本科批,药物制剂,平稳,两段均未超过置换阈值,18,+0.0097,0.0370,否,0.61,17,+0.0315,0.0410,否,0.71,+0.0412,+0.0321,+0.0492,18,22,17,-1,211:2个/-15.2% 普通公办:14个/+3.7% 民办:1个/-3.8%
物理学科类,本科批,设施农业科学与工程,平稳,两段均未超过置换阈值,9,-0.0305,0.0541,否,0.89,8,-0.0091,0.0628,否,0.88,-0.0396,-0.0081,+0.0086,10,11,9,-1,211:1个/-5.4% 985:2个/+6.8% 普通公办:5个/-0.7%
物理学科类,本科批,海洋科学,平稳,两段均未超过置换阈值,13,-0.0253,0.0452,否,0.62,11,-0.0141,0.0519,否,0.64,-0.0393,-0.0029,+0.0037,14,14,14,+0,985:3个/-12.7% 双一流:1个/+0.8% 普通公办:7个/-1.4%
物理学科类,本科批,智能医学工程,平稳,两段均未超过置换阈值,14,-0.0054,0.0433,否,0.57,15,+0.0432,0.0439,否,0.53,+0.0378,+0.0170,+0.0610,16,20,21,+5,211:2个/-4.8% 985:2个/+9.7% 普通公办:7个/+4.3% 民办:4个/+2.7%
物理学科类,本科批,环境科学,平稳,两段均未超过置换阈值,13,-0.0337,0.0452,否,0.77,10,-0.0037,0.0552,否,0.60,-0.0374,-0.0113,+0.0141,19,19,15,-4,211:1个/-6.7% 985:1个/-0.5% 普通公办:8个/-0.1%
物理学科类,本科批,数据计算及应用,平稳,两段均未超过置换阈值,6,+0.0534,0.0698,否,0.67,9,-0.0159,0.0588,否,0.78,+0.0374,+0.0758,+0.0018,6,11,11,+5,普通公办:8个/-2.0% 民办:1个/-0.7%
物理学科类,本科批,医学信息工程,平稳,两段均未超过置换阈值,9,+0.0228,0.0541,否,0.67,10,+0.0145,0.0552,否,0.70,+0.0373,+0.0452,+0.0323,12,11,14,+2,985:1个/+12.4% 普通公办:7个/+0.8% 民办:2个/+0.4%
物理学科类,本科批,虚拟现实技术,平稳,两段均未超过置换阈值,8,+0.0253,0.0570,否,0.75,11,+0.0114,0.0519,否,0.55,+0.0367,+0.0477,+0.0292,12,12,16,+4,普通公办:3个/-0.9% 民办:8个/+1.4%
物理学科类,本科批,医学影像技术,平稳,两段均未超过置换阈值,34,+0.0168,0.0266,否,0.71,37,+0.0198,0.0270,否,0.78,+0.0366,+0.0392,+0.0375,39,37,38,-1,985:1个/+14.1% 普通公办:22个/+3.6% 民办:14个/+0.6%
物理学科类,本科批,环境生态工程,平稳,两段均未超过置换阈值,8,-0.0273,0.0570,否,0.88,10,-0.0091,0.0552,否,0.60,-0.0365,-0.0049,+0.0086,12,13,13,+1,211:1个/+2.3% 普通公办:9个/-1.8%
物理学科类,本科批,工业设计,平稳,两段均未超过置换阈值,35,+0.0212,0.0261,否,0.63,37,+0.0133,0.0270,否,0.54,+0.0345,+0.0436,+0.0310,46,48,45,-1,211:8个/-0.1% 985:3个/-9.0% 普通公办:24个/+1.9% 民办:2个/+2.8%
物理学科类,本科批,种子科学与工程,平稳,两段均未超过置换阈值,7,-0.0083,0.0629,否,0.86,6,-0.0261,0.0776,否,0.83,-0.0344,+0.0141,-0.0084,12,7,8,-4,211:1个/-6.2% 普通公办:5个/-2.3%
物理学科类,本科批,眼视光学,平稳,两段均未超过置换阈值,6,+0.0023,0.0698,否,0.50,8,+0.0315,0.0628,否,1.00,+0.0338,+0.0247,+0.0493,8,8,9,+1,普通公办:4个/+8.3% 民办:4个/+2.5%
物理学科类,本科批,商务英语,平稳,两段均未超过置换阈值,21,+0.0282,0.0343,否,0.67,20,+0.0055,0.0379,否,0.55,+0.0337,+0.0506,+0.0232,34,29,24,-10,211:1个/-2.8% 普通公办:10个/+5.4% 民办:9个/-1.9%
物理学科类,本科批,制药工程,平稳,两段均未超过置换阈值,61,+0.0160,0.0197,否,0.57,66,+0.0176,0.0200,否,0.65,+0.0336,+0.0384,+0.0353,63,71,75,+12,211:10个/+1.0% 985:1个/-9.3% 双一流:3个/-1.2% 普通公办:39个/+1.9% 民办:13个/+4.6%
物理学科类,本科批,国际商务,平稳,两段均未超过置换阈值,12,+0.0398,0.0472,否,0.58,12,-0.0077,0.0489,否,0.58,+0.0321,+0.0622,+0.0101,18,16,13,-5,211:2个/+40.6% 普通公办:9个/-1.2% 民办:1个/-0.4%
物理学科类,本科批,植物保护,平稳,两段均未超过置换阈值,23,-0.0195,0.0328,否,0.65,20,-0.0111,0.0379,否,0.60,-0.0307,+0.0029,+0.0066,26,24,27,+1,211:5个/-4.0% 985:3个/-8.0% 普通公办:12个/+0.8%
物理学科类,本科批,中药制药,平稳,两段均未超过置换阈值,6,+0.0020,0.0698,否,0.50,7,+0.0281,0.0697,否,0.57,+0.0301,+0.0244,+0.0459,7,8,9,+2,211:1个/+3.4% 普通公办:5个/+2.8% 民办:1个/-0.6%
物理学科类,本科批,行政管理,平稳,两段均未超过置换阈值,15,+0.0157,0.0416,否,0.73,14,+0.0141,0.0454,否,0.71,+0.0298,+0.0381,+0.0318,19,19,14,-5,211:1个/-0.7% 普通公办:11个/+2.2% 民办:2个/-1.8%
物理学科类,本科批,建筑电气与智能化,平稳,两段均未超过置换阈值,15,-0.0066,0.0416,否,0.60,15,+0.0364,0.0439,否,0.73,+0.0298,+0.0158,+0.0541,20,17,17,-3,985:1个/-1.0% 普通公办:11个/+3.5% 民办:3个/+6.3%
物理学科类,本科批,数字经济,平稳,两段均未超过置换阈值,35,+0.0226,0.0261,否,0.69,52,+0.0066,0.0228,否,0.54,+0.0292,+0.0450,+0.0243,38,65,83,+45,211:6个/-1.6% 985:1个/+20.6% 普通公办:33个/+1.3% 民办:12个/+0.1%
物理学科类,本科批,公共事业管理,平稳,两段均未超过置换阈值,9,+0.0234,0.0541,否,0.78,8,+0.0051,0.0628,否,0.62,+0.0285,+0.0458,+0.0228,17,15,15,-2,211:1个/+0.9% 普通公办:6个/+1.9% 民办:1个/-12.0%
物理学科类,本科批,农业水利工程,平稳,两段均未超过置换阈值,7,+0.0267,0.0629,否,0.57,6,+0.0016,0.0776,否,0.50,+0.0284,+0.0491,+0.0194,10,8,36,+26,211:1个/-6.7% 普通公办:5个/+0.5%
物理学科类,本科批,测绘工程,平稳,两段均未超过置换阈值,28,-0.0042,0.0296,否,0.54,33,-0.0240,0.0289,否,0.76,-0.0282,+0.0182,-0.0063,37,37,38,+1,普通公办:29个/-2.5% 民办:4个/-1.4%
物理学科类,本科批,信息安全,平稳,两段均未超过置换阈值,21,+0.0188,0.0343,否,0.71,28,+0.0086,0.0319,否,0.54,+0.0274,+0.0412,+0.0263,28,31,35,+7,211:7个/+3.0% 普通公办:16个/+0.5% 民办:5个/-0.4%
物理学科类,本科批,农业资源与环境,平稳,两段均未超过置换阈值,15,-0.0299,0.0416,否,0.73,15,+0.0026,0.0439,否,0.53,-0.0273,-0.0075,+0.0203,17,18,20,+3,211:3个/+4.3% 985:1个/-11.4% 普通公办:10个/-0.6% 民办:1个/+0.3%
物理学科类,本科批,养老服务管理,平稳,两段均未超过置换阈值,5,+0.0004,0.0779,否,0.60,5,+0.0264,0.0870,否,0.80,+0.0268,+0.0228,+0.0441,6,7,10,+4,普通公办:3个/+0.7% 民办:2个/+8.5%
物理学科类,本科批,工程力学,平稳,两段均未超过置换阈值,29,-0.0107,0.0290,否,0.66,31,-0.0144,0.0300,否,0.55,-0.0251,+0.0117,+0.0034,30,35,38,+8,211:9个/-7.7% 985:7个/+3.3% 双一流:1个/+2.6% 普通公办:14个/+0.6%
物理学科类,本科批,化学生物学,平稳,两段均未超过置换阈值,6,-0.0231,0.0698,否,0.67,6,+0.0480,0.0776,否,0.67,+0.0249,-0.0007,+0.0658,7,9,9,+2,211:1个/-4.4% 985:1个/-9.1% 双一流:1个/+6.1% 普通公办:3个/+5.9%
物理学科类,本科批,城乡规划,平稳,两段均未超过置换阈值,25,+0.0242,0.0313,否,0.68,25,-0.0000,0.0340,否,0.52,+0.0242,+0.0466,+0.0177,39,35,31,-8,211:3个/+0.4% 985:2个/+8.2% 普通公办:16个/-1.3% 民办:4个/+4.0%
物理学科类,本科批,环境科学与工程,平稳,两段均未超过置换阈值,19,-0.0151,0.0360,否,0.63,16,-0.0086,0.0424,否,0.62,-0.0237,+0.0073,+0.0092,30,21,25,-5,211:3个/-2.4% 985:3个/+11.3% 普通公办:8个/-2.4% 民办:2个/-0.0%
物理学科类,本科批,遥感科学与技术,平稳,两段均未超过置换阈值,18,-0.0205,0.0370,否,0.67,21,-0.0029,0.0371,否,0.52,-0.0234,+0.0019,+0.0148,20,24,29,+9,211:4个/-2.8% 985:1个/+19.5% 普通公办:16个/-0.6%
物理学科类,本科批,健康服务与管理,平稳,两段均未超过置换阈值,17,+0.0153,0.0384,否,0.71,19,+0.0081,0.0388,否,0.58,+0.0234,+0.0377,+0.0258,19,20,20,+1,普通公办:10个/+0.8% 民办:9个/+0.8%
物理学科类,本科批,土木工程,平稳,两段均未超过置换阈值,158,-0.0115,0.0120,否,0.55,125,-0.0118,0.0141,否,0.62,-0.0233,+0.0109,+0.0060,217,202,157,-60,211:11个/-0.7% 985:2个/-6.8% 双一流:3个/-6.8% 普通公办:89个/-1.1% 民办:20个/-0.9%
物理学科类,本科批,应用气象学,平稳,两段均未超过置换阈值,6,-0.0291,0.0698,否,0.67,8,+0.0058,0.0628,否,0.50,-0.0233,-0.0067,+0.0235,7,8,8,+1,211:1个/-2.3% 985:1个/-2.9% 普通公办:6个/+4.7%
物理学科类,本科批,轨道交通信号与控制,平稳,两段均未超过置换阈值,15,-0.0145,0.0416,否,0.67,12,-0.0083,0.0489,否,0.58,-0.0229,+0.0079,+0.0094,17,17,14,-3,211:1个/-5.7% 普通公办:7个/-4.3% 民办:4个/+2.1%
物理学科类,本科批,铁道工程,平稳,两段均未超过置换阈值,5,-0.0302,0.0779,否,0.80,7,+0.0073,0.0697,否,0.57,-0.0228,-0.0078,+0.0251,5,7,8,+3,211:1个/+8.2% 普通公办:5个/+0.7% 民办:1个/-0.3%
物理学科类,本科批,环境工程,平稳,两段均未超过置换阈值,57,-0.0062,0.0204,否,0.58,65,-0.0161,0.0202,否,0.66,-0.0223,+0.0162,+0.0016,75,85,86,+11,211:6个/+1.8% 双一流:1个/+26.5% 普通公办:56个/-2.1% 民办:2个/+2.6%
物理学科类,本科批,给排水科学与工程,平稳,两段均未超过置换阈值,38,+0.0242,0.0251,否,0.63,41,-0.0020,0.0257,否,0.54,+0.0222,+0.0466,+0.0157,47,44,48,+1,211:4个/-1.6% 普通公办:31个/-0.9% 民办:6个/+1.4%
物理学科类,本科批,水产养殖学,平稳,两段均未超过置换阈值,17,-0.0063,0.0384,否,0.59,17,-0.0159,0.0410,否,0.65,-0.0222,+0.0161,+0.0019,21,22,21,+0,211:2个/-5.2% 985:2个/+2.3% 双一流:1个/+8.6% 普通公办:12个/-1.7%
物理学科类,本科批,大气科学,平稳,两段均未超过置换阈值,7,-0.0274,0.0629,否,0.57,9,+0.0495,0.0588,否,0.67,+0.0222,-0.0050,+0.0673,7,10,12,+5,211:1个/+13.5% 985:1个/-12.6% 普通公办:7个/+5.0%
物理学科类,本科批,碳储科学与工程,平稳,两段均未超过置换阈值,5,+0.0213,0.0779,否,0.80,5,-0.0429,0.0870,否,0.80,-0.0216,+0.0437,-0.0252,5,5,6,+1,211:1个/-22.9% 普通公办:4个/-3.7%
物理学科类,本科批,生物制药,平稳,两段均未超过置换阈值,26,+0.0137,0.0307,否,0.58,29,+0.0078,0.0313,否,0.69,+0.0215,+0.0361,+0.0255,31,31,38,+7,211:2个/+8.2% 985:1个/+4.2% 普通公办:24个/+0.4% 民办:2个/+1.2%
物理学科类,本科批,物流管理,平稳,两段均未超过置换阈值,40,+0.0108,0.0245,否,0.72,36,+0.0105,0.0274,否,0.58,+0.0213,+0.0332,+0.0282,55,50,43,-12,211:4个/-2.6% 985:1个/+1.1% 普通公办:19个/+0.8% 民办:12个/+1.4%
物理学科类,本科批,经济与金融,平稳,两段均未超过置换阈值,9,+0.0219,0.0541,否,0.78,7,-0.0013,0.0697,否,0.57,+0.0206,+0.0443,+0.0165,10,9,8,-2,普通公办:5个/-0.7% 民办:2个/+6.8%
物理学科类,本科批,物流工程,平稳,两段均未超过置换阈值,19,+0.0280,0.0360,否,0.68,23,-0.0077,0.0355,否,0.57,+0.0203,+0.0504,+0.0101,26,25,28,+2,普通公办:17个/-2.0% 民办:6个/+1.0%
物理学科类,本科批,建筑环境与能源应用工程,平稳,两段均未超过置换阈值,48,-0.0058,0.0223,否,0.52,43,-0.0136,0.0251,否,0.63,-0.0194,+0.0166,+0.0041,68,62,50,-18,211:6个/-1.3% 985:1个/+4.7% 普通公办:32个/-1.4% 民办:4个/-2.8%
物理学科类,本科批,工业工程,平稳,两段均未超过置换阈值,29,-0.0108,0.0290,否,0.66,29,+0.0302,0.0313,否,0.59,+0.0194,+0.0116,+0.0479,38,34,31,-7,211:3个/+4.7% 985:1个/-2.5% 双一流:1个/+3.0% 普通公办:23个/+1.5% 民办:1个/+3.4%
物理学科类,本科批,智能车辆工程,平稳,两段均未超过置换阈值,9,+0.0027,0.0541,否,0.56,7,-0.0220,0.0697,否,0.71,-0.0193,+0.0251,-0.0042,9,10,16,+7,985:1个/-3.2% 普通公办:2个/-3.6% 民办:4个/+0.7%
物理学科类,本科批,市场营销,平稳,两段均未超过置换阈值,32,-0.0050,0.0275,否,0.53,32,+0.0236,0.0294,否,0.62,+0.0186,+0.0174,+0.0413,50,42,36,-14,211:2个/+19.1% 985:1个/-6.5% 普通公办:19个/+0.8% 民办:10个/+3.5%
物理学科类,本科批,朝鲜语,平稳,两段均未超过置换阈值,9,-0.0296,0.0541,否,0.67,10,+0.0110,0.0552,否,0.50,-0.0186,-0.0072,+0.0287,11,11,11,+0,211:1个/+12.1% 普通公办:4个/-4.0% 民办:5个/+3.3%
物理学科类,本科批,智能建造,平稳,两段均未超过置换阈值,31,+0.0216,0.0280,否,0.65,43,-0.0031,0.0251,否,0.53,+0.0185,+0.0440,+0.0146,37,57,63,+26,211:2个/+18.6% 985:1个/+9.8% 普通公办:31个/+0.2% 民办:9个/-7.7%
物理学科类,本科批,俄语,平稳,两段均未超过置换阈值,21,+0.0302,0.0343,否,0.90,21,-0.0118,0.0371,否,0.67,+0.0185,+0.0526,+0.0060,25,35,28,+3,211:2个/+4.1% 普通公办:14个/-0.8% 民办:5个/-1.8%
物理学科类,本科批,西班牙语,平稳,两段均未超过置换阈值,6,+0.0017,0.0698,否,0.50,5,-0.0197,0.0870,否,0.60,-0.0179,+0.0241,-0.0019,6,10,8,+2,普通公办:3个/+0.2% 民办:2个/-2.7%
物理学科类,本科批,智能电网信息工程,平稳,两段均未超过置换阈值,9,+0.0237,0.0541,否,0.56,9,-0.0062,0.0588,否,0.89,+0.0175,+0.0461,+0.0115,9,9,15,+6,211:2个/+1.4% 普通公办:6个/-7.3% 民办:1个/-0.6%
物理学科类,本科批,动物科学,平稳,两段均未超过置换阈值,29,+0.0063,0.0290,否,0.55,28,+0.0105,0.0319,否,0.57,+0.0168,+0.0287,+0.0282,34,31,38,+4,211:5个/+2.0% 985:3个/-9.9% 普通公办:19个/+1.1% 民办:1个/+2.5%
物理学科类,本科批,数字媒体技术,平稳,两段均未超过置换阈值,46,+0.0018,0.0228,否,0.52,47,+0.0145,0.0240,否,0.60,+0.0164,+0.0242,+0.0323,50,54,59,+9,211:4个/-11.4% 985:1个/+11.2% 普通公办:21个/+0.5% 民办:21个/+2.2%
物理学科类,本科批,动植物检疫,平稳,两段均未超过置换阈值,5,-0.0069,0.0779,否,0.60,6,+0.0228,0.0776,否,1.00,+0.0159,+0.0155,+0.0405,5,6,7,+2,普通公办:5个/+1.9% 民办:1个/+2.6%
物理学科类,本科批,生物医学工程,平稳,两段均未超过置换阈值,25,-0.0196,0.0313,否,0.56,30,+0.0038,0.0306,否,0.50,-0.0158,+0.0028,+0.0216,31,34,42,+11,211:8个/-5.9% 985:2个/+5.2% 双一流:1个/+5.2% 普通公办:17个/+1.0% 民办:2个/+3.8%
物理学科类,本科批,农学,平稳,两段均未超过置换阈值,19,-0.0201,0.0360,否,0.63,19,+0.0045,0.0388,否,0.58,-0.0156,+0.0023,+0.0222,24,23,24,+0,211:4个/-1.0% 985:2个/+8.1% 普通公办:13个/+0.1%
物理学科类,本科批,园艺,平稳,两段均未超过置换阈值,19,+0.0096,0.0360,否,0.58,20,+0.0054,0.0379,否,0.60,+0.0150,+0.0320,+0.0231,23,25,27,+4,211:3个/+3.1% 985:1个/+14.9% 普通公办:14个/+0.5% 民办:2个/-1.2%
物理学科类,本科批,数据科学与大数据技术,平稳,两段均未超过置换阈值,174,+0.0086,0.0116,否,0.59,178,+0.0057,0.0119,否,0.53,+0.0143,+0.0310,+0.0234,216,231,243,+27,211:19个/+0.9% 985:9个/-6.1% 双一流:3个/+6.7% 普通公办:97个/-0.3% 民办:50个/+1.9%
物理学科类,本科批,生物技术,平稳,两段均未超过置换阈值,55,+0.0027,0.0208,否,0.53,68,+0.0114,0.0197,否,0.62,+0.0141,+0.0251,+0.0291,78,79,85,+7,211:16个/+1.5% 985:5个/-5.7% 普通公办:46个/+1.2% 民办:1个/-4.3%
物理学科类,本科批,通信工程,平稳,两段均未超过置换阈值,125,-0.0101,0.0137,否,0.58,119,-0.0029,0.0144,否,0.51,-0.0130,+0.0123,+0.0148,138,142,143,+5,211:17个/-0.1% 985:3个/-3.0% 双一流:2个/+0.6% 普通公办:72个/-0.7% 民办:25个/+1.3%
物理学科类,本科批,电子信息科学与技术,平稳,两段均未超过置换阈值,36,-0.0107,0.0258,否,0.56,37,-0.0022,0.0270,否,0.54,-0.0129,+0.0117,+0.0155,45,47,52,+7,211:6个/+2.1% 985:2个/+3.2% 普通公办:23个/-1.0% 民办:6个/+1.6%
物理学科类,本科批,质量管理工程,平稳,两段均未超过置换阈值,7,+0.0009,0.0629,否,0.57,9,-0.0136,0.0588,否,0.67,-0.0127,+0.0233,+0.0041,10,9,9,-1,普通公办:7个/-1.4% 民办:2个/+0.2%
物理学科类,本科批,生物信息学,平稳,两段均未超过置换阈值,10,+0.0021,0.0516,否,0.50,11,+0.0106,0.0519,否,0.64,+0.0127,+0.0245,+0.0283,14,15,13,-1,211:3个/-1.0% 985:1个/-11.4% 普通公办:6个/+6.0% 民办:1个/+1.1%
物理学科类,本科批,道路桥梁与渡河工程,平稳,两段均未超过置换阈值,22,+0.0108,0.0335,否,0.59,17,+0.0002,0.0410,否,0.53,+0.0110,+0.0332,+0.0179,28,25,22,-6,211:2个/+8.0% 普通公办:13个/-0.1% 民办:2个/+5.1%
物理学科类,本科批,酒店管理,平稳,两段均未超过置换阈值,10,-0.0008,0.0516,否,0.50,11,-0.0101,0.0519,否,0.64,-0.0109,+0.0216,+0.0077,13,13,14,+1,普通公办:9个/-1.0% 民办:2个/-0.8%
物理学科类,本科批,草业科学,平稳,两段均未超过置换阈值,8,-0.0058,0.0570,否,0.62,8,-0.0047,0.0628,否,0.62,-0.0105,+0.0166,+0.0130,8,9,11,+3,211:1个/-0.7% 985:1个/-4.1% 普通公办:6个/+0.8%
物理学科类,本科批,康复物理治疗,平稳,两段均未超过置换阈值,5,-0.0353,0.0779,否,0.80,5,+0.0249,0.0870,否,0.80,-0.0104,-0.0129,+0.0426,7,5,5,-2,211:1个/+5.3% 普通公办:3个/+1.2% 民办:1个/+2.5%
物理学科类,本科批,港口航道与海岸工程,平稳,两段均未超过置换阈值,13,-0.0063,0.0452,否,0.62,15,-0.0034,0.0439,否,0.53,-0.0097,+0.0161,+0.0144,19,18,18,-1,211:1个/+3.7% 985:1个/-2.9% 普通公办:11个/-0.3% 民办:2个/-1.7%
物理学科类,本科批,光电信息科学与工程,平稳,两段均未超过置换阈值,60,+0.0004,0.0199,否,0.50,57,-0.0101,0.0217,否,0.65,-0.0097,+0.0228,+0.0077,79,79,89,+10,211:11个/-2.9% 985:12个/+1.0% 双一流:3个/-0.7% 普通公办:28个/-1.0% 民办:3个/+0.1%
物理学科类,本科批,生物工程,平稳,两段均未超过置换阈值,49,-0.0118,0.0220,否,0.65,53,+0.0025,0.0225,否,0.53,-0.0093,+0.0106,+0.0203,58,65,63,+5,211:7个/-2.7% 985:3个/-4.8% 普通公办:39个/+0.5% 民办:4个/+0.5%
物理学科类,本科批,旅游管理,平稳,两段均未超过置换阈值,25,+0.0080,0.0313,否,0.56,26,+0.0013,0.0333,否,0.54,+0.0093,+0.0304,+0.0190,40,38,34,-6,211:1个/+20.6% 普通公办:18个/+0.1% 民办:7个/-0.6%
物理学科类,本科批,汽车服务工程,平稳,两段均未超过置换阈值,17,-0.0049,0.0384,否,0.65,11,-0.0034,0.0519,否,0.55,-0.0083,+0.0175,+0.0144,19,19,13,-6,普通公办:4个/-2.6% 民办:7个/+1.9%
物理学科类,本科批,网络空间安全,平稳,两段均未超过置换阈值,31,+0.0021,0.0280,否,0.55,33,-0.0102,0.0289,否,0.76,-0.0082,+0.0245,+0.0075,38,41,44,+6,211:5个/-0.3% 985:4个/-4.0% 双一流:1个/-1.1% 普通公办:21个/-1.0% 民办:2个/-2.2%
物理学科类,本科批,交通工程,平稳,两段均未超过置换阈值,26,+0.0004,0.0307,否,0.54,26,-0.0085,0.0333,否,0.62,-0.0081,+0.0228,+0.0093,32,31,33,+1,211:4个/-6.0% 普通公办:17个/-0.4% 民办:5个/-0.6%
物理学科类,本科批,跨境电子商务,平稳,两段均未超过置换阈值,9,+0.0072,0.0541,否,0.67,12,-0.0003,0.0489,否,0.50,+0.0069,+0.0296,+0.0174,9,14,17,+8,普通公办:3个/-1.5% 民办:9个/+0.3%
物理学科类,本科批,集成电路设计与集成系统,平稳,两段均未超过置换阈值,24,+0.0068,0.0320,否,0.58,25,+0.0000,0.0340,否,0.00,+0.0068,+0.0292,+0.0177,33,45,52,+19,211:7个/+2.6% 985:6个/+1.9% 普通公办:9个/-1.0% 民办:3个/-2.5%
物理学科类,本科批,金融科技,平稳,两段均未超过置换阈值,21,+0.0114,0.0343,否,0.67,22,-0.0052,0.0363,否,0.55,+0.0062,+0.0338,+0.0125,24,29,37,+13,211:2个/-0.0% 985:2个/-5.0% 普通公办:16个/-0.3% 民办:2个/+3.1%
物理学科类,本科批,应急管理,平稳,两段均未超过置换阈值,5,+0.0157,0.0779,否,0.80,7,-0.0217,0.0697,否,0.71,-0.0059,+0.0381,-0.0039,6,8,10,+4,普通公办:7个/-2.2%
物理学科类,本科批,地质工程,平稳,两段均未超过置换阈值,15,+0.0197,0.0416,否,0.53,15,-0.0139,0.0439,否,0.67,+0.0058,+0.0421,+0.0038,18,20,24,+6,211:1个/-3.0% 双一流:2个/-10.8% 普通公办:12个/-1.3%
物理学科类,本科批,土地资源管理,平稳,两段均未超过置换阈值,7,+0.0103,0.0629,否,0.71,12,-0.0045,0.0489,否,0.50,+0.0058,+0.0327,+0.0132,12,15,18,+6,211:1个/+1.7% 985:2个/-0.5% 普通公办:9个/-0.9%
物理学科类,本科批,物联网工程,平稳,两段均未超过置换阈值,71,+0.0020,0.0182,否,0.52,76,+0.0036,0.0185,否,0.57,+0.0057,+0.0244,+0.0214,86,88,85,-1,211:9个/-0.2% 985:2个/-3.2% 普通公办:34个/+0.3% 民办:31个/+0.4%
物理学科类,本科批,地质学,平稳,两段均未超过置换阈值,5,+0.0437,0.0779,否,0.60,6,-0.0381,0.0776,否,0.67,+0.0056,+0.0661,-0.0204,5,8,8,+3,211:1个/-5.4% 普通公办:4个/-4.0% 民办:1个/-2.2%
物理学科类,本科批,电子商务,平稳,两段均未超过置换阈值,35,+0.0137,0.0261,否,0.63,31,-0.0190,0.0300,否,0.65,-0.0053,+0.0361,-0.0012,52,49,37,-15,211:1个/-4.5% 普通公办:19个/-2.4% 民办:11个/+2.0%
物理学科类,本科批,中医康复学,平稳,两段均未超过置换阈值,5,-0.0253,0.0779,否,0.80,7,+0.0305,0.0697,否,0.71,+0.0052,-0.0029,+0.0483,5,7,8,+3,普通公办:7个/+3.1%
物理学科类,本科批,社会工作,平稳,两段均未超过置换阈值,8,+0.0191,0.0570,否,0.88,6,-0.0242,0.0776,否,0.50,-0.0051,+0.0415,-0.0065,12,13,9,-3,普通公办:5个/-5.3% 民办:1个/+5.5%
物理学科类,本科批,林学,平稳,两段均未超过置换阈值,7,-0.0118,0.0629,否,0.57,9,+0.0161,0.0588,否,0.67,+0.0043,+0.0106,+0.0339,11,9,12,+1,211:1个/+0.7% 普通公办:8个/+1.7%
物理学科类,本科批,电子科学与技术,平稳,两段均未超过置换阈值,36,-0.0057,0.0258,否,0.56,43,+0.0083,0.0251,否,0.58,+0.0026,+0.0167,+0.0260,43,48,47,+4,211:7个/+2.8% 985:5个/+4.1% 双一流:1个/-0.7% 普通公办:26个/-0.2% 民办:4个/+1.2%
物理学科类,本科批,网络工程,平稳,两段均未超过置换阈值,40,+0.0004,0.0245,否,0.53,38,-0.0028,0.0267,否,0.53,-0.0023,+0.0228,+0.0150,54,53,46,-8,211:3个/-1.9% 普通公办:21个/-0.5% 民办:14个/+1.9%
物理学科类,本科批,人工智能,平稳,两段均未超过置换阈值,117,+0.0016,0.0142,否,0.53,147,-0.0034,0.0131,否,0.53,-0.0018,+0.0240,+0.0143,136,180,227,+91,211:21个/-0.3% 985:12个/+0.2% 双一流:3个/+7.3% 普通公办:71个/-0.8% 民办:40个/+0.7%
物理学科类,本科批,动物医学,平稳,两段均未超过置换阈值,33,-0.0051,0.0271,否,0.55,31,+0.0067,0.0300,否,0.52,+0.0017,+0.0173,+0.0245,35,37,35,+0,211:7个/-1.4% 985:2个/-11.8% 普通公办:19个/+1.0% 民办:3个/+2.4%
物理学科类,本科批,信息工程,平稳,两段均未超过置换阈值,10,+0.0138,0.0516,否,0.70,11,-0.0146,0.0519,否,0.82,-0.0008,+0.0362,+0.0031,13,14,14,+1,985:4个/-1.8% 普通公办:4个/-3.4% 民办:3个/-0.5%
物理学科类,本科批,智能科学与技术,平稳,两段均未超过置换阈值,32,-0.0004,0.0275,否,0.50,39,-0.0003,0.0264,否,0.51,-0.0007,+0.0220,+0.0174,37,45,52,+15,211:6个/-2.1% 985:1个/+16.1% 普通公办:20个/-0.4% 民办:12个/+2.2%
物理学科类,本科批,供应链管理,平稳,两段均未超过置换阈值,16,-0.0030,0.0399,否,0.56,16,+0.0025,0.0424,否,0.50,-0.0005,+0.0194,+0.0203,17,20,22,+5,211:1个/-11.6% 普通公办:8个/-0.7% 民办:7个/+1.5%
物理学科类,本科批,微电子科学与工程,平稳,两段均未超过置换阈值,22,+0.0069,0.0335,否,0.55,21,-0.0071,0.0371,否,0.57,-0.0003,+0.0293,+0.0106,30,29,41,+11,211:4个/+1.8% 985:5个/+8.1% 双一流:2个/+1.3% 普通公办:8个/-3.5% 民办:2个/-0.7%
历史学科类,专科批,船舶检验,样本不足,配对单元数不足（1 / 1，门槛 5）,1,+0.1076,0.1532,否,1.00,1,+0.2803,0.1079,是,1.00,+0.3879,+0.0845,+0.1975,1,1,1,+0,民办:1个/+28.0%
历史学科类,专科批,产品艺术设计,样本不足,配对单元数不足（1 / 1，门槛 5）,1,+0.2147,0.1532,是,1.00,1,+0.1225,0.1079,是,1.00,+0.3371,+0.1915,+0.0397,1,1,1,+0,民办:1个/+12.2%
历史学科类,专科批,应用日语,样本不足,配对单元数不足（1 / 1，门槛 5）,1,-0.3073,0.1532,是,1.00,1,-0.0186,0.1079,否,1.00,-0.3259,-0.3304,-0.1014,3,3,1,-2,普通公办:1个/-1.9%
历史学科类,专科批,通用航空器维修,样本不足,配对单元数不足（1 / 1，门槛 5）,1,+0.0927,0.1532,否,1.00,1,+0.1911,0.1079,是,1.00,+0.2838,+0.0696,+0.1083,1,2,1,+0,民办:1个/+19.1%
历史学科类,专科批,预防医学,样本不足,配对单元数不足（2 / 1，门槛 5）,2,+0.3095,0.1532,是,1.00,1,-0.0387,0.1079,否,1.00,+0.2709,+0.2864,-0.1215,3,2,2,-1,普通公办:1个/-3.9%
历史学科类,专科批,消防救援技术,样本不足,配对单元数不足（1 / 2，门槛 5）,1,+0.2246,0.1532,是,1.00,2,+0.0405,0.1079,否,1.00,+0.2651,+0.2015,-0.0424,1,3,3,+2,普通公办:1个/+4.0% 民办:1个/+4.1%
历史学科类,专科批,铁道机车车辆制造与维护,样本不足,配对单元数不足（1 / 1，门槛 5）,1,+0.1222,0.1532,否,1.00,1,+0.1304,0.1079,是,1.00,+0.2527,+0.0991,+0.0476,2,1,1,-1,普通公办:1个/+13.0%
历史学科类,专科批,休闲体育,样本不足,配对单元数不足（1 / 2，门槛 5）,1,+0.2632,0.1532,是,1.00,2,-0.0241,0.1079,否,0.50,+0.2391,+0.2401,-0.1069,1,2,3,+2,普通公办:1个/-7.0% 民办:1个/+2.1%
历史学科类,专科批,全媒体广告策划与营销,样本不足,配对单元数不足（4 / 2，门槛 5）,4,+0.1732,0.1312,是,0.75,2,+0.0548,0.1079,否,1.00,+0.2280,+0.1501,-0.0281,4,7,4,+0,普通公办:1个/+5.3% 民办:1个/+5.7%
历史学科类,专科批,工业设计,样本不足,配对单元数不足（1 / 2，门槛 5）,1,+0.2155,0.1532,是,1.00,2,+0.0075,0.1079,否,1.00,+0.2230,+0.1924,-0.0753,1,2,2,+1,普通公办:1个/+0.1% 民办:1个/+1.4%
历史学科类,专科批,分析检验技术,样本不足,配对单元数不足（1 / 2，门槛 5）,1,-0.1336,0.1532,否,1.00,2,-0.0838,0.1079,否,1.00,-0.2173,-0.1567,-0.1666,1,3,3,+2,普通公办:2个/-8.4%
历史学科类,专科批,食品检验检测技术,样本不足,配对单元数不足（3 / 2，门槛 5）,3,+0.1306,0.1532,否,0.67,2,+0.0850,0.1079,否,0.50,+0.2156,+0.1075,+0.0022,4,7,3,-1,普通公办:1个/-2.5% 民办:1个/+19.5%
历史学科类,专科批,会计信息管理,样本不足,配对单元数不足（1 / 2，门槛 5）,1,-0.1068,0.1532,否,1.00,2,-0.1083,0.1079,是,1.00,-0.2151,-0.1299,-0.1912,3,3,2,-1,普通公办:2个/-10.8%
历史学科类,专科批,现代殡葬技术与管理,样本不足,配对单元数不足（1 / 1，门槛 5）,1,-0.1849,0.1532,是,1.00,1,+0.3985,0.1079,是,1.00,+0.2136,-0.2080,+0.3157,1,1,3,+2,普通公办:1个/+39.9%
历史学科类,专科批,药品生物技术,样本不足,配对单元数不足（1 / 1，门槛 5）,1,-0.0245,0.1532,否,1.00,1,-0.1668,0.1079,是,1.00,-0.1913,-0.0476,-0.2496,1,1,1,+0,普通公办:1个/-16.7%
历史学科类,专科批,测绘地理信息技术,样本不足,配对单元数不足（2 / 2，门槛 5）,2,+0.1896,0.1532,是,0.50,2,-0.0021,0.1079,否,0.50,+0.1875,+0.1665,-0.0849,2,2,3,+1,普通公办:1个/+2.9% 民办:1个/-3.3%
历史学科类,专科批,智能轧钢技术,样本不足,配对单元数不足（1 / 2，门槛 5）,1,+0.2009,0.1532,是,1.00,2,-0.0226,0.1079,否,1.00,+0.1783,+0.1778,-0.1054,1,2,2,+1,普通公办:2个/-2.3%
历史学科类,专科批,摄影与摄像艺术,样本不足,配对单元数不足（1 / 1，门槛 5）,1,-0.1278,0.1532,否,1.00,1,-0.0478,0.1079,否,1.00,-0.1756,-0.1509,-0.1307,1,1,1,+0,普通公办:1个/-4.8%
历史学科类,专科批,地下与隧道工程技术,样本不足,配对单元数不足（1 / 1，门槛 5）,1,-0.0568,0.1532,否,1.00,1,+0.2314,0.1079,是,1.00,+0.1746,-0.0800,+0.1486,1,1,3,+2,普通公办:1个/+23.1%
历史学科类,专科批,工业互联网应用,样本不足,配对单元数不足（2 / 2，门槛 5）,2,-0.1156,0.1532,否,1.00,2,-0.0572,0.1079,否,1.00,-0.1728,-0.1387,-0.1400,3,4,4,+1,普通公办:2个/-5.7%
历史学科类,专科批,应用外语,样本不足,配对单元数不足（1 / 1，门槛 5）,1,-0.0742,0.1532,否,1.00,1,+0.2422,0.1079,是,1.00,+0.1680,-0.0973,+0.1594,1,1,1,+0,普通公办:1个/+24.2%
历史学科类,专科批,餐饮智能管理,样本不足,配对单元数不足（1 / 1，门槛 5）,1,-0.0145,0.1532,否,1.00,1,-0.1501,0.1079,是,1.00,-0.1646,-0.0376,-0.2329,1,2,2,+1,普通公办:1个/-15.0%
历史学科类,专科批,殡葬设备维护技术,样本不足,配对单元数不足（1 / 1，门槛 5）,1,-0.0496,0.1532,否,1.00,1,-0.1132,0.1079,是,1.00,-0.1627,-0.0727,-0.1960,1,1,1,+0,普通公办:1个/-11.3%
历史学科类,专科批,现代农业经济管理,样本不足,配对单元数不足（1 / 2，门槛 5）,1,-0.1881,0.1532,是,1.00,2,+0.0255,0.1079,否,0.50,-0.1626,-0.2112,-0.0573,1,3,3,+2,普通公办:2个/+2.6%
历史学科类,专科批,机场运行服务与管理,样本不足,配对单元数不足（1 / 2，门槛 5）,1,-0.1274,0.1532,否,1.00,2,-0.0347,0.1079,否,0.50,-0.1622,-0.1506,-0.1175,2,3,4,+2,普通公办:2个/-3.5%
历史学科类,专科批,融媒体技术与运营,样本不足,配对单元数不足（1 / 2，门槛 5）,1,-0.1176,0.1532,否,1.00,2,-0.0423,0.1079,否,0.50,-0.1599,-0.1407,-0.1251,1,2,9,+8,普通公办:2个/-4.2%
历史学科类,专科批,文化创意与策划,样本不足,配对单元数不足（1 / 1，门槛 5）,1,-0.1266,0.1532,否,1.00,1,-0.0297,0.1079,否,1.00,-0.1563,-0.1498,-0.1125,1,1,1,+0,普通公办:1个/-3.0%
历史学科类,专科批,航空发动机制造技术,样本不足,配对单元数不足（1 / 1，门槛 5）,1,+0.0536,0.1532,否,1.00,1,+0.1006,0.1079,否,1.00,+0.1542,+0.0305,+0.0178,1,1,1,+0,普通公办:1个/+10.1%
历史学科类,专科批,建筑动画技术,样本不足,配对单元数不足（2 / 1，门槛 5）,2,+0.1391,0.1532,否,1.00,1,+0.0148,0.1079,否,1.00,+0.1539,+0.1159,-0.0680,2,2,1,-1,民办:1个/+1.5%
历史学科类,专科批,书画艺术,样本不足,配对单元数不足（1 / 2，门槛 5）,1,+0.1555,0.1532,是,1.00,2,-0.0046,0.1079,否,0.50,+0.1509,+0.1324,-0.0874,1,2,4,+3,普通公办:1个/-1.5% 民办:1个/+0.5%
历史学科类,专科批,高速铁路施工与维护,样本不足,配对单元数不足（3 / 1，门槛 5）,3,+0.0035,0.1532,否,0.67,1,+0.1424,0.1079,是,1.00,+0.1459,-0.0196,+0.0596,5,3,2,-3,普通公办:1个/+14.2%
历史学科类,专科批,林业信息技术应用,样本不足,配对单元数不足（1 / 1，门槛 5）,1,+0.0733,0.1532,否,1.00,1,+0.0722,0.1079,否,1.00,+0.1455,+0.0502,-0.0106,1,1,2,+1,普通公办:1个/+7.2%
历史学科类,专科批,道路工程检测技术,样本不足,配对单元数不足（1 / 1，门槛 5）,1,+0.0183,0.1532,否,1.00,1,+0.1261,0.1079,是,1.00,+0.1444,-0.0049,+0.0433,1,1,1,+0,普通公办:1个/+12.6%
历史学科类,专科批,出版商务,样本不足,配对单元数不足（1 / 1，门槛 5）,1,-0.1217,0.1532,否,1.00,1,-0.0219,0.1079,否,1.00,-0.1436,-0.1448,-0.1047,1,1,1,+0,普通公办:1个/-2.2%
历史学科类,专科批,美容美体艺术,样本不足,配对单元数不足（3 / 3，门槛 5）,3,-0.0816,0.1532,否,1.00,3,-0.0598,0.1079,否,0.67,-0.1414,-0.1047,-0.1426,3,3,4,+1,普通公办:3个/-6.0%
历史学科类,专科批,音乐教育,样本不足,配对单元数不足（2 / 3，门槛 5）,2,+0.1192,0.1532,否,1.00,3,+0.0190,0.1079,否,0.67,+0.1383,+0.0961,-0.0638,2,4,4,+2,普通公办:3个/+1.9%
历史学科类,专科批,交通运营管理,样本不足,配对单元数不足（2 / 2，门槛 5）,2,+0.0498,0.1532,否,0.50,2,+0.0844,0.1079,否,0.50,+0.1342,+0.0267,+0.0016,2,2,3,+1,普通公办:1个/-2.2% 民办:1个/+19.1%
历史学科类,专科批,房地产经营与管理,样本不足,配对单元数不足（1 / 1，门槛 5）,1,-0.0514,0.1532,否,1.00,1,-0.0798,0.1079,否,1.00,-0.1312,-0.0745,-0.1626,2,2,1,-1,普通公办:1个/-8.0%
历史学科类,专科批,视觉传达设计,样本不足,配对单元数不足（4 / 3，门槛 5）,4,+0.1010,0.1312,否,0.75,3,+0.0294,0.1079,否,1.00,+0.1304,+0.0779,-0.0534,5,4,4,-1,普通公办:2个/+1.5% 民办:1个/+3.1%
历史学科类,专科批,工艺美术品设计,样本不足,配对单元数不足（1 / 1，门槛 5）,1,+0.1358,0.1532,否,1.00,1,-0.0074,0.1079,否,1.00,+0.1284,+0.1127,-0.0902,1,1,1,+0,普通公办:1个/-0.7%
历史学科类,专科批,中西面点工艺,样本不足,配对单元数不足（1 / 1，门槛 5）,1,-0.1164,0.1532,否,1.00,1,-0.0101,0.1079,否,1.00,-0.1265,-0.1395,-0.0929,2,2,4,+2,普通公办:1个/-1.0%
历史学科类,专科批,电子竞技运动与管理,样本不足,配对单元数不足（2 / 1，门槛 5）,2,+0.1269,0.1532,否,1.00,1,-0.0004,0.1079,否,1.00,+0.1264,+0.1038,-0.0832,3,2,3,+0,普通公办:1个/-0.0%
历史学科类,专科批,建筑设计,样本不足,配对单元数不足（1 / 1，门槛 5）,1,-0.0407,0.1532,否,1.00,1,-0.0808,0.1079,否,1.00,-0.1215,-0.0638,-0.1636,2,1,1,-1,普通公办:1个/-8.1%
历史学科类,专科批,建筑智能化工程技术,样本不足,配对单元数不足（1 / 2，门槛 5）,1,-0.0917,0.1532,否,1.00,2,-0.0297,0.1079,否,1.00,-0.1214,-0.1148,-0.1125,2,3,2,+0,普通公办:2个/-3.0%
历史学科类,专科批,船舶动力工程技术,样本不足,配对单元数不足（2 / 2，门槛 5）,2,+0.0026,0.1532,否,0.50,2,+0.1174,0.1079,是,0.50,+0.1199,-0.0206,+0.0345,3,2,2,-1,普通公办:1个/-0.9% 民办:1个/+24.3%
历史学科类,专科批,植物保护与检疫技术,样本不足,配对单元数不足（1 / 1，门槛 5）,1,-0.1733,0.1532,是,1.00,1,+0.0535,0.1079,否,1.00,-0.1198,-0.1964,-0.0293,1,1,2,+1,普通公办:1个/+5.3%
历史学科类,专科批,党务工作,样本不足,配对单元数不足（1 / 2，门槛 5）,1,-0.0451,0.1532,否,1.00,2,-0.0745,0.1079,否,1.00,-0.1196,-0.0682,-0.1573,1,2,2,+1,普通公办:2个/-7.4%
历史学科类,专科批,新能源汽车检测与维修技术,样本不足,配对单元数不足（2 / 2，门槛 5）,2,+0.0334,0.1532,否,0.50,2,+0.0862,0.1079,否,1.00,+0.1195,+0.0102,+0.0034,4,6,5,+1,普通公办:1个/+10.9% 民办:1个/+6.4%
历史学科类,专科批,健身指导与管理,样本不足,配对单元数不足（3 / 2，门槛 5）,3,+0.0465,0.1532,否,1.00,2,+0.0717,0.1079,否,1.00,+0.1182,+0.0233,-0.0111,3,3,3,+0,普通公办:2个/+7.2%
历史学科类,专科批,服装与服饰设计,样本不足,配对单元数不足（1 / 1，门槛 5）,1,-0.0228,0.1532,否,1.00,1,-0.0951,0.1079,否,1.00,-0.1179,-0.0459,-0.1779,1,2,1,+0,普通公办:1个/-9.5%
历史学科类,专科批,航空物流管理,样本不足,配对单元数不足（1 / 3，门槛 5）,1,-0.0757,0.1532,否,1.00,3,-0.0417,0.1079,否,1.00,-0.1174,-0.0988,-0.1245,1,4,4,+3,普通公办:3个/-4.2%
历史学科类,专科批,光伏工程技术,样本不足,配对单元数不足（1 / 1，门槛 5）,1,-0.1282,0.1532,否,1.00,1,+0.0117,0.1079,否,1.00,-0.1165,-0.1513,-0.0711,1,1,1,+0,普通公办:1个/+1.2%
历史学科类,专科批,智能工程机械运用技术,样本不足,配对单元数不足（1 / 1，门槛 5）,1,-0.0119,0.1532,否,1.00,1,+0.1246,0.1079,是,1.00,+0.1128,-0.0350,+0.0418,1,2,2,+1,普通公办:1个/+12.5%
历史学科类,专科批,医疗器械经营与服务,样本不足,配对单元数不足（1 / 1，门槛 5）,1,-0.0643,0.1532,否,1.00,1,-0.0478,0.1079,否,1.00,-0.1121,-0.0874,-0.1307,1,1,1,+0,普通公办:1个/-4.8%
历史学科类,专科批,集装箱运输管理,样本不足,配对单元数不足（1 / 1，门槛 5）,1,+0.0336,0.1532,否,1.00,1,+0.0785,0.1079,否,1.00,+0.1120,+0.0105,-0.0044,1,1,1,+0,普通公办:1个/+7.8%
历史学科类,专科批,休闲服务与管理,样本不足,配对单元数不足（2 / 1，门槛 5）,2,+0.1044,0.1532,否,1.00,1,+0.0065,0.1079,否,1.00,+0.1109,+0.0813,-0.0763,2,3,2,+0,普通公办:1个/+0.7%
历史学科类,专科批,食品营养与健康,样本不足,配对单元数不足（1 / 1，门槛 5）,1,-0.0797,0.1532,否,1.00,1,-0.0301,0.1079,否,1.00,-0.1098,-0.1029,-0.1129,1,1,3,+2,普通公办:1个/-3.0%
历史学科类,专科批,供应链运营,样本不足,配对单元数不足（3 / 3，门槛 5）,3,-0.0123,0.1532,否,0.67,3,-0.0969,0.1079,否,1.00,-0.1092,-0.0354,-0.1797,5,3,10,+5,普通公办:3个/-9.7%
历史学科类,专科批,安全防范技术,样本不足,配对单元数不足（1 / 1，门槛 5）,1,+0.0314,0.1532,否,1.00,1,+0.0777,0.1079,否,1.00,+0.1091,+0.0082,-0.0051,1,1,1,+0,普通公办:1个/+7.8%
历史学科类,专科批,人力资源管理,样本不足,配对单元数不足（5 / 4，门槛 5）,5,+0.0920,0.1142,否,0.60,4,+0.0167,0.0937,否,0.50,+0.1087,+0.0689,-0.0661,6,7,7,+1,普通公办:2个/-1.1% 民办:2个/+7.2%
历史学科类,专科批,林业技术,样本不足,配对单元数不足（2 / 2，门槛 5）,2,+0.1015,0.1532,否,1.00,2,+0.0054,0.1079,否,0.50,+0.1068,+0.0783,-0.0774,2,3,2,+0,普通公办:2个/+0.5%
历史学科类,专科批,财税大数据应用,样本不足,配对单元数不足（1 / 2，门槛 5）,1,-0.0782,0.1532,否,1.00,2,-0.0281,0.1079,否,0.50,-0.1063,-0.1014,-0.1109,1,4,4,+3,普通公办:2个/-2.8%
历史学科类,专科批,研学旅行管理与服务,样本不足,配对单元数不足（1 / 4，门槛 5）,1,-0.0525,0.1532,否,1.00,4,-0.0535,0.0937,否,0.75,-0.1060,-0.0756,-0.1363,2,7,8,+6,普通公办:3个/-7.0% 民办:1个/-3.7%
历史学科类,专科批,助产,样本不足,配对单元数不足（6 / 4，门槛 5）,6,+0.0650,0.1012,否,0.83,4,+0.0364,0.0937,否,0.75,+0.1015,+0.0419,-0.0464,7,8,5,-2,普通公办:3个/+1.1% 民办:1个/+7.3%
历史学科类,专科批,水电站运行与智能管理,样本不足,配对单元数不足（1 / 1，门槛 5）,1,-0.0181,0.1532,否,1.00,1,-0.0826,0.1079,否,1.00,-0.1007,-0.0412,-0.1655,1,1,1,+0,普通公办:1个/-8.3%
历史学科类,专科批,资产评估与管理,样本不足,配对单元数不足（2 / 2，门槛 5）,2,-0.0023,0.1532,否,0.50,2,-0.0983,0.1079,否,1.00,-0.1006,-0.0254,-0.1811,2,3,2,+0,普通公办:2个/-9.8%
历史学科类,专科批,婴幼儿托育服务与管理,样本不足,配对单元数不足（4 / 12，门槛 5）,4,-0.0378,0.1312,否,0.75,12,-0.0628,0.0500,是,0.75,-0.1006,-0.0609,-0.1456,7,17,19,+12,普通公办:12个/-6.3%
历史学科类,专科批,人物形象设计,样本不足,配对单元数不足（2 / 1，门槛 5）,2,+0.1015,0.1532,否,1.00,1,-0.0016,0.1079,否,1.00,+0.0998,+0.0784,-0.0844,2,2,2,+0,普通公办:1个/-0.2%
历史学科类,专科批,健康管理,样本不足,配对单元数不足（2 / 1，门槛 5）,2,-0.0701,0.1532,否,1.00,1,-0.0290,0.1079,否,1.00,-0.0991,-0.0932,-0.1118,3,4,2,-1,普通公办:1个/-2.9%
历史学科类,专科批,食品生物技术,样本不足,配对单元数不足（2 / 3，门槛 5）,2,+0.0028,0.1532,否,0.50,3,-0.1008,0.1079,否,1.00,-0.0980,-0.0203,-0.1836,2,3,3,+1,普通公办:3个/-10.1%
历史学科类,专科批,化工装备技术,样本不足,配对单元数不足（2 / 2，门槛 5）,2,-0.0890,0.1532,否,1.00,2,-0.0082,0.1079,否,0.50,-0.0973,-0.1121,-0.0911,2,2,2,+0,普通公办:2个/-0.8%
历史学科类,专科批,城市轨道车辆应用技术,样本不足,配对单元数不足（5 / 4，门槛 5）,5,+0.0150,0.1142,否,0.60,4,+0.0820,0.0937,否,0.75,+0.0970,-0.0081,-0.0008,5,8,5,+0,普通公办:3个/+7.7% 民办:1个/+9.9%
历史学科类,专科批,理化测试与质检技术,样本不足,配对单元数不足（1 / 2，门槛 5）,1,-0.0904,0.1532,否,1.00,2,-0.0062,0.1079,否,0.50,-0.0966,-0.1136,-0.0890,3,3,4,+1,普通公办:2个/-0.6%
历史学科类,专科批,应用英语,样本不足,配对单元数不足（3 / 3，门槛 5）,3,+0.0583,0.1532,否,0.67,3,-0.1546,0.1079,是,0.67,-0.0964,+0.0351,-0.2374,7,4,5,-2,普通公办:3个/-15.5%
历史学科类,专科批,展示艺术设计,样本不足,配对单元数不足（1 / 1，门槛 5）,1,+0.1171,0.1532,否,1.00,1,-0.0228,0.1079,否,1.00,+0.0943,+0.0939,-0.1056,1,1,1,+0,普通公办:1个/-2.3%
历史学科类,专科批,制冷与空调技术,样本不足,配对单元数不足（1 / 1，门槛 5）,1,+0.0922,0.1532,否,1.00,1,+0.0004,0.1079,否,1.00,+0.0925,+0.0690,-0.0825,1,1,1,+0,普通公办:1个/+0.0%
历史学科类,专科批,智能机器人技术,样本不足,配对单元数不足（1 / 3，门槛 5）,1,-0.1072,0.1532,否,1.00,3,+0.0149,0.1079,否,0.67,-0.0923,-0.1303,-0.0679,1,3,5,+4,普通公办:1个/-1.4% 民办:2个/+3.9%
历史学科类,专科批,飞机电子设备维修,样本不足,配对单元数不足（2 / 1，门槛 5）,2,-0.0902,0.1532,否,1.00,1,-0.0007,0.1079,否,1.00,-0.0909,-0.1134,-0.0835,2,2,2,+0,普通公办:1个/-0.1%
历史学科类,专科批,艺术设计,样本不足,配对单元数不足（1 / 2，门槛 5）,1,+0.1051,0.1532,否,1.00,2,-0.0170,0.1079,否,1.00,+0.0881,+0.0820,-0.0998,1,2,2,+1,普通公办:2个/-1.7%
历史学科类,专科批,应急救援技术,样本不足,配对单元数不足（1 / 5，门槛 5）,1,-0.0683,0.1532,否,1.00,5,-0.0186,0.0827,否,0.80,-0.0869,-0.0915,-0.1014,2,6,6,+4,普通公办:3个/-6.2% 民办:2个/+0.4%
历史学科类,专科批,小学数学教育,样本不足,配对单元数不足（3 / 4，门槛 5）,3,+0.0047,0.1532,否,1.00,4,-0.0915,0.0937,否,0.75,-0.0868,-0.0184,-0.1743,6,5,5,-1,普通公办:4个/-9.2%
历史学科类,专科批,应用电子技术,样本不足,配对单元数不足（3 / 5，门槛 5）,3,+0.1009,0.1532,否,0.67,5,-0.0151,0.0827,否,0.60,+0.0858,+0.0778,-0.0979,5,6,5,+0,普通公办:4个/-3.3% 民办:1个/+1.6%
历史学科类,专科批,城市轨道交通通信信号技术,样本不足,配对单元数不足（1 / 1，门槛 5）,1,+0.0091,0.1532,否,1.00,1,+0.0748,0.1079,否,1.00,+0.0839,-0.0140,-0.0080,3,2,1,-2,普通公办:1个/+7.5%
历史学科类,专科批,工业过程自动化技术,样本不足,配对单元数不足（1 / 1，门槛 5）,1,-0.1106,0.1532,否,1.00,1,+0.0268,0.1079,否,1.00,-0.0838,-0.1337,-0.0561,1,1,1,+0,普通公办:1个/+2.7%
历史学科类,专科批,安全保卫管理,样本不足,配对单元数不足（2 / 2，门槛 5）,2,-0.0073,0.1532,否,0.50,2,+0.0893,0.1079,否,1.00,+0.0820,-0.0304,+0.0065,2,2,2,+0,普通公办:2个/+8.9%
历史学科类,专科批,心理咨询,样本不足,配对单元数不足（1 / 1，门槛 5）,1,+0.0688,0.1532,否,1.00,1,+0.0132,0.1079,否,1.00,+0.0820,+0.0457,-0.0696,2,2,4,+2,普通公办:1个/+1.3%
历史学科类,专科批,眼视光技术,样本不足,配对单元数不足（2 / 1，门槛 5）,2,-0.0492,0.1532,否,0.50,1,-0.0326,0.1079,否,1.00,-0.0818,-0.0723,-0.1154,4,2,4,+0,普通公办:1个/-3.3%
历史学科类,专科批,小学英语教育,样本不足,配对单元数不足（4 / 6，门槛 5）,4,-0.0342,0.1312,否,0.75,6,-0.0459,0.0744,否,0.67,-0.0800,-0.0573,-0.1287,10,10,8,-2,普通公办:6个/-4.6%
历史学科类,专科批,城市轨道交通机电技术,样本不足,配对单元数不足（3 / 4，门槛 5）,3,+0.0296,0.1532,否,0.67,4,+0.0494,0.0937,否,0.75,+0.0790,+0.0065,-0.0334,3,4,4,+1,普通公办:3个/+8.5% 民办:1个/-1.5%
历史学科类,专科批,高尔夫球运动与管理,样本不足,配对单元数不足（1 / 1，门槛 5）,1,+0.0197,0.1532,否,1.00,1,-0.0979,0.1079,否,1.00,-0.0782,-0.0034,-0.1807,1,1,1,+0,普通公办:1个/-9.8%
历史学科类,专科批,小学科学教育,样本不足,配对单元数不足（2 / 1，门槛 5）,2,-0.0196,0.1532,否,0.50,1,-0.0587,0.1079,否,1.00,-0.0782,-0.0427,-0.1415,3,2,2,-1,普通公办:1个/-5.9%
历史学科类,专科批,水利工程,样本不足,配对单元数不足（3 / 4，门槛 5）,3,-0.0267,0.1532,否,1.00,4,-0.0509,0.0937,否,0.50,-0.0776,-0.0498,-0.1337,3,4,4,+1,普通公办:4个/-5.1%
历史学科类,专科批,无人机测绘技术,样本不足,配对单元数不足（1 / 2，门槛 5）,1,-0.0805,0.1532,否,1.00,2,+0.0031,0.1079,否,0.50,-0.0775,-0.1037,-0.0798,1,3,6,+5,普通公办:2个/+0.3%
历史学科类,专科批,移动商务,样本不足,配对单元数不足（2 / 1，门槛 5）,2,+0.0112,0.1532,否,0.50,1,-0.0885,0.1079,否,1.00,-0.0773,-0.0119,-0.1713,2,2,1,-1,普通公办:1个/-8.9%
历史学科类,专科批,药品质量与安全,样本不足,配对单元数不足（2 / 3，门槛 5）,2,-0.0279,0.1532,否,1.00,3,-0.0479,0.1079,否,1.00,-0.0758,-0.0510,-0.1307,2,5,4,+2,普通公办:3个/-4.8%
历史学科类,专科批,食品药品监督管理,样本不足,配对单元数不足（1 / 1，门槛 5）,1,-0.0991,0.1532,否,1.00,1,+0.0234,0.1079,否,1.00,-0.0757,-0.1222,-0.0594,2,1,1,-1,普通公办:1个/+2.3%
历史学科类,专科批,商务日语,样本不足,配对单元数不足（5 / 2，门槛 5）,5,+0.0939,0.1142,否,0.60,2,-0.0198,0.1079,否,1.00,+0.0741,+0.0708,-0.1026,7,5,3,-4,普通公办:2个/-2.0%
历史学科类,专科批,水利水电建筑工程,样本不足,配对单元数不足（3 / 3，门槛 5）,3,+0.0308,0.1532,否,1.00,3,+0.0417,0.1079,否,0.67,+0.0725,+0.0077,-0.0411,4,3,4,+0,普通公办:3个/+4.2%
历史学科类,专科批,中药材生产与加工,样本不足,配对单元数不足（2 / 2，门槛 5）,2,-0.0466,0.1532,否,1.00,2,-0.0242,0.1079,否,1.00,-0.0708,-0.0697,-0.1070,2,2,2,+0,普通公办:2个/-2.4%
历史学科类,专科批,发电厂及电力系统,样本不足,配对单元数不足（3 / 2，门槛 5）,3,-0.0598,0.1532,否,1.00,2,-0.0099,0.1079,否,0.50,-0.0698,-0.0829,-0.0928,4,3,3,-1,普通公办:2个/-1.0%
历史学科类,专科批,动车组检修技术,样本不足,配对单元数不足（3 / 2，门槛 5）,3,-0.0289,0.1532,否,1.00,2,+0.0975,0.1079,否,1.00,+0.0686,-0.0520,+0.0147,6,3,5,-1,普通公办:2个/+9.7%
历史学科类,专科批,生物制药技术,样本不足,配对单元数不足（1 / 1，门槛 5）,1,-0.0745,0.1532,否,1.00,1,+0.0060,0.1079,否,1.00,-0.0685,-0.0976,-0.0768,1,1,2,+1,普通公办:1个/+0.6%
历史学科类,专科批,小学道德与法治教育,样本不足,配对单元数不足（1 / 2，门槛 5）,1,-0.0478,0.1532,否,1.00,2,-0.0199,0.1079,否,0.50,-0.0677,-0.0709,-0.1027,4,2,2,-2,普通公办:2个/-2.0%
历史学科类,专科批,新能源装备技术,样本不足,配对单元数不足（1 / 3，门槛 5）,1,-0.0701,0.1532,否,1.00,3,+0.0027,0.1079,否,0.67,-0.0674,-0.0932,-0.0802,1,3,4,+3,普通公办:1个/+11.5% 民办:2个/-0.7%
历史学科类,专科批,给排水工程技术,样本不足,配对单元数不足（1 / 2，门槛 5）,1,-0.0141,0.1532,否,1.00,2,+0.0815,0.1079,否,0.50,+0.0674,-0.0372,-0.0013,1,2,2,+1,普通公办:2个/+8.1%
历史学科类,专科批,证券实务,样本不足,配对单元数不足（1 / 1，门槛 5）,1,+0.0390,0.1532,否,1.00,1,-0.1062,0.1079,否,1.00,-0.0672,+0.0159,-0.1890,1,1,1,+0,普通公办:1个/-10.6%
历史学科类,专科批,输配电工程技术,样本不足,配对单元数不足（1 / 1，门槛 5）,1,-0.0073,0.1532,否,1.00,1,+0.0743,0.1079,否,1.00,+0.0670,-0.0304,-0.0085,1,1,2,+1,普通公办:1个/+7.4%
历史学科类,专科批,船舶电子电气技术,样本不足,配对单元数不足（1 / 1，门槛 5）,1,-0.0909,0.1532,否,1.00,1,+0.0243,0.1079,否,1.00,-0.0666,-0.1140,-0.0585,1,2,2,+1,民办:1个/+2.4%
历史学科类,专科批,航空发动机维修技术,样本不足,配对单元数不足（1 / 1，门槛 5）,1,+0.0265,0.1532,否,1.00,1,+0.0385,0.1079,否,1.00,+0.0650,+0.0034,-0.0443,1,1,1,+0,普通公办:1个/+3.8%
历史学科类,专科批,飞行器数字化制造技术,样本不足,配对单元数不足（3 / 6，门槛 5）,3,-0.0612,0.1532,否,1.00,6,-0.0032,0.0744,否,0.50,-0.0644,-0.0843,-0.0860,3,6,6,+3,普通公办:5个/-0.6% 民办:1个/+5.4%
历史学科类,专科批,摄影测量与遥感技术,样本不足,配对单元数不足（2 / 1，门槛 5）,2,+0.0223,0.1532,否,1.00,1,+0.0413,0.1079,否,1.00,+0.0637,-0.0008,-0.0415,2,2,4,+2,普通公办:1个/+4.1%
历史学科类,专科批,船舶电气工程技术,样本不足,配对单元数不足（4 / 3，门槛 5）,4,+0.0539,0.1312,否,0.50,3,+0.0094,0.1079,否,0.67,+0.0633,+0.0307,-0.0734,4,4,4,+0,普通公办:1个/-0.1% 民办:2个/+2.9%
历史学科类,专科批,美术教育,样本不足,配对单元数不足（2 / 2，门槛 5）,2,+0.0919,0.1532,否,1.00,2,-0.0294,0.1079,否,0.50,+0.0625,+0.0688,-0.1122,3,2,2,-1,普通公办:2个/-2.9%
历史学科类,专科批,智能互联网络技术,样本不足,配对单元数不足（1 / 2，门槛 5）,1,+0.0639,0.1532,否,1.00,2,-0.0014,0.1079,否,1.00,+0.0625,+0.0408,-0.0842,1,2,3,+2,普通公办:2个/-0.1%
历史学科类,专科批,生物产品检验检疫,样本不足,配对单元数不足（2 / 2，门槛 5）,2,-0.0356,0.1532,否,0.50,2,-0.0265,0.1079,否,0.50,-0.0622,-0.0588,-0.1093,2,2,2,+0,普通公办:2个/-2.7%
历史学科类,专科批,言语听觉康复技术,样本不足,配对单元数不足（1 / 1，门槛 5）,1,-0.0320,0.1532,否,1.00,1,-0.0290,0.1079,否,1.00,-0.0611,-0.0552,-0.1118,1,1,1,+0,普通公办:1个/-2.9%
历史学科类,专科批,药物制剂技术,样本不足,配对单元数不足（2 / 2，门槛 5）,2,+0.0022,0.1532,否,0.50,2,-0.0598,0.1079,否,1.00,-0.0576,-0.0209,-0.1426,3,2,3,+0,普通公办:2个/-6.0%
历史学科类,专科批,飞行器维修技术,样本不足,配对单元数不足（1 / 2，门槛 5）,1,-0.0505,0.1532,否,1.00,2,-0.0064,0.1079,否,0.50,-0.0569,-0.0737,-0.0892,1,2,2,+1,民办:2个/-0.6%
历史学科类,专科批,食品质量与安全,样本不足,配对单元数不足（2 / 3，门槛 5）,2,-0.0307,0.1532,否,0.50,3,-0.0261,0.1079,否,0.67,-0.0568,-0.0538,-0.1089,3,4,6,+3,普通公办:3个/-2.6%
历史学科类,专科批,家具设计与制造,样本不足,配对单元数不足（1 / 1，门槛 5）,1,+0.0926,0.1532,否,1.00,1,-0.0360,0.1079,否,1.00,+0.0566,+0.0695,-0.1188,1,1,2,+1,普通公办:1个/-3.6%
历史学科类,专科批,新闻采编与制作,样本不足,配对单元数不足（2 / 1，门槛 5）,2,+0.0106,0.1532,否,0.50,1,-0.0670,0.1079,否,1.00,-0.0564,-0.0125,-0.1498,4,3,3,-1,普通公办:1个/-6.7%
历史学科类,专科批,烹饪工艺与营养,样本不足,配对单元数不足（4 / 6，门槛 5）,4,-0.0557,0.1312,否,0.75,6,+0.0005,0.0744,否,0.50,-0.0553,-0.0789,-0.0824,4,8,13,+9,普通公办:5个/-4.7% 民办:1个/+4.8%
历史学科类,专科批,保险实务,样本不足,配对单元数不足（3 / 2，门槛 5）,3,+0.0672,0.1532,否,1.00,2,-0.1218,0.1079,是,1.00,-0.0546,+0.0441,-0.2046,3,3,2,-1,普通公办:2个/-12.2%
历史学科类,专科批,道路运输管理,样本不足,配对单元数不足（1 / 1，门槛 5）,1,-0.0820,0.1532,否,1.00,1,+0.0277,0.1079,否,1.00,-0.0543,-0.1051,-0.0551,1,1,1,+0,普通公办:1个/+2.8%
历史学科类,专科批,安全技术与管理,样本不足,配对单元数不足（3 / 4，门槛 5）,3,-0.0193,0.1532,否,0.67,4,-0.0348,0.0937,否,0.75,-0.0540,-0.0424,-0.1176,6,4,8,+2,普通公办:4个/-3.5%
历史学科类,专科批,财富管理,样本不足,配对单元数不足（3 / 3，门槛 5）,3,+0.0144,0.1532,否,0.67,3,-0.0666,0.1079,否,0.67,-0.0522,-0.0087,-0.1494,3,6,3,+0,普通公办:3个/-6.7%
历史学科类,专科批,智能网联汽车技术,样本不足,配对单元数不足（3 / 5，门槛 5）,3,-0.0168,0.1532,否,0.67,5,-0.0353,0.0827,否,0.60,-0.0521,-0.0400,-0.1181,3,6,11,+8,普通公办:5个/-3.5%
历史学科类,专科批,连锁经营与管理,样本不足,配对单元数不足（3 / 3，门槛 5）,3,+0.0577,0.1532,否,1.00,3,-0.0057,0.1079,否,0.67,+0.0519,+0.0345,-0.0885,3,4,3,+0,普通公办:3个/-0.6%
历史学科类,专科批,中药制药,样本不足,配对单元数不足（1 / 2，门槛 5）,1,-0.0146,0.1532,否,1.00,2,-0.0365,0.1079,否,1.00,-0.0512,-0.0377,-0.1194,1,2,3,+2,普通公办:2个/-3.7%
历史学科类,专科批,油气地质勘探技术,样本不足,配对单元数不足（1 / 1，门槛 5）,1,-0.0500,0.1532,否,1.00,1,-0.0012,0.1079,否,1.00,-0.0512,-0.0732,-0.0840,1,1,1,+0,普通公办:1个/-0.1%
历史学科类,专科批,高速铁路综合维修技术,样本不足,配对单元数不足（1 / 1，门槛 5）,1,+0.0004,0.1532,否,1.00,1,+0.0507,0.1079,否,1.00,+0.0511,-0.0227,-0.0322,2,1,1,-1,普通公办:1个/+5.1%
历史学科类,专科批,粮食工程技术与管理,样本不足,配对单元数不足（1 / 1，门槛 5）,1,+0.0727,0.1532,否,1.00,1,-0.0240,0.1079,否,1.00,+0.0487,+0.0496,-0.1068,1,2,3,+2,普通公办:1个/-2.4%
历史学科类,专科批,康复工程技术,样本不足,配对单元数不足（1 / 1，门槛 5）,1,+0.0709,0.1532,否,1.00,1,-0.0229,0.1079,否,1.00,+0.0480,+0.0478,-0.1057,1,1,1,+0,普通公办:1个/-2.3%
历史学科类,专科批,智能物流技术,样本不足,配对单元数不足（2 / 2，门槛 5）,2,+0.0560,0.1532,否,1.00,2,-0.0083,0.1079,否,0.50,+0.0477,+0.0328,-0.0911,4,3,6,+2,普通公办:2个/-0.8%
历史学科类,专科批,保健食品质量与管理,样本不足,配对单元数不足（1 / 1，门槛 5）,1,-0.0178,0.1532,否,1.00,1,-0.0290,0.1079,否,1.00,-0.0469,-0.0410,-0.1118,1,1,1,+0,普通公办:1个/-2.9%
历史学科类,专科批,国际商务,样本不足,配对单元数不足（2 / 2，门槛 5）,2,+0.0314,0.1532,否,1.00,2,+0.0154,0.1079,否,1.00,+0.0468,+0.0083,-0.0675,3,3,3,+0,普通公办:2个/+1.5%
历史学科类,专科批,工业产品质量检测技术,样本不足,配对单元数不足（2 / 2，门槛 5）,2,-0.0319,0.1532,否,0.50,2,-0.0146,0.1079,否,1.00,-0.0465,-0.0550,-0.0974,2,3,2,+0,普通公办:2个/-1.5%
历史学科类,专科批,应用俄语,样本不足,配对单元数不足（1 / 1，门槛 5）,1,+0.0621,0.1532,否,1.00,1,-0.0158,0.1079,否,1.00,+0.0463,+0.0390,-0.0986,3,2,4,+1,普通公办:1个/-1.6%
历史学科类,专科批,铁道桥梁隧道工程技术,样本不足,配对单元数不足（1 / 1，门槛 5）,1,+0.0029,0.1532,否,1.00,1,+0.0426,0.1079,否,1.00,+0.0455,-0.0203,-0.0402,2,1,1,-1,普通公办:1个/+4.3%
历史学科类,专科批,动漫设计,样本不足,配对单元数不足（1 / 1，门槛 5）,1,-0.0873,0.1532,否,1.00,1,+0.0424,0.1079,否,1.00,-0.0450,-0.1105,-0.0404,1,1,2,+1,普通公办:1个/+4.2%
历史学科类,专科批,储能材料技术,样本不足,配对单元数不足（1 / 1，门槛 5）,1,-0.0626,0.1532,否,1.00,1,+0.0176,0.1079,否,1.00,-0.0449,-0.0857,-0.0652,1,1,1,+0,普通公办:1个/+1.8%
历史学科类,专科批,工业工程技术,样本不足,配对单元数不足（1 / 1，门槛 5）,1,-0.0272,0.1532,否,1.00,1,-0.0172,0.1079,否,1.00,-0.0444,-0.0503,-0.1000,1,1,1,+0,普通公办:1个/-1.7%
历史学科类,专科批,旅游英语,样本不足,配对单元数不足（2 / 2，门槛 5）,2,-0.0100,0.1532,否,1.00,2,-0.0337,0.1079,否,0.50,-0.0437,-0.0331,-0.1165,4,2,2,-2,普通公办:2个/-3.4%
历史学科类,专科批,热能动力工程技术,样本不足,配对单元数不足（4 / 3，门槛 5）,4,-0.0394,0.1312,否,0.75,3,-0.0034,0.1079,否,0.67,-0.0428,-0.0625,-0.0862,4,4,3,-1,普通公办:3个/-0.3%
历史学科类,专科批,法律文秘,样本不足,配对单元数不足（1 / 1，门槛 5）,1,+0.0023,0.1532,否,1.00,1,+0.0393,0.1079,否,1.00,+0.0417,-0.0208,-0.0435,1,1,1,+0,普通公办:1个/+3.9%
历史学科类,专科批,纺织品检验与贸易,样本不足,配对单元数不足（1 / 1，门槛 5）,1,+0.0020,0.1532,否,1.00,1,-0.0436,0.1079,否,1.00,-0.0416,-0.0211,-0.1264,1,1,3,+2,普通公办:1个/-4.4%
历史学科类,专科批,数字图文信息处理技术,样本不足,配对单元数不足（1 / 1，门槛 5）,1,+0.0070,0.1532,否,1.00,1,-0.0484,0.1079,否,1.00,-0.0414,-0.0161,-0.1312,1,1,1,+0,普通公办:1个/-4.8%
历史学科类,专科批,风景园林设计,样本不足,配对单元数不足（4 / 4，门槛 5）,4,+0.0500,0.1312,否,0.75,4,-0.0104,0.0937,否,0.50,+0.0396,+0.0269,-0.0932,5,5,5,+0,普通公办:3个/-2.4% 民办:1个/+12.1%
历史学科类,专科批,园林工程技术,样本不足,配对单元数不足（2 / 2，门槛 5）,2,+0.0461,0.1532,否,1.00,2,-0.0074,0.1079,否,0.50,+0.0387,+0.0230,-0.0902,4,2,3,-1,普通公办:2个/-0.7%
历史学科类,专科批,分布式发电与智能微电网技术,样本不足,配对单元数不足（1 / 1，门槛 5）,1,+0.0366,0.1532,否,1.00,1,+0.0016,0.1079,否,1.00,+0.0381,+0.0134,-0.0812,1,1,1,+0,普通公办:1个/+0.2%
历史学科类,专科批,工业互联网技术,样本不足,配对单元数不足（2 / 3，门槛 5）,2,-0.0300,0.1532,否,0.50,3,-0.0077,0.1079,否,0.67,-0.0377,-0.0531,-0.0905,2,4,5,+3,普通公办:2个/+0.3% 民办:1个/-0.8%
历史学科类,专科批,增材制造技术,样本不足,配对单元数不足（1 / 1，门槛 5）,1,-0.0249,0.1532,否,1.00,1,-0.0116,0.1079,否,1.00,-0.0365,-0.0480,-0.0944,1,1,2,+1,普通公办:1个/-1.2%
历史学科类,专科批,城市轨道交通工程技术,样本不足,配对单元数不足（2 / 2，门槛 5）,2,-0.1107,0.1532,否,1.00,2,+0.0744,0.1079,否,1.00,-0.0363,-0.1338,-0.0084,3,3,2,-1,普通公办:2个/+7.4%
历史学科类,专科批,石油工程技术,样本不足,配对单元数不足（4 / 4，门槛 5）,4,-0.0064,0.1312,否,0.50,4,-0.0292,0.0937,否,0.75,-0.0357,-0.0295,-0.1120,4,4,4,+0,普通公办:4个/-2.9%
历史学科类,专科批,传播与策划,样本不足,配对单元数不足（3 / 2，门槛 5）,3,-0.0280,0.1532,否,0.67,2,+0.0632,0.1079,否,0.50,+0.0351,-0.0512,-0.0196,4,3,4,+0,普通公办:2个/+6.3%
历史学科类,专科批,森林和草原资源保护,样本不足,配对单元数不足（1 / 1，门槛 5）,1,+0.0487,0.1532,否,1.00,1,-0.0138,0.1079,否,1.00,+0.0350,+0.0256,-0.0966,1,1,1,+0,普通公办:1个/-1.4%
历史学科类,专科批,大数据与审计,样本不足,配对单元数不足（3 / 4，门槛 5）,3,-0.0222,0.1532,否,0.67,4,-0.0128,0.0937,否,0.75,-0.0350,-0.0454,-0.0956,5,4,5,+0,普通公办:4个/-1.3%
历史学科类,专科批,宠物养护与驯导,样本不足,配对单元数不足（3 / 4，门槛 5）,3,+0.0227,0.1532,否,0.67,4,+0.0116,0.0937,否,0.50,+0.0344,-0.0004,-0.0712,3,4,5,+2,普通公办:4个/+1.2%
历史学科类,专科批,移动应用开发,样本不足,配对单元数不足（3 / 3，门槛 5）,3,+0.0158,0.1532,否,0.67,3,+0.0186,0.1079,否,0.67,+0.0344,-0.0073,-0.0642,3,3,4,+1,普通公办:2个/-1.6% 民办:1个/+27.5%
历史学科类,专科批,铁道通信与信息化技术,样本不足,配对单元数不足（1 / 1，门槛 5）,1,-0.0821,0.1532,否,1.00,1,+0.0478,0.1079,否,1.00,-0.0343,-0.1052,-0.0350,2,1,2,+0,普通公办:1个/+4.8%
历史学科类,专科批,网络直播与运营,样本不足,配对单元数不足（2 / 5，门槛 5）,2,-0.0419,0.1532,否,0.50,5,+0.0083,0.0827,否,0.80,-0.0335,-0.0650,-0.0745,3,5,7,+4,普通公办:3个/+0.1% 民办:2个/+4.5%
历史学科类,专科批,医疗器械维护与管理,样本不足,配对单元数不足（3 / 3，门槛 5）,3,-0.0256,0.1532,否,0.67,3,-0.0078,0.1079,否,1.00,-0.0334,-0.0487,-0.0906,3,3,3,+0,普通公办:3个/-0.8%
历史学科类,专科批,智能焊接技术,样本不足,配对单元数不足（4 / 3，门槛 5）,4,-0.0349,0.1312,否,0.50,3,+0.0017,0.1079,否,0.67,-0.0332,-0.0580,-0.0812,6,4,6,+0,普通公办:3个/+0.2%
历史学科类,专科批,化工安全技术,样本不足,配对单元数不足（2 / 2，门槛 5）,2,-0.0154,0.1532,否,0.50,2,-0.0177,0.1079,否,0.50,-0.0331,-0.0385,-0.1005,2,2,3,+1,普通公办:2个/-1.8%
历史学科类,专科批,工业自动化仪表技术,样本不足,配对单元数不足（1 / 1，门槛 5）,1,-0.0154,0.1532,否,1.00,1,+0.0483,0.1079,否,1.00,+0.0329,-0.0386,-0.0345,1,2,1,+0,普通公办:1个/+4.8%
历史学科类,专科批,风力发电工程技术,样本不足,配对单元数不足（1 / 1，门槛 5）,1,-0.0570,0.1532,否,1.00,1,+0.0246,0.1079,否,1.00,-0.0324,-0.0801,-0.0582,1,2,1,+0,普通公办:1个/+2.5%
历史学科类,专科批,港口机械与智能控制,样本不足,配对单元数不足（1 / 1，门槛 5）,1,-0.0536,0.1532,否,1.00,1,+0.0857,0.1079,否,1.00,+0.0321,-0.0767,+0.0029,1,1,1,+0,普通公办:1个/+8.6%
历史学科类,专科批,统计与会计核算,样本不足,配对单元数不足（2 / 3，门槛 5）,2,+0.0814,0.1532,否,0.50,3,-0.1130,0.1079,是,1.00,-0.0316,+0.0583,-0.1958,2,4,3,+1,普通公办:3个/-11.3%
历史学科类,专科批,药品生产技术,样本不足,配对单元数不足（1 / 1，门槛 5）,1,+0.0771,0.1532,否,1.00,1,-0.1085,0.1079,是,1.00,-0.0314,+0.0540,-0.1913,4,2,2,-2,普通公办:1个/-10.8%
历史学科类,专科批,康复辅助器具技术,样本不足,配对单元数不足（2 / 1，门槛 5）,2,-0.0282,0.1532,否,1.00,1,-0.0028,0.1079,否,1.00,-0.0310,-0.0513,-0.0856,2,2,1,-1,普通公办:1个/-0.3%
历史学科类,专科批,广播影视节目制作,样本不足,配对单元数不足（1 / 2，门槛 5）,1,-0.0076,0.1532,否,1.00,2,+0.0384,0.1079,否,0.50,+0.0308,-0.0307,-0.0444,1,4,2,+1,普通公办:1个/-5.2% 民办:1个/+12.8%
历史学科类,专科批,油气智能开采技术,样本不足,配对单元数不足（1 / 1，门槛 5）,1,-0.0093,0.1532,否,1.00,1,-0.0210,0.1079,否,1.00,-0.0304,-0.0324,-0.1039,1,1,1,+0,普通公办:1个/-2.1%
历史学科类,专科批,卫生检验与检疫技术,样本不足,配对单元数不足（1 / 2，门槛 5）,1,+0.0369,0.1532,否,1.00,2,-0.0080,0.1079,否,1.00,+0.0288,+0.0138,-0.0909,1,2,2,+1,普通公办:2个/-0.8%
历史学科类,专科批,森林生态旅游与康养,样本不足,配对单元数不足（1 / 2，门槛 5）,1,+0.0719,0.1532,否,1.00,2,-0.0433,0.1079,否,1.00,+0.0286,+0.0488,-0.1261,1,3,2,+1,普通公办:2个/-4.3%
历史学科类,专科批,钢铁智能冶金技术,样本不足,配对单元数不足（3 / 3，门槛 5）,3,+0.0404,0.1532,否,1.00,3,-0.0687,0.1079,否,0.67,-0.0283,+0.0173,-0.1515,3,3,3,+0,普通公办:3个/-6.9%
历史学科类,专科批,数字化设计与制造技术,样本不足,配对单元数不足（1 / 2，门槛 5）,1,-0.0186,0.1532,否,1.00,2,-0.0090,0.1079,否,1.00,-0.0276,-0.0417,-0.0919,2,5,4,+2,普通公办:1个/-0.8% 民办:1个/-1.1%
历史学科类,专科批,生态环境修复技术,样本不足,配对单元数不足（1 / 1，门槛 5）,1,-0.0052,0.1532,否,1.00,1,+0.0323,0.1079,否,1.00,+0.0271,-0.0283,-0.0506,1,1,1,+0,普通公办:1个/+3.2%
历史学科类,专科批,现代家政服务与管理,样本不足,配对单元数不足（3 / 3，门槛 5）,3,-0.0062,0.1532,否,0.67,3,-0.0209,0.1079,否,0.67,-0.0271,-0.0293,-0.1037,4,3,5,+1,普通公办:3个/-2.1%
历史学科类,专科批,行政执行,样本不足,配对单元数不足（1 / 1，门槛 5）,1,-0.0047,0.1532,否,1.00,1,-0.0219,0.1079,否,1.00,-0.0266,-0.0278,-0.1047,1,1,1,+0,普通公办:1个/-2.2%
历史学科类,专科批,老年保健与管理,样本不足,配对单元数不足（2 / 5，门槛 5）,2,-0.0471,0.1532,否,1.00,5,+0.0732,0.0827,否,0.80,+0.0261,-0.0702,-0.0096,2,6,6,+4,普通公办:4个/+4.0% 民办:1个/+11.5%
历史学科类,专科批,数字媒体艺术设计,样本不足,配对单元数不足（4 / 4，门槛 5）,4,+0.0226,0.1312,否,0.75,4,+0.0034,0.0937,否,0.75,+0.0260,-0.0005,-0.0794,7,7,11,+4,普通公办:4个/+0.3%
历史学科类,专科批,西式烹饪工艺,样本不足,配对单元数不足（4 / 6，门槛 5）,4,-0.0226,0.1312,否,0.75,6,-0.0014,0.0744,否,0.50,-0.0240,-0.0457,-0.0842,4,6,8,+4,普通公办:6个/-0.1%
历史学科类,专科批,国际邮轮乘务管理,样本不足,配对单元数不足（4 / 7，门槛 5）,4,-0.0009,0.1312,否,0.50,7,+0.0249,0.0674,否,0.57,+0.0240,-0.0240,-0.0579,5,7,11,+6,普通公办:4个/-5.8% 民办:3个/+11.6%
历史学科类,专科批,机电设备技术,样本不足,配对单元数不足（3 / 5，门槛 5）,3,-0.0164,0.1532,否,0.67,5,+0.0400,0.0827,否,0.80,+0.0236,-0.0396,-0.0428,3,5,6,+3,普通公办:3个/+0.0% 民办:2个/+4.1%
历史学科类,专科批,铁道工程技术,样本不足,配对单元数不足（3 / 4，门槛 5）,3,-0.0325,0.1532,否,0.67,4,+0.0549,0.0937,否,0.75,+0.0224,-0.0556,-0.0279,5,5,6,+1,普通公办:4个/+5.5%
历史学科类,专科批,冰雪运动与管理,样本不足,配对单元数不足（1 / 3，门槛 5）,1,+0.0337,0.1532,否,1.00,3,-0.0557,0.1079,否,0.67,-0.0221,+0.0105,-0.1385,1,3,7,+6,普通公办:3个/-5.6%
历史学科类,专科批,铁道养路机械应用技术,样本不足,配对单元数不足（2 / 2，门槛 5）,2,-0.0354,0.1532,否,1.00,2,+0.0574,0.1079,否,0.50,+0.0220,-0.0585,-0.0254,2,2,2,+0,普通公办:2个/+5.7%
历史学科类,专科批,油气储运技术,样本不足,配对单元数不足（2 / 2，门槛 5）,2,+0.0003,0.1532,否,0.50,2,+0.0216,0.1079,否,0.50,+0.0219,-0.0228,-0.0612,2,2,3,+1,普通公办:2个/+2.2%
历史学科类,专科批,现代农业技术,样本不足,配对单元数不足（1 / 1，门槛 5）,1,-0.0013,0.1532,否,1.00,1,-0.0201,0.1079,否,1.00,-0.0214,-0.0244,-0.1029,1,3,1,+0,普通公办:1个/-2.0%
历史学科类,专科批,铁道车辆技术,样本不足,配对单元数不足（2 / 3，门槛 5）,2,-0.0421,0.1532,否,1.00,3,+0.0632,0.1079,否,1.00,+0.0210,-0.0653,-0.0197,4,3,3,-1,普通公办:3个/+6.3%
历史学科类,专科批,水路运输安全管理,样本不足,配对单元数不足（1 / 1，门槛 5）,1,-0.0869,0.1532,否,1.00,1,+0.0665,0.1079,否,1.00,-0.0205,-0.1101,-0.0163,2,1,1,-1,普通公办:1个/+6.6%
历史学科类,专科批,环境工程技术,样本不足,配对单元数不足（4 / 4，门槛 5）,4,-0.0225,0.1312,否,0.75,4,+0.0429,0.0937,否,0.50,+0.0204,-0.0456,-0.0399,4,4,6,+2,普通公办:4个/+4.3%
历史学科类,专科批,医学营养,样本不足,配对单元数不足（2 / 3，门槛 5）,2,-0.0259,0.1532,否,1.00,3,+0.0057,0.1079,否,0.67,-0.0202,-0.0490,-0.0771,2,3,4,+2,普通公办:3个/+0.6%
历史学科类,专科批,视觉训练与康复,样本不足,配对单元数不足（1 / 2，门槛 5）,1,+0.0123,0.1532,否,1.00,2,+0.0080,0.1079,否,0.50,+0.0202,-0.0108,-0.0749,2,2,2,+0,普通公办:1个/-6.2% 民办:1个/+7.8%
历史学科类,专科批,导游,样本不足,配对单元数不足（2 / 2，门槛 5）,2,+0.1174,0.1532,否,1.00,2,-0.0976,0.1079,否,1.00,+0.0198,+0.0943,-0.1804,2,3,2,+0,普通公办:2个/-9.8%
历史学科类,专科批,精细化工技术,样本不足,配对单元数不足（4 / 4，门槛 5）,4,-0.0199,0.1312,否,0.50,4,+0.0005,0.0937,否,0.50,-0.0194,-0.0430,-0.0823,4,4,4,+0,普通公办:4个/+0.1%
历史学科类,专科批,铁道供电技术,样本不足,配对单元数不足（2 / 2，门槛 5）,2,-0.1053,0.1532,否,1.00,2,+0.1242,0.1079,是,1.00,+0.0189,-0.1284,+0.0414,4,4,3,-1,普通公办:2个/+12.4%
历史学科类,专科批,宝玉石鉴定与加工,样本不足,配对单元数不足（3 / 5，门槛 5）,3,+0.0181,0.1532,否,0.67,5,+0.0005,0.0827,否,0.60,+0.0186,-0.0050,-0.0823,4,7,5,+1,普通公办:5个/+0.0%
历史学科类,专科批,摄影摄像技术,样本不足,配对单元数不足（2 / 1，门槛 5）,2,+0.0773,0.1532,否,0.50,1,-0.0959,0.1079,否,1.00,-0.0186,+0.0542,-0.1787,2,2,1,-1,普通公办:1个/-9.6%
历史学科类,专科批,飞机机电设备维修,样本不足,配对单元数不足（4 / 5，门槛 5）,4,-0.0100,0.1312,否,0.50,5,-0.0078,0.0827,否,0.60,-0.0178,-0.0331,-0.0906,4,8,9,+5,普通公办:4个/-4.6% 民办:1个/+1.5%
历史学科类,专科批,应用韩语,样本不足,配对单元数不足（7 / 3，门槛 5）,7,+0.1254,0.0901,是,0.86,3,-0.1077,0.1079,否,0.67,+0.0177,+0.1023,-0.1905,7,10,4,-3,普通公办:3个/-10.8%
历史学科类,专科批,农产品加工与质量检测,样本不足,配对单元数不足（2 / 2，门槛 5）,2,-0.0069,0.1532,否,0.50,2,+0.0245,0.1079,否,0.50,+0.0176,-0.0300,-0.0583,2,2,3,+1,普通公办:2个/+2.5%
历史学科类,专科批,现代移动通信技术,样本不足,配对单元数不足（5 / 4，门槛 5）,5,-0.0122,0.1142,否,0.60,4,-0.0052,0.0937,否,0.75,-0.0174,-0.0353,-0.0880,6,6,6,+0,普通公办:4个/-0.5%
历史学科类,专科批,花卉生产与花艺,样本不足,配对单元数不足（3 / 3，门槛 5）,3,+0.0122,0.1532,否,0.67,3,+0.0050,0.1079,否,0.67,+0.0173,-0.0109,-0.0778,3,3,3,+0,普通公办:3个/+0.5%
历史学科类,专科批,港口与航运管理,样本不足,配对单元数不足（4 / 4，门槛 5）,4,-0.0124,0.1312,否,0.50,4,-0.0047,0.0937,否,0.50,-0.0171,-0.0355,-0.0875,5,5,5,+0,普通公办:3个/-1.5% 民办:1个/+11.6%
历史学科类,专科批,包装策划与设计,样本不足,配对单元数不足（1 / 1，门槛 5）,1,+0.0124,0.1532,否,1.00,1,-0.0287,0.1079,否,1.00,-0.0164,-0.0107,-0.1115,1,1,1,+0,普通公办:1个/-2.9%
历史学科类,专科批,电梯工程技术,样本不足,配对单元数不足（1 / 4，门槛 5）,1,-0.0741,0.1532,否,1.00,4,+0.0579,0.0937,否,0.75,-0.0162,-0.0972,-0.0250,2,4,4,+2,普通公办:3个/+7.7% 民办:1个/-7.0%
历史学科类,专科批,铁路物流管理,样本不足,配对单元数不足（3 / 3，门槛 5）,3,-0.0617,0.1532,否,1.00,3,+0.0774,0.1079,否,1.00,+0.0157,-0.0848,-0.0054,5,4,3,-2,普通公办:3个/+7.7%
历史学科类,专科批,铁道信号自动控制,样本不足,配对单元数不足（3 / 3，门槛 5）,3,-0.0297,0.1532,否,1.00,3,+0.0448,0.1079,否,1.00,+0.0151,-0.0529,-0.0380,5,3,3,-2,普通公办:3个/+4.5%
历史学科类,专科批,移动互联应用技术,样本不足,配对单元数不足（3 / 5，门槛 5）,3,+0.0360,0.1532,否,0.67,5,-0.0214,0.0827,否,0.60,+0.0146,+0.0129,-0.1042,3,6,7,+4,普通公办:5个/-2.1%
历史学科类,专科批,建筑设备工程技术,样本不足,配对单元数不足（1 / 1，门槛 5）,1,+0.0079,0.1532,否,1.00,1,+0.0062,0.1079,否,1.00,+0.0141,-0.0152,-0.0766,1,1,1,+0,普通公办:1个/+0.6%
历史学科类,专科批,电子信息工程技术,样本不足,配对单元数不足（5 / 4，门槛 5）,5,-0.0078,0.1142,否,0.60,4,+0.0211,0.0937,否,1.00,+0.0133,-0.0309,-0.0617,6,6,5,-1,普通公办:3个/+1.2% 民办:1个/+6.7%
历史学科类,专科批,电厂化学与环保技术,样本不足,配对单元数不足（1 / 1，门槛 5）,1,+0.0137,0.1532,否,1.00,1,-0.0268,0.1079,否,1.00,-0.0131,-0.0095,-0.1096,1,1,1,+0,普通公办:1个/-2.7%
历史学科类,专科批,矿产地质勘查,样本不足,配对单元数不足（1 / 1，门槛 5）,1,-0.0196,0.1532,否,1.00,1,+0.0322,0.1079,否,1.00,+0.0126,-0.0427,-0.0506,1,1,1,+0,普通公办:1个/+3.2%
历史学科类,专科批,特殊教育,样本不足,配对单元数不足（1 / 4，门槛 5）,1,-0.0600,0.1532,否,1.00,4,+0.0474,0.0937,否,1.00,-0.0126,-0.0831,-0.0354,4,5,5,+1,普通公办:3个/+4.6% 民办:1个/+16.1%
历史学科类,专科批,中草药栽培与加工技术,样本不足,配对单元数不足（1 / 1，门槛 5）,1,-0.1290,0.1532,否,1.00,1,+0.1175,0.1079,是,1.00,-0.0115,-0.1521,+0.0347,1,1,2,+1,普通公办:1个/+11.8%
历史学科类,专科批,模具设计与制造,样本不足,配对单元数不足（2 / 3，门槛 5）,2,-0.0782,0.1532,否,1.00,3,+0.0675,0.1079,否,1.00,-0.0107,-0.1013,-0.0153,4,4,3,-1,普通公办:2个/+7.6% 民办:1个/+1.0%
历史学科类,专科批,智慧水利技术,样本不足,配对单元数不足（1 / 1，门槛 5）,1,+0.0036,0.1532,否,1.00,1,+0.0067,0.1079,否,1.00,+0.0104,-0.0195,-0.0761,1,1,1,+0,普通公办:1个/+0.7%
历史学科类,专科批,建设工程监理,样本不足,配对单元数不足（1 / 2，门槛 5）,1,+0.0661,0.1532,否,1.00,2,-0.0568,0.1079,否,1.00,+0.0093,+0.0430,-0.1396,1,2,2,+1,普通公办:2个/-5.7%
历史学科类,专科批,集成电路技术,样本不足,配对单元数不足（1 / 1，门槛 5）,1,-0.0483,0.1532,否,1.00,1,+0.0574,0.1079,否,1.00,+0.0091,-0.0714,-0.0254,2,1,3,+1,普通公办:1个/+5.7%
历史学科类,专科批,作物生产与经营管理,样本不足,配对单元数不足（1 / 3，门槛 5）,1,+0.0367,0.1532,否,1.00,3,-0.0278,0.1079,否,0.67,+0.0089,+0.0136,-0.1106,1,4,3,+2,普通公办:3个/-2.8%
历史学科类,专科批,环境管理与评价,样本不足,配对单元数不足（2 / 1，门槛 5）,2,-0.0403,0.1532,否,1.00,1,+0.0316,0.1079,否,1.00,-0.0087,-0.0634,-0.0512,3,2,1,-2,普通公办:1个/+3.2%
历史学科类,专科批,水生态修复技术,样本不足,配对单元数不足（1 / 1，门槛 5）,1,+0.0246,0.1532,否,1.00,1,-0.0162,0.1079,否,1.00,+0.0084,+0.0015,-0.0990,1,1,2,+1,普通公办:1个/-1.6%
历史学科类,专科批,室内艺术设计,样本不足,配对单元数不足（1 / 2，门槛 5）,1,-0.0108,0.1532,否,1.00,2,+0.0031,0.1079,否,1.00,-0.0077,-0.0339,-0.0797,1,2,3,+2,普通公办:2个/+0.3%
历史学科类,专科批,服装设计与工艺,样本不足,配对单元数不足（3 / 3，门槛 5）,3,+0.0207,0.1532,否,0.67,3,-0.0133,0.1079,否,0.67,+0.0074,-0.0024,-0.0961,4,5,6,+2,普通公办:3个/-1.3%
历史学科类,专科批,冰雪设施运维与管理,样本不足,配对单元数不足（1 / 1，门槛 5）,1,-0.0748,0.1532,否,1.00,1,+0.0678,0.1079,否,1.00,-0.0070,-0.0979,-0.0150,1,1,1,+0,普通公办:1个/+6.8%
历史学科类,专科批,中医养生保健,样本不足,配对单元数不足（1 / 1，门槛 5）,1,+0.0102,0.1532,否,1.00,1,-0.0154,0.1079,否,1.00,-0.0052,-0.0129,-0.0982,2,1,3,+1,普通公办:1个/-1.5%
历史学科类,专科批,艺术教育,样本不足,配对单元数不足（2 / 2，门槛 5）,2,+0.0040,0.1532,否,0.50,2,+0.0010,0.1079,否,0.50,+0.0050,-0.0191,-0.0818,3,4,4,+1,普通公办:2个/+0.1%
历史学科类,专科批,国际金融,样本不足,配对单元数不足（4 / 4，门槛 5）,4,+0.0272,0.1312,否,0.50,4,-0.0314,0.0937,否,0.50,-0.0042,+0.0040,-0.1142,4,4,4,+0,普通公办:4个/-3.1%
历史学科类,专科批,水利水电工程技术,样本不足,配对单元数不足（2 / 3，门槛 5）,2,-0.0302,0.1532,否,1.00,3,+0.0264,0.1079,否,0.67,-0.0037,-0.0533,-0.0564,2,3,3,+1,普通公办:3个/+2.6%
历史学科类,专科批,环境监测技术,样本不足,配对单元数不足（3 / 3，门槛 5）,3,+0.0123,0.1532,否,0.67,3,-0.0151,0.1079,否,0.67,-0.0028,-0.0108,-0.0979,4,4,3,-1,普通公办:3个/-1.5%
历史学科类,专科批,刑事执行,样本不足,缺一个年段的配对数据,1,-0.0126,0.1532,否,1.00,,,,,,,-0.0357,,1,1,2,+1,
历史学科类,专科批,陵园服务与管理,样本不足,缺一个年段的配对数据,1,+0.0142,0.1532,否,1.00,,,,,,,-0.0089,,1,1,0,-1,
历史学科类,专科批,茶艺与茶文化,样本不足,缺一个年段的配对数据,1,-0.1175,0.1532,否,1.00,,,,,,,-0.1406,,2,1,1,-1,
历史学科类,专科批,动物营养与饲料,样本不足,缺一个年段的配对数据,1,-0.0728,0.1532,否,1.00,,,,,,,-0.0960,,1,1,0,-1,
历史学科类,专科批,测绘工程技术,样本不足,缺一个年段的配对数据,1,+0.0412,0.1532,否,1.00,,,,,,,+0.0181,,1,1,1,+0,
历史学科类,专科批,医学生物技术,样本不足,配对单元数不足（1 / 1，门槛 5）,1,-0.0119,0.1532,否,1.00,1,+0.0119,0.1079,否,1.00,+0.0000,-0.0350,-0.0709,1,1,2,+1,普通公办:1个/+1.2%
历史学科类,专科批,工业软件开发技术,样本不足,缺一个年段的配对数据,1,+0.2118,0.1532,是,1.00,,,,,,,+0.1887,,1,1,0,-1,
历史学科类,专科批,航空发动机装配调试技术,样本不足,缺一个年段的配对数据,1,+0.0386,0.1532,否,1.00,,,,,,,+0.0154,,1,1,0,-1,
历史学科类,专科批,化工生物技术,样本不足,缺一个年段的配对数据,1,+0.0900,0.1532,否,1.00,,,,,,,+0.0668,,1,1,0,-1,
历史学科类,专科批,舞蹈表演,样本不足,缺一个年段的配对数据,1,+0.2429,0.1532,是,1.00,,,,,,,+0.2198,,1,1,0,-1,
历史学科类,专科批,商务管理,样本不足,缺一个年段的配对数据,1,+0.1948,0.1532,是,1.00,,,,,,,+0.1717,,2,2,1,-1,
历史学科类,专科批,影视编导,样本不足,缺一个年段的配对数据,1,+0.1479,0.1532,否,1.00,,,,,,,+0.1248,,2,1,1,-1,
历史学科类,专科批,表演艺术,样本不足,缺一个年段的配对数据,1,+0.1961,0.1532,是,1.00,,,,,,,+0.1730,,2,1,1,-1,
历史学科类,专科批,播音与主持,样本不足,缺一个年段的配对数据,1,+0.0757,0.1532,否,1.00,,,,,,,+0.0526,,1,1,0,-1,
历史学科类,专科批,现代物业管理,样本不足,缺一个年段的配对数据,2,+0.1167,0.1532,否,1.00,,,,,,,+0.0936,,2,2,1,-1,
历史学科类,专科批,市政工程技术,样本不足,缺一个年段的配对数据,1,+0.0248,0.1532,否,1.00,,,,,,,+0.0017,,1,1,1,+0,
历史学科类,专科批,舞蹈教育,样本不足,缺一个年段的配对数据,1,+0.0755,0.1532,否,1.00,,,,,,,+0.0524,,1,1,2,+1,
历史学科类,专科批,发电运行技术,样本不足,缺一个年段的配对数据,1,-0.0356,0.1532,否,1.00,,,,,,,-0.0587,,1,1,0,-1,
历史学科类,专科批,中医骨伤,样本不足,缺一个年段的配对数据,,,,,,1,+0.1596,0.1079,是,1.00,,,+0.0768,1,1,2,+1,普通公办:1个/+16.0%
历史学科类,专科批,智能建造技术,样本不足,缺一个年段的配对数据,,,,,,8,-0.0889,0.0613,是,0.75,,,-0.1717,0,8,11,+11,普通公办:7个/-9.3% 民办:1个/+1.4%
历史学科类,专科批,核电站动力设备运行与维护,样本不足,缺一个年段的配对数据,,,,,,1,+0.1199,0.1079,是,1.00,,,+0.0370,0,1,1,+1,普通公办:1个/+12.0%
历史学科类,专科批,司法警务,样本不足,缺一个年段的配对数据,,,,,,1,-0.0016,0.1079,否,1.00,,,-0.0844,0,1,2,+2,普通公办:1个/-0.2%
历史学科类,专科批,司法信息技术,样本不足,缺一个年段的配对数据,,,,,,1,-0.0083,0.1079,否,1.00,,,-0.0911,0,1,1,+1,普通公办:1个/-0.8%
历史学科类,专科批,业财数据应用与管理,样本不足,缺一个年段的配对数据,,,,,,3,-0.0404,0.1079,否,1.00,,,-0.1232,0,3,4,+4,普通公办:3个/-4.0%
历史学科类,专科批,导弹维修技术,样本不足,缺一个年段的配对数据,,,,,,1,-0.1913,0.1079,是,1.00,,,-0.2741,0,1,1,+1,民办:1个/-19.1%
历史学科类,专科批,首饰设计与工艺,样本不足,缺一个年段的配对数据,,,,,,1,-0.0457,0.1079,否,1.00,,,-0.1285,0,1,1,+1,普通公办:1个/-4.6%
历史学科类,专科批,材料成型及控制技术,样本不足,缺一个年段的配对数据,,,,,,1,-0.0401,0.1079,否,1.00,,,-0.1229,0,1,1,+1,普通公办:1个/-4.0%
历史学科类,专科批,建筑电气工程技术,样本不足,缺一个年段的配对数据,,,,,,1,-0.0437,0.1079,否,1.00,,,-0.1265,0,1,1,+1,普通公办:1个/-4.4%
历史学科类,专科批,供热通风与空调工程技术,样本不足,缺一个年段的配对数据,,,,,,1,-0.0800,0.1079,否,1.00,,,-0.1628,0,1,1,+1,普通公办:1个/-8.0%
历史学科类,专科批,建设工程管理,样本不足,缺一个年段的配对数据,,,,,,1,-0.0285,0.1079,否,1.00,,,-0.1113,2,2,2,+0,普通公办:1个/-2.8%
历史学科类,专科批,建筑经济信息化管理,样本不足,缺一个年段的配对数据,,,,,,1,+0.0031,0.1079,否,1.00,,,-0.0797,0,1,2,+2,普通公办:1个/+0.3%
历史学科类,专科批,汽车电子技术,样本不足,缺一个年段的配对数据,,,,,,1,+0.0064,0.1079,否,1.00,,,-0.0764,3,1,2,-1,普通公办:1个/+0.6%
历史学科类,专科批,水利水电工程智能管理,样本不足,缺一个年段的配对数据,,,,,,1,-0.0716,0.1079,否,1.00,,,-0.1544,0,1,1,+1,普通公办:1个/-7.2%
历史学科类,专科批,水文与水资源技术,样本不足,缺一个年段的配对数据,,,,,,1,-0.0799,0.1079,否,1.00,,,-0.1627,0,1,1,+1,普通公办:1个/-8.0%
历史学科类,专科批,材料工程技术,样本不足,缺一个年段的配对数据,,,,,,1,-0.0469,0.1079,否,1.00,,,-0.1297,0,1,2,+2,普通公办:1个/-4.7%
历史学科类,专科批,影视多媒体技术,样本不足,缺一个年段的配对数据,,,,,,2,+0.0067,0.1079,否,0.50,,,-0.0761,1,3,2,+1,普通公办:2个/+0.7%
历史学科类,专科批,体育教育,样本不足,缺一个年段的配对数据,,,,,,2,+0.1024,0.1079,否,1.00,,,+0.0196,3,2,3,+0,普通公办:1个/+17.0% 民办:1个/+3.5%
历史学科类,专科批,职业指导与服务,样本不足,缺一个年段的配对数据,,,,,,1,-0.1214,0.1079,是,1.00,,,-0.2042,0,1,1,+1,普通公办:1个/-12.1%
历史学科类,专科批,物流工程技术,样本不足,缺一个年段的配对数据,,,,,,1,+0.0072,0.1079,否,1.00,,,-0.0756,2,1,3,+1,普通公办:1个/+0.7%
历史学科类,专科批,农村电子商务,样本不足,缺一个年段的配对数据,,,,,,1,-0.0893,0.1079,否,1.00,,,-0.1721,0,1,1,+1,普通公办:1个/-8.9%
历史学科类,专科批,青少年工作与管理,样本不足,缺一个年段的配对数据,,,,,,1,+0.0988,0.1079,否,1.00,,,+0.0159,0,1,1,+1,普通公办:1个/+9.9%
历史学科类,专科批,密码技术应用,样本不足,缺一个年段的配对数据,,,,,,2,-0.0062,0.1079,否,0.50,,,-0.0890,0,2,2,+2,普通公办:1个/+2.0% 民办:1个/-3.3%
历史学科类,专科批,健康大数据管理与服务,样本不足,缺一个年段的配对数据,,,,,,2,+0.0091,0.1079,否,0.50,,,-0.0737,0,2,2,+2,普通公办:1个/-4.4% 民办:1个/+6.2%
历史学科类,专科批,港口物流管理,样本不足,缺一个年段的配对数据,,,,,,2,+0.0469,0.1079,否,0.50,,,-0.0359,0,2,2,+2,民办:2个/+4.7%
历史学科类,专科批,影视动画,样本不足,缺一个年段的配对数据,,,,,,1,+0.1159,0.1079,是,1.00,,,+0.0331,0,1,2,+2,民办:1个/+11.6%
历史学科类,专科批,汽车智能技术,样本不足,缺一个年段的配对数据,,,,,,1,+0.0014,0.1079,否,1.00,,,-0.0814,0,1,3,+3,民办:1个/+0.1%
历史学科类,专科批,煤矿智能开采技术,样本不足,缺一个年段的配对数据,,,,,,1,-0.1210,0.1079,是,1.00,,,-0.2038,0,1,1,+1,普通公办:1个/-12.1%
历史学科类,专科批,水电站机电设备与自动化,样本不足,缺一个年段的配对数据,,,,,,1,+0.0323,0.1079,否,1.00,,,-0.0505,0,1,1,+1,普通公办:1个/+3.2%
历史学科类,专科批,民政服务与管理,样本不足,缺一个年段的配对数据,,,,,,1,+0.0837,0.1079,否,1.00,,,+0.0009,1,1,2,+1,普通公办:1个/+8.4%
历史学科类,专科批,现代家用纺织品设计,样本不足,缺一个年段的配对数据,,,,,,1,+0.0186,0.1079,否,1.00,,,-0.0642,0,1,1,+1,普通公办:1个/+1.9%
历史学科类,专科批,建筑钢结构工程技术,样本不足,缺一个年段的配对数据,,,,,,1,-0.0639,0.1079,否,1.00,,,-0.1467,0,1,1,+1,普通公办:1个/-6.4%
历史学科类,专科批,冷链物流技术与管理,样本不足,缺一个年段的配对数据,,,,,,1,-0.0227,0.1079,否,1.00,,,-0.1055,0,1,1,+1,普通公办:1个/-2.3%
历史学科类,专科批,舞台艺术设计与制作,样本不足,缺一个年段的配对数据,,,,,,1,+0.0542,0.1079,否,1.00,,,-0.0286,0,1,1,+1,民办:1个/+5.4%
历史学科类,专科批,社会体育,样本不足,缺一个年段的配对数据,,,,,,1,-0.1159,0.1079,是,1.00,,,-0.1987,0,2,2,+2,普通公办:1个/-11.6%
历史学科类,专科批,文物修复与保护,样本不足,缺一个年段的配对数据,,,,,,2,+0.0378,0.1079,否,1.00,,,-0.0450,0,2,2,+2,普通公办:2个/+3.8%
历史学科类,专科批,商务数据分析与应用,样本不足,缺一个年段的配对数据,,,,,,1,+0.1077,0.1079,否,1.00,,,+0.0248,1,2,4,+3,普通公办:1个/+10.8%
历史学科类,专科批,农村金融,样本不足,缺一个年段的配对数据,,,,,,1,-0.0583,0.1079,否,1.00,,,-0.1412,0,1,1,+1,普通公办:1个/-5.8%
历史学科类,专科批,数字时尚设计,样本不足,缺一个年段的配对数据,,,,,,1,-0.0185,0.1079,否,1.00,,,-0.1014,0,1,1,+1,普通公办:1个/-1.9%
历史学科类,专科批,旅游日语,样本不足,缺一个年段的配对数据,,,,,,1,+0.1277,0.1079,是,1.00,,,+0.0449,0,1,1,+1,普通公办:1个/+12.8%
历史学科类,专科批,动物药学,样本不足,缺一个年段的配对数据,,,,,,1,+0.2373,0.1079,是,1.00,,,+0.1545,0,1,2,+2,民办:1个/+23.7%
历史学科类,专科批,建筑消防技术,样本不足,缺一个年段的配对数据,,,,,,1,+0.1169,0.1079,是,1.00,,,+0.0340,1,1,2,+1,民办:1个/+11.7%
历史学科类,专科批,智慧城市管理技术,样本不足,缺一个年段的配对数据,,,,,,1,+0.0259,0.1079,否,1.00,,,-0.0569,1,4,1,+0,普通公办:1个/+2.6%
历史学科类,专科批,航空材料精密成型技术,样本不足,缺一个年段的配对数据,,,,,,1,-0.0179,0.1079,否,1.00,,,-0.1007,0,1,1,+1,普通公办:1个/-1.8%
历史学科类,专科批,社会工作,样本不足,缺一个年段的配对数据,,,,,,1,+0.0829,0.1079,否,1.00,,,+0.0001,1,2,3,+2,普通公办:1个/+8.3%
历史学科类,专科批,邮政快递运营管理,样本不足,缺一个年段的配对数据,,,,,,1,-0.0727,0.1079,否,1.00,,,-0.1555,1,8,5,+4,普通公办:1个/-7.3%
历史学科类,专科批,制药设备应用技术,样本不足,缺一个年段的配对数据,,,,,,1,-0.1037,0.1079,否,1.00,,,-0.1865,0,1,1,+1,普通公办:1个/-10.4%
历史学科类,专科批,卫星通信与导航技术,样本不足,缺一个年段的配对数据,,,,,,1,+0.0247,0.1079,否,1.00,,,-0.0581,0,1,1,+1,普通公办:1个/+2.5%
历史学科类,专科批,心理健康教育,样本不足,缺一个年段的配对数据,,,,,,1,+0.0180,0.1079,否,1.00,,,-0.0648,1,1,2,+1,普通公办:1个/+1.8%
历史学科类,本科批,现代殡葬管理,样本不足,配对单元数不足（1 / 1，门槛 5）,1,-0.1999,0.1280,是,1.00,1,-0.3934,0.1599,是,1.00,-0.5933,-0.1681,-0.3705,1,1,1,+0,普通公办:1个/-39.3%
历史学科类,本科批,边防军人子女预科班,样本不足,配对单元数不足（3 / 8，门槛 5）,3,-0.4628,0.1280,是,1.00,8,-0.0503,0.0905,否,0.50,-0.5131,-0.4309,-0.0275,3,8,8,+5,985:1个/-10.2% 普通公办:7个/+0.1%
历史学科类,本科批,匈牙利语,样本不足,配对单元数不足（1 / 1，门槛 5）,1,-0.2040,0.1280,是,1.00,1,-0.2474,0.1599,是,1.00,-0.4513,-0.1721,-0.2245,2,2,1,-1,普通公办:1个/-24.7%
历史学科类,本科批,智慧健康养老管理,样本不足,配对单元数不足（1 / 1，门槛 5）,1,-0.2149,0.1280,是,1.00,1,-0.1803,0.1599,是,1.00,-0.3951,-0.1830,-0.1574,1,1,1,+0,普通公办:1个/-18.0%
历史学科类,本科批,摄影,样本不足,配对单元数不足（1 / 1，门槛 5）,1,-0.3130,0.1280,是,1.00,1,+0.0235,0.1599,否,1.00,-0.2894,-0.2811,+0.0464,1,1,1,+0,普通公办:1个/+2.4%
历史学科类,本科批,影视摄影与制作,样本不足,配对单元数不足（2 / 3，门槛 5）,2,+0.3612,0.1280,是,1.00,3,-0.0819,0.1599,否,0.67,+0.2793,+0.3930,-0.0590,3,3,4,+1,普通公办:3个/-8.2%
历史学科类,本科批,公共关系学,样本不足,配对单元数不足（2 / 1，门槛 5）,2,-0.0203,0.1280,否,0.50,1,-0.2568,0.1599,是,1.00,-0.2771,+0.0115,-0.2339,3,2,2,-1,普通公办:1个/-25.7%
历史学科类,本科批,人类学,样本不足,配对单元数不足（2 / 1，门槛 5）,2,+0.4692,0.1280,是,1.00,1,-0.1977,0.1599,是,1.00,+0.2715,+0.5010,-0.1748,2,2,1,-1,985:1个/-19.8%
历史学科类,本科批,国际政治,样本不足,配对单元数不足（6 / 4，门槛 5）,6,+0.0944,0.0845,是,1.00,4,+0.1637,0.1384,是,1.00,+0.2581,+0.1263,+0.1866,7,8,7,+0,211:2个/+14.2% 普通公办:2个/+16.4%
历史学科类,本科批,电影学,样本不足,配对单元数不足（1 / 1，门槛 5）,1,-0.2086,0.1280,是,1.00,1,-0.0383,0.1599,否,1.00,-0.2470,-0.1768,-0.0155,1,1,1,+0,民办:1个/-3.8%
历史学科类,本科批,国际组织与全球治理,样本不足,配对单元数不足（2 / 1，门槛 5）,2,+0.0786,0.1280,否,1.00,1,+0.1634,0.1599,是,1.00,+0.2420,+0.1104,+0.1862,2,2,1,-1,普通公办:1个/+16.3%
历史学科类,本科批,伦理学,样本不足,配对单元数不足（1 / 1，门槛 5）,1,+0.0876,0.1280,否,1.00,1,+0.1467,0.1599,否,1.00,+0.2343,+0.1195,+0.1695,1,1,1,+0,双一流:1个/+14.7%
历史学科类,本科批,自然地理与资源环境,样本不足,配对单元数不足（1 / 1，门槛 5）,1,-0.0823,0.1280,否,1.00,1,-0.1406,0.1599,否,1.00,-0.2229,-0.0504,-0.1178,2,1,1,-1,211:1个/-14.1%
历史学科类,本科批,世界史,样本不足,配对单元数不足（1 / 2，门槛 5）,1,+0.1861,0.1280,是,1.00,2,+0.0345,0.1599,否,0.50,+0.2207,+0.2180,+0.0574,1,2,2,+1,211:1个/+12.3% 985:1个/-5.4%
历史学科类,本科批,国际事务与国际关系,样本不足,配对单元数不足（4 / 5，门槛 5）,4,-0.0114,0.1086,否,0.75,5,+0.2239,0.1218,是,1.00,+0.2126,+0.0205,+0.2468,5,6,6,+1,普通公办:5个/+22.4%
历史学科类,本科批,监狱学,样本不足,配对单元数不足（2 / 2，门槛 5）,2,-0.0510,0.1280,否,0.50,2,-0.1356,0.1599,否,1.00,-0.1866,-0.0191,-0.1127,2,2,2,+0,普通公办:2个/-13.6%
历史学科类,本科批,信用管理,样本不足,配对单元数不足（2 / 2，门槛 5）,2,+0.1911,0.1280,是,0.50,2,-0.0046,0.1599,否,0.50,+0.1865,+0.2229,+0.0183,5,3,3,-2,普通公办:2个/-0.5%
历史学科类,本科批,社区矫正,样本不足,配对单元数不足（1 / 1，门槛 5）,1,-0.1883,0.1280,是,1.00,1,+0.0048,0.1599,否,1.00,-0.1836,-0.1565,+0.0276,1,1,1,+0,普通公办:1个/+0.5%
历史学科类,本科批,园林,样本不足,配对单元数不足（3 / 2，门槛 5）,3,+0.0066,0.1280,否,0.67,2,+0.1559,0.1599,否,1.00,+0.1625,+0.0385,+0.1788,4,3,2,-2,普通公办:1个/+29.3% 民办:1个/+1.9%
历史学科类,本科批,教育学,样本不足,配对单元数不足（4 / 10，门槛 5）,4,+0.1153,0.1086,是,1.00,10,+0.0451,0.0812,否,0.60,+0.1604,+0.1472,+0.0679,12,12,16,+4,985:1个/-9.6% 双一流:1个/+12.2% 普通公办:7个/+5.3% 民办:1个/-15.5%
历史学科类,本科批,能源经济,样本不足,配对单元数不足（1 / 1，门槛 5）,1,-0.0426,0.1280,否,1.00,1,-0.1113,0.1599,否,1.00,-0.1539,-0.0108,-0.0884,1,1,1,+0,普通公办:1个/-11.1%
历史学科类,本科批,国民经济管理,样本不足,配对单元数不足（2 / 1，门槛 5）,2,+0.1042,0.1280,否,1.00,1,+0.0484,0.1599,否,1.00,+0.1525,+0.1360,+0.0712,2,2,3,+1,211:1个/+4.8%
历史学科类,本科批,泰语,样本不足,配对单元数不足（3 / 1，门槛 5）,3,-0.1000,0.1280,否,0.67,1,-0.0524,0.1599,否,1.00,-0.1524,-0.0682,-0.0295,3,3,5,+2,普通公办:1个/-5.2%
历史学科类,本科批,海事管理,样本不足,配对单元数不足（1 / 1，门槛 5）,1,-0.1348,0.1280,是,1.00,1,-0.0115,0.1599,否,1.00,-0.1463,-0.1029,+0.0114,1,1,1,+0,211:1个/-1.1%
历史学科类,本科批,葡萄牙语,样本不足,配对单元数不足（3 / 3，门槛 5）,3,-0.0417,0.1280,否,0.67,3,-0.1035,0.1599,否,0.67,-0.1452,-0.0098,-0.0806,5,3,4,-1,普通公办:1个/-44.0% 民办:2个/-4.6%
历史学科类,本科批,逻辑学,样本不足,配对单元数不足（1 / 1，门槛 5）,1,+0.0166,0.1280,否,1.00,1,-0.1593,0.1599,否,1.00,-0.1427,+0.0485,-0.1365,1,1,1,+0,985:1个/-15.9%
历史学科类,本科批,地理科学,样本不足,配对单元数不足（3 / 12，门槛 5）,3,+0.0797,0.1280,否,1.00,12,+0.0610,0.0735,否,0.75,+0.1407,+0.1115,+0.0839,13,14,15,+2,普通公办:11个/+6.2% 民办:1个/-0.7%
历史学科类,本科批,古典文献学,样本不足,配对单元数不足（1 / 1，门槛 5）,1,+0.0367,0.1280,否,1.00,1,-0.1772,0.1599,是,1.00,-0.1405,+0.0686,-0.1543,2,1,2,+0,普通公办:1个/-17.7%
历史学科类,本科批,艺术设计学,样本不足,配对单元数不足（2 / 2，门槛 5）,2,-0.1083,0.1280,否,1.00,2,-0.0303,0.1599,否,0.50,-0.1386,-0.0764,-0.0075,2,2,2,+0,双一流:1个/-6.9% 普通公办:1个/+0.9%
历史学科类,本科批,旅游管理与服务教育,样本不足,配对单元数不足（3 / 4，门槛 5）,3,-0.0964,0.1280,否,1.00,4,-0.0384,0.1384,否,1.00,-0.1348,-0.0645,-0.0155,7,5,4,-3,普通公办:3个/-5.3% 民办:1个/-1.6%
历史学科类,本科批,交通管理,样本不足,配对单元数不足（2 / 2，门槛 5）,2,-0.1285,0.1280,是,0.50,2,-0.0047,0.1599,否,0.50,-0.1332,-0.0966,+0.0181,3,2,2,-1,211:1个/+6.6% 普通公办:1个/-7.6%
历史学科类,本科批,贸易经济,样本不足,配对单元数不足（1 / 1，门槛 5）,1,+0.0474,0.1280,否,1.00,1,+0.0786,0.1599,否,1.00,+0.1260,+0.0792,+0.1015,2,1,1,-1,普通公办:1个/+7.9%
历史学科类,本科批,航空安防管理,样本不足,配对单元数不足（1 / 2，门槛 5）,1,+0.0279,0.1280,否,1.00,2,+0.0959,0.1599,否,1.00,+0.1238,+0.0598,+0.1187,1,2,2,+1,普通公办:2个/+9.6%
历史学科类,本科批,宗教学,样本不足,配对单元数不足（1 / 1，门槛 5）,1,-0.0480,0.1280,否,1.00,1,+0.1650,0.1599,是,1.00,+0.1170,-0.0161,+0.1879,1,2,3,+2,985:1个/+16.5%
历史学科类,本科批,土地资源管理,样本不足,配对单元数不足（3 / 3，门槛 5）,3,-0.0318,0.1280,否,0.67,3,-0.0844,0.1599,否,1.00,-0.1162,+0.0001,-0.0616,6,5,5,-1,普通公办:3个/-8.4%
历史学科类,本科批,国家安全学,样本不足,配对单元数不足（1 / 1，门槛 5）,1,-0.1524,0.1280,是,1.00,1,+0.0365,0.1599,否,1.00,-0.1159,-0.1205,+0.0593,1,1,2,+1,普通公办:1个/+3.6%
历史学科类,本科批,数字出版,样本不足,配对单元数不足（4 / 2，门槛 5）,4,-0.0893,0.1086,否,1.00,2,-0.0183,0.1599,否,1.00,-0.1076,-0.0574,+0.0045,5,4,4,-1,211:1个/-3.4% 普通公办:1个/-0.3%
历史学科类,本科批,服装设计与工程,样本不足,配对单元数不足（2 / 2，门槛 5）,2,-0.0535,0.1280,否,0.50,2,-0.0492,0.1599,否,1.00,-0.1027,-0.0217,-0.0263,2,2,3,+1,普通公办:2个/-4.9%
历史学科类,本科批,养老服务管理,样本不足,配对单元数不足（4 / 9，门槛 5）,4,-0.0343,0.1086,否,0.75,9,-0.0627,0.0856,否,0.89,-0.0970,-0.0024,-0.0399,6,11,10,+4,普通公办:7个/-4.5% 民办:2个/-11.7%
历史学科类,本科批,休闲体育,样本不足,配对单元数不足（1 / 1，门槛 5）,1,+0.0956,0.1280,否,1.00,1,+0.0001,0.1599,否,1.00,+0.0957,+0.1275,+0.0229,1,1,1,+0,211:1个/+0.0%
历史学科类,本科批,考古学,样本不足,配对单元数不足（4 / 3，门槛 5）,4,-0.0501,0.1086,否,0.50,3,-0.0409,0.1599,否,0.67,-0.0910,-0.0183,-0.0181,5,5,4,-1,211:2个/+22.0% 985:1个/-4.1%
历史学科类,本科批,建筑装饰工程,样本不足,配对单元数不足（1 / 1，门槛 5）,1,-0.0219,0.1280,否,1.00,1,-0.0687,0.1599,否,1.00,-0.0906,+0.0100,-0.0459,1,1,1,+0,民办:1个/-6.9%
历史学科类,本科批,物业管理,样本不足,配对单元数不足（2 / 2，门槛 5）,2,-0.0169,0.1280,否,1.00,2,-0.0715,0.1599,否,1.00,-0.0884,+0.0150,-0.0486,2,2,2,+0,普通公办:2个/-7.1%
历史学科类,本科批,劳动经济学,样本不足,配对单元数不足（1 / 1，门槛 5）,1,+0.0630,0.1280,否,1.00,1,+0.0175,0.1599,否,1.00,+0.0805,+0.0949,+0.0403,1,1,1,+0,普通公办:1个/+1.7%
历史学科类,本科批,外交学,样本不足,配对单元数不足（3 / 4，门槛 5）,3,-0.0618,0.1280,否,0.67,4,-0.0164,0.1384,否,0.75,-0.0781,-0.0299,+0.0065,5,5,6,+1,211:1个/-2.2% 985:1个/-1.1% 普通公办:2个/+1.8%
历史学科类,本科批,护理,样本不足,配对单元数不足（1 / 3，门槛 5）,1,+0.0184,0.1280,否,1.00,3,-0.0962,0.1599,否,1.00,-0.0778,+0.0503,-0.0734,1,3,3,+2,民办:3个/-9.6%
历史学科类,本科批,人文地理与城乡规划,样本不足,配对单元数不足（3 / 5，门槛 5）,3,+0.0584,0.1280,否,1.00,5,+0.0178,0.1218,否,0.80,+0.0762,+0.0902,+0.0406,6,5,7,+1,普通公办:5个/+1.8%
历史学科类,本科批,司法警察学,样本不足,配对单元数不足（1 / 1，门槛 5）,1,-0.0717,0.1280,否,1.00,1,-0.0011,0.1599,否,1.00,-0.0727,-0.0398,+0.0218,1,1,1,+0,普通公办:1个/-0.1%
历史学科类,本科批,会展经济与管理,样本不足,配对单元数不足（6 / 4，门槛 5）,6,+0.0249,0.0845,否,0.67,4,+0.0457,0.1384,否,0.75,+0.0706,+0.0568,+0.0686,16,10,8,-8,普通公办:3个/+6.5% 民办:1个/+2.7%
历史学科类,本科批,意大利语,样本不足,配对单元数不足（4 / 4，门槛 5）,4,-0.0312,0.1086,否,1.00,4,-0.0377,0.1384,否,0.50,-0.0689,+0.0007,-0.0148,7,4,5,-2,普通公办:2个/+2.1% 民办:2个/-7.7%
历史学科类,本科批,服装工程技术,样本不足,配对单元数不足（1 / 1，门槛 5）,1,+0.0082,0.1280,否,1.00,1,-0.0741,0.1599,否,1.00,-0.0659,+0.0401,-0.0513,1,1,1,+0,普通公办:1个/-7.4%
历史学科类,本科批,运动人体科学,样本不足,配对单元数不足（1 / 1，门槛 5）,1,-0.0040,0.1280,否,1.00,1,-0.0616,0.1599,否,1.00,-0.0656,+0.0278,-0.0387,1,1,1,+0,普通公办:1个/-6.2%
历史学科类,本科批,艺术教育,样本不足,配对单元数不足（3 / 4，门槛 5）,3,+0.0498,0.1280,否,0.67,4,-0.1143,0.1384,否,1.00,-0.0646,+0.0816,-0.0915,4,5,4,+0,双一流:1个/-19.9% 普通公办:2个/-4.7% 民办:1个/-13.7%
历史学科类,本科批,体育经济与管理,样本不足,配对单元数不足（3 / 4，门槛 5）,3,+0.0916,0.1280,否,0.67,4,-0.0275,0.1384,否,0.50,+0.0640,+0.1234,-0.0047,3,5,6,+3,211:1个/+1.0% 普通公办:3个/-6.5%
历史学科类,本科批,运动康复,样本不足,配对单元数不足（3 / 6，门槛 5）,3,+0.0379,0.1280,否,0.67,6,+0.0241,0.1097,否,0.67,+0.0620,+0.0697,+0.0470,3,6,7,+4,双一流:1个/+85.1% 普通公办:4个/+2.4% 民办:1个/-9.4%
历史学科类,本科批,投资学,样本不足,配对单元数不足（6 / 3，门槛 5）,6,-0.0579,0.0845,否,0.67,3,-0.0036,0.1599,否,0.67,-0.0615,-0.0260,+0.0193,12,6,6,-6,211:1个/+30.9% 普通公办:1个/-0.4% 民办:1个/-17.1%
历史学科类,本科批,资源与环境经济学,样本不足,配对单元数不足（1 / 2，门槛 5）,1,+0.0232,0.1280,否,1.00,2,-0.0830,0.1599,否,1.00,-0.0598,+0.0551,-0.0602,3,2,2,-1,普通公办:2个/-8.3%
历史学科类,本科批,图书馆学,样本不足,配对单元数不足（2 / 3，门槛 5）,2,-0.0040,0.1280,否,0.50,3,-0.0554,0.1599,否,0.67,-0.0594,+0.0279,-0.0326,2,4,3,+1,普通公办:3个/-5.5%
历史学科类,本科批,劳动教育,样本不足,配对单元数不足（1 / 1，门槛 5）,1,-0.0260,0.1280,否,1.00,1,-0.0330,0.1599,否,1.00,-0.0590,+0.0059,-0.0101,1,1,1,+0,普通公办:1个/-3.3%
历史学科类,本科批,城市管理,样本不足,配对单元数不足（4 / 2，门槛 5）,4,-0.0008,0.1086,否,0.50,2,-0.0580,0.1599,否,1.00,-0.0588,+0.0311,-0.0351,4,5,4,+0,普通公办:2个/-5.8%
历史学科类,本科批,慈善管理,样本不足,配对单元数不足（1 / 1，门槛 5）,1,-0.0431,0.1280,否,1.00,1,-0.0133,0.1599,否,1.00,-0.0564,-0.0112,+0.0096,1,1,1,+0,普通公办:1个/-1.3%
历史学科类,本科批,心理学,样本不足,配对单元数不足（1 / 4，门槛 5）,1,+0.0151,0.1280,否,1.00,4,+0.0368,0.1384,否,0.50,+0.0519,+0.0470,+0.0597,4,4,5,+1,211:1个/-18.7% 普通公办:3个/+8.1%
历史学科类,本科批,纪检监察,样本不足,配对单元数不足（1 / 2，门槛 5）,1,-0.0528,0.1280,否,1.00,2,+0.0996,0.1599,否,1.00,+0.0467,-0.0210,+0.1224,1,3,4,+3,211:1个/+19.5% 普通公办:1个/+0.4%
历史学科类,本科批,商务经济学,样本不足,配对单元数不足（2 / 2，门槛 5）,2,-0.0046,0.1280,否,0.50,2,-0.0418,0.1599,否,1.00,-0.0464,+0.0273,-0.0189,2,2,2,+0,普通公办:2个/-4.2%
历史学科类,本科批,中国共产党历史,样本不足,配对单元数不足（2 / 1，门槛 5）,2,-0.0648,0.1280,否,1.00,1,+0.1098,0.1599,否,1.00,+0.0450,-0.0329,+0.1326,2,3,1,-1,普通公办:1个/+11.0%
历史学科类,本科批,数字媒体艺术,样本不足,配对单元数不足（1 / 1，门槛 5）,1,-0.4716,0.1280,是,1.00,1,+0.4296,0.1599,是,1.00,-0.0420,-0.4398,+0.4524,3,2,2,-1,普通公办:1个/+43.0%
历史学科类,本科批,大数据与会计,样本不足,配对单元数不足（1 / 2，门槛 5）,1,+0.0113,0.1280,否,1.00,2,-0.0523,0.1599,否,0.50,-0.0410,+0.0431,-0.0294,2,4,4,+2,普通公办:2个/-5.2%
历史学科类,本科批,非物质文化遗产保护,样本不足,配对单元数不足（3 / 3，门槛 5）,3,-0.0117,0.1280,否,0.67,3,-0.0245,0.1599,否,0.67,-0.0362,+0.0202,-0.0017,3,3,3,+0,普通公办:3个/-2.5%
历史学科类,本科批,社会政策,样本不足,配对单元数不足（2 / 2，门槛 5）,2,-0.0845,0.1280,否,1.00,2,+0.0487,0.1599,否,0.50,-0.0359,-0.0527,+0.0716,2,2,2,+0,985:1个/+12.5% 普通公办:1个/-2.7%
历史学科类,本科批,国际新闻与传播,样本不足,配对单元数不足（4 / 5，门槛 5）,4,+0.0029,0.1086,否,0.75,5,+0.0304,0.1218,否,0.80,+0.0333,+0.0348,+0.0533,8,9,10,+2,211:2个/+23.6% 985:1个/-19.8% 普通公办:2个/+2.2%
历史学科类,本科批,文化遗产,样本不足,配对单元数不足（1 / 1，门槛 5）,1,+0.0453,0.1280,否,1.00,1,-0.0135,0.1599,否,1.00,+0.0318,+0.0772,+0.0094,1,1,2,+1,民办:1个/-1.4%
历史学科类,本科批,汉语言,样本不足,配对单元数不足（1 / 1，门槛 5）,1,+0.0450,0.1280,否,1.00,1,-0.0744,0.1599,否,1.00,-0.0294,+0.0769,-0.0516,1,1,3,+2,民办:1个/-7.4%
历史学科类,本科批,信用风险管理与法律防控,样本不足,配对单元数不足（2 / 3，门槛 5）,2,-0.0063,0.1280,否,0.50,3,-0.0201,0.1599,否,1.00,-0.0263,+0.0256,+0.0028,3,3,4,+1,普通公办:2个/-1.1% 民办:1个/-12.9%
历史学科类,本科批,医疗产品管理,样本不足,配对单元数不足（1 / 1，门槛 5）,1,+0.0184,0.1280,否,1.00,1,-0.0423,0.1599,否,1.00,-0.0239,+0.0503,-0.0194,2,1,1,-1,民办:1个/-4.2%
历史学科类,本科批,国际经贸规则,样本不足,配对单元数不足（2 / 3，门槛 5）,2,+0.0749,0.1280,否,0.50,3,-0.0985,0.1599,否,1.00,-0.0236,+0.1068,-0.0757,3,4,7,+4,普通公办:2个/-9.1% 民办:1个/-16.3%
历史学科类,本科批,民族学,样本不足,配对单元数不足（4 / 6，门槛 5）,4,-0.0058,0.1086,否,0.50,6,+0.0245,0.1097,否,0.50,+0.0187,+0.0261,+0.0473,4,6,6,+2,985:1个/+13.4% 普通公办:5个/-0.8%
历史学科类,本科批,医疗保险,样本不足,配对单元数不足（2 / 3，门槛 5）,2,+0.0194,0.1280,否,1.00,3,-0.0361,0.1599,否,1.00,-0.0166,+0.0513,-0.0132,2,3,3,+1,普通公办:2个/-6.9% 民办:1个/-0.2%
历史学科类,本科批,农村区域发展,样本不足,配对单元数不足（4 / 2，门槛 5）,4,-0.0341,0.1086,否,0.50,2,+0.0238,0.1599,否,0.50,-0.0103,-0.0023,+0.0466,6,4,2,-4,211:1个/+7.7% 985:1个/-2.9%
历史学科类,本科批,劳动关系,样本不足,配对单元数不足（1 / 1，门槛 5）,1,+0.0912,0.1280,否,1.00,1,-0.0827,0.1599,否,1.00,+0.0085,+0.1230,-0.0598,2,1,1,-1,普通公办:1个/-8.3%
历史学科类,本科批,特殊教育,样本不足,配对单元数不足（1 / 5，门槛 5）,1,-0.0138,0.1280,否,1.00,5,+0.0096,0.1218,否,0.60,-0.0042,+0.0181,+0.0325,5,5,6,+1,普通公办:5个/+1.0%
历史学科类,本科批,数字人文,样本不足,配对单元数不足（1 / 1，门槛 5）,1,-0.0011,0.1280,否,1.00,1,-0.0001,0.1599,否,1.00,-0.0012,+0.0308,+0.0227,1,3,4,+3,民办:1个/-0.0%
历史学科类,本科批,健康管理,样本不足,缺一个年段的配对数据,1,+0.0239,0.1280,否,1.00,,,,,,,+0.0558,,1,1,0,-1,
历史学科类,本科批,金融科技,样本不足,缺一个年段的配对数据,1,+0.0382,0.1280,否,1.00,,,,,,,+0.0701,,1,1,0,-1,
历史学科类,本科批,企业数字化管理,样本不足,缺一个年段的配对数据,1,+0.2107,0.1280,是,1.00,,,,,,,+0.2426,,1,2,0,-1,
历史学科类,本科批,助产学,样本不足,缺一个年段的配对数据,1,-0.0268,0.1280,否,1.00,,,,,,,+0.0051,,5,1,1,-4,
历史学科类,本科批,戏剧学,样本不足,缺一个年段的配对数据,1,-0.0964,0.1280,否,1.00,,,,,,,-0.0645,,2,2,2,+0,
历史学科类,本科批,戏剧教育,样本不足,缺一个年段的配对数据,1,+0.1441,0.1280,是,1.00,,,,,,,+0.1759,,1,1,1,+0,
历史学科类,本科批,时尚传播,样本不足,缺一个年段的配对数据,,,,,,1,-0.1380,0.1599,否,1.00,,,-0.1151,0,2,1,+1,民办:1个/-13.8%
历史学科类,本科批,中医学,样本不足,缺一个年段的配对数据,,,,,,8,+0.1158,0.0905,是,0.75,,,+0.1386,0,10,10,+10,普通公办:7个/+14.3% 民办:1个/-40.2%
历史学科类,本科批,文科试验班类,样本不足,缺一个年段的配对数据,,,,,,1,-0.0229,0.1599,否,1.00,,,+0.0000,1,1,1,+0,985:1个/-2.3%
历史学科类,本科批,针灸推拿学,样本不足,缺一个年段的配对数据,,,,,,9,+0.0009,0.0856,否,0.67,,,+0.0238,0,9,10,+10,211:1个/+39.7% 普通公办:7个/+0.1% 民办:1个/-30.6%
历史学科类,本科批,化学,样本不足,缺一个年段的配对数据,,,,,,1,+0.3362,0.1599,是,1.00,,,+0.3591,0,1,1,+1,普通公办:1个/+33.6%
历史学科类,本科批,中医骨伤科学,样本不足,缺一个年段的配对数据,,,,,,2,+0.0155,0.1599,否,1.00,,,+0.0384,0,2,3,+3,普通公办:2个/+1.5%
历史学科类,本科批,中医康复学,样本不足,缺一个年段的配对数据,,,,,,1,-0.0044,0.1599,否,1.00,,,+0.0184,0,1,1,+1,普通公办:1个/-0.4%
历史学科类,本科批,中医养生学,样本不足,缺一个年段的配对数据,,,,,,1,-0.0229,0.1599,否,1.00,,,+0.0000,0,1,1,+1,普通公办:1个/-2.3%
历史学科类,本科批,乌尔都语,样本不足,缺一个年段的配对数据,,,,,,1,-0.1664,0.1599,是,1.00,,,-0.1435,0,1,1,+1,普通公办:1个/-16.6%
历史学科类,本科批,工会学,样本不足,缺一个年段的配对数据,,,,,,1,-0.1357,0.1599,否,1.00,,,-0.1128,0,1,1,+1,普通公办:1个/-13.6%
历史学科类,本科批,家庭教育,样本不足,缺一个年段的配对数据,,,,,,1,+0.0495,0.1599,否,1.00,,,+0.0724,0,1,1,+1,普通公办:1个/+5.0%
历史学科类,本科批,婚姻服务与管理,样本不足,缺一个年段的配对数据,,,,,,1,-0.0402,0.1599,否,1.00,,,-0.0173,0,1,1,+1,普通公办:1个/-4.0%
历史学科类,本科批,内部审计,样本不足,缺一个年段的配对数据,,,,,,1,-0.2041,0.1599,是,1.00,,,-0.1812,0,1,2,+2,民办:1个/-20.4%
历史学科类,本科批,孤独症儿童教育,样本不足,缺一个年段的配对数据,,,,,,1,+0.0711,0.1599,否,1.00,,,+0.0939,0,1,1,+1,普通公办:1个/+7.1%
历史学科类,本科批,乡村治理,样本不足,缺一个年段的配对数据,,,,,,1,+0.0365,0.1599,否,1.00,,,+0.0593,0,1,2,+2,普通公办:1个/+3.6%
历史学科类,本科批,海外利益安全,样本不足,缺一个年段的配对数据,,,,,,1,+0.1247,0.1599,否,1.00,,,+0.1475,0,1,1,+1,普通公办:1个/+12.5%
历史学科类,本科批,民航运输服务与管理,样本不足,缺一个年段的配对数据,,,,,,1,-0.1281,0.1599,否,1.00,,,-0.1053,0,1,1,+1,民办:1个/-12.8%
历史学科类,本科批,国际法,样本不足,缺一个年段的配对数据,,,,,,1,-0.0011,0.1599,否,1.00,,,+0.0218,0,1,2,+2,普通公办:1个/-0.1%
历史学科类,本科批,应用语言学,样本不足,缺一个年段的配对数据,,,,,,1,-0.0347,0.1599,否,1.00,,,-0.0118,0,1,1,+1,普通公办:1个/-3.5%
历史学科类,本科批,康复治疗,样本不足,缺一个年段的配对数据,,,,,,1,-0.0462,0.1599,否,1.00,,,-0.0233,0,1,1,+1,民办:1个/-4.6%
历史学科类,本科批,中国古典学,样本不足,缺一个年段的配对数据,,,,,,1,-0.2429,0.1599,是,1.00,,,-0.2201,1,1,1,+0,985:1个/-24.3%
物理学科类,专科批,导弹维修技术,样本不足,配对单元数不足（1 / 2，门槛 5）,1,-0.0516,0.0571,否,1.00,2,-0.2441,0.0578,是,1.00,-0.2957,-0.0775,-0.2389,1,2,2,+1,普通公办:1个/-46.6% 民办:1个/-2.2%
物理学科类,专科批,通用航空航务技术,样本不足,配对单元数不足（2 / 2，门槛 5）,2,+0.0024,0.0571,否,0.50,2,-0.1975,0.0578,是,1.00,-0.1950,-0.0235,-0.1923,2,2,2,+0,普通公办:2个/-19.7%
物理学科类,专科批,机场运行服务与管理,样本不足,配对单元数不足（2 / 1，门槛 5）,2,-0.1692,0.0571,是,1.00,1,-0.0229,0.0578,否,1.00,-0.1922,-0.1951,-0.0177,3,2,2,-1,普通公办:1个/-2.3%
物理学科类,专科批,小学科学教育,样本不足,配对单元数不足（2 / 1，门槛 5）,2,+0.0395,0.0571,否,1.00,1,+0.1352,0.0578,是,1.00,+0.1747,+0.0136,+0.1404,4,3,2,-2,普通公办:1个/+13.5%
物理学科类,专科批,植物保护与检疫技术,样本不足,配对单元数不足（1 / 1，门槛 5）,1,-0.0134,0.0571,否,1.00,1,+0.1861,0.0578,是,1.00,+0.1726,-0.0393,+0.1913,1,1,3,+2,普通公办:1个/+18.6%
物理学科类,专科批,视觉训练与康复,样本不足,配对单元数不足（2 / 2，门槛 5）,2,-0.0379,0.0571,否,0.50,2,-0.1316,0.0578,是,1.00,-0.1695,-0.0638,-0.1264,3,2,2,-1,普通公办:1个/-6.0% 民办:1个/-20.3%
物理学科类,专科批,智慧旅游技术应用,样本不足,配对单元数不足（1 / 1，门槛 5）,1,+0.0084,0.0571,否,1.00,1,+0.1410,0.0578,是,1.00,+0.1493,-0.0175,+0.1462,1,1,2,+1,普通公办:1个/+14.1%
物理学科类,专科批,特殊教育,样本不足,配对单元数不足（1 / 2，门槛 5）,1,+0.0367,0.0571,否,1.00,2,+0.1093,0.0578,是,1.00,+0.1460,+0.0108,+0.1145,2,3,2,+0,普通公办:2个/+10.9%
物理学科类,专科批,船舶智能焊接技术,样本不足,配对单元数不足（1 / 1，门槛 5）,1,-0.0908,0.0571,是,1.00,1,-0.0517,0.0578,否,1.00,-0.1426,-0.1168,-0.0465,1,1,2,+1,普通公办:1个/-5.2%
物理学科类,专科批,数字图文信息处理技术,样本不足,配对单元数不足（1 / 1，门槛 5）,1,-0.0782,0.0571,是,1.00,1,-0.0601,0.0578,是,1.00,-0.1382,-0.1041,-0.0549,1,1,1,+0,普通公办:1个/-6.0%
物理学科类,专科批,心理咨询,样本不足,配对单元数不足（1 / 1，门槛 5）,1,-0.1096,0.0571,是,1.00,1,-0.0244,0.0578,否,1.00,-0.1341,-0.1356,-0.0192,2,2,3,+1,普通公办:1个/-2.4%
物理学科类,专科批,现代殡葬技术与管理,样本不足,配对单元数不足（1 / 1，门槛 5）,1,-0.0293,0.0571,否,1.00,1,+0.1600,0.0578,是,1.00,+0.1307,-0.0553,+0.1652,1,1,1,+0,普通公办:1个/+16.0%
物理学科类,专科批,言语听觉康复技术,样本不足,配对单元数不足（1 / 1，门槛 5）,1,-0.0967,0.0571,是,1.00,1,-0.0314,0.0578,否,1.00,-0.1282,-0.1226,-0.0262,1,1,1,+0,普通公办:1个/-3.1%
物理学科类,专科批,小学道德与法治教育,样本不足,配对单元数不足（1 / 1，门槛 5）,1,+0.0365,0.0571,否,1.00,1,+0.0915,0.0578,是,1.00,+0.1280,+0.0106,+0.0967,2,1,1,-1,普通公办:1个/+9.1%
物理学科类,专科批,中文,样本不足,配对单元数不足（2 / 2，门槛 5）,2,+0.0577,0.0571,是,1.00,2,+0.0617,0.0578,是,1.00,+0.1194,+0.0318,+0.0669,2,2,2,+0,普通公办:2个/+6.2%
物理学科类,专科批,生态环境修复技术,样本不足,配对单元数不足（1 / 1，门槛 5）,1,+0.0380,0.0571,否,1.00,1,+0.0808,0.0578,是,1.00,+0.1188,+0.0121,+0.0860,2,1,2,+0,普通公办:1个/+8.1%
物理学科类,专科批,港口机械与智能控制,样本不足,配对单元数不足（1 / 1，门槛 5）,1,-0.0739,0.0571,是,1.00,1,-0.0429,0.0578,否,1.00,-0.1168,-0.0998,-0.0377,1,1,1,+0,普通公办:1个/-4.3%
物理学科类,专科批,建设工程监理,样本不足,配对单元数不足（2 / 2，门槛 5）,2,+0.0735,0.0571,是,1.00,2,+0.0381,0.0578,否,1.00,+0.1116,+0.0476,+0.0433,2,2,2,+0,普通公办:2个/+3.8%
物理学科类,专科批,数字印刷技术,样本不足,配对单元数不足（1 / 1，门槛 5）,1,+0.1053,0.0571,是,1.00,1,+0.0020,0.0578,否,1.00,+0.1073,+0.0793,+0.0072,1,1,1,+0,普通公办:1个/+0.2%
物理学科类,专科批,现代农业技术,样本不足,配对单元数不足（1 / 1，门槛 5）,1,+0.0111,0.0571,否,1.00,1,+0.0942,0.0578,是,1.00,+0.1053,-0.0148,+0.0994,1,4,2,+1,普通公办:1个/+9.4%
物理学科类,专科批,石油炼制技术,样本不足,配对单元数不足（1 / 2，门槛 5）,1,-0.0756,0.0571,是,1.00,2,-0.0293,0.0578,否,1.00,-0.1049,-0.1015,-0.0241,1,2,2,+1,普通公办:2个/-2.9%
物理学科类,专科批,高分子合成技术,样本不足,配对单元数不足（2 / 2，门槛 5）,2,-0.0621,0.0571,是,1.00,2,-0.0414,0.0578,否,1.00,-0.1035,-0.0880,-0.0362,2,2,2,+0,普通公办:2个/-4.1%
物理学科类,专科批,水利水电工程智能管理,样本不足,配对单元数不足（1 / 1，门槛 5）,1,-0.0293,0.0571,否,1.00,1,+0.1286,0.0578,是,1.00,+0.0994,-0.0552,+0.1338,1,2,1,+0,普通公办:1个/+12.9%
物理学科类,专科批,生物产品检验检疫,样本不足,配对单元数不足（2 / 2，门槛 5）,2,-0.0503,0.0571,否,1.00,2,-0.0468,0.0578,否,0.50,-0.0972,-0.0763,-0.0416,2,2,2,+0,普通公办:2个/-4.7%
物理学科类,专科批,给排水工程技术,样本不足,配对单元数不足（2 / 2，门槛 5）,2,+0.0335,0.0571,否,1.00,2,+0.0568,0.0578,否,1.00,+0.0903,+0.0075,+0.0620,2,2,4,+2,普通公办:2个/+5.7%
物理学科类,专科批,储能材料技术,样本不足,配对单元数不足（1 / 1，门槛 5）,1,-0.0290,0.0571,否,1.00,1,-0.0594,0.0578,是,1.00,-0.0884,-0.0549,-0.0542,1,1,1,+0,普通公办:1个/-5.9%
物理学科类,专科批,传播与策划,样本不足,配对单元数不足（2 / 1，门槛 5）,2,+0.0224,0.0571,否,0.50,1,+0.0659,0.0578,是,1.00,+0.0883,-0.0035,+0.0711,2,2,2,+0,普通公办:1个/+6.6%
物理学科类,专科批,风景园林设计,样本不足,配对单元数不足（2 / 2，门槛 5）,2,+0.0311,0.0571,否,1.00,2,+0.0557,0.0578,否,1.00,+0.0868,+0.0052,+0.0609,3,3,5,+2,普通公办:1个/+2.4% 民办:1个/+8.7%
物理学科类,专科批,中药材生产与加工,样本不足,配对单元数不足（2 / 2，门槛 5）,2,-0.0517,0.0571,否,1.00,2,-0.0343,0.0578,否,1.00,-0.0860,-0.0776,-0.0291,2,2,2,+0,普通公办:2个/-3.4%
物理学科类,专科批,森林和草原资源保护,样本不足,配对单元数不足（1 / 1，门槛 5）,1,+0.0272,0.0571,否,1.00,1,+0.0577,0.0578,否,1.00,+0.0849,+0.0013,+0.0629,1,1,1,+0,普通公办:1个/+5.8%
物理学科类,专科批,司法警务,样本不足,配对单元数不足（1 / 1，门槛 5）,1,-0.0414,0.0571,否,1.00,1,-0.0431,0.0578,否,1.00,-0.0845,-0.0673,-0.0379,1,1,2,+1,普通公办:1个/-4.3%
物理学科类,专科批,中药制药,样本不足,配对单元数不足（1 / 2，门槛 5）,1,-0.0824,0.0571,是,1.00,2,-0.0009,0.0578,否,0.50,-0.0834,-0.1083,+0.0043,1,2,3,+2,普通公办:2个/-0.1%
物理学科类,专科批,飞行器维修技术,样本不足,配对单元数不足（3 / 4，门槛 5）,3,-0.0362,0.0571,否,1.00,4,-0.0466,0.0494,否,0.75,-0.0827,-0.0621,-0.0414,3,4,4,+1,普通公办:2个/-6.7% 民办:2个/-0.6%
物理学科类,专科批,飞机部件修理,样本不足,配对单元数不足（1 / 1，门槛 5）,1,-0.0002,0.0571,否,1.00,1,-0.0825,0.0578,是,1.00,-0.0827,-0.0261,-0.0773,1,1,1,+0,普通公办:1个/-8.2%
物理学科类,专科批,建筑电气工程技术,样本不足,配对单元数不足（1 / 1，门槛 5）,1,+0.0031,0.0571,否,1.00,1,+0.0775,0.0578,是,1.00,+0.0805,-0.0229,+0.0827,1,1,2,+1,普通公办:1个/+7.7%
物理学科类,专科批,港口与航运管理,样本不足,配对单元数不足（3 / 4，门槛 5）,3,-0.0622,0.0571,是,0.67,4,-0.0181,0.0494,否,0.75,-0.0803,-0.0881,-0.0129,3,4,5,+2,普通公办:3个/-2.5% 民办:1个/+0.2%
物理学科类,专科批,林业信息技术应用,样本不足,配对单元数不足（1 / 1，门槛 5）,1,+0.0197,0.0571,否,1.00,1,+0.0605,0.0578,是,1.00,+0.0801,-0.0063,+0.0657,1,1,2,+1,普通公办:1个/+6.0%
物理学科类,专科批,航空发动机制造技术,样本不足,配对单元数不足（2 / 2，门槛 5）,2,-0.0546,0.0571,否,1.00,2,-0.0254,0.0578,否,1.00,-0.0800,-0.0806,-0.0202,2,2,3,+1,普通公办:2个/-2.5%
物理学科类,专科批,小学语文教育,样本不足,配对单元数不足（5 / 4，门槛 5）,5,+0.0608,0.0415,是,0.80,4,+0.0178,0.0494,否,0.75,+0.0786,+0.0348,+0.0230,13,10,8,-5,普通公办:4个/+1.8%
物理学科类,专科批,水路运输安全管理,样本不足,配对单元数不足（1 / 1，门槛 5）,1,-0.0584,0.0571,是,1.00,1,-0.0202,0.0578,否,1.00,-0.0786,-0.0843,-0.0150,2,1,1,-1,普通公办:1个/-2.0%
物理学科类,专科批,室内艺术设计,样本不足,配对单元数不足（1 / 1，门槛 5）,1,+0.0381,0.0571,否,1.00,1,+0.0389,0.0578,否,1.00,+0.0770,+0.0122,+0.0441,3,2,2,-1,普通公办:1个/+3.9%
物理学科类,专科批,医疗器械经营与服务,样本不足,配对单元数不足（1 / 1，门槛 5）,1,-0.0425,0.0571,否,1.00,1,-0.0344,0.0578,否,1.00,-0.0768,-0.0684,-0.0292,1,1,1,+0,普通公办:1个/-3.4%
物理学科类,专科批,艺术教育,样本不足,配对单元数不足（2 / 2，门槛 5）,2,+0.0319,0.0571,否,1.00,2,+0.0434,0.0578,否,1.00,+0.0754,+0.0060,+0.0486,2,4,4,+2,普通公办:2个/+4.3%
物理学科类,专科批,水生态修复技术,样本不足,配对单元数不足（1 / 1，门槛 5）,1,+0.0385,0.0571,否,1.00,1,+0.0366,0.0578,否,1.00,+0.0752,+0.0126,+0.0418,1,1,2,+1,普通公办:1个/+3.7%
物理学科类,专科批,核电站动力设备运行与维护,样本不足,配对单元数不足（1 / 1，门槛 5）,1,-0.0477,0.0571,否,1.00,1,-0.0266,0.0578,否,1.00,-0.0743,-0.0736,-0.0214,1,1,1,+0,普通公办:1个/-2.7%
物理学科类,专科批,健康大数据管理与服务,样本不足,配对单元数不足（1 / 1，门槛 5）,1,+0.0069,0.0571,否,1.00,1,+0.0651,0.0578,是,1.00,+0.0720,-0.0190,+0.0703,1,2,1,+0,普通公办:1个/+6.5%
物理学科类,专科批,旅游英语,样本不足,配对单元数不足（1 / 1，门槛 5）,1,-0.0370,0.0571,否,1.00,1,+0.1075,0.0578,是,1.00,+0.0705,-0.0630,+0.1127,2,1,1,-1,普通公办:1个/+10.8%
物理学科类,专科批,文化创意与策划,样本不足,配对单元数不足（1 / 1，门槛 5）,1,-0.0132,0.0571,否,1.00,1,-0.0570,0.0578,否,1.00,-0.0702,-0.0392,-0.0518,1,1,1,+0,普通公办:1个/-5.7%
物理学科类,专科批,人力资源管理,样本不足,配对单元数不足（2 / 1，门槛 5）,2,-0.0015,0.0571,否,0.50,1,-0.0684,0.0578,是,1.00,-0.0700,-0.0275,-0.0632,3,3,1,-2,民办:1个/-6.8%
物理学科类,专科批,游艇设计与制造,样本不足,配对单元数不足（1 / 1，门槛 5）,1,-0.0464,0.0571,否,1.00,1,-0.0233,0.0578,否,1.00,-0.0697,-0.0724,-0.0181,1,1,1,+0,普通公办:1个/-2.3%
物理学科类,专科批,工业软件开发技术,样本不足,配对单元数不足（1 / 1，门槛 5）,1,+0.0068,0.0571,否,1.00,1,+0.0627,0.0578,是,1.00,+0.0695,-0.0191,+0.0679,1,2,1,+0,普通公办:1个/+6.3%
物理学科类,专科批,展示艺术设计,样本不足,配对单元数不足（1 / 1，门槛 5）,1,+0.0546,0.0571,否,1.00,1,+0.0133,0.0578,否,1.00,+0.0680,+0.0287,+0.0185,1,1,1,+0,普通公办:1个/+1.3%
物理学科类,专科批,小学英语教育,样本不足,配对单元数不足（4 / 7，门槛 5）,4,+0.0494,0.0483,是,0.75,7,+0.0184,0.0354,否,0.71,+0.0678,+0.0235,+0.0236,9,9,8,-1,普通公办:7个/+1.8%
物理学科类,专科批,城市轨道交通车辆制造与维护,样本不足,配对单元数不足（1 / 1，门槛 5）,1,+0.0010,0.0571,否,1.00,1,+0.0659,0.0578,是,1.00,+0.0669,-0.0249,+0.0711,2,1,1,-1,普通公办:1个/+6.6%
物理学科类,专科批,绿色低碳技术,样本不足,配对单元数不足（1 / 1，门槛 5）,1,-0.0063,0.0571,否,1.00,1,-0.0600,0.0578,是,1.00,-0.0663,-0.0322,-0.0548,1,2,2,+1,普通公办:1个/-6.0%
物理学科类,专科批,民航空中安全保卫,样本不足,配对单元数不足（6 / 4，门槛 5）,6,-0.0897,0.0374,是,0.83,4,+0.0240,0.0494,否,0.75,-0.0657,-0.1156,+0.0293,9,8,4,-5,普通公办:2个/-1.5% 民办:2个/+5.8%
物理学科类,专科批,煤化工技术,样本不足,配对单元数不足（1 / 2，门槛 5）,1,-0.0312,0.0571,否,1.00,2,-0.0341,0.0578,否,1.00,-0.0652,-0.0571,-0.0289,1,2,3,+2,普通公办:2个/-3.4%
物理学科类,专科批,医学营养,样本不足,配对单元数不足（4 / 5，门槛 5）,4,+0.0035,0.0483,否,0.50,5,+0.0611,0.0429,是,0.60,+0.0645,-0.0225,+0.0663,4,5,5,+1,普通公办:5个/+6.1%
物理学科类,专科批,工业自动化仪表技术,样本不足,配对单元数不足（3 / 2，门槛 5）,3,-0.0298,0.0571,否,1.00,2,-0.0336,0.0578,否,1.00,-0.0634,-0.0557,-0.0284,3,3,2,-1,普通公办:2个/-3.4%
物理学科类,专科批,中西面点工艺,样本不足,配对单元数不足（1 / 2，门槛 5）,1,-0.0357,0.0571,否,1.00,2,-0.0274,0.0578,否,0.50,-0.0631,-0.0616,-0.0222,1,2,3,+2,普通公办:1个/+0.8% 民办:1个/-6.3%
物理学科类,专科批,工商企业管理,样本不足,配对单元数不足（4 / 4，门槛 5）,4,+0.0404,0.0483,否,0.75,4,+0.0218,0.0494,否,0.75,+0.0622,+0.0144,+0.0270,8,5,5,-3,普通公办:4个/+2.2%
物理学科类,专科批,矿产地质勘查,样本不足,配对单元数不足（1 / 2，门槛 5）,1,+0.0411,0.0571,否,1.00,2,+0.0210,0.0578,否,1.00,+0.0621,+0.0152,+0.0262,1,2,2,+1,普通公办:1个/+3.9% 民办:1个/+0.3%
物理学科类,专科批,美术教育,样本不足,配对单元数不足（2 / 2，门槛 5）,2,+0.0344,0.0571,否,1.00,2,+0.0272,0.0578,否,1.00,+0.0617,+0.0085,+0.0324,3,2,2,-1,普通公办:2个/+2.7%
物理学科类,专科批,党务工作,样本不足,配对单元数不足（1 / 1，门槛 5）,1,+0.0058,0.0571,否,1.00,1,+0.0541,0.0578,否,1.00,+0.0598,-0.0202,+0.0593,1,1,1,+0,普通公办:1个/+5.4%
物理学科类,专科批,船舶动力工程技术,样本不足,配对单元数不足（2 / 3，门槛 5）,2,-0.0432,0.0571,否,0.50,3,-0.0146,0.0578,否,0.67,-0.0578,-0.0691,-0.0094,3,3,5,+2,普通公办:2个/-1.8% 民办:1个/+3.2%
物理学科类,专科批,艺术设计,样本不足,配对单元数不足（1 / 1，门槛 5）,1,+0.0296,0.0571,否,1.00,1,+0.0276,0.0578,否,1.00,+0.0572,+0.0037,+0.0328,1,2,1,+0,普通公办:1个/+2.8%
物理学科类,专科批,油气智能开采技术,样本不足,配对单元数不足（1 / 2，门槛 5）,1,-0.0197,0.0571,否,1.00,2,-0.0371,0.0578,否,0.50,-0.0568,-0.0456,-0.0319,1,2,2,+1,普通公办:2个/-3.7%
物理学科类,专科批,医学生物技术,样本不足,配对单元数不足（1 / 1，门槛 5）,1,-0.0277,0.0571,否,1.00,1,-0.0277,0.0578,否,1.00,-0.0554,-0.0536,-0.0225,1,1,2,+1,普通公办:1个/-2.8%
物理学科类,专科批,家具设计与制造,样本不足,配对单元数不足（1 / 1，门槛 5）,1,+0.0267,0.0571,否,1.00,1,+0.0285,0.0578,否,1.00,+0.0552,+0.0008,+0.0337,1,1,1,+0,普通公办:1个/+2.8%
物理学科类,专科批,供应链运营,样本不足,配对单元数不足（2 / 2，门槛 5）,2,-0.0309,0.0571,否,1.00,2,-0.0241,0.0578,否,1.00,-0.0551,-0.0568,-0.0189,5,2,8,+3,普通公办:2个/-2.4%
物理学科类,专科批,水电站运行与智能管理,样本不足,配对单元数不足（1 / 1，门槛 5）,1,+0.0148,0.0571,否,1.00,1,+0.0401,0.0578,否,1.00,+0.0549,-0.0111,+0.0453,1,1,1,+0,普通公办:1个/+4.0%
物理学科类,专科批,航空发动机维修技术,样本不足,配对单元数不足（3 / 3，门槛 5）,3,-0.0112,0.0571,否,1.00,3,-0.0435,0.0578,否,1.00,-0.0548,-0.0371,-0.0383,4,4,3,-1,普通公办:3个/-4.4%
物理学科类,专科批,中草药栽培与加工技术,样本不足,配对单元数不足（1 / 1，门槛 5）,1,-0.0227,0.0571,否,1.00,1,+0.0771,0.0578,是,1.00,+0.0543,-0.0487,+0.0823,1,1,2,+1,普通公办:1个/+7.7%
物理学科类,专科批,工业工程技术,样本不足,配对单元数不足（1 / 1，门槛 5）,1,-0.0417,0.0571,否,1.00,1,-0.0124,0.0578,否,1.00,-0.0541,-0.0677,-0.0072,2,1,1,-1,普通公办:1个/-1.2%
物理学科类,专科批,水电站机电设备与自动化,样本不足,配对单元数不足（1 / 1，门槛 5）,1,-0.0036,0.0571,否,1.00,1,+0.0573,0.0578,否,1.00,+0.0536,-0.0296,+0.0625,1,1,1,+0,普通公办:1个/+5.7%
物理学科类,专科批,工程地质勘查,样本不足,配对单元数不足（1 / 1，门槛 5）,1,+0.0229,0.0571,否,1.00,1,+0.0298,0.0578,否,1.00,+0.0526,-0.0031,+0.0350,1,1,1,+0,普通公办:1个/+3.0%
物理学科类,专科批,园林工程技术,样本不足,配对单元数不足（3 / 3，门槛 5）,3,+0.0302,0.0571,否,1.00,3,+0.0223,0.0578,否,1.00,+0.0525,+0.0043,+0.0275,4,3,3,-1,普通公办:3个/+2.2%
物理学科类,专科批,摄影与摄像艺术,样本不足,配对单元数不足（1 / 1，门槛 5）,1,-0.0230,0.0571,否,1.00,1,-0.0293,0.0578,否,1.00,-0.0524,-0.0489,-0.0241,1,1,1,+0,普通公办:1个/-2.9%
物理学科类,专科批,飞机机载设备装配调试技术,样本不足,配对单元数不足（2 / 2，门槛 5）,2,-0.0207,0.0571,否,1.00,2,-0.0314,0.0578,否,1.00,-0.0522,-0.0467,-0.0262,3,2,2,-1,普通公办:2个/-3.1%
物理学科类,专科批,工艺美术品设计,样本不足,配对单元数不足（1 / 1，门槛 5）,1,+0.0290,0.0571,否,1.00,1,+0.0222,0.0578,否,1.00,+0.0513,+0.0031,+0.0274,1,1,1,+0,普通公办:1个/+2.2%
物理学科类,专科批,研学旅行管理与服务,样本不足,配对单元数不足（1 / 3，门槛 5）,1,-0.0456,0.0571,否,1.00,3,-0.0053,0.0578,否,0.67,-0.0509,-0.0715,-0.0001,3,5,4,+1,普通公办:3个/-0.5%
物理学科类,专科批,健身指导与管理,样本不足,配对单元数不足（3 / 2，门槛 5）,3,+0.0100,0.0571,否,1.00,2,+0.0403,0.0578,否,1.00,+0.0504,-0.0159,+0.0455,4,3,3,-1,普通公办:2个/+4.0%
物理学科类,专科批,农产品加工与质量检测,样本不足,配对单元数不足（3 / 4，门槛 5）,3,+0.0198,0.0571,否,1.00,4,+0.0299,0.0494,否,0.75,+0.0497,-0.0061,+0.0351,4,4,5,+1,普通公办:4个/+3.0%
物理学科类,专科批,测绘地理信息技术,样本不足,配对单元数不足（4 / 5，门槛 5）,4,+0.0542,0.0483,是,0.75,5,-0.0051,0.0429,否,0.60,+0.0490,+0.0282,+0.0001,4,5,6,+2,普通公办:3个/+6.5% 民办:2个/-1.0%
物理学科类,专科批,供热通风与空调工程技术,样本不足,配对单元数不足（2 / 2，门槛 5）,2,+0.0085,0.0571,否,1.00,2,+0.0396,0.0578,否,1.00,+0.0481,-0.0174,+0.0448,3,2,3,+0,普通公办:2个/+4.0%
物理学科类,专科批,药品质量与安全,样本不足,配对单元数不足（4 / 4，门槛 5）,4,-0.0016,0.0483,否,0.50,4,-0.0461,0.0494,否,1.00,-0.0477,-0.0275,-0.0409,4,6,5,+1,普通公办:4个/-4.6%
物理学科类,专科批,现代文秘,样本不足,配对单元数不足（4 / 3，门槛 5）,4,+0.0224,0.0483,否,0.75,3,+0.0252,0.0578,否,0.67,+0.0476,-0.0035,+0.0304,6,4,4,-2,普通公办:3个/+2.5%
物理学科类,专科批,国际金融,样本不足,配对单元数不足（3 / 2，门槛 5）,3,+0.0170,0.0571,否,1.00,2,+0.0302,0.0578,否,1.00,+0.0473,-0.0089,+0.0354,4,3,2,-2,普通公办:2个/+3.0%
物理学科类,专科批,生物制药技术,样本不足,配对单元数不足（3 / 3，门槛 5）,3,-0.0136,0.0571,否,0.67,3,-0.0335,0.0578,否,0.67,-0.0471,-0.0395,-0.0283,3,3,6,+3,普通公办:3个/-3.4%
物理学科类,专科批,导游,样本不足,配对单元数不足（3 / 2，门槛 5）,3,+0.0369,0.0571,否,1.00,2,+0.0098,0.0578,否,0.50,+0.0467,+0.0109,+0.0150,4,3,2,-2,普通公办:2个/+1.0%
物理学科类,专科批,药物制剂技术,样本不足,配对单元数不足（3 / 4，门槛 5）,3,+0.0167,0.0571,否,0.67,4,-0.0632,0.0494,是,1.00,-0.0464,-0.0092,-0.0580,4,4,5,+1,普通公办:4个/-6.3%
物理学科类,专科批,地下与隧道工程技术,样本不足,配对单元数不足（1 / 1，门槛 5）,1,-0.0300,0.0571,否,1.00,1,+0.0764,0.0578,是,1.00,+0.0464,-0.0559,+0.0816,1,2,3,+2,普通公办:1个/+7.6%
物理学科类,专科批,工业产品质量检测技术,样本不足,配对单元数不足（2 / 3，门槛 5）,2,-0.0048,0.0571,否,0.50,3,-0.0411,0.0578,否,0.67,-0.0459,-0.0307,-0.0359,4,3,3,-1,普通公办:3个/-4.1%
物理学科类,专科批,消防救援技术,样本不足,配对单元数不足（2 / 2，门槛 5）,2,-0.0169,0.0571,否,1.00,2,-0.0285,0.0578,否,1.00,-0.0453,-0.0428,-0.0233,4,2,2,-2,民办:2个/-2.8%
物理学科类,专科批,建设工程管理,样本不足,配对单元数不足（2 / 1，门槛 5）,2,-0.0009,0.0571,否,0.50,1,+0.0461,0.0578,否,1.00,+0.0453,-0.0268,+0.0513,5,5,2,-3,普通公办:1个/+4.6%
物理学科类,专科批,休闲体育,样本不足,配对单元数不足（1 / 2，门槛 5）,1,-0.0171,0.0571,否,1.00,2,-0.0281,0.0578,否,1.00,-0.0452,-0.0430,-0.0229,2,2,3,+1,普通公办:1个/-4.9% 民办:1个/-0.8%
物理学科类,专科批,花卉生产与花艺,样本不足,配对单元数不足（2 / 2，门槛 5）,2,+0.0241,0.0571,否,1.00,2,+0.0196,0.0578,否,1.00,+0.0437,-0.0018,+0.0248,3,2,3,+0,普通公办:2个/+2.0%
物理学科类,专科批,道路工程检测技术,样本不足,配对单元数不足（1 / 1，门槛 5）,1,-0.0595,0.0571,是,1.00,1,+0.0158,0.0578,否,1.00,-0.0437,-0.0855,+0.0210,1,1,1,+0,普通公办:1个/+1.6%
物理学科类,专科批,保健食品质量与管理,样本不足,配对单元数不足（1 / 1，门槛 5）,1,-0.0458,0.0571,否,1.00,1,+0.0022,0.0578,否,1.00,-0.0436,-0.0718,+0.0074,1,1,1,+0,普通公办:1个/+0.2%
物理学科类,专科批,建筑经济信息化管理,样本不足,配对单元数不足（1 / 1，门槛 5）,1,+0.0318,0.0571,否,1.00,1,+0.0110,0.0578,否,1.00,+0.0428,+0.0059,+0.0162,1,1,1,+0,普通公办:1个/+1.1%
物理学科类,专科批,化工生物技术,样本不足,配对单元数不足（2 / 2，门槛 5）,2,-0.0708,0.0571,是,0.50,2,+0.0285,0.0578,否,1.00,-0.0423,-0.0967,+0.0337,2,2,2,+0,普通公办:2个/+2.9%
物理学科类,专科批,餐饮智能管理,样本不足,配对单元数不足（1 / 1，门槛 5）,1,-0.0053,0.0571,否,1.00,1,-0.0368,0.0578,否,1.00,-0.0421,-0.0312,-0.0316,1,2,1,+0,普通公办:1个/-3.7%
物理学科类,专科批,全媒体广告策划与营销,样本不足,配对单元数不足（3 / 1，门槛 5）,3,-0.0173,0.0571,否,1.00,1,-0.0247,0.0578,否,1.00,-0.0420,-0.0433,-0.0195,4,3,2,-2,民办:1个/-2.5%
物理学科类,专科批,智能机电技术,样本不足,配对单元数不足（4 / 3，门槛 5）,4,-0.0089,0.0483,否,1.00,3,-0.0330,0.0578,否,1.00,-0.0419,-0.0348,-0.0278,6,6,4,-2,普通公办:3个/-3.3%
物理学科类,专科批,美容美体艺术,样本不足,配对单元数不足（3 / 3，门槛 5）,3,-0.0083,0.0571,否,1.00,3,-0.0334,0.0578,否,0.67,-0.0416,-0.0342,-0.0282,3,3,4,+1,普通公办:3个/-3.3%
物理学科类,专科批,飞机结构修理,样本不足,配对单元数不足（1 / 2，门槛 5）,1,-0.0094,0.0571,否,1.00,2,-0.0319,0.0578,否,1.00,-0.0413,-0.0354,-0.0267,1,2,2,+1,普通公办:2个/-3.2%
物理学科类,专科批,冰雪设施运维与管理,样本不足,配对单元数不足（1 / 1，门槛 5）,1,+0.0036,0.0571,否,1.00,1,+0.0376,0.0578,否,1.00,+0.0412,-0.0223,+0.0428,1,1,2,+1,普通公办:1个/+3.8%
物理学科类,专科批,环境管理与评价,样本不足,配对单元数不足（2 / 1，门槛 5）,2,+0.0064,0.0571,否,0.50,1,-0.0471,0.0578,否,1.00,-0.0407,-0.0195,-0.0419,5,2,1,-4,普通公办:1个/-4.7%
物理学科类,专科批,林业技术,样本不足,配对单元数不足（2 / 1，门槛 5）,2,-0.0023,0.0571,否,0.50,1,+0.0427,0.0578,否,1.00,+0.0404,-0.0282,+0.0479,3,2,1,-2,普通公办:1个/+4.3%
物理学科类,专科批,作物生产与经营管理,样本不足,配对单元数不足（2 / 3，门槛 5）,2,+0.0119,0.0571,否,1.00,3,+0.0284,0.0578,否,1.00,+0.0403,-0.0140,+0.0336,4,4,3,-1,普通公办:3个/+2.8%
物理学科类,专科批,应用韩语,样本不足,配对单元数不足（8 / 3，门槛 5）,8,-0.0125,0.0309,否,0.62,3,-0.0275,0.0578,否,0.67,-0.0401,-0.0385,-0.0223,10,9,4,-6,普通公办:3个/-2.8%
物理学科类,专科批,理化测试与质检技术,样本不足,配对单元数不足（4 / 5，门槛 5）,4,-0.0367,0.0483,否,1.00,5,-0.0035,0.0429,否,0.60,-0.0401,-0.0626,+0.0017,6,5,7,+1,普通公办:5个/-0.3%
物理学科类,专科批,船舶检验,样本不足,配对单元数不足（2 / 2，门槛 5）,2,-0.0186,0.0571,否,0.50,2,-0.0207,0.0578,否,0.50,-0.0392,-0.0445,-0.0155,3,2,2,-1,普通公办:1个/-5.2% 民办:1个/+1.1%
物理学科类,专科批,康复工程技术,样本不足,配对单元数不足（1 / 1，门槛 5）,1,-0.0231,0.0571,否,1.00,1,-0.0158,0.0578,否,1.00,-0.0390,-0.0490,-0.0106,1,1,1,+0,普通公办:1个/-1.6%
物理学科类,专科批,航空物流管理,样本不足,配对单元数不足（1 / 3，门槛 5）,1,-0.0408,0.0571,否,1.00,3,+0.0022,0.0578,否,0.67,-0.0386,-0.0667,+0.0074,1,3,4,+3,普通公办:3个/+0.2%
物理学科类,专科批,影视多媒体技术,样本不足,配对单元数不足（2 / 3，门槛 5）,2,+0.0197,0.0571,否,1.00,3,+0.0187,0.0578,否,0.67,+0.0384,-0.0062,+0.0239,3,4,5,+2,普通公办:3个/+1.9%
物理学科类,专科批,摄影测量与遥感技术,样本不足,配对单元数不足（2 / 2，门槛 5）,2,+0.0078,0.0571,否,0.50,2,+0.0305,0.0578,否,0.50,+0.0383,-0.0181,+0.0357,2,3,4,+2,普通公办:2个/+3.0%
物理学科类,专科批,高尔夫球运动与管理,样本不足,配对单元数不足（1 / 1，门槛 5）,1,-0.0315,0.0571,否,1.00,1,+0.0697,0.0578,是,1.00,+0.0383,-0.0574,+0.0749,1,1,1,+0,普通公办:1个/+7.0%
物理学科类,专科批,会计信息管理,样本不足,配对单元数不足（1 / 1，门槛 5）,1,+0.0169,0.0571,否,1.00,1,+0.0214,0.0578,否,1.00,+0.0383,-0.0091,+0.0266,5,2,1,-4,普通公办:1个/+2.1%
物理学科类,专科批,连锁经营与管理,样本不足,配对单元数不足（3 / 2，门槛 5）,3,+0.0151,0.0571,否,1.00,2,+0.0221,0.0578,否,1.00,+0.0372,-0.0108,+0.0273,3,4,2,-1,普通公办:2个/+2.2%
物理学科类,专科批,矿物加工技术,样本不足,配对单元数不足（1 / 1，门槛 5）,1,+0.0187,0.0571,否,1.00,1,+0.0184,0.0578,否,1.00,+0.0371,-0.0072,+0.0236,1,3,1,+0,普通公办:1个/+1.8%
物理学科类,专科批,环境艺术设计,样本不足,配对单元数不足（4 / 5，门槛 5）,4,+0.0263,0.0483,否,1.00,5,+0.0107,0.0429,否,0.60,+0.0371,+0.0004,+0.0159,5,6,6,+1,普通公办:4个/+1.7% 民办:1个/-1.1%
物理学科类,专科批,医疗器械维护与管理,样本不足,配对单元数不足（2 / 3，门槛 5）,2,-0.0227,0.0571,否,1.00,3,-0.0138,0.0578,否,0.67,-0.0366,-0.0487,-0.0086,2,3,4,+2,普通公办:3个/-1.4%
物理学科类,专科批,预防医学,样本不足,配对单元数不足（3 / 4，门槛 5）,3,+0.0622,0.0571,是,0.67,4,-0.0264,0.0494,否,0.75,+0.0358,+0.0363,-0.0212,4,4,6,+2,普通公办:4个/-2.6%
物理学科类,专科批,司法信息技术,样本不足,配对单元数不足（1 / 1，门槛 5）,1,-0.0277,0.0571,否,1.00,1,-0.0074,0.0578,否,1.00,-0.0351,-0.0536,-0.0022,1,1,1,+0,普通公办:1个/-0.7%
物理学科类,专科批,书画艺术,样本不足,配对单元数不足（1 / 1，门槛 5）,1,+0.0253,0.0571,否,1.00,1,+0.0098,0.0578,否,1.00,+0.0351,-0.0006,+0.0150,1,1,1,+0,普通公办:1个/+1.0%
物理学科类,专科批,休闲服务与管理,样本不足,配对单元数不足（3 / 1，门槛 5）,3,+0.0098,0.0571,否,1.00,1,+0.0251,0.0578,否,1.00,+0.0349,-0.0162,+0.0303,3,4,2,-1,普通公办:1个/+2.5%
物理学科类,专科批,导航与位置服务,样本不足,配对单元数不足（1 / 1，门槛 5）,1,-0.0128,0.0571,否,1.00,1,-0.0214,0.0578,否,1.00,-0.0342,-0.0387,-0.0162,1,1,1,+0,民办:1个/-2.1%
物理学科类,专科批,发电运行技术,样本不足,配对单元数不足（2 / 2，门槛 5）,2,+0.0224,0.0571,否,1.00,2,+0.0117,0.0578,否,1.00,+0.0341,-0.0035,+0.0169,2,2,2,+0,普通公办:2个/+1.2%
物理学科类,专科批,网络直播与运营,样本不足,配对单元数不足（2 / 3，门槛 5）,2,-0.0203,0.0571,否,1.00,3,-0.0128,0.0578,否,0.67,-0.0331,-0.0463,-0.0076,3,5,5,+2,普通公办:2个/+1.2% 民办:1个/-1.3%
物理学科类,专科批,卫生信息管理,样本不足,配对单元数不足（1 / 1，门槛 5）,1,-0.0262,0.0571,否,1.00,1,-0.0064,0.0578,否,1.00,-0.0326,-0.0521,-0.0012,1,1,1,+0,普通公办:1个/-0.6%
物理学科类,专科批,音乐教育,样本不足,配对单元数不足（2 / 2，门槛 5）,2,+0.0235,0.0571,否,0.50,2,+0.0090,0.0578,否,0.50,+0.0325,-0.0024,+0.0142,2,2,2,+0,普通公办:2个/+0.9%
物理学科类,专科批,航空发动机装配调试技术,样本不足,配对单元数不足（1 / 1，门槛 5）,1,+0.0073,0.0571,否,1.00,1,-0.0392,0.0578,否,1.00,-0.0320,-0.0186,-0.0340,1,2,3,+2,普通公办:1个/-3.9%
物理学科类,专科批,生物质能应用技术,样本不足,配对单元数不足（1 / 1，门槛 5）,1,-0.0557,0.0571,否,1.00,1,+0.0238,0.0578,否,1.00,-0.0319,-0.0816,+0.0290,1,1,1,+0,普通公办:1个/+2.4%
物理学科类,专科批,宠物养护与驯导,样本不足,配对单元数不足（2 / 2，门槛 5）,2,-0.0955,0.0571,是,1.00,2,+0.0640,0.0578,是,1.00,-0.0316,-0.1215,+0.0692,2,2,3,+1,普通公办:2个/+6.4%
物理学科类,专科批,汽车智能技术,样本不足,配对单元数不足（1 / 2，门槛 5）,1,-0.0279,0.0571,否,1.00,2,-0.0037,0.0578,否,1.00,-0.0316,-0.0538,+0.0015,3,4,4,+1,普通公办:1个/-0.2% 民办:1个/-0.5%
物理学科类,专科批,水利机电设备智能管理,样本不足,配对单元数不足（1 / 1，门槛 5）,1,-0.0445,0.0571,否,1.00,1,+0.0134,0.0578,否,1.00,-0.0311,-0.0705,+0.0186,1,1,1,+0,普通公办:1个/+1.3%
物理学科类,专科批,化工智能制造技术,样本不足,配对单元数不足（1 / 1，门槛 5）,1,-0.0174,0.0571,否,1.00,1,+0.0486,0.0578,否,1.00,+0.0311,-0.0434,+0.0538,1,1,1,+0,普通公办:1个/+4.9%
物理学科类,专科批,城市轨道交通通信信号技术,样本不足,配对单元数不足（3 / 2，门槛 5）,3,-0.0162,0.0571,否,0.67,2,-0.0148,0.0578,否,1.00,-0.0310,-0.0421,-0.0096,6,3,4,-2,普通公办:2个/-1.5%
物理学科类,专科批,集成电路技术,样本不足,配对单元数不足（1 / 4，门槛 5）,1,+0.0074,0.0571,否,1.00,4,-0.0382,0.0494,否,0.75,-0.0308,-0.0185,-0.0330,2,6,8,+6,普通公办:4个/-3.8%
物理学科类,专科批,现代纺织技术,样本不足,配对单元数不足（1 / 1，门槛 5）,1,-0.0356,0.0571,否,1.00,1,+0.0051,0.0578,否,1.00,-0.0304,-0.0615,+0.0103,1,1,1,+0,普通公办:1个/+0.5%
物理学科类,专科批,应用日语,样本不足,配对单元数不足（2 / 1，门槛 5）,2,+0.0174,0.0571,否,0.50,1,+0.0125,0.0578,否,1.00,+0.0299,-0.0086,+0.0177,4,2,1,-3,普通公办:1个/+1.3%
物理学科类,专科批,城市轨道交通工程技术,样本不足,配对单元数不足（6 / 4，门槛 5）,6,-0.0048,0.0374,否,0.50,4,+0.0333,0.0494,否,1.00,+0.0284,-0.0308,+0.0385,7,8,5,-2,普通公办:4个/+3.3%
物理学科类,专科批,安全技术与管理,样本不足,配对单元数不足（4 / 5，门槛 5）,4,+0.0082,0.0483,否,0.75,5,+0.0201,0.0429,否,1.00,+0.0283,-0.0177,+0.0253,5,5,8,+3,普通公办:5个/+2.0%
物理学科类,专科批,会展策划与管理,样本不足,配对单元数不足（3 / 3，门槛 5）,3,+0.0252,0.0571,否,0.67,3,+0.0030,0.0578,否,0.67,+0.0282,-0.0007,+0.0082,8,4,3,-5,普通公办:3个/+0.3%
物理学科类,专科批,融媒体技术与运营,样本不足,配对单元数不足（1 / 2，门槛 5）,1,-0.0047,0.0571,否,1.00,2,+0.0317,0.0578,否,1.00,+0.0269,-0.0307,+0.0369,1,3,7,+6,普通公办:2个/+3.2%
物理学科类,专科批,油气地质勘探技术,样本不足,配对单元数不足（1 / 2，门槛 5）,1,-0.0092,0.0571,否,1.00,2,-0.0176,0.0578,否,0.50,-0.0268,-0.0351,-0.0124,1,2,2,+1,普通公办:2个/-1.8%
物理学科类,专科批,铁道桥梁隧道工程技术,样本不足,配对单元数不足（3 / 3，门槛 5）,3,-0.0645,0.0571,是,1.00,3,+0.0383,0.0578,否,1.00,-0.0263,-0.0905,+0.0435,4,3,4,+0,普通公办:3个/+3.8%
物理学科类,专科批,康复辅助器具技术,样本不足,配对单元数不足（2 / 1，门槛 5）,2,+0.0208,0.0571,否,1.00,1,+0.0054,0.0578,否,1.00,+0.0262,-0.0052,+0.0106,2,2,2,+0,普通公办:1个/+0.5%
物理学科类,专科批,港口与航道工程技术,样本不足,配对单元数不足（1 / 1，门槛 5）,1,-0.0279,0.0571,否,1.00,1,+0.0022,0.0578,否,1.00,-0.0257,-0.0539,+0.0074,1,1,1,+0,普通公办:1个/+0.2%
物理学科类,专科批,钢铁智能冶金技术,样本不足,配对单元数不足（5 / 4，门槛 5）,5,-0.0080,0.0415,否,0.60,4,-0.0175,0.0494,否,0.50,-0.0255,-0.0339,-0.0123,5,5,4,-1,普通公办:4个/-1.8%
物理学科类,专科批,产品艺术设计,样本不足,配对单元数不足（1 / 1，门槛 5）,1,-0.0061,0.0571,否,1.00,1,-0.0192,0.0578,否,1.00,-0.0253,-0.0320,-0.0140,2,1,1,-1,民办:1个/-1.9%
物理学科类,专科批,国土资源调查与管理,样本不足,配对单元数不足（1 / 2，门槛 5）,1,-0.0213,0.0571,否,1.00,2,-0.0038,0.0578,否,0.50,-0.0251,-0.0473,+0.0014,1,2,2,+1,普通公办:2个/-0.4%
物理学科类,专科批,数字媒体艺术设计,样本不足,配对单元数不足（5 / 4，门槛 5）,5,+0.0074,0.0415,否,0.80,4,+0.0173,0.0494,否,0.75,+0.0247,-0.0186,+0.0225,8,7,9,+1,普通公办:4个/+1.7%
物理学科类,专科批,智能物流技术,样本不足,配对单元数不足（4 / 5，门槛 5）,4,-0.0105,0.0483,否,0.75,5,+0.0351,0.0429,否,0.60,+0.0247,-0.0364,+0.0403,5,6,8,+3,普通公办:5个/+3.5%
物理学科类,专科批,维医学,样本不足,配对单元数不足（1 / 1，门槛 5）,1,-0.0123,0.0571,否,1.00,1,-0.0121,0.0578,否,1.00,-0.0244,-0.0382,-0.0069,1,1,1,+0,普通公办:1个/-1.2%
物理学科类,专科批,中医养生保健,样本不足,配对单元数不足（2 / 1，门槛 5）,2,+0.0128,0.0571,否,0.50,1,-0.0370,0.0578,否,1.00,-0.0242,-0.0132,-0.0318,3,2,1,-2,普通公办:1个/-3.7%
物理学科类,专科批,铁路物流管理,样本不足,配对单元数不足（3 / 3，门槛 5）,3,-0.0222,0.0571,否,1.00,3,+0.0456,0.0578,否,1.00,+0.0235,-0.0481,+0.0508,6,4,3,-3,普通公办:3个/+4.6%
物理学科类,专科批,眼视光技术,样本不足,配对单元数不足（4 / 4，门槛 5）,4,+0.0101,0.0483,否,0.50,4,-0.0336,0.0494,否,1.00,-0.0235,-0.0158,-0.0284,6,6,8,+2,普通公办:2个/-6.7% 民办:2个/-1.7%
物理学科类,专科批,数字化设计与制造技术,样本不足,配对单元数不足（3 / 4，门槛 5）,3,-0.0071,0.0571,否,0.67,4,-0.0158,0.0494,否,1.00,-0.0229,-0.0330,-0.0106,4,7,7,+3,普通公办:3个/-1.2% 民办:1个/-2.0%
物理学科类,专科批,首饰设计与工艺,样本不足,配对单元数不足（1 / 1，门槛 5）,1,-0.0013,0.0571,否,1.00,1,+0.0242,0.0578,否,1.00,+0.0229,-0.0272,+0.0294,1,1,1,+0,普通公办:1个/+2.4%
物理学科类,专科批,保险实务,样本不足,配对单元数不足（3 / 3，门槛 5）,3,+0.0105,0.0571,否,0.67,3,+0.0123,0.0578,否,1.00,+0.0228,-0.0155,+0.0175,5,5,3,-2,普通公办:3个/+1.2%
物理学科类,专科批,智能互联网络技术,样本不足,配对单元数不足（1 / 2，门槛 5）,1,-0.0071,0.0571,否,1.00,2,-0.0155,0.0578,否,1.00,-0.0226,-0.0330,-0.0103,2,2,3,+1,普通公办:2个/-1.6%
物理学科类,专科批,高速铁路综合维修技术,样本不足,配对单元数不足（4 / 5，门槛 5）,4,-0.0232,0.0483,否,0.75,5,+0.0456,0.0429,是,1.00,+0.0224,-0.0491,+0.0508,7,5,5,-2,普通公办:5个/+4.6%
物理学科类,专科批,水文与水资源技术,样本不足,配对单元数不足（1 / 1，门槛 5）,1,+0.0273,0.0571,否,1.00,1,-0.0048,0.0578,否,1.00,+0.0224,+0.0013,+0.0004,1,1,2,+1,普通公办:1个/-0.5%
物理学科类,专科批,纺织品检验与贸易,样本不足,配对单元数不足（1 / 1，门槛 5）,1,+0.0228,0.0571,否,1.00,1,-0.0005,0.0578,否,1.00,+0.0223,-0.0031,+0.0047,2,1,3,+1,普通公办:1个/-0.1%
物理学科类,专科批,法律事务,样本不足,配对单元数不足（2 / 3，门槛 5）,2,-0.0091,0.0571,否,0.50,3,-0.0129,0.0578,否,0.67,-0.0221,-0.0351,-0.0077,4,3,3,-1,普通公办:2个/-1.9% 民办:1个/+5.8%
物理学科类,专科批,水利水电建筑工程,样本不足,配对单元数不足（6 / 4，门槛 5）,6,+0.0086,0.0374,否,0.50,4,+0.0134,0.0494,否,0.75,+0.0220,-0.0173,+0.0186,7,6,5,-2,普通公办:4个/+1.3%
物理学科类,专科批,冰雪运动与管理,样本不足,配对单元数不足（4 / 5，门槛 5）,4,+0.0204,0.0483,否,0.75,5,+0.0015,0.0429,否,0.60,+0.0219,-0.0055,+0.0067,4,5,7,+3,普通公办:5个/+0.1%
物理学科类,专科批,森林生态旅游与康养,样本不足,配对单元数不足（2 / 2，门槛 5）,2,+0.0152,0.0571,否,0.50,2,+0.0065,0.0578,否,0.50,+0.0217,-0.0108,+0.0117,2,3,2,+0,普通公办:2个/+0.7%
物理学科类,专科批,摄影摄像技术,样本不足,配对单元数不足（2 / 1，门槛 5）,2,-0.0119,0.0571,否,1.00,1,+0.0336,0.0578,否,1.00,+0.0216,-0.0379,+0.0388,2,2,1,-1,普通公办:1个/+3.4%
物理学科类,专科批,商务数据分析与应用,样本不足,配对单元数不足（2 / 2，门槛 5）,2,+0.0057,0.0571,否,1.00,2,+0.0159,0.0578,否,0.50,+0.0216,-0.0203,+0.0211,4,2,3,-1,普通公办:2个/+1.6%
物理学科类,专科批,智能工程机械运用技术,样本不足,配对单元数不足（3 / 3，门槛 5）,3,-0.0380,0.0571,否,0.67,3,+0.0166,0.0578,否,0.67,-0.0214,-0.0639,+0.0218,6,4,4,-2,普通公办:3个/+1.7%
物理学科类,专科批,食品药品监督管理,样本不足,配对单元数不足（2 / 1，门槛 5）,2,-0.0491,0.0571,否,1.00,1,+0.0278,0.0578,否,1.00,-0.0213,-0.0751,+0.0330,3,2,1,-2,普通公办:1个/+2.8%
物理学科类,专科批,农村金融,样本不足,配对单元数不足（1 / 1，门槛 5）,1,+0.0024,0.0571,否,1.00,1,+0.0186,0.0578,否,1.00,+0.0210,-0.0235,+0.0238,1,1,1,+0,普通公办:1个/+1.9%
物理学科类,专科批,药品生产技术,样本不足,配对单元数不足（3 / 5，门槛 5）,3,-0.0050,0.0571,否,0.67,5,-0.0159,0.0429,否,0.60,-0.0210,-0.0310,-0.0107,6,6,6,+0,普通公办:4个/-2.4% 民办:1个/+3.5%
物理学科类,专科批,服装与服饰设计,样本不足,配对单元数不足（1 / 1，门槛 5）,1,+0.0200,0.0571,否,1.00,1,+0.0009,0.0578,否,1.00,+0.0210,-0.0059,+0.0061,1,1,2,+1,普通公办:1个/+0.1%
物理学科类,专科批,智能轧钢技术,样本不足,配对单元数不足（2 / 2，门槛 5）,2,-0.0146,0.0571,否,0.50,2,+0.0353,0.0578,否,1.00,+0.0207,-0.0405,+0.0405,2,2,2,+0,普通公办:2个/+3.5%
物理学科类,专科批,建筑消防技术,样本不足,配对单元数不足（3 / 2，门槛 5）,3,+0.0064,0.0571,否,0.67,2,-0.0268,0.0578,否,1.00,-0.0205,-0.0196,-0.0216,4,4,4,+0,普通公办:2个/-2.7%
物理学科类,专科批,老年保健与管理,样本不足,配对单元数不足（2 / 4，门槛 5）,2,+0.0120,0.0571,否,0.50,4,+0.0083,0.0494,否,0.50,+0.0203,-0.0139,+0.0135,2,4,6,+4,普通公办:4个/+0.8%
物理学科类,专科批,移动商务,样本不足,配对单元数不足（2 / 1，门槛 5）,2,+0.0191,0.0571,否,1.00,1,+0.0008,0.0578,否,1.00,+0.0199,-0.0068,+0.0060,3,2,1,-2,普通公办:1个/+0.1%
物理学科类,专科批,资产评估与管理,样本不足,配对单元数不足（3 / 2，门槛 5）,3,+0.0167,0.0571,否,0.67,2,+0.0028,0.0578,否,0.50,+0.0196,-0.0092,+0.0080,3,3,2,-1,普通公办:2个/+0.3%
物理学科类,专科批,证券实务,样本不足,配对单元数不足（1 / 1，门槛 5）,1,+0.0139,0.0571,否,1.00,1,+0.0054,0.0578,否,1.00,+0.0193,-0.0120,+0.0106,1,1,1,+0,普通公办:1个/+0.5%
物理学科类,专科批,健康管理,样本不足,配对单元数不足（2 / 1，门槛 5）,2,-0.0149,0.0571,否,0.50,1,-0.0041,0.0578,否,1.00,-0.0190,-0.0408,+0.0011,5,4,2,-3,普通公办:1个/-0.4%
物理学科类,专科批,安全保卫管理,样本不足,配对单元数不足（2 / 2，门槛 5）,2,-0.0286,0.0571,否,1.00,2,+0.0102,0.0578,否,0.50,-0.0185,-0.0545,+0.0154,2,2,3,+1,普通公办:2个/+1.0%
物理学科类,专科批,安全智能监测技术,样本不足,配对单元数不足（1 / 1，门槛 5）,1,+0.0006,0.0571,否,1.00,1,-0.0188,0.0578,否,1.00,-0.0182,-0.0254,-0.0136,1,1,1,+0,普通公办:1个/-1.9%
物理学科类,专科批,集装箱运输管理,样本不足,配对单元数不足（1 / 1，门槛 5）,1,+0.0144,0.0571,否,1.00,1,-0.0327,0.0578,否,1.00,-0.0182,-0.0115,-0.0275,1,1,1,+0,普通公办:1个/-3.3%
物理学科类,专科批,安全防范技术,样本不足,配对单元数不足（1 / 1，门槛 5）,1,-0.0133,0.0571,否,1.00,1,-0.0046,0.0578,否,1.00,-0.0179,-0.0392,+0.0006,1,1,1,+0,普通公办:1个/-0.5%
物理学科类,专科批,关务与外贸服务,样本不足,配对单元数不足（6 / 4，门槛 5）,6,+0.0087,0.0374,否,0.83,4,+0.0086,0.0494,否,0.75,+0.0174,-0.0172,+0.0139,10,8,5,-5,普通公办:3个/+1.6% 民办:1个/-1.8%
物理学科类,专科批,包装策划与设计,样本不足,配对单元数不足（1 / 1，门槛 5）,1,+0.0050,0.0571,否,1.00,1,+0.0110,0.0578,否,1.00,+0.0160,-0.0209,+0.0162,1,1,1,+0,普通公办:1个/+1.1%
物理学科类,专科批,无人机测绘技术,样本不足,配对单元数不足（4 / 3，门槛 5）,4,-0.0232,0.0483,否,0.75,3,+0.0075,0.0578,否,0.67,-0.0157,-0.0491,+0.0127,6,5,7,+1,普通公办:2个/+0.4% 民办:1个/+3.0%
物理学科类,专科批,西式烹饪工艺,样本不足,配对单元数不足（3 / 4，门槛 5）,3,-0.0088,0.0571,否,0.67,4,+0.0244,0.0494,否,1.00,+0.0156,-0.0347,+0.0296,3,4,7,+4,普通公办:4个/+2.4%
物理学科类,专科批,大数据与审计,样本不足,配对单元数不足（3 / 4，门槛 5）,3,-0.0099,0.0571,否,0.67,4,-0.0053,0.0494,否,0.75,-0.0152,-0.0358,-0.0001,5,4,4,-1,普通公办:4个/-0.5%
物理学科类,专科批,电力系统继电保护技术,样本不足,配对单元数不足（3 / 5，门槛 5）,3,-0.0134,0.0571,否,0.67,5,-0.0017,0.0429,否,0.60,-0.0151,-0.0393,+0.0035,3,5,5,+2,普通公办:5个/-0.2%
物理学科类,专科批,法律文秘,样本不足,配对单元数不足（1 / 1，门槛 5）,1,+0.0104,0.0571,否,1.00,1,-0.0254,0.0578,否,1.00,-0.0150,-0.0155,-0.0202,1,1,1,+0,普通公办:1个/-2.5%
物理学科类,专科批,船舶电气工程技术,样本不足,配对单元数不足（4 / 3，门槛 5）,4,+0.0017,0.0483,否,0.50,3,+0.0130,0.0578,否,0.67,+0.0147,-0.0243,+0.0182,4,4,3,-1,普通公办:1个/-6.5% 民办:2个/+1.6%
物理学科类,专科批,财富管理,样本不足,配对单元数不足（1 / 1，门槛 5）,1,-0.0067,0.0571,否,1.00,1,+0.0212,0.0578,否,1.00,+0.0144,-0.0327,+0.0264,3,3,1,-2,普通公办:1个/+2.1%
物理学科类,专科批,统计与会计核算,样本不足,配对单元数不足（3 / 2，门槛 5）,3,-0.0096,0.0571,否,0.67,2,+0.0236,0.0578,否,1.00,+0.0141,-0.0355,+0.0288,3,3,2,-1,普通公办:2个/+2.4%
物理学科类,专科批,输配电工程技术,样本不足,配对单元数不足（3 / 3，门槛 5）,3,-0.0253,0.0571,否,0.67,3,+0.0113,0.0578,否,0.67,-0.0140,-0.0513,+0.0165,3,3,4,+1,普通公办:3个/+1.1%
物理学科类,专科批,食品营养与健康,样本不足,配对单元数不足（1 / 1，门槛 5）,1,-0.0015,0.0571,否,1.00,1,+0.0153,0.0578,否,1.00,+0.0138,-0.0274,+0.0205,2,1,1,-1,普通公办:1个/+1.5%
物理学科类,专科批,电厂化学与环保技术,样本不足,配对单元数不足（1 / 1，门槛 5）,1,-0.0056,0.0571,否,1.00,1,-0.0081,0.0578,否,1.00,-0.0137,-0.0315,-0.0029,1,1,1,+0,普通公办:1个/-0.8%
物理学科类,专科批,人物形象设计,样本不足,配对单元数不足（2 / 1，门槛 5）,2,-0.0017,0.0571,否,0.50,1,+0.0153,0.0578,否,1.00,+0.0137,-0.0276,+0.0205,3,3,1,-2,普通公办:1个/+1.5%
物理学科类,专科批,宝玉石鉴定与加工,样本不足,配对单元数不足（5 / 4，门槛 5）,5,-0.0173,0.0415,否,0.80,4,+0.0038,0.0494,否,0.75,-0.0136,-0.0433,+0.0090,6,5,4,-2,普通公办:4个/+0.4%
物理学科类,专科批,房地产经营与管理,样本不足,配对单元数不足（2 / 1，门槛 5）,2,+0.0131,0.0571,否,1.00,1,+0.0000,0.0578,否,1.00,+0.0132,-0.0128,+0.0052,3,2,1,-2,普通公办:1个/+0.0%
物理学科类,专科批,铁道机车车辆制造与维护,样本不足,配对单元数不足（4 / 5，门槛 5）,4,-0.0361,0.0483,否,1.00,5,+0.0230,0.0429,否,1.00,-0.0131,-0.0620,+0.0282,4,5,5,+1,普通公办:5个/+2.3%
物理学科类,专科批,建筑设计,样本不足,配对单元数不足（4 / 2，门槛 5）,4,+0.0335,0.0483,否,0.75,2,-0.0209,0.0578,否,1.00,+0.0127,+0.0076,-0.0156,7,5,2,-5,普通公办:2个/-2.1%
物理学科类,专科批,工业设计,样本不足,配对单元数不足（2 / 3，门槛 5）,2,+0.0229,0.0571,否,1.00,3,-0.0103,0.0578,否,1.00,+0.0126,-0.0030,-0.0051,2,4,3,+1,普通公办:2个/-0.8% 民办:1个/-1.0%
物理学科类,专科批,化工安全技术,样本不足,配对单元数不足（4 / 4，门槛 5）,4,-0.0065,0.0483,否,0.75,4,-0.0061,0.0494,否,0.75,-0.0125,-0.0324,-0.0009,4,4,4,+0,普通公办:4个/-0.6%
物理学科类,专科批,粮食工程技术与管理,样本不足,配对单元数不足（1 / 1，门槛 5）,1,+0.0113,0.0571,否,1.00,1,+0.0011,0.0578,否,1.00,+0.0124,-0.0146,+0.0063,1,2,2,+1,普通公办:1个/+0.1%
物理学科类,专科批,国际商务,样本不足,配对单元数不足（4 / 2，门槛 5）,4,+0.0167,0.0483,否,0.75,2,-0.0042,0.0578,否,0.50,+0.0124,-0.0093,+0.0010,6,6,3,-3,普通公办:2个/-0.4%
物理学科类,专科批,智能产品开发与应用,样本不足,配对单元数不足（1 / 2，门槛 5）,1,+0.0079,0.0571,否,1.00,2,-0.0194,0.0578,否,1.00,-0.0115,-0.0181,-0.0142,3,2,4,+1,普通公办:2个/-1.9%
物理学科类,专科批,商务日语,样本不足,配对单元数不足（4 / 2，门槛 5）,4,-0.0422,0.0483,否,0.75,2,+0.0309,0.0578,否,1.00,-0.0114,-0.0682,+0.0361,5,4,2,-3,普通公办:2个/+3.1%
物理学科类,专科批,建筑智能化工程技术,样本不足,配对单元数不足（6 / 4，门槛 5）,6,-0.0089,0.0374,否,0.67,4,+0.0195,0.0494,否,0.75,+0.0105,-0.0349,+0.0247,8,6,5,-3,普通公办:4个/+1.9%
物理学科类,专科批,分析检验技术,样本不足,配对单元数不足（4 / 3，门槛 5）,4,+0.0069,0.0483,否,0.75,3,-0.0172,0.0578,否,1.00,-0.0103,-0.0190,-0.0120,5,7,4,-1,普通公办:3个/-1.7%
物理学科类,专科批,药品生物技术,样本不足,配对单元数不足（2 / 3，门槛 5）,2,+0.0020,0.0571,否,0.50,3,-0.0121,0.0578,否,0.67,-0.0101,-0.0239,-0.0069,3,4,3,+0,普通公办:1个/-1.2% 民办:2个/-2.1%
物理学科类,专科批,现代移动通信技术,样本不足,配对单元数不足（7 / 4，门槛 5）,7,-0.0166,0.0339,否,0.71,4,+0.0267,0.0494,否,0.75,+0.0100,-0.0426,+0.0319,13,8,6,-7,普通公办:4个/+2.7%
物理学科类,专科批,港口物流管理,样本不足,配对单元数不足（2 / 2，门槛 5）,2,+0.0075,0.0571,否,1.00,2,-0.0175,0.0578,否,1.00,-0.0099,-0.0184,-0.0123,3,2,2,-1,民办:2个/-1.7%
物理学科类,专科批,建筑设备工程技术,样本不足,配对单元数不足（1 / 1，门槛 5）,1,+0.0287,0.0571,否,1.00,1,-0.0190,0.0578,否,1.00,+0.0097,+0.0028,-0.0138,1,2,1,+0,普通公办:1个/-1.9%
物理学科类,专科批,影视动画,样本不足,配对单元数不足（1 / 1，门槛 5）,1,+0.0103,0.0571,否,1.00,1,-0.0198,0.0578,否,1.00,-0.0095,-0.0156,-0.0146,2,1,2,+0,民办:1个/-2.0%
物理学科类,专科批,水利水电工程技术,样本不足,配对单元数不足（4 / 4，门槛 5）,4,+0.0078,0.0483,否,0.75,4,+0.0011,0.0494,否,0.50,+0.0089,-0.0181,+0.0063,4,5,4,+0,普通公办:4个/+0.1%
物理学科类,专科批,动漫设计,样本不足,配对单元数不足（1 / 1，门槛 5）,1,-0.0227,0.0571,否,1.00,1,+0.0147,0.0578,否,1.00,-0.0081,-0.0487,+0.0199,1,1,2,+1,普通公办:1个/+1.5%
物理学科类,专科批,水利工程,样本不足,配对单元数不足（5 / 3，门槛 5）,5,-0.0103,0.0415,否,0.60,3,+0.0177,0.0578,否,0.67,+0.0074,-0.0363,+0.0229,6,6,3,-3,普通公办:3个/+1.8%
物理学科类,专科批,小学数学教育,样本不足,配对单元数不足（4 / 6，门槛 5）,4,-0.0177,0.0483,否,0.50,6,+0.0103,0.0388,否,0.67,-0.0073,-0.0436,+0.0155,9,9,9,+0,普通公办:6个/+1.0%
物理学科类,专科批,财税大数据应用,样本不足,配对单元数不足（1 / 2，门槛 5）,1,+0.0140,0.0571,否,1.00,2,-0.0068,0.0578,否,0.50,+0.0072,-0.0119,-0.0016,1,2,3,+2,普通公办:2个/-0.7%
物理学科类,专科批,智能医疗装备技术,样本不足,配对单元数不足（1 / 1，门槛 5）,1,+0.0073,0.0571,否,1.00,1,-0.0001,0.0578,否,1.00,+0.0072,-0.0187,+0.0051,1,2,3,+2,普通公办:1个/-0.0%
物理学科类,专科批,工业互联网技术,样本不足,配对单元数不足（6 / 4，门槛 5）,6,-0.0072,0.0374,否,0.67,4,+0.0143,0.0494,否,0.75,+0.0071,-0.0331,+0.0195,7,8,6,-1,普通公办:4个/+1.4%
物理学科类,专科批,城市燃气工程技术,样本不足,配对单元数不足（1 / 1，门槛 5）,1,+0.0192,0.0571,否,1.00,1,-0.0126,0.0578,否,1.00,+0.0066,-0.0067,-0.0074,1,2,1,+0,普通公办:1个/-1.3%
物理学科类,专科批,建筑钢结构工程技术,样本不足,配对单元数不足（1 / 1，门槛 5）,1,-0.0126,0.0571,否,1.00,1,+0.0063,0.0578,否,1.00,-0.0063,-0.0385,+0.0115,2,1,2,+0,普通公办:1个/+0.6%
物理学科类,专科批,电子竞技运动与管理,样本不足,配对单元数不足（3 / 2，门槛 5）,3,-0.0098,0.0571,否,0.67,2,+0.0035,0.0578,否,0.50,-0.0062,-0.0357,+0.0087,5,3,2,-3,普通公办:2个/+0.4%
物理学科类,专科批,光伏工程技术,样本不足,配对单元数不足（3 / 3，门槛 5）,3,-0.0143,0.0571,否,0.67,3,+0.0202,0.0578,否,1.00,+0.0060,-0.0402,+0.0254,3,3,4,+1,普通公办:3个/+2.0%
物理学科类,专科批,油田化学应用技术,样本不足,配对单元数不足（1 / 2，门槛 5）,1,+0.0262,0.0571,否,1.00,2,-0.0206,0.0578,否,0.50,+0.0056,+0.0003,-0.0154,1,2,2,+1,普通公办:2个/-2.1%
物理学科类,专科批,卫生检验与检疫技术,样本不足,配对单元数不足（1 / 2，门槛 5）,1,+0.0005,0.0571,否,1.00,2,+0.0046,0.0578,否,0.50,+0.0051,-0.0255,+0.0098,1,2,2,+1,普通公办:2个/+0.5%
物理学科类,专科批,视觉传达设计,样本不足,配对单元数不足（3 / 3，门槛 5）,3,+0.0219,0.0571,否,0.67,3,-0.0168,0.0578,否,1.00,+0.0051,-0.0040,-0.0116,3,3,4,+1,普通公办:2个/-2.1% 民办:1个/-1.7%
物理学科类,专科批,市政工程技术,样本不足,配对单元数不足（3 / 2，门槛 5）,3,+0.0562,0.0571,否,1.00,2,-0.0513,0.0578,否,1.00,+0.0049,+0.0303,-0.0461,4,5,2,-2,普通公办:2个/-5.1%
物理学科类,专科批,铁道养路机械应用技术,样本不足,配对单元数不足（3 / 6，门槛 5）,3,-0.0260,0.0571,否,1.00,6,+0.0309,0.0388,否,1.00,+0.0049,-0.0519,+0.0361,3,6,6,+3,普通公办:6个/+3.1%
物理学科类,专科批,服装设计与工艺,样本不足,配对单元数不足（5 / 3，门槛 5）,5,-0.0055,0.0415,否,0.60,3,+0.0008,0.0578,否,0.67,-0.0047,-0.0315,+0.0060,5,6,5,+0,普通公办:3个/+0.1%
物理学科类,专科批,分布式发电与智能微电网技术,样本不足,配对单元数不足（3 / 2，门槛 5）,3,-0.0176,0.0571,否,0.67,2,+0.0222,0.0578,否,1.00,+0.0046,-0.0435,+0.0274,4,3,3,-1,普通公办:2个/+2.2%
物理学科类,专科批,建筑动画技术,样本不足,配对单元数不足（2 / 1，门槛 5）,2,+0.0175,0.0571,否,1.00,1,-0.0221,0.0578,否,1.00,-0.0046,-0.0084,-0.0169,2,2,1,-1,民办:1个/-2.2%
物理学科类,专科批,电梯工程技术,样本不足,配对单元数不足（3 / 5，门槛 5）,3,-0.0257,0.0571,否,0.67,5,+0.0213,0.0429,否,1.00,-0.0044,-0.0516,+0.0265,4,6,5,+1,普通公办:4个/+3.8% 民办:1个/+2.1%
物理学科类,专科批,食品质量与安全,样本不足,配对单元数不足（4 / 5，门槛 5）,4,+0.0054,0.0483,否,0.50,5,-0.0011,0.0429,否,0.60,+0.0043,-0.0205,+0.0041,7,7,8,+1,普通公办:5个/-0.1%
物理学科类,专科批,船舶电子电气技术,样本不足,配对单元数不足（2 / 2，门槛 5）,2,-0.0151,0.0571,否,0.50,2,+0.0109,0.0578,否,0.50,-0.0042,-0.0410,+0.0161,2,2,3,+1,普通公办:1个/+5.2% 民办:1个/-3.1%
物理学科类,专科批,化工装备技术,样本不足,配对单元数不足（3 / 5，门槛 5）,3,+0.0040,0.0571,否,0.67,5,+0.0001,0.0429,否,0.60,+0.0041,-0.0219,+0.0053,3,5,5,+2,普通公办:5个/+0.0%
物理学科类,专科批,工业互联网应用,样本不足,配对单元数不足（3 / 3，门槛 5）,3,-0.0036,0.0571,否,0.67,3,+0.0071,0.0578,否,0.67,+0.0036,-0.0295,+0.0123,5,5,7,+2,普通公办:3个/+0.7%
物理学科类,专科批,风力发电工程技术,样本不足,配对单元数不足（2 / 4，门槛 5）,2,-0.0202,0.0571,否,0.50,4,+0.0235,0.0494,否,0.75,+0.0034,-0.0461,+0.0287,3,5,7,+4,普通公办:4个/+2.4%
物理学科类,专科批,高速铁路动车组制造与维护,样本不足,配对单元数不足（3 / 3，门槛 5）,3,-0.0191,0.0571,否,1.00,3,+0.0222,0.0578,否,1.00,+0.0031,-0.0450,+0.0274,4,3,3,-1,普通公办:3个/+2.2%
物理学科类,专科批,制冷与空调技术,样本不足,配对单元数不足（2 / 2，门槛 5）,2,-0.0073,0.0571,否,0.50,2,+0.0103,0.0578,否,0.50,+0.0030,-0.0332,+0.0155,2,2,3,+1,普通公办:2个/+1.0%
物理学科类,专科批,应急救援技术,样本不足,配对单元数不足（4 / 6，门槛 5）,4,-0.0064,0.0483,否,0.75,6,+0.0040,0.0388,否,0.50,-0.0024,-0.0323,+0.0092,6,8,6,+0,普通公办:5个/+1.4% 民办:1个/-1.6%
物理学科类,专科批,应用英语,样本不足,配对单元数不足（3 / 2，门槛 5）,3,+0.0904,0.0571,是,0.67,2,-0.0926,0.0578,是,0.50,-0.0022,+0.0644,-0.0874,8,3,3,-5,普通公办:2个/-9.3%
物理学科类,专科批,增材制造技术,样本不足,配对单元数不足（2 / 3，门槛 5）,2,-0.0130,0.0571,否,1.00,3,+0.0148,0.0578,否,0.67,+0.0018,-0.0389,+0.0200,2,3,3,+1,普通公办:3个/+1.5%
物理学科类,专科批,交通运营管理,样本不足,配对单元数不足（2 / 2，门槛 5）,2,+0.0008,0.0571,否,0.50,2,-0.0024,0.0578,否,0.50,-0.0016,-0.0252,+0.0028,2,2,3,+1,普通公办:1个/+1.4% 民办:1个/-1.9%
物理学科类,专科批,食品生物技术,样本不足,配对单元数不足（1 / 3，门槛 5）,1,-0.0232,0.0571,否,1.00,3,+0.0218,0.0578,否,0.67,-0.0014,-0.0491,+0.0270,1,3,3,+2,普通公办:3个/+2.2%
物理学科类,专科批,冷链物流技术与管理,样本不足,配对单元数不足（1 / 1，门槛 5）,1,-0.0047,0.0571,否,1.00,1,+0.0036,0.0578,否,1.00,-0.0012,-0.0307,+0.0088,1,1,1,+0,普通公办:1个/+0.4%
物理学科类,专科批,现代家政服务与管理,样本不足,配对单元数不足（3 / 3，门槛 5）,3,-0.0255,0.0571,否,0.67,3,+0.0266,0.0578,否,0.67,+0.0011,-0.0514,+0.0318,4,3,3,-1,普通公办:3个/+2.7%
物理学科类,专科批,新闻采编与制作,样本不足,配对单元数不足（1 / 1，门槛 5）,1,-0.0407,0.0571,否,1.00,1,+0.0398,0.0578,否,1.00,-0.0010,-0.0667,+0.0450,2,2,1,-1,普通公办:1个/+4.0%
物理学科类,专科批,高速铁路施工与维护,样本不足,配对单元数不足（6 / 3，门槛 5）,6,-0.0320,0.0374,否,1.00,3,+0.0325,0.0578,否,0.67,+0.0005,-0.0579,+0.0377,6,6,5,-1,普通公办:3个/+3.2%
物理学科类,专科批,汽车电子技术,样本不足,配对单元数不足（2 / 3，门槛 5）,2,+0.0011,0.0571,否,0.50,3,-0.0007,0.0578,否,0.67,+0.0005,-0.0248,+0.0045,5,4,3,-2,普通公办:2个/+0.3% 民办:1个/-0.1%
物理学科类,专科批,城市轨道交通供配电技术,样本不足,配对单元数不足（3 / 2，门槛 5）,3,-0.0097,0.0571,否,0.67,2,+0.0096,0.0578,否,0.50,-0.0001,-0.0356,+0.0148,3,3,2,-1,普通公办:2个/+1.0%
物理学科类,专科批,热工自动化技术,样本不足,配对单元数不足（1 / 1，门槛 5）,1,+0.0074,0.0571,否,1.00,1,-0.0072,0.0578,否,1.00,+0.0001,-0.0185,-0.0020,1,1,1,+0,普通公办:1个/-0.7%
物理学科类,专科批,陵园服务与管理,样本不足,缺一个年段的配对数据,1,+0.0165,0.0571,否,1.00,,,,,,,-0.0094,,1,1,1,+0,
物理学科类,专科批,计算机类,样本不足,缺一个年段的配对数据,1,+0.0384,0.0571,否,1.00,,,,,,,+0.0124,,1,2,0,-1,
物理学科类,专科批,应用俄语,样本不足,缺一个年段的配对数据,1,-0.0824,0.0571,是,1.00,,,,,,,-0.1083,,2,1,2,+0,
物理学科类,专科批,民宿管理与运营,样本不足,缺一个年段的配对数据,1,+0.0173,0.0571,否,1.00,,,,,,,-0.0086,,1,1,0,-1,
物理学科类,专科批,茶艺与茶文化,样本不足,缺一个年段的配对数据,1,+0.0897,0.0571,是,1.00,,,,,,,+0.0638,,1,2,1,+0,
物理学科类,专科批,农业生物技术,样本不足,缺一个年段的配对数据,1,-0.0005,0.0571,否,1.00,,,,,,,-0.0264,,1,1,0,-1,
物理学科类,专科批,环境监测技术,样本不足,配对单元数不足（3 / 4，门槛 5）,3,+0.0282,0.0571,否,1.00,4,-0.0282,0.0494,否,0.75,+0.0000,+0.0023,-0.0230,5,6,4,-1,普通公办:3个/-0.5% 民办:1个/-5.8%
物理学科类,专科批,动物营养与饲料,样本不足,缺一个年段的配对数据,1,+0.0043,0.0571,否,1.00,,,,,,,-0.0216,,1,1,0,-1,
物理学科类,专科批,测绘工程技术,样本不足,缺一个年段的配对数据,2,+0.0175,0.0571,否,0.50,,,,,,,-0.0084,,2,3,1,-1,
物理学科类,专科批,航空复合材料成型与加工技术,样本不足,缺一个年段的配对数据,1,+0.0802,0.0571,是,1.00,,,,,,,+0.0542,,1,2,0,-1,
物理学科类,专科批,航空材料精密成型技术,样本不足,缺一个年段的配对数据,2,-0.0177,0.0571,否,1.00,,,,,,,-0.0436,,2,2,0,-2,
物理学科类,专科批,飞行器数字化装配技术,样本不足,缺一个年段的配对数据,1,+0.0131,0.0571,否,1.00,,,,,,,-0.0128,,1,1,2,+1,
物理学科类,专科批,广播影视节目制作,样本不足,缺一个年段的配对数据,1,-0.0148,0.0571,否,1.00,,,,,,,-0.0407,,2,1,0,-2,
物理学科类,专科批,表演艺术,样本不足,缺一个年段的配对数据,2,-0.0014,0.0571,否,0.50,,,,,,,-0.0273,,2,2,0,-2,
物理学科类,专科批,文化产业经营与管理,样本不足,缺一个年段的配对数据,1,+0.0090,0.0571,否,1.00,,,,,,,-0.0169,,1,1,0,-1,
物理学科类,专科批,道路工程造价,样本不足,缺一个年段的配对数据,1,+0.0628,0.0571,是,1.00,,,,,,,+0.0369,,1,1,0,-1,
物理学科类,专科批,民航通信技术,样本不足,缺一个年段的配对数据,2,-0.0310,0.0571,否,1.00,,,,,,,-0.0569,,2,2,1,-1,
物理学科类,专科批,印刷数字图文技术,样本不足,缺一个年段的配对数据,1,-0.0157,0.0571,否,1.00,,,,,,,-0.0417,,1,1,0,-1,
物理学科类,专科批,影视编导,样本不足,缺一个年段的配对数据,1,-0.0215,0.0571,否,1.00,,,,,,,-0.0474,,2,1,1,-1,
物理学科类,专科批,播音与主持,样本不足,缺一个年段的配对数据,1,-0.0238,0.0571,否,1.00,,,,,,,-0.0498,,1,1,0,-1,
物理学科类,专科批,现代物业管理,样本不足,缺一个年段的配对数据,2,+0.0049,0.0571,否,0.50,,,,,,,-0.0210,,2,2,1,-1,
物理学科类,专科批,网络新闻与传播,样本不足,缺一个年段的配对数据,1,-0.0072,0.0571,否,1.00,,,,,,,-0.0331,,3,2,0,-3,
物理学科类,专科批,社区康复,样本不足,缺一个年段的配对数据,1,-0.1781,0.0571,是,1.00,,,,,,,-0.2041,,2,2,0,-2,
物理学科类,专科批,航海技术,样本不足,缺一个年段的配对数据,1,-0.0052,0.0571,否,1.00,,,,,,,-0.0311,,2,1,0,-2,
物理学科类,专科批,化工技术类,样本不足,缺一个年段的配对数据,1,-0.0824,0.0571,是,1.00,,,,,,,-0.1083,,1,1,0,-1,
物理学科类,专科批,统计与大数据分析,样本不足,缺一个年段的配对数据,1,-0.0036,0.0571,否,1.00,,,,,,,-0.0295,,1,1,0,-1,
物理学科类,专科批,公共卫生管理,样本不足,缺一个年段的配对数据,1,+0.0046,0.0571,否,1.00,,,,,,,-0.0213,,1,1,0,-1,
物理学科类,专科批,智慧城市管理技术,样本不足,缺一个年段的配对数据,1,+0.0127,0.0571,否,1.00,,,,,,,-0.0132,,3,3,1,-2,
物理学科类,专科批,中医骨伤,样本不足,缺一个年段的配对数据,,,,,,1,+0.0010,0.0578,否,1.00,,,+0.0062,1,1,2,+1,普通公办:1个/+0.1%
物理学科类,专科批,钻井技术,样本不足,缺一个年段的配对数据,,,,,,1,-0.0528,0.0578,否,1.00,,,-0.0476,0,1,1,+1,普通公办:1个/-5.3%
物理学科类,专科批,环境地质工程,样本不足,缺一个年段的配对数据,,,,,,1,-0.0270,0.0578,否,1.00,,,-0.0218,0,1,1,+1,普通公办:1个/-2.7%
物理学科类,专科批,材料成型及控制技术,样本不足,缺一个年段的配对数据,,,,,,1,+0.0607,0.0578,是,1.00,,,+0.0659,1,1,2,+1,普通公办:1个/+6.1%
物理学科类,专科批,动物药学,样本不足,缺一个年段的配对数据,,,,,,2,-0.0197,0.0578,否,0.50,,,-0.0145,0,2,2,+2,普通公办:1个/+0.2% 民办:1个/-4.2%
物理学科类,专科批,种子生产与经营,样本不足,缺一个年段的配对数据,,,,,,1,+0.1229,0.0578,是,1.00,,,+0.1281,0,1,3,+3,普通公办:1个/+12.3%
物理学科类,专科批,现代农业装备应用技术,样本不足,缺一个年段的配对数据,,,,,,1,+0.0527,0.0578,否,1.00,,,+0.0579,0,2,4,+4,普通公办:1个/+5.3%
物理学科类,专科批,农业电气化技术,样本不足,缺一个年段的配对数据,,,,,,1,+0.0043,0.0578,否,1.00,,,+0.0095,0,1,1,+1,普通公办:1个/+0.4%
物理学科类,专科批,业财数据应用与管理,样本不足,缺一个年段的配对数据,,,,,,3,-0.0416,0.0578,否,1.00,,,-0.0364,0,3,4,+4,普通公办:3个/-4.2%
物理学科类,专科批,维药学,样本不足,缺一个年段的配对数据,,,,,,1,-0.0270,0.0578,否,1.00,,,-0.0218,0,1,1,+1,普通公办:1个/-2.7%
物理学科类,专科批,材料工程技术,样本不足,缺一个年段的配对数据,,,,,,1,-0.0321,0.0578,否,1.00,,,-0.0269,1,1,2,+1,普通公办:1个/-3.2%
物理学科类,专科批,体育教育,样本不足,缺一个年段的配对数据,,,,,,1,+0.0928,0.0578,是,1.00,,,+0.0980,4,2,2,-2,普通公办:1个/+9.3%
物理学科类,专科批,职业指导与服务,样本不足,缺一个年段的配对数据,,,,,,1,+0.2263,0.0578,是,1.00,,,+0.2315,0,1,1,+1,普通公办:1个/+22.6%
物理学科类,专科批,物流工程技术,样本不足,缺一个年段的配对数据,,,,,,1,-0.0130,0.0578,否,1.00,,,-0.0078,2,1,2,+0,普通公办:1个/-1.3%
物理学科类,专科批,船舶涂装工程技术,样本不足,缺一个年段的配对数据,,,,,,1,-0.0081,0.0578,否,1.00,,,-0.0029,0,1,1,+1,普通公办:1个/-0.8%
物理学科类,专科批,海洋工程装备技术,样本不足,缺一个年段的配对数据,,,,,,1,-0.0229,0.0578,否,1.00,,,-0.0177,0,1,1,+1,普通公办:1个/-2.3%
物理学科类,专科批,船舶通信装备技术,样本不足,缺一个年段的配对数据,,,,,,1,-0.0519,0.0578,否,1.00,,,-0.0467,0,1,1,+1,普通公办:1个/-5.2%
物理学科类,专科批,农村电子商务,样本不足,缺一个年段的配对数据,,,,,,1,-0.0217,0.0578,否,1.00,,,-0.0165,0,1,1,+1,普通公办:1个/-2.2%
物理学科类,专科批,复合材料智能制造技术,样本不足,缺一个年段的配对数据,,,,,,1,+0.0120,0.0578,否,1.00,,,+0.0172,0,2,1,+1,普通公办:1个/+1.2%
物理学科类,专科批,汽车造型与改装技术,样本不足,缺一个年段的配对数据,,,,,,1,-0.0020,0.0578,否,1.00,,,+0.0032,0,1,3,+3,民办:1个/-0.2%
物理学科类,专科批,密码技术应用,样本不足,缺一个年段的配对数据,,,,,,1,-0.0528,0.0578,否,1.00,,,-0.0476,1,1,2,+1,普通公办:1个/-5.3%
物理学科类,专科批,煤炭清洁利用技术,样本不足,缺一个年段的配对数据,,,,,,1,-0.0298,0.0578,否,1.00,,,-0.0246,0,1,1,+1,普通公办:1个/-3.0%
物理学科类,专科批,机场电工技术,样本不足,缺一个年段的配对数据,,,,,,1,-0.1143,0.0578,是,1.00,,,-0.1091,1,1,1,+0,普通公办:1个/-11.4%
物理学科类,专科批,动物防疫与检疫,样本不足,缺一个年段的配对数据,,,,,,1,-0.0220,0.0578,否,1.00,,,-0.0168,0,3,1,+1,普通公办:1个/-2.2%
物理学科类,专科批,水产养殖技术,样本不足,缺一个年段的配对数据,,,,,,1,+0.0051,0.0578,否,1.00,,,+0.0103,0,1,3,+3,普通公办:1个/+0.5%
物理学科类,专科批,太阳能光热技术与应用,样本不足,缺一个年段的配对数据,,,,,,1,+0.0261,0.0578,否,1.00,,,+0.0313,1,1,1,+0,普通公办:1个/+2.6%
物理学科类,专科批,社会体育,样本不足,缺一个年段的配对数据,,,,,,1,-0.0550,0.0578,否,1.00,,,-0.0498,1,1,1,+0,普通公办:1个/-5.5%
物理学科类,专科批,文物修复与保护,样本不足,缺一个年段的配对数据,,,,,,2,+0.0010,0.0578,否,0.50,,,+0.0062,0,2,2,+2,普通公办:2个/+0.1%
物理学科类,专科批,数字时尚设计,样本不足,缺一个年段的配对数据,,,,,,1,+0.0138,0.0578,否,1.00,,,+0.0190,0,1,1,+1,普通公办:1个/+1.4%
物理学科类,专科批,酿酒技术,样本不足,缺一个年段的配对数据,,,,,,1,+0.0191,0.0578,否,1.00,,,+0.0243,0,1,1,+1,普通公办:1个/+1.9%
物理学科类,专科批,有色金属智能冶金技术,样本不足,缺一个年段的配对数据,,,,,,1,-0.0642,0.0578,是,1.00,,,-0.0590,1,1,1,+0,普通公办:1个/-6.4%
物理学科类,专科批,道路养护与管理,样本不足,缺一个年段的配对数据,,,,,,1,+0.2102,0.0578,是,1.00,,,+0.2154,1,1,2,+1,普通公办:1个/+21.0%
物理学科类,专科批,智能交通技术,样本不足,缺一个年段的配对数据,,,,,,2,+0.0118,0.0578,否,1.00,,,+0.0170,1,2,2,+1,普通公办:2个/+1.2%
物理学科类,专科批,印刷媒体技术,样本不足,缺一个年段的配对数据,,,,,,1,+0.0448,0.0578,否,1.00,,,+0.0500,0,1,1,+1,普通公办:1个/+4.5%
物理学科类,专科批,微电子技术,样本不足,缺一个年段的配对数据,,,,,,1,-0.0638,0.0578,是,1.00,,,-0.0586,0,1,1,+1,普通公办:1个/-6.4%
物理学科类,专科批,制药设备应用技术,样本不足,缺一个年段的配对数据,,,,,,1,-0.0433,0.0578,否,1.00,,,-0.0381,0,1,1,+1,普通公办:1个/-4.3%
物理学科类,专科批,卫星通信与导航技术,样本不足,缺一个年段的配对数据,,,,,,1,+0.0533,0.0578,否,1.00,,,+0.0585,0,1,1,+1,普通公办:1个/+5.3%
物理学科类,专科批,心理健康教育,样本不足,缺一个年段的配对数据,,,,,,1,-0.0021,0.0578,否,1.00,,,+0.0031,1,1,1,+0,普通公办:1个/-0.2%
物理学科类,本科批,艺术史论,样本不足,配对单元数不足（1 / 2，门槛 5）,1,+0.8978,0.1093,是,1.00,2,+0.2067,0.1277,是,1.00,+1.1044,+0.9202,+0.2244,3,2,2,-1,双一流:1个/+23.2% 普通公办:1个/+18.1%
物理学科类,本科批,放射医学,样本不足,配对单元数不足（1 / 1，门槛 5）,1,+0.3800,0.1093,是,1.00,1,+0.4294,0.1277,是,1.00,+0.8095,+0.4024,+0.4472,1,2,1,+0,985:1个/+42.9%
物理学科类,本科批,理科试验班类,样本不足,配对单元数不足（1 / 1，门槛 5）,1,+0.1879,0.1093,是,1.00,1,+0.3877,0.1277,是,1.00,+0.5756,+0.2103,+0.4055,1,1,2,+1,985:1个/+38.8%
物理学科类,本科批,金融审计,样本不足,配对单元数不足（1 / 1，门槛 5）,1,+0.2543,0.1093,是,1.00,1,+0.1828,0.1277,是,1.00,+0.4371,+0.2767,+0.2006,1,1,2,+1,普通公办:1个/+18.3%
物理学科类,本科批,武器系统与工程,样本不足,配对单元数不足（1 / 1，门槛 5）,1,-0.2682,0.1093,是,1.00,1,-0.1402,0.1277,是,1.00,-0.4084,-0.2458,-0.1224,1,1,1,+0,普通公办:1个/-14.0%
物理学科类,本科批,运动人体科学,样本不足,配对单元数不足（2 / 2，门槛 5）,2,-0.1028,0.1093,否,1.00,2,-0.2970,0.1277,是,1.00,-0.3998,-0.0804,-0.2793,2,2,3,+1,211:1个/-23.8% 普通公办:1个/-35.6%
物理学科类,本科批,农业工程,样本不足,配对单元数不足（2 / 2，门槛 5）,2,-0.0559,0.1093,否,0.50,2,-0.3242,0.1277,是,1.00,-0.3801,-0.0335,-0.3065,2,2,2,+0,211:1个/-19.7% 985:1个/-45.2%
物理学科类,本科批,教育学,样本不足,配对单元数不足（2 / 2，门槛 5）,2,+0.1113,0.1093,是,1.00,2,+0.2058,0.1277,是,1.00,+0.3171,+0.1337,+0.2235,5,4,6,+1,普通公办:2个/+20.6%
物理学科类,本科批,信用管理,样本不足,配对单元数不足（2 / 1，门槛 5）,2,+0.1719,0.1093,是,0.50,1,+0.1299,0.1277,是,1.00,+0.3018,+0.1943,+0.1476,5,2,2,-3,普通公办:1个/+13.0%
物理学科类,本科批,历史学,样本不足,配对单元数不足（1 / 5，门槛 5）,1,+0.0704,0.1093,否,1.00,5,+0.2252,0.0870,是,1.00,+0.2956,+0.0928,+0.2429,7,5,6,-1,211:1个/+24.5% 普通公办:4个/+20.0%
物理学科类,本科批,图书馆学,样本不足,配对单元数不足（1 / 1，门槛 5）,1,+0.1754,0.1093,是,1.00,1,+0.1158,0.1277,否,1.00,+0.2912,+0.1978,+0.1335,1,1,1,+0,普通公办:1个/+11.6%
物理学科类,本科批,农林智能装备工程,样本不足,配对单元数不足（1 / 1，门槛 5）,1,-0.2244,0.1093,是,1.00,1,-0.0641,0.1277,否,1.00,-0.2885,-0.2020,-0.0464,1,1,2,+1,211:1个/-6.4%
物理学科类,本科批,地球化学,样本不足,配对单元数不足（1 / 3，门槛 5）,1,+0.3167,0.1093,是,1.00,3,-0.0316,0.1277,否,0.67,+0.2850,+0.3391,-0.0139,4,3,3,-1,双一流:1个/+3.7% 普通公办:2个/-5.8%
物理学科类,本科批,消防指挥,样本不足,配对单元数不足（1 / 1，门槛 5）,1,-0.0260,0.1093,否,1.00,1,-0.2540,0.1277,是,1.00,-0.2799,-0.0036,-0.2362,1,1,1,+0,普通公办:1个/-25.4%
物理学科类,本科批,海外安全管理,样本不足,配对单元数不足（1 / 1，门槛 5）,1,+0.0645,0.1093,否,1.00,1,+0.2053,0.1277,是,1.00,+0.2698,+0.0869,+0.2230,1,1,1,+0,普通公办:1个/+20.5%
物理学科类,本科批,历史建筑保护工程,样本不足,配对单元数不足（1 / 1，门槛 5）,1,+0.0646,0.1093,否,1.00,1,+0.2034,0.1277,是,1.00,+0.2680,+0.0870,+0.2212,3,2,2,-1,普通公办:1个/+20.3%
物理学科类,本科批,地理科学,样本不足,配对单元数不足（4 / 18，门槛 5）,4,+0.1292,0.0916,是,0.75,18,+0.1266,0.0397,是,0.89,+0.2558,+0.1516,+0.1443,21,20,24,+3,211:1个/+14.3% 普通公办:16个/+12.7% 民办:1个/+6.4%
物理学科类,本科批,电影制作,样本不足,配对单元数不足（2 / 2，门槛 5）,2,+0.0873,0.1093,否,1.00,2,+0.1655,0.1277,是,0.50,+0.2528,+0.1097,+0.1832,2,2,3,+1,普通公办:1个/+33.4% 民办:1个/-0.3%
物理学科类,本科批,司法鉴定学,样本不足,配对单元数不足（1 / 1，门槛 5）,1,+0.1205,0.1093,是,1.00,1,+0.1267,0.1277,否,1.00,+0.2472,+0.1429,+0.1444,1,1,1,+0,普通公办:1个/+12.7%
物理学科类,本科批,特种能源技术与工程,样本不足,配对单元数不足（2 / 2，门槛 5）,2,-0.1298,0.1093,是,1.00,2,-0.1053,0.1277,否,1.00,-0.2350,-0.1074,-0.0875,2,2,2,+0,普通公办:2个/-10.5%
物理学科类,本科批,考古学,样本不足,配对单元数不足（1 / 1，门槛 5）,1,+0.2262,0.1093,是,1.00,1,+0.0084,0.1277,否,1.00,+0.2347,+0.2486,+0.0261,1,1,1,+0,211:1个/+0.8%
物理学科类,本科批,包装设计,样本不足,配对单元数不足（1 / 1，门槛 5）,1,+0.0229,0.1093,否,1.00,1,+0.2003,0.1277,是,1.00,+0.2232,+0.0453,+0.2180,1,1,1,+0,普通公办:1个/+20.0%
物理学科类,本科批,现代殡葬管理,样本不足,配对单元数不足（1 / 1，门槛 5）,1,-0.1257,0.1093,是,1.00,1,-0.0904,0.1277,否,1.00,-0.2161,-0.1033,-0.0727,1,1,1,+0,普通公办:1个/-9.0%
物理学科类,本科批,中医儿科学,样本不足,配对单元数不足（2 / 2，门槛 5）,2,+0.0522,0.1093,否,0.50,2,+0.1611,0.1277,是,1.00,+0.2133,+0.0746,+0.1789,2,2,2,+0,普通公办:2个/+16.1%
物理学科类,本科批,房地产开发与管理,样本不足,配对单元数不足（3 / 1，门槛 5）,3,+0.0646,0.1093,否,0.67,1,+0.1487,0.1277,是,1.00,+0.2132,+0.0870,+0.1664,5,4,1,-4,普通公办:1个/+14.9%
物理学科类,本科批,康复作业治疗,样本不足,配对单元数不足（2 / 1，门槛 5）,2,+0.1753,0.1093,是,0.50,1,+0.0234,0.1277,否,1.00,+0.1987,+0.1977,+0.0412,2,2,2,+0,普通公办:1个/+2.3%
物理学科类,本科批,弹药工程与爆炸技术,样本不足,配对单元数不足（4 / 2，门槛 5）,4,-0.0891,0.0916,否,1.00,2,-0.1092,0.1277,否,1.00,-0.1983,-0.0667,-0.0914,5,5,5,+0,普通公办:2个/-10.9%
物理学科类,本科批,材料类,样本不足,配对单元数不足（1 / 1，门槛 5）,1,-0.1119,0.1093,是,1.00,1,-0.0861,0.1277,否,1.00,-0.1980,-0.0895,-0.0684,1,1,1,+0,985:1个/-8.6%
物理学科类,本科批,化妆品技术与工程,样本不足,配对单元数不足（2 / 2，门槛 5）,2,-0.1329,0.1093,是,1.00,2,-0.0635,0.1277,否,1.00,-0.1964,-0.1105,-0.0458,3,3,3,+0,普通公办:2个/-6.4%
物理学科类,本科批,休闲体育,样本不足,配对单元数不足（1 / 1，门槛 5）,1,-0.0069,0.1093,否,1.00,1,+0.1914,0.1277,是,1.00,+0.1845,+0.0155,+0.2092,1,1,1,+0,211:1个/+19.1%
物理学科类,本科批,野生动物与自然保护区管理,样本不足,配对单元数不足（2 / 2，门槛 5）,2,-0.0982,0.1093,否,1.00,2,-0.0824,0.1277,否,0.50,-0.1806,-0.0758,-0.0647,2,2,3,+1,211:2个/-8.2%
物理学科类,本科批,工业智能,样本不足,配对单元数不足（1 / 3，门槛 5）,1,-0.0956,0.1093,否,1.00,3,-0.0833,0.1277,否,1.00,-0.1789,-0.0732,-0.0656,1,3,4,+3,普通公办:2个/-6.7% 民办:1个/-9.9%
物理学科类,本科批,智能飞行器技术,样本不足,配对单元数不足（1 / 1，门槛 5）,1,-0.2095,0.1093,是,1.00,1,+0.0334,0.1277,否,1.00,-0.1761,-0.1871,+0.0511,1,1,2,+1,211:1个/+3.3%
物理学科类,本科批,粉体材料科学与工程,样本不足,配对单元数不足（2 / 2，门槛 5）,2,-0.0194,0.1093,否,1.00,2,-0.1479,0.1277,是,1.00,-0.1674,+0.0030,-0.1302,3,4,2,-1,普通公办:2个/-14.8%
物理学科类,本科批,武器发射工程,样本不足,配对单元数不足（3 / 2，门槛 5）,3,-0.1082,0.1093,否,1.00,2,-0.0576,0.1277,否,1.00,-0.1658,-0.0858,-0.0398,3,3,2,-1,普通公办:2个/-5.8%
物理学科类,本科批,水土保持与荒漠化防治,样本不足,配对单元数不足（6 / 4，门槛 5）,6,-0.0449,0.0698,否,0.67,4,-0.1192,0.1048,是,0.75,-0.1641,-0.0225,-0.1015,7,7,5,-2,211:1个/-12.5% 985:1个/-17.2% 普通公办:2个/-5.4%
物理学科类,本科批,酿酒工程,样本不足,配对单元数不足（2 / 3，门槛 5）,2,-0.1334,0.1093,是,1.00,3,-0.0297,0.1277,否,0.67,-0.1630,-0.1110,-0.0119,2,4,3,+1,211:1个/-3.0% 985:1个/-3.1% 民办:1个/+2.1%
物理学科类,本科批,思想政治教育,样本不足,配对单元数不足（2 / 4，门槛 5）,2,+0.0664,0.1093,否,0.50,4,+0.0963,0.1048,否,0.75,+0.1628,+0.0888,+0.1141,7,6,6,-1,普通公办:4个/+9.6%
物理学科类,本科批,水质科学与技术,样本不足,配对单元数不足（1 / 3，门槛 5）,1,-0.1369,0.1093,是,1.00,3,-0.0234,0.1277,否,1.00,-0.1602,-0.1145,-0.0056,1,3,3,+2,普通公办:3个/-2.3%
物理学科类,本科批,烟草,样本不足,配对单元数不足（1 / 1，门槛 5）,1,-0.1126,0.1093,是,1.00,1,-0.0455,0.1277,否,1.00,-0.1581,-0.0902,-0.0277,1,1,2,+1,普通公办:1个/-4.5%
物理学科类,本科批,光源与照明,样本不足,配对单元数不足（2 / 1，门槛 5）,2,-0.0958,0.1093,否,1.00,1,-0.0598,0.1277,否,1.00,-0.1557,-0.0734,-0.0421,2,2,2,+0,普通公办:1个/-6.0%
物理学科类,本科批,资源与环境经济学,样本不足,配对单元数不足（1 / 2，门槛 5）,1,-0.1351,0.1093,是,1.00,2,-0.0147,0.1277,否,0.50,-0.1498,-0.1128,+0.0031,1,2,2,+1,普通公办:2个/-1.5%
物理学科类,本科批,智能体育工程,样本不足,配对单元数不足（1 / 1，门槛 5）,1,+0.3022,0.1093,是,1.00,1,-0.1531,0.1277,是,1.00,+0.1491,+0.3246,-0.1354,1,1,2,+1,211:1个/-15.3%
物理学科类,本科批,国际新闻与传播,样本不足,配对单元数不足（2 / 3，门槛 5）,2,+0.0807,0.1093,否,1.00,3,+0.0620,0.1277,否,0.67,+0.1428,+0.1031,+0.0797,3,3,3,+0,普通公办:2个/+8.3% 民办:1个/-1.5%
物理学科类,本科批,国际经贸规则,样本不足,配对单元数不足（1 / 2，门槛 5）,1,-0.0988,0.1093,否,1.00,2,-0.0434,0.1277,否,1.00,-0.1423,-0.0764,-0.0257,1,3,5,+4,普通公办:1个/-5.2% 民办:1个/-3.5%
物理学科类,本科批,理论与应用力学,样本不足,配对单元数不足（2 / 3，门槛 5）,2,-0.1027,0.1093,否,1.00,3,-0.0389,0.1277,否,0.67,-0.1416,-0.0803,-0.0211,3,3,3,+0,985:2个/+10.7% 普通公办:1个/-3.9%
物理学科类,本科批,智能装备与系统,样本不足,配对单元数不足（2 / 4，门槛 5）,2,-0.1113,0.1093,是,1.00,4,-0.0283,0.1048,否,1.00,-0.1396,-0.0889,-0.0106,3,4,7,+4,211:1个/-0.7% 普通公办:3个/-4.0%
物理学科类,本科批,数理基础科学,样本不足,配对单元数不足（1 / 1，门槛 5）,1,-0.0379,0.1093,否,1.00,1,-0.1012,0.1277,否,1.00,-0.1391,-0.0155,-0.0835,1,1,1,+0,普通公办:1个/-10.1%
物理学科类,本科批,信息资源管理,样本不足,配对单元数不足（1 / 1，门槛 5）,1,+0.0593,0.1093,否,1.00,1,+0.0757,0.1277,否,1.00,+0.1350,+0.0817,+0.0935,1,1,1,+0,普通公办:1个/+7.6%
物理学科类,本科批,生物育种技术,样本不足,配对单元数不足（1 / 2，门槛 5）,1,-0.0342,0.1093,否,1.00,2,-0.0991,0.1277,否,1.00,-0.1333,-0.0118,-0.0814,1,2,4,+3,211:1个/-18.3% 普通公办:1个/-1.5%
物理学科类,本科批,装甲车辆工程,样本不足,配对单元数不足（1 / 1，门槛 5）,1,-0.0746,0.1093,否,1.00,1,-0.0579,0.1277,否,1.00,-0.1325,-0.0522,-0.0402,1,1,1,+0,普通公办:1个/-5.8%
物理学科类,本科批,生物质能源与材料,样本不足,配对单元数不足（1 / 1，门槛 5）,1,-0.0609,0.1093,否,1.00,1,-0.0693,0.1277,否,1.00,-0.1302,-0.0385,-0.0515,1,1,2,+1,普通公办:1个/-6.9%
物理学科类,本科批,体育经济与管理,样本不足,配对单元数不足（3 / 3，门槛 5）,3,-0.0215,0.1093,否,1.00,3,+0.1477,0.1277,是,0.67,+0.1262,+0.0009,+0.1654,3,4,5,+2,211:1个/+14.8% 普通公办:2个/+20.0%
物理学科类,本科批,电子封装技术,样本不足,配对单元数不足（4 / 2，门槛 5）,4,-0.0649,0.0916,否,1.00,2,-0.0585,0.1277,否,1.00,-0.1234,-0.0425,-0.0408,4,4,3,-1,普通公办:2个/-5.9%
物理学科类,本科批,中兽医学,样本不足,配对单元数不足（2 / 2，门槛 5）,2,+0.0560,0.1093,否,0.50,2,+0.0649,0.1277,否,0.50,+0.1209,+0.0784,+0.0827,2,2,2,+0,985:1个/+15.3% 普通公办:1个/-2.3%
物理学科类,本科批,康复辅助器具技术,样本不足,配对单元数不足（1 / 1，门槛 5）,1,-0.1275,0.1093,是,1.00,1,+0.0070,0.1277,否,1.00,-0.1205,-0.1051,+0.0248,1,1,1,+0,普通公办:1个/+0.7%
物理学科类,本科批,管理科学,样本不足,配对单元数不足（3 / 3，门槛 5）,3,+0.0600,0.1093,否,0.67,3,+0.0603,0.1277,否,1.00,+0.1203,+0.0824,+0.0781,5,4,3,-2,普通公办:3个/+6.0%
物理学科类,本科批,劳动经济学,样本不足,配对单元数不足（1 / 1，门槛 5）,1,+0.0531,0.1093,否,1.00,1,+0.0669,0.1277,否,1.00,+0.1201,+0.0755,+0.0847,1,1,1,+0,普通公办:1个/+6.7%
物理学科类,本科批,应用化工技术,样本不足,配对单元数不足（1 / 1，门槛 5）,1,-0.0681,0.1093,否,1.00,1,-0.0500,0.1277,否,1.00,-0.1181,-0.0457,-0.0323,4,1,3,-1,普通公办:1个/-5.0%
物理学科类,本科批,农业电气化,样本不足,配对单元数不足（4 / 4，门槛 5）,4,-0.0522,0.0916,否,1.00,4,-0.0636,0.1048,否,1.00,-0.1158,-0.0298,-0.0459,4,4,4,+0,211:1个/-4.2% 普通公办:3个/-8.5%
物理学科类,本科批,轮机工程,样本不足,配对单元数不足（4 / 3，门槛 5）,4,-0.0742,0.0916,否,0.75,3,-0.0401,0.1277,否,1.00,-0.1143,-0.0518,-0.0224,5,4,3,-2,211:1个/-3.2% 普通公办:2个/-8.9%
物理学科类,本科批,飞行器运维工程,样本不足,配对单元数不足（2 / 3，门槛 5）,2,-0.0890,0.1093,否,1.00,3,-0.0252,0.1277,否,1.00,-0.1142,-0.0666,-0.0074,2,3,8,+6,普通公办:3个/-2.5%
物理学科类,本科批,蚕学,样本不足,配对单元数不足（1 / 1，门槛 5）,1,-0.0738,0.1093,否,1.00,1,-0.0397,0.1277,否,1.00,-0.1135,-0.0514,-0.0219,1,1,1,+0,普通公办:1个/-4.0%
物理学科类,本科批,电子商务及法律,样本不足,配对单元数不足（1 / 1，门槛 5）,1,+0.0754,0.1093,否,1.00,1,+0.0374,0.1277,否,1.00,+0.1128,+0.0978,+0.0551,3,2,3,+0,普通公办:1个/+3.7%
物理学科类,本科批,水声工程,样本不足,配对单元数不足（1 / 1，门槛 5）,1,-0.1008,0.1093,否,1.00,1,-0.0115,0.1277,否,1.00,-0.1124,-0.0784,+0.0062,2,2,3,+1,普通公办:1个/-1.2%
物理学科类,本科批,海洋工程与技术,样本不足,配对单元数不足（2 / 2，门槛 5）,2,-0.0428,0.1093,否,1.00,2,-0.0694,0.1277,否,1.00,-0.1122,-0.0204,-0.0517,4,4,5,+1,普通公办:2个/-6.9%
物理学科类,本科批,电子与计算机工程,样本不足,配对单元数不足（1 / 2，门槛 5）,1,-0.0737,0.1093,否,1.00,2,-0.0370,0.1277,否,1.00,-0.1107,-0.0513,-0.0193,1,3,2,+1,普通公办:1个/-6.3% 民办:1个/-1.1%
物理学科类,本科批,特殊教育,样本不足,配对单元数不足（1 / 3，门槛 5）,1,+0.0740,0.1093,否,1.00,3,+0.0365,0.1277,否,0.67,+0.1106,+0.0964,+0.0543,3,3,3,+0,普通公办:3个/+3.7%
物理学科类,本科批,智慧水利,样本不足,配对单元数不足（3 / 6，门槛 5）,3,-0.0804,0.1093,否,0.67,6,-0.0275,0.0776,否,0.83,-0.1080,-0.0581,-0.0098,3,7,10,+7,211:2个/-5.8% 985:1个/-2.4% 普通公办:3个/-2.2%
物理学科类,本科批,国际事务与国际关系,样本不足,配对单元数不足（1 / 1，门槛 5）,1,+0.0965,0.1093,否,1.00,1,+0.0111,0.1277,否,1.00,+0.1076,+0.1189,+0.0289,1,1,1,+0,普通公办:1个/+1.1%
物理学科类,本科批,仿生科学与工程,样本不足,配对单元数不足（1 / 1，门槛 5）,1,-0.0092,0.1093,否,1.00,1,-0.0966,0.1277,否,1.00,-0.1058,+0.0132,-0.0789,1,1,1,+0,985:1个/-9.7%
物理学科类,本科批,氢能科学与工程,样本不足,配对单元数不足（2 / 2，门槛 5）,2,+0.0820,0.1093,否,0.50,2,+0.0231,0.1277,否,0.50,+0.1051,+0.1044,+0.0408,2,2,3,+1,211:1个/+7.9% 普通公办:1个/-3.3%
物理学科类,本科批,中国少数民族语言文学,样本不足,配对单元数不足（1 / 1，门槛 5）,1,-0.1215,0.1093,是,1.00,1,+0.0166,0.1277,否,1.00,-0.1049,-0.0991,+0.0344,1,2,1,+0,普通公办:1个/+1.7%
物理学科类,本科批,智能地球探测,样本不足,配对单元数不足（1 / 1，门槛 5）,1,+0.0871,0.1093,否,1.00,1,-0.1914,0.1277,是,1.00,-0.1042,+0.1095,-0.1736,1,1,3,+2,普通公办:1个/-19.1%
物理学科类,本科批,饲料工程,样本不足,配对单元数不足（1 / 2，门槛 5）,1,-0.0260,0.1093,否,1.00,2,-0.0757,0.1277,否,1.00,-0.1017,-0.0036,-0.0579,1,2,3,+2,普通公办:2个/-7.6%
物理学科类,本科批,森林工程,样本不足,配对单元数不足（1 / 1，门槛 5）,1,+0.1422,0.1093,是,1.00,1,-0.0411,0.1277,否,1.00,+0.1010,+0.1646,-0.0234,2,1,1,-1,普通公办:1个/-4.1%
物理学科类,本科批,外交学,样本不足,配对单元数不足（1 / 1，门槛 5）,1,+0.0512,0.1093,否,1.00,1,+0.0488,0.1277,否,1.00,+0.1000,+0.0736,+0.0665,1,2,1,+0,普通公办:1个/+4.9%
物理学科类,本科批,资源循环科学与工程,样本不足,配对单元数不足（4 / 4，门槛 5）,4,-0.0859,0.0916,否,1.00,4,-0.0141,0.1048,否,0.50,-0.1000,-0.0635,+0.0037,7,8,11,+4,211:1个/+2.8% 普通公办:3个/-3.7%
物理学科类,本科批,气象技术与工程,样本不足,配对单元数不足（3 / 3，门槛 5）,3,+0.0511,0.1093,否,1.00,3,+0.0472,0.1277,否,0.67,+0.0982,+0.0735,+0.0649,3,3,3,+0,985:1个/-4.9% 普通公办:2个/+6.6%
物理学科类,本科批,哲学,样本不足,配对单元数不足（1 / 1，门槛 5）,1,-0.0373,0.1093,否,1.00,1,+0.1341,0.1277,是,1.00,+0.0968,-0.0149,+0.1518,1,1,1,+0,211:1个/+13.4%
物理学科类,本科批,医学实验技术,样本不足,配对单元数不足（4 / 7，门槛 5）,4,+0.0008,0.0916,否,0.50,7,+0.0942,0.0697,是,1.00,+0.0950,+0.0232,+0.1119,6,7,8,+2,普通公办:7个/+9.4%
物理学科类,本科批,智能无人系统技术,样本不足,配对单元数不足（1 / 2，门槛 5）,1,-0.1235,0.1093,是,1.00,2,+0.0286,0.1277,否,0.50,-0.0949,-0.1011,+0.0463,1,2,2,+1,985:1个/+12.5% 普通公办:1个/-6.8%
物理学科类,本科批,葡萄与葡萄酒工程,样本不足,配对单元数不足（4 / 4，门槛 5）,4,-0.0443,0.0916,否,0.75,4,-0.0502,0.1048,否,0.75,-0.0945,-0.0219,-0.0325,5,4,4,-1,985:3个/-3.7% 普通公办:1个/-6.3%
物理学科类,本科批,意大利语,样本不足,配对单元数不足（1 / 1，门槛 5）,1,+0.0883,0.1093,否,1.00,1,+0.0055,0.1277,否,1.00,+0.0939,+0.1107,+0.0233,2,2,1,-1,普通公办:1个/+0.6%
物理学科类,本科批,护理,样本不足,配对单元数不足（1 / 2，门槛 5）,1,-0.1130,0.1093,是,1.00,2,+0.0215,0.1277,否,0.50,-0.0915,-0.0906,+0.0392,1,2,2,+1,民办:2个/+2.1%
物理学科类,本科批,机械工艺技术,样本不足,配对单元数不足（2 / 2，门槛 5）,2,-0.0427,0.1093,否,1.00,2,-0.0485,0.1277,否,1.00,-0.0912,-0.0203,-0.0308,2,2,3,+1,普通公办:2个/-4.9%
物理学科类,本科批,艺术教育,样本不足,配对单元数不足（1 / 2，门槛 5）,1,+0.0484,0.1093,否,1.00,2,-0.1394,0.1277,是,1.00,-0.0910,+0.0708,-0.1217,3,3,2,-1,普通公办:1个/-26.8% 民办:1个/-1.1%
物理学科类,本科批,茶学,样本不足,配对单元数不足（3 / 3，门槛 5）,3,+0.0657,0.1093,否,0.67,3,+0.0252,0.1277,否,1.00,+0.0909,+0.0881,+0.0429,4,3,3,-1,普通公办:3个/+2.5%
物理学科类,本科批,消防工程,样本不足,配对单元数不足（4 / 2，门槛 5）,4,-0.0595,0.0916,否,1.00,2,-0.0296,0.1277,否,1.00,-0.0891,-0.0371,-0.0119,4,5,4,+0,普通公办:2个/-3.0%
物理学科类,本科批,无人驾驶航空器系统工程,样本不足,配对单元数不足（4 / 6，门槛 5）,4,-0.0712,0.0916,否,1.00,6,-0.0177,0.0776,否,0.67,-0.0888,-0.0488,+0.0001,4,7,16,+12,211:1个/+0.9% 普通公办:4个/-5.4% 民办:1个/+1.5%
物理学科类,本科批,知识产权,样本不足,配对单元数不足（4 / 2，门槛 5）,4,-0.0242,0.0916,否,0.75,2,-0.0639,0.1277,否,0.50,-0.0880,-0.0018,-0.0461,7,5,6,-1,普通公办:1个/+1.4% 民办:1个/-14.2%
物理学科类,本科批,涂料工程,样本不足,配对单元数不足（1 / 1，门槛 5）,1,+0.0079,0.1093,否,1.00,1,-0.0952,0.1277,否,1.00,-0.0873,+0.0303,-0.0775,1,2,1,+0,普通公办:1个/-9.5%
物理学科类,本科批,区块链工程,样本不足,配对单元数不足（2 / 1，门槛 5）,2,+0.0016,0.1093,否,0.50,1,+0.0855,0.1277,否,1.00,+0.0871,+0.0240,+0.1032,3,2,1,-2,普通公办:1个/+8.6%
物理学科类,本科批,建筑装饰工程,样本不足,配对单元数不足（1 / 1，门槛 5）,1,+0.0328,0.1093,否,1.00,1,-0.1193,0.1277,否,1.00,-0.0865,+0.0552,-0.1016,1,1,1,+0,民办:1个/-11.9%
物理学科类,本科批,监狱学,样本不足,配对单元数不足（2 / 2，门槛 5）,2,-0.0624,0.1093,否,1.00,2,-0.0226,0.1277,否,0.50,-0.0850,-0.0400,-0.0048,2,2,2,+0,普通公办:2个/-2.3%
物理学科类,本科批,非物质文化遗产保护,样本不足,配对单元数不足（1 / 1，门槛 5）,1,+0.0240,0.1093,否,1.00,1,+0.0607,0.1277,否,1.00,+0.0847,+0.0464,+0.0784,1,1,1,+0,普通公办:1个/+6.1%
物理学科类,本科批,标准化工程,样本不足,配对单元数不足（2 / 2，门槛 5）,2,-0.0499,0.1093,否,1.00,2,-0.0344,0.1277,否,1.00,-0.0843,-0.0275,-0.0167,2,4,2,+0,普通公办:2个/-3.4%
物理学科类,本科批,智能网联汽车工程技术,样本不足,配对单元数不足（3 / 3，门槛 5）,3,-0.0326,0.1093,否,1.00,3,-0.0512,0.1277,否,1.00,-0.0838,-0.0102,-0.0335,3,3,3,+0,普通公办:2个/-7.2% 民办:1个/-3.2%
物理学科类,本科批,海洋油气工程,样本不足,配对单元数不足（4 / 4，门槛 5）,4,-0.0466,0.0916,否,1.00,4,-0.0348,0.1048,否,0.75,-0.0814,-0.0242,-0.0171,6,4,4,-2,双一流:1个/+5.2% 普通公办:3个/-3.8%
物理学科类,本科批,电磁场与无线技术,样本不足,配对单元数不足（3 / 3，门槛 5）,3,-0.0010,0.1093,否,0.67,3,+0.0822,0.1277,否,1.00,+0.0812,+0.0214,+0.0999,4,4,3,-1,211:1个/+8.2% 985:2个/+6.9%
物理学科类,本科批,智慧建筑与建造,样本不足,配对单元数不足（2 / 1，门槛 5）,2,-0.0679,0.1093,否,0.50,1,+0.1488,0.1277,是,1.00,+0.0810,-0.0455,+0.1666,2,2,2,+0,985:1个/+14.9%
物理学科类,本科批,非织造材料与工程,样本不足,配对单元数不足（4 / 4，门槛 5）,4,-0.0172,0.0916,否,0.50,4,-0.0624,0.1048,否,1.00,-0.0796,+0.0052,-0.0447,5,4,6,+1,双一流:1个/-6.2% 普通公办:3个/-6.3%
物理学科类,本科批,航空机电设备维修技术,样本不足,配对单元数不足（1 / 1，门槛 5）,1,-0.0517,0.1093,否,1.00,1,-0.0273,0.1277,否,1.00,-0.0790,-0.0293,-0.0096,1,1,1,+0,普通公办:1个/-2.7%
物理学科类,本科批,合成生物学,样本不足,配对单元数不足（1 / 2，门槛 5）,1,-0.0883,0.1093,否,1.00,2,+0.0093,0.1277,否,0.50,-0.0790,-0.0659,+0.0270,2,3,12,+10,211:2个/+0.9%
物理学科类,本科批,戏剧影视文学,样本不足,配对单元数不足（3 / 5，门槛 5）,3,+0.0866,0.1093,否,0.67,5,-0.0085,0.0870,否,0.60,+0.0781,+0.1090,+0.0092,5,5,6,+1,211:1个/+23.5% 普通公办:2个/+7.3% 民办:2个/-0.9%
物理学科类,本科批,化工安全工程,样本不足,配对单元数不足（3 / 2，门槛 5）,3,-0.0476,0.1093,否,1.00,2,-0.0303,0.1277,否,1.00,-0.0779,-0.0252,-0.0126,3,3,4,+1,普通公办:2个/-3.0%
物理学科类,本科批,智慧气象技术,样本不足,配对单元数不足（1 / 1，门槛 5）,1,-0.0337,0.1093,否,1.00,1,-0.0440,0.1277,否,1.00,-0.0777,-0.0113,-0.0263,1,1,1,+0,普通公办:1个/-4.4%
物理学科类,本科批,国家安全学,样本不足,配对单元数不足（1 / 1，门槛 5）,1,-0.0965,0.1093,否,1.00,1,+0.0193,0.1277,否,1.00,-0.0772,-0.0741,+0.0370,1,1,1,+0,普通公办:1个/+1.9%
物理学科类,本科批,政治学与行政学,样本不足,配对单元数不足（3 / 4，门槛 5）,3,-0.0057,0.1093,否,1.00,4,+0.0828,0.1048,否,1.00,+0.0771,+0.0167,+0.1006,5,4,4,-1,985:1个/+11.8% 普通公办:3个/+4.7%
物理学科类,本科批,可持续能源,样本不足,配对单元数不足（1 / 1，门槛 5）,1,-0.0438,0.1093,否,1.00,1,-0.0309,0.1277,否,1.00,-0.0747,-0.0215,-0.0131,1,1,1,+0,211:1个/-3.1%
物理学科类,本科批,粮食工程,样本不足,配对单元数不足（4 / 5，门槛 5）,4,-0.0507,0.0916,否,1.00,5,-0.0234,0.0870,否,1.00,-0.0741,-0.0283,-0.0056,4,5,7,+3,普通公办:5个/-2.3%
物理学科类,本科批,汽车工程技术,样本不足,配对单元数不足（1 / 2，门槛 5）,1,-0.0337,0.1093,否,1.00,2,-0.0401,0.1277,否,1.00,-0.0738,-0.0113,-0.0224,3,2,2,-1,普通公办:2个/-4.0%
物理学科类,本科批,飞行器适航技术,样本不足,配对单元数不足（4 / 4，门槛 5）,4,-0.0690,0.0916,否,1.00,4,-0.0036,0.1048,否,0.50,-0.0726,-0.0466,+0.0142,4,4,7,+3,211:1个/-2.5% 普通公办:3个/+1.8%
物理学科类,本科批,飞行器质量与可靠性,样本不足,配对单元数不足（1 / 3，门槛 5）,1,-0.0359,0.1093,否,1.00,3,-0.0366,0.1277,否,1.00,-0.0725,-0.0135,-0.0189,1,3,4,+3,普通公办:3个/-3.7%
物理学科类,本科批,农村区域发展,样本不足,配对单元数不足（1 / 1，门槛 5）,1,-0.0337,0.1093,否,1.00,1,-0.0379,0.1277,否,1.00,-0.0716,-0.0113,-0.0201,1,1,1,+0,211:1个/-3.8%
物理学科类,本科批,地球物理学,样本不足,配对单元数不足（4 / 3，门槛 5）,4,+0.0026,0.0916,否,0.50,3,-0.0740,0.1277,否,1.00,-0.0715,+0.0249,-0.0563,5,4,4,-1,211:1个/-19.0% 普通公办:2个/-4.9%
物理学科类,本科批,能源与环境系统工程,样本不足,配对单元数不足（3 / 4，门槛 5）,3,-0.0314,0.1093,否,1.00,4,-0.0400,0.1048,否,1.00,-0.0714,-0.0090,-0.0223,6,4,7,+1,211:1个/-2.4% 普通公办:3个/-4.6%
物理学科类,本科批,资源环境大数据工程,样本不足,配对单元数不足（3 / 2，门槛 5）,3,-0.0517,0.1093,否,1.00,2,-0.0190,0.1277,否,1.00,-0.0707,-0.0293,-0.0013,3,3,2,-1,普通公办:2个/-1.9%
物理学科类,本科批,导航工程,样本不足,配对单元数不足（1 / 2，门槛 5）,1,-0.1290,0.1093,是,1.00,2,+0.1997,0.1277,是,1.00,+0.0707,-0.1066,+0.2174,2,2,4,+2,985:1个/+35.2% 普通公办:1个/+4.8%
物理学科类,本科批,心理学,样本不足,配对单元数不足（2 / 8，门槛 5）,2,+0.0174,0.1093,否,1.00,8,+0.0532,0.0628,否,0.62,+0.0706,+0.0398,+0.0709,10,9,10,+0,985:1个/-18.1% 双一流:1个/+8.6% 普通公办:6个/+5.3%
物理学科类,本科批,木结构建筑与材料,样本不足,配对单元数不足（2 / 2，门槛 5）,2,+0.0371,0.1093,否,1.00,2,+0.0332,0.1277,否,1.00,+0.0703,+0.0595,+0.0509,2,2,2,+0,普通公办:2个/+3.3%
物理学科类,本科批,蜂学,样本不足,配对单元数不足（1 / 1，门槛 5）,1,-0.1295,0.1093,是,1.00,1,+0.0599,0.1277,否,1.00,-0.0696,-0.1071,+0.0776,1,1,1,+0,普通公办:1个/+6.0%
物理学科类,本科批,农业智能装备工程,样本不足,配对单元数不足（4 / 5，门槛 5）,4,-0.0271,0.0916,否,0.75,5,-0.0424,0.0870,否,0.60,-0.0695,-0.0047,-0.0247,5,5,5,+0,211:1个/-5.3% 985:1个/-5.9% 普通公办:2个/-1.1% 民办:1个/+2.2%
物理学科类,本科批,家具设计与工程,样本不足,配对单元数不足（2 / 2，门槛 5）,2,-0.0234,0.1093,否,1.00,2,-0.0455,0.1277,否,1.00,-0.0689,-0.0010,-0.0278,3,3,2,-1,普通公办:2个/-4.6%
物理学科类,本科批,司法警察学,样本不足,配对单元数不足（1 / 1，门槛 5）,1,-0.0638,0.1093,否,1.00,1,-0.0051,0.1277,否,1.00,-0.0689,-0.0414,+0.0126,1,1,1,+0,普通公办:1个/-0.5%
物理学科类,本科批,葡萄牙语,样本不足,配对单元数不足（2 / 2，门槛 5）,2,+0.0064,0.1093,否,0.50,2,-0.0742,0.1277,否,1.00,-0.0678,+0.0288,-0.0565,5,2,3,-2,普通公办:1个/-11.8% 民办:1个/-3.1%
物理学科类,本科批,智能控制技术,样本不足,配对单元数不足（1 / 1，门槛 5）,1,-0.0465,0.1093,否,1.00,1,-0.0182,0.1277,否,1.00,-0.0646,-0.0241,-0.0004,1,1,2,+1,普通公办:1个/-1.8%
物理学科类,本科批,医疗保险,样本不足,配对单元数不足（1 / 3，门槛 5）,1,+0.0069,0.1093,否,1.00,3,+0.0575,0.1277,否,0.67,+0.0643,+0.0293,+0.0752,1,3,3,+2,普通公办:2个/+41.1% 民办:1个/+5.7%
物理学科类,本科批,交通管理,样本不足,配对单元数不足（4 / 4，门槛 5）,4,-0.0051,0.0916,否,0.50,4,+0.0681,0.1048,否,0.75,+0.0631,+0.0173,+0.0859,5,4,6,+1,211:1个/-9.0% 普通公办:3个/+11.4%
物理学科类,本科批,农药化肥,样本不足,配对单元数不足（1 / 1，门槛 5）,1,-0.0686,0.1093,否,1.00,1,+0.0059,0.1277,否,1.00,-0.0627,-0.0462,+0.0237,1,1,1,+0,普通公办:1个/+0.6%
物理学科类,本科批,化妆品科学与技术,样本不足,配对单元数不足（1 / 2，门槛 5）,1,+0.0092,0.1093,否,1.00,2,+0.0524,0.1277,否,0.50,+0.0616,+0.0316,+0.0701,1,2,4,+3,普通公办:1个/+11.6% 民办:1个/-1.1%
物理学科类,本科批,增材制造工程,样本不足,配对单元数不足（1 / 2，门槛 5）,1,-0.0257,0.1093,否,1.00,2,-0.0329,0.1277,否,0.50,-0.0586,-0.0033,-0.0151,2,2,5,+3,普通公办:2个/-3.3%
物理学科类,本科批,智慧林业,样本不足,配对单元数不足（1 / 2，门槛 5）,1,-0.0651,0.1093,否,1.00,2,+0.0076,0.1277,否,0.50,-0.0575,-0.0427,+0.0253,2,3,3,+1,985:1个/-12.6% 普通公办:1个/+14.1%
物理学科类,本科批,航空智能制造技术,样本不足,配对单元数不足（1 / 1，门槛 5）,1,-0.0440,0.1093,否,1.00,1,-0.0127,0.1277,否,1.00,-0.0566,-0.0216,+0.0051,1,1,1,+0,普通公办:1个/-1.3%
物理学科类,本科批,食品卫生与营养学,样本不足,配对单元数不足（1 / 2，门槛 5）,1,+0.0282,0.1093,否,1.00,2,+0.0274,0.1277,否,0.50,+0.0556,+0.0506,+0.0451,4,4,4,+0,双一流:1个/+7.1% 普通公办:1个/-1.6%
物理学科类,本科批,智能材料与结构,样本不足,配对单元数不足（4 / 6，门槛 5）,4,-0.0249,0.0916,否,1.00,6,-0.0295,0.0776,否,0.67,-0.0544,-0.0025,-0.0118,4,7,13,+9,普通公办:6个/-3.0%
物理学科类,本科批,化学工程与工业生物工程,样本不足,配对单元数不足（3 / 3，门槛 5）,3,-0.0292,0.1093,否,1.00,3,-0.0248,0.1277,否,0.67,-0.0540,-0.0068,-0.0070,3,3,4,+1,普通公办:2个/-3.0% 民办:1个/+4.1%
物理学科类,本科批,秘书学,样本不足,配对单元数不足（1 / 1，门槛 5）,1,+0.0223,0.1093,否,1.00,1,+0.0295,0.1277,否,1.00,+0.0517,+0.0447,+0.0472,2,1,1,-1,普通公办:1个/+2.9%
物理学科类,本科批,摄影,样本不足,配对单元数不足（1 / 1，门槛 5）,1,-0.0021,0.1093,否,1.00,1,+0.0536,0.1277,否,1.00,+0.0515,+0.0203,+0.0714,1,1,1,+0,普通公办:1个/+5.4%
物理学科类,本科批,航空航天工程,样本不足,配对单元数不足（2 / 4，门槛 5）,2,-0.0605,0.1093,否,1.00,4,+0.0108,0.1048,否,0.50,-0.0496,-0.0381,+0.0286,4,4,4,+0,985:2个/+10.7% 普通公办:2个/-1.8%
物理学科类,本科批,环保设备工程,样本不足,配对单元数不足（2 / 2，门槛 5）,2,-0.0125,0.1093,否,0.50,2,-0.0368,0.1277,否,1.00,-0.0493,+0.0099,-0.0191,3,2,3,+0,普通公办:2个/-3.7%
物理学科类,本科批,艺术管理,样本不足,配对单元数不足（2 / 3，门槛 5）,2,-0.0331,0.1093,否,0.50,3,+0.0822,0.1277,否,0.67,+0.0492,-0.0107,+0.1000,2,4,3,+1,普通公办:2个/+2.5% 民办:1个/+34.0%
物理学科类,本科批,地下水科学与工程,样本不足,配对单元数不足（5 / 3，门槛 5）,5,+0.0487,0.0779,否,0.60,3,+0.0002,0.1277,否,0.67,+0.0489,+0.0711,+0.0179,6,5,5,-1,985:1个/-12.4% 普通公办:2个/+1.4%
物理学科类,本科批,劳动教育,样本不足,配对单元数不足（1 / 1，门槛 5）,1,-0.0958,0.1093,否,1.00,1,+0.0474,0.1277,否,1.00,-0.0484,-0.0734,+0.0652,1,1,1,+0,普通公办:1个/+4.7%
物理学科类,本科批,贸易经济,样本不足,配对单元数不足（3 / 3，门槛 5）,3,+0.0569,0.1093,否,0.67,3,-0.0091,0.1277,否,0.67,+0.0478,+0.0793,+0.0086,3,3,4,+1,普通公办:2个/-1.4% 民办:1个/+4.1%
物理学科类,本科批,柔性电子学,样本不足,配对单元数不足（1 / 1，门槛 5）,1,+0.0200,0.1093,否,1.00,1,+0.0278,0.1277,否,1.00,+0.0477,+0.0424,+0.0455,1,1,1,+0,211:1个/+2.8%
物理学科类,本科批,计算机应用工程,样本不足,配对单元数不足（1 / 1，门槛 5）,1,+0.0202,0.1093,否,1.00,1,+0.0274,0.1277,否,1.00,+0.0475,+0.0426,+0.0451,1,1,3,+2,民办:1个/+2.7%
物理学科类,本科批,经济林,样本不足,配对单元数不足（1 / 1，门槛 5）,1,-0.0226,0.1093,否,1.00,1,-0.0245,0.1277,否,1.00,-0.0471,-0.0002,-0.0068,1,1,1,+0,普通公办:1个/-2.5%
物理学科类,本科批,信用风险管理与法律防控,样本不足,配对单元数不足（1 / 2，门槛 5）,1,-0.0526,0.1093,否,1.00,2,+0.0062,0.1277,否,1.00,-0.0464,-0.0302,+0.0239,1,3,2,+1,普通公办:1个/+0.9% 民办:1个/+0.3%
物理学科类,本科批,植物科学与技术,样本不足,配对单元数不足（4 / 2，门槛 5）,4,-0.0067,0.0916,否,0.50,2,+0.0522,0.1277,否,0.50,+0.0455,+0.0157,+0.0699,4,4,4,+0,211:1个/+11.6% 普通公办:1个/-1.1%
物理学科类,本科批,食品营养与检验教育,样本不足,配对单元数不足（2 / 1，门槛 5）,2,-0.0052,0.1093,否,0.50,1,-0.0398,0.1277,否,1.00,-0.0450,+0.0172,-0.0220,2,3,2,+0,普通公办:1个/-4.0%
物理学科类,本科批,新媒体技术,样本不足,配对单元数不足（2 / 2，门槛 5）,2,+0.0044,0.1093,否,1.00,2,+0.0404,0.1277,否,1.00,+0.0448,+0.0268,+0.0582,2,3,4,+2,民办:2个/+4.0%
物理学科类,本科批,汉语言,样本不足,配对单元数不足（1 / 1，门槛 5）,1,+0.0188,0.1093,否,1.00,1,+0.0244,0.1277,否,1.00,+0.0431,+0.0412,+0.0421,1,1,1,+0,民办:1个/+2.4%
物理学科类,本科批,海洋渔业科学与技术,样本不足,配对单元数不足（4 / 5，门槛 5）,4,-0.0185,0.0916,否,0.75,5,-0.0237,0.0870,否,0.60,-0.0422,+0.0039,-0.0060,4,5,6,+2,985:1个/+2.7% 普通公办:4个/-2.6%
物理学科类,本科批,社会政策,样本不足,配对单元数不足（1 / 1，门槛 5）,1,-0.0294,0.1093,否,1.00,1,-0.0129,0.1277,否,1.00,-0.0422,-0.0070,+0.0049,1,1,1,+0,普通公办:1个/-1.3%
物理学科类,本科批,海洋药学,样本不足,配对单元数不足（3 / 2，门槛 5）,3,-0.0439,0.1093,否,0.67,2,+0.0019,0.1277,否,0.50,-0.0421,-0.0215,+0.0196,3,3,3,+0,普通公办:2个/+0.2%
物理学科类,本科批,广播电视学,样本不足,配对单元数不足（4 / 4，门槛 5）,4,-0.0079,0.0916,否,0.50,4,+0.0496,0.1048,否,0.75,+0.0417,+0.0145,+0.0673,7,4,4,-3,普通公办:3个/+3.4% 民办:1个/+6.5%
物理学科类,本科批,海洋资源开发技术,样本不足,配对单元数不足（2 / 3，门槛 5）,2,-0.0181,0.1093,否,0.50,3,-0.0233,0.1277,否,0.67,-0.0414,+0.0043,-0.0056,3,4,5,+2,211:1个/-2.3% 985:1个/+2.6% 普通公办:1个/-2.4%
物理学科类,本科批,云计算技术,样本不足,配对单元数不足（1 / 1，门槛 5）,1,+0.1002,0.1093,否,1.00,1,-0.1401,0.1277,是,1.00,-0.0399,+0.1226,-0.1223,1,1,1,+0,民办:1个/-14.0%
物理学科类,本科批,动物药学,样本不足,配对单元数不足（4 / 4，门槛 5）,4,-0.0438,0.0916,否,1.00,4,+0.0044,0.1048,否,0.75,-0.0394,-0.0214,+0.0221,4,4,5,+1,普通公办:4个/+0.4%
物理学科类,本科批,中医养生学,样本不足,配对单元数不足（3 / 3，门槛 5）,3,-0.0460,0.1093,否,1.00,3,+0.0067,0.1277,否,0.67,-0.0393,-0.0236,+0.0245,4,3,3,-1,普通公办:3个/+0.7%
物理学科类,本科批,法医学,样本不足,配对单元数不足（4 / 4，门槛 5）,4,-0.0048,0.0916,否,0.50,4,+0.0434,0.1048,否,0.75,+0.0386,+0.0175,+0.0612,5,5,4,-1,普通公办:4个/+4.3%
物理学科类,本科批,实验动物学,样本不足,配对单元数不足（2 / 2，门槛 5）,2,-0.0952,0.1093,否,1.00,2,+0.0568,0.1277,否,1.00,-0.0383,-0.0728,+0.0746,2,2,2,+0,普通公办:2个/+5.7%
物理学科类,本科批,教育技术学,样本不足,配对单元数不足（4 / 12，门槛 5）,4,+0.0281,0.0916,否,0.75,12,+0.0100,0.0489,否,0.58,+0.0381,+0.0505,+0.0278,21,19,17,-4,211:1个/-1.8% 普通公办:11个/+1.1%
物理学科类,本科批,核电技术与控制工程,样本不足,配对单元数不足（1 / 1，门槛 5）,1,-0.0443,0.1093,否,1.00,1,+0.0822,0.1277,否,1.00,+0.0379,-0.0219,+0.1000,1,1,2,+1,普通公办:1个/+8.2%
物理学科类,本科批,印刷工程,样本不足,配对单元数不足（2 / 1，门槛 5）,2,-0.0259,0.1093,否,1.00,1,-0.0120,0.1277,否,1.00,-0.0379,-0.0035,+0.0057,2,3,1,-1,普通公办:1个/-1.2%
物理学科类,本科批,城市管理,样本不足,配对单元数不足（1 / 2，门槛 5）,1,+0.0486,0.1093,否,1.00,2,-0.0111,0.1277,否,0.50,+0.0375,+0.0710,+0.0066,1,2,4,+3,普通公办:2个/-1.1%
物理学科类,本科批,空间信息与数字技术,样本不足,配对单元数不足（4 / 5，门槛 5）,4,+0.0141,0.0916,否,0.75,5,-0.0514,0.0870,否,0.80,-0.0374,+0.0365,-0.0337,4,5,9,+5,211:1个/+12.5% 985:1个/-17.5% 普通公办:3个/-5.1%
物理学科类,本科批,森林保护,样本不足,配对单元数不足（4 / 4，门槛 5）,4,-0.0181,0.0916,否,0.50,4,-0.0192,0.1048,否,0.50,-0.0373,+0.0043,-0.0014,5,5,5,+0,211:3个/+2.6% 985:1个/-7.9%
物理学科类,本科批,数字媒体艺术,样本不足,配对单元数不足（2 / 2，门槛 5）,2,+0.0284,0.1093,否,0.50,2,+0.0089,0.1277,否,0.50,+0.0373,+0.0508,+0.0266,2,2,2,+0,普通公办:2个/+0.9%
物理学科类,本科批,水务工程,样本不足,配对单元数不足（2 / 2，门槛 5）,2,-0.0197,0.1093,否,0.50,2,-0.0173,0.1277,否,0.50,-0.0370,+0.0026,+0.0005,2,2,2,+0,211:1个/+2.6% 民办:1个/-6.1%
物理学科类,本科批,编辑出版学,样本不足,配对单元数不足（2 / 2，门槛 5）,2,-0.1554,0.1093,是,0.50,2,+0.1912,0.1277,是,1.00,+0.0358,-0.1330,+0.2089,2,2,2,+0,211:1个/+3.2% 普通公办:1个/+35.1%
物理学科类,本科批,电机电器智能化,样本不足,配对单元数不足（1 / 1，门槛 5）,1,-0.0071,0.1093,否,1.00,1,+0.0428,0.1277,否,1.00,+0.0357,+0.0153,+0.0606,1,1,2,+1,民办:1个/+4.3%
物理学科类,本科批,药物化学,样本不足,配对单元数不足（3 / 2，门槛 5）,3,+0.0379,0.1093,否,0.67,2,-0.0027,0.1277,否,0.50,+0.0352,+0.0603,+0.0150,3,3,3,+0,普通公办:2个/-0.3%
物理学科类,本科批,水族科学与技术,样本不足,配对单元数不足（3 / 3，门槛 5）,3,-0.0131,0.1093,否,0.67,3,-0.0217,0.1277,否,1.00,-0.0348,+0.0093,-0.0039,4,3,3,-1,211:1个/-2.5% 普通公办:2个/-1.9%
物理学科类,本科批,钢铁智能冶金技术,样本不足,配对单元数不足（1 / 1，门槛 5）,1,-0.0041,0.1093,否,1.00,1,-0.0295,0.1277,否,1.00,-0.0337,+0.0182,-0.0118,1,1,1,+0,普通公办:1个/-3.0%
物理学科类,本科批,康复治疗,样本不足,配对单元数不足（1 / 2，门槛 5）,1,-0.0729,0.1093,否,1.00,2,+0.0392,0.1277,否,1.00,-0.0337,-0.0505,+0.0570,1,2,3,+2,民办:2个/+3.9%
物理学科类,本科批,数字出版,样本不足,配对单元数不足（1 / 3，门槛 5）,1,+0.0614,0.1093,否,1.00,3,-0.0283,0.1277,否,0.67,+0.0330,+0.0838,-0.0106,1,5,3,+2,普通公办:1个/-2.8% 民办:2个/-2.6%
物理学科类,本科批,文物保护技术,样本不足,配对单元数不足（2 / 2，门槛 5）,2,-0.0103,0.1093,否,0.50,2,-0.0225,0.1277,否,1.00,-0.0329,+0.0120,-0.0048,2,2,2,+0,211:1个/-2.5% 普通公办:1个/-2.0%
物理学科类,本科批,大功率半导体科学与工程,样本不足,配对单元数不足（1 / 1，门槛 5）,1,-0.0102,0.1093,否,1.00,1,+0.0429,0.1277,否,1.00,+0.0327,+0.0122,+0.0606,1,1,1,+0,211:1个/+4.3%
物理学科类,本科批,阿拉伯语,样本不足,配对单元数不足（4 / 5，门槛 5）,4,+0.0389,0.0916,否,1.00,5,-0.0065,0.0870,否,0.60,+0.0324,+0.0613,+0.0112,5,5,6,+1,普通公办:3个/+6.7% 民办:2个/-1.6%
物理学科类,本科批,机器人技术,样本不足,配对单元数不足（2 / 2，门槛 5）,2,-0.0027,0.1093,否,0.50,2,-0.0294,0.1277,否,0.50,-0.0321,+0.0197,-0.0117,3,2,4,+1,普通公办:1个/-6.4% 民办:1个/+0.6%
物理学科类,本科批,国民经济管理,样本不足,配对单元数不足（2 / 1，门槛 5）,2,+0.0547,0.1093,否,1.00,1,-0.0227,0.1277,否,1.00,+0.0320,+0.0771,-0.0050,3,2,2,-1,211:1个/-2.3%
物理学科类,本科批,社会学,样本不足,配对单元数不足（2 / 2，门槛 5）,2,+0.0332,0.1093,否,1.00,2,-0.0027,0.1277,否,0.50,+0.0305,+0.0556,+0.0150,3,2,3,+0,普通公办:2个/-0.3%
物理学科类,本科批,纳米材料与技术,样本不足,配对单元数不足（3 / 4，门槛 5）,3,-0.0704,0.1093,否,0.67,4,+0.0402,0.1048,否,0.75,-0.0302,-0.0480,+0.0580,4,4,6,+2,211:3个/+6.7% 985:1个/-9.1%
物理学科类,本科批,农业建筑环境与能源工程,样本不足,配对单元数不足（3 / 1，门槛 5）,3,-0.0181,0.1093,否,1.00,1,-0.0111,0.1277,否,1.00,-0.0293,+0.0043,+0.0066,5,3,2,-3,普通公办:1个/-1.1%
物理学科类,本科批,劳动关系,样本不足,配对单元数不足（1 / 1，门槛 5）,1,-0.0108,0.1093,否,1.00,1,+0.0400,0.1277,否,1.00,+0.0292,+0.0116,+0.0577,1,1,1,+0,普通公办:1个/+4.0%
物理学科类,本科批,工科试验班,样本不足,配对单元数不足（1 / 2，门槛 5）,1,-0.0475,0.1093,否,1.00,2,+0.0186,0.1277,否,0.50,-0.0289,-0.0251,+0.0363,1,2,6,+5,985:2个/+1.9%
物理学科类,本科批,兽医公共卫生,样本不足,配对单元数不足（3 / 3，门槛 5）,3,+0.0404,0.1093,否,0.67,3,-0.0688,0.1277,否,0.67,-0.0284,+0.0628,-0.0510,3,3,3,+0,普通公办:3个/-6.9%
物理学科类,本科批,物业管理,样本不足,配对单元数不足（1 / 1，门槛 5）,1,-0.0146,0.1093,否,1.00,1,-0.0136,0.1277,否,1.00,-0.0282,+0.0078,+0.0041,1,1,1,+0,普通公办:1个/-1.4%
物理学科类,本科批,智能测控工程,样本不足,配对单元数不足（1 / 3，门槛 5）,1,-0.0315,0.1093,否,1.00,3,+0.0060,0.1277,否,0.67,-0.0255,-0.0092,+0.0238,1,3,4,+3,211:1个/-3.2% 普通公办:1个/+0.6% 民办:1个/+0.7%
物理学科类,本科批,工程审计,样本不足,配对单元数不足（2 / 3，门槛 5）,2,+0.0022,0.1093,否,0.50,3,-0.0276,0.1277,否,1.00,-0.0254,+0.0246,-0.0099,2,3,5,+3,普通公办:2个/-4.5% 民办:1个/-1.1%
物理学科类,本科批,智能采矿技术,样本不足,配对单元数不足（1 / 1，门槛 5）,1,-0.0530,0.1093,否,1.00,1,+0.0277,0.1277,否,1.00,-0.0253,-0.0306,+0.0455,1,1,1,+0,民办:1个/+2.8%
物理学科类,本科批,信息对抗技术,样本不足,配对单元数不足（2 / 3，门槛 5）,2,-0.0161,0.1093,否,0.50,3,-0.0090,0.1277,否,1.00,-0.0251,+0.0063,+0.0087,3,4,4,+1,普通公办:2个/-3.5% 民办:1个/-0.9%
物理学科类,本科批,时尚传播,样本不足,配对单元数不足（2 / 1，门槛 5）,2,+0.0267,0.1093,否,1.00,1,-0.0034,0.1277,否,1.00,+0.0233,+0.0491,+0.0144,2,2,1,-1,民办:1个/-0.3%
物理学科类,本科批,智能建造与智慧交通,样本不足,配对单元数不足（3 / 2，门槛 5）,3,-0.0107,0.1093,否,0.67,2,-0.0103,0.1277,否,1.00,-0.0210,+0.0117,+0.0074,4,4,3,-1,211:1个/-1.0% 普通公办:1个/-1.1%
物理学科类,本科批,飞行器控制与信息工程,样本不足,配对单元数不足（3 / 2，门槛 5）,3,-0.1307,0.1093,是,0.67,2,+0.1104,0.1277,否,1.00,-0.0203,-0.1083,+0.1281,3,5,8,+5,985:1个/+12.7% 民办:1个/+9.3%
物理学科类,本科批,交通设备与控制工程,样本不足,配对单元数不足（5 / 1，门槛 5）,5,-0.0123,0.0779,否,0.60,1,-0.0066,0.1277,否,1.00,-0.0189,+0.0101,+0.0112,6,6,2,-4,普通公办:1个/-0.7%
物理学科类,本科批,数据科学,样本不足,配对单元数不足（3 / 7，门槛 5）,3,-0.0373,0.1093,否,0.67,7,+0.0186,0.0697,否,0.71,-0.0187,-0.0149,+0.0363,4,7,17,+13,211:1个/+10.4% 985:1个/+7.8% 普通公办:3个/-1.9% 民办:2个/+3.5%
物理学科类,本科批,电影学,样本不足,配对单元数不足（1 / 1，门槛 5）,1,+0.0581,0.1093,否,1.00,1,-0.0394,0.1277,否,1.00,+0.0187,+0.0805,-0.0216,1,1,1,+0,民办:1个/-3.9%
物理学科类,本科批,安全生产监管,样本不足,配对单元数不足（2 / 1，门槛 5）,2,+0.0453,0.1093,否,0.50,1,-0.0628,0.1277,否,1.00,-0.0175,+0.0677,-0.0451,2,2,1,-1,普通公办:1个/-6.3%
物理学科类,本科批,林产化工,样本不足,配对单元数不足（2 / 1，门槛 5）,2,-0.0109,0.1093,否,0.50,1,-0.0064,0.1277,否,1.00,-0.0173,+0.0115,+0.0113,2,2,1,-1,普通公办:1个/-0.6%
物理学科类,本科批,匈牙利语,样本不足,配对单元数不足（1 / 1，门槛 5）,1,+0.0014,0.1093,否,1.00,1,+0.0157,0.1277,否,1.00,+0.0171,+0.0238,+0.0335,1,2,2,+1,普通公办:1个/+1.6%
物理学科类,本科批,食品安全与检测,样本不足,配对单元数不足（1 / 2，门槛 5）,1,-0.0050,0.1093,否,1.00,2,-0.0120,0.1277,否,1.00,-0.0171,+0.0173,+0.0057,1,2,4,+3,普通公办:2个/-1.2%
物理学科类,本科批,文物与博物馆学,样本不足,配对单元数不足（1 / 1，门槛 5）,1,+0.0876,0.1093,否,1.00,1,-0.0729,0.1277,否,1.00,+0.0147,+0.1100,-0.0551,1,1,1,+0,普通公办:1个/-7.3%
物理学科类,本科批,大数据工程技术,样本不足,配对单元数不足（3 / 3，门槛 5）,3,+0.0021,0.1093,否,1.00,3,-0.0164,0.1277,否,1.00,-0.0144,+0.0245,+0.0013,5,6,7,+2,普通公办:1个/-1.6% 民办:2个/-9.1%
物理学科类,本科批,地球信息科学与技术,样本不足,配对单元数不足（1 / 1，门槛 5）,1,-0.0074,0.1093,否,1.00,1,+0.0215,0.1277,否,1.00,+0.0141,+0.0150,+0.0393,3,4,5,+2,普通公办:1个/+2.2%
物理学科类,本科批,医疗产品管理,样本不足,配对单元数不足（1 / 1，门槛 5）,1,-0.0099,0.1093,否,1.00,1,+0.0236,0.1277,否,1.00,+0.0137,+0.0125,+0.0414,1,1,1,+0,民办:1个/+2.4%
物理学科类,本科批,声学,样本不足,配对单元数不足（2 / 2，门槛 5）,2,+0.0083,0.1093,否,0.50,2,-0.0218,0.1277,否,1.00,-0.0136,+0.0306,-0.0041,2,2,2,+0,985:1个/-2.1% 普通公办:1个/-2.3%
物理学科类,本科批,土地整治工程,样本不足,配对单元数不足（2 / 2，门槛 5）,2,-0.0231,0.1093,否,1.00,2,+0.0107,0.1277,否,1.00,-0.0124,-0.0007,+0.0284,2,3,2,+0,普通公办:2个/+1.1%
物理学科类,本科批,密码科学与技术,样本不足,配对单元数不足（3 / 3，门槛 5）,3,+0.0247,0.1093,否,0.67,3,-0.0370,0.1277,否,1.00,-0.0123,+0.0471,-0.0193,3,3,5,+2,211:2个/-8.1% 普通公办:1个/-3.2%
物理学科类,本科批,生物农药科学与工程,样本不足,配对单元数不足（1 / 2，门槛 5）,1,-0.0145,0.1093,否,1.00,2,+0.0028,0.1277,否,0.50,-0.0117,+0.0079,+0.0205,1,2,3,+2,普通公办:2个/+0.3%
物理学科类,本科批,智能交互设计,样本不足,配对单元数不足（2 / 6，门槛 5）,2,-0.0217,0.1093,否,0.50,6,+0.0103,0.0776,否,0.50,-0.0114,+0.0007,+0.0280,2,6,10,+8,普通公办:2个/+1.7% 民办:4个/+0.7%
物理学科类,本科批,菌物科学与工程,样本不足,配对单元数不足（3 / 3，门槛 5）,3,-0.0453,0.1093,否,1.00,3,+0.0346,0.1277,否,0.67,-0.0107,-0.0229,+0.0523,3,4,4,+1,普通公办:3个/+3.5%
物理学科类,本科批,宝石及材料工艺学,样本不足,配对单元数不足（3 / 3，门槛 5）,3,-0.0410,0.1093,否,0.67,3,+0.0310,0.1277,否,1.00,-0.0100,-0.0186,+0.0488,3,4,4,+1,普通公办:3个/+3.1%
物理学科类,本科批,档案学,样本不足,配对单元数不足（3 / 2，门槛 5）,3,-0.0422,0.1093,否,0.67,2,+0.0513,0.1277,否,0.50,+0.0091,-0.0198,+0.0690,5,3,4,-1,211:1个/+11.6% 普通公办:1个/-1.4%
物理学科类,本科批,地理空间信息工程,样本不足,配对单元数不足（5 / 3，门槛 5）,5,+0.0077,0.0779,否,0.60,3,+0.0013,0.1277,否,0.67,+0.0089,+0.0301,+0.0190,7,6,7,+0,普通公办:1个/+10.2% 民办:2个/-3.9%
物理学科类,本科批,建筑环境与能源工程,样本不足,配对单元数不足（1 / 1，门槛 5）,1,-0.0039,0.1093,否,1.00,1,-0.0046,0.1277,否,1.00,-0.0084,+0.0185,+0.0132,1,1,1,+0,普通公办:1个/-0.5%
物理学科类,本科批,生物医学科学,样本不足,配对单元数不足（3 / 3，门槛 5）,3,-0.0100,0.1093,否,0.67,3,+0.0034,0.1277,否,0.67,-0.0066,+0.0124,+0.0211,3,4,3,+0,211:1个/+6.2% 985:2个/-1.2%
物理学科类,本科批,国际政治,样本不足,配对单元数不足（2 / 1，门槛 5）,2,-0.0279,0.1093,否,1.00,1,+0.0215,0.1277,否,1.00,-0.0064,-0.0055,+0.0393,2,2,2,+0,211:1个/+2.2%
物理学科类,本科批,纪检监察,样本不足,配对单元数不足（1 / 1，门槛 5）,1,-0.0671,0.1093,否,1.00,1,+0.0723,0.1277,否,1.00,+0.0052,-0.0447,+0.0900,1,1,2,+1,211:1个/+7.2%
物理学科类,本科批,旅游管理与服务教育,样本不足,配对单元数不足（1 / 1，门槛 5）,1,+0.0030,0.1093,否,1.00,1,+0.0018,0.1277,否,1.00,+0.0048,+0.0254,+0.0195,1,1,1,+0,普通公办:1个/+0.2%
物理学科类,本科批,海事管理,样本不足,配对单元数不足（3 / 3，门槛 5）,3,+0.0054,0.1093,否,0.67,3,-0.0010,0.1277,否,0.67,+0.0045,+0.0278,+0.0168,3,3,4,+1,211:1个/+2.8% 普通公办:1个/-23.2% 民办:1个/-0.1%
物理学科类,本科批,商务经济学,样本不足,配对单元数不足（1 / 1，门槛 5）,1,+0.0006,0.1093,否,1.00,1,-0.0047,0.1277,否,1.00,-0.0040,+0.0230,+0.0131,1,1,1,+0,普通公办:1个/-0.5%
物理学科类,本科批,生物育种科学,样本不足,配对单元数不足（1 / 3，门槛 5）,1,-0.0129,0.1093,否,1.00,3,+0.0096,0.1277,否,0.67,-0.0034,+0.0095,+0.0273,2,3,6,+4,211:3个/+1.0%
物理学科类,本科批,应急装备技术与工程,样本不足,配对单元数不足（1 / 2，门槛 5）,1,-0.0422,0.1093,否,1.00,2,+0.0390,0.1277,否,0.50,-0.0032,-0.0198,+0.0567,2,2,3,+1,普通公办:2个/+3.9%
物理学科类,本科批,古生物学,样本不足,配对单元数不足（1 / 1，门槛 5）,1,-0.0449,0.1093,否,1.00,1,+0.0481,0.1277,否,1.00,+0.0032,-0.0225,+0.0658,1,1,1,+0,普通公办:1个/+4.8%
物理学科类,本科批,草坪科学与工程,样本不足,配对单元数不足（1 / 1，门槛 5）,1,-0.0586,0.1093,否,1.00,1,+0.0616,0.1277,否,1.00,+0.0030,-0.0362,+0.0793,2,1,1,-1,211:1个/+6.2%
物理学科类,本科批,建筑工程,样本不足,配对单元数不足（4 / 3，门槛 5）,4,+0.0282,0.0916,否,0.50,3,-0.0311,0.1277,否,1.00,-0.0029,+0.0506,-0.0134,4,4,3,-1,民办:3个/-3.1%
物理学科类,本科批,社区矫正,样本不足,配对单元数不足（1 / 1，门槛 5）,1,-0.0337,0.1093,否,1.00,1,+0.0363,0.1277,否,1.00,+0.0026,-0.0113,+0.0541,1,1,1,+0,普通公办:1个/+3.6%
物理学科类,本科批,越南语,样本不足,配对单元数不足（1 / 1，门槛 5）,1,+0.0800,0.1093,否,1.00,1,-0.0774,0.1277,否,1.00,+0.0026,+0.1024,-0.0597,1,1,1,+0,民办:1个/-7.7%
物理学科类,本科批,中草药栽培与鉴定,样本不足,配对单元数不足（5 / 3，门槛 5）,5,-0.0082,0.0779,否,0.80,3,+0.0063,0.1277,否,0.67,-0.0019,+0.0142,+0.0240,5,5,4,-1,211:1个/+0.6% 普通公办:2个/+1.9%
物理学科类,本科批,泰语,样本不足,配对单元数不足（2 / 1，门槛 5）,2,-0.0072,0.1093,否,0.50,1,+0.0057,0.1277,否,1.00,-0.0016,+0.0151,+0.0234,2,2,1,-1,普通公办:1个/+0.6%
物理学科类,本科批,会展经济与管理,样本不足,配对单元数不足（3 / 5，门槛 5）,3,+0.0182,0.1093,否,0.67,5,-0.0177,0.0870,否,0.60,+0.0005,+0.0406,+0.0001,9,7,5,-4,普通公办:1个/-1.9% 民办:4个/-0.2%
物理学科类,本科批,香料香精技术与工程,样本不足,缺一个年段的配对数据,1,-0.3835,0.1093,是,1.00,,,,,,,-0.3611,,1,1,1,+0,
物理学科类,本科批,产品设计,样本不足,缺一个年段的配对数据,1,+0.0001,0.1093,否,1.00,,,,,,,+0.0225,,1,1,0,-1,
物理学科类,本科批,蒙医学,样本不足,缺一个年段的配对数据,1,-0.0049,0.1093,否,1.00,,,,,,,+0.0175,,1,1,0,-1,
物理学科类,本科批,蒙药学,样本不足,缺一个年段的配对数据,1,+0.2666,0.1093,是,1.00,,,,,,,+0.2890,,1,1,0,-1,
物理学科类,本科批,刑事科学技术,样本不足,缺一个年段的配对数据,1,+0.3804,0.1093,是,1.00,,,,,,,+0.4028,,1,1,1,+0,
物理学科类,本科批,材料智能技术,样本不足,缺一个年段的配对数据,1,+0.1200,0.1093,是,1.00,,,,,,,+0.1424,,1,1,2,+1,
物理学科类,本科批,自然地理与资源环境,样本不足,缺一个年段的配对数据,1,-0.0562,0.1093,否,1.00,,,,,,,-0.0338,,3,2,0,-3,
物理学科类,本科批,语言学,样本不足,缺一个年段的配对数据,1,-0.0379,0.1093,否,1.00,,,,,,,-0.0155,,1,1,0,-1,
物理学科类,本科批,柬埔寨语,样本不足,缺一个年段的配对数据,1,+0.0138,0.1093,否,1.00,,,,,,,+0.0362,,1,1,0,-1,
物理学科类,本科批,海洋机器人,样本不足,缺一个年段的配对数据,1,-0.0285,0.1093,否,1.00,,,,,,,-0.0061,,2,1,0,-2,
物理学科类,本科批,飞行器环境与生命保障工程,样本不足,缺一个年段的配对数据,1,-0.0191,0.1093,否,1.00,,,,,,,+0.0033,,3,2,2,-1,
物理学科类,本科批,公共关系学,样本不足,缺一个年段的配对数据,1,-0.0104,0.1093,否,1.00,,,,,,,+0.0120,,1,1,0,-1,
物理学科类,本科批,广播电视工程,样本不足,缺一个年段的配对数据,1,-0.3202,0.1093,是,1.00,,,,,,,-0.2978,,2,1,0,-2,
物理学科类,本科批,智能视觉工程,样本不足,缺一个年段的配对数据,,,,,,3,-0.0926,0.1277,否,1.00,,,-0.0749,0,3,5,+5,普通公办:2个/-13.3% 民办:1个/-6.6%
物理学科类,本科批,光电信息材料与器件,样本不足,缺一个年段的配对数据,,,,,,1,-0.0204,0.1277,否,1.00,,,-0.0027,1,3,4,+3,普通公办:1个/-2.0%
物理学科类,本科批,经济工程,样本不足,缺一个年段的配对数据,,,,,,1,-0.1382,0.1277,是,1.00,,,-0.1205,0,1,1,+1,普通公办:1个/-13.8%
物理学科类,本科批,保密管理,样本不足,缺一个年段的配对数据,,,,,,1,-0.1160,0.1277,否,1.00,,,-0.0982,0,1,1,+1,普通公办:1个/-11.6%
物理学科类,本科批,钢铁智能轧制技术,样本不足,缺一个年段的配对数据,,,,,,1,-0.0295,0.1277,否,1.00,,,-0.0118,0,1,1,+1,普通公办:1个/-3.0%
物理学科类,本科批,量子信息科学,样本不足,缺一个年段的配对数据,,,,,,2,+0.1170,0.1277,否,1.00,,,+0.1347,0,2,4,+4,985:1个/+8.4% 普通公办:1个/+15.0%
物理学科类,本科批,智能影像工程,样本不足,缺一个年段的配对数据,,,,,,1,-0.0280,0.1277,否,1.00,,,-0.0103,0,2,2,+2,普通公办:1个/-2.8%
物理学科类,本科批,海洋信息工程,样本不足,缺一个年段的配对数据,,,,,,2,+0.0115,0.1277,否,0.50,,,+0.0293,1,3,2,+1,普通公办:2个/+1.2%
物理学科类,本科批,航空安防管理,样本不足,缺一个年段的配对数据,,,,,,1,+0.0705,0.1277,否,1.00,,,+0.0882,0,1,1,+1,普通公办:1个/+7.1%
物理学科类,本科批,科学教育,样本不足,缺一个年段的配对数据,,,,,,3,+0.0299,0.1277,否,0.67,,,+0.0476,4,6,7,+3,普通公办:3个/+3.0%
物理学科类,本科批,核化工与核燃料工程,样本不足,缺一个年段的配对数据,,,,,,1,+0.1390,0.1277,是,1.00,,,+0.1567,2,2,2,+0,普通公办:1个/+13.9%
物理学科类,本科批,低空技术与工程,样本不足,缺一个年段的配对数据,,,,,,1,+0.2118,0.1277,是,1.00,,,+0.2295,0,2,14,+14,211:1个/+21.2%
物理学科类,本科批,能源化学,样本不足,缺一个年段的配对数据,,,,,,1,+0.0563,0.1277,否,1.00,,,+0.0740,0,1,1,+1,普通公办:1个/+5.6%
物理学科类,本科批,资源环境科学,样本不足,缺一个年段的配对数据,,,,,,2,+0.0227,0.1277,否,0.50,,,+0.0404,2,2,3,+1,985:1个/+8.4% 普通公办:1个/-3.9%
物理学科类,本科批,能源互联网工程,样本不足,缺一个年段的配对数据,,,,,,1,+0.0366,0.1277,否,1.00,,,+0.0543,0,1,2,+2,211:1个/+3.7%
物理学科类,本科批,生物质科学与工程,样本不足,缺一个年段的配对数据,,,,,,1,+0.0841,0.1277,否,1.00,,,+0.1019,0,1,1,+1,985:1个/+8.4%
物理学科类,本科批,生物医学,样本不足,缺一个年段的配对数据,,,,,,1,+0.5122,0.1277,是,1.00,,,+0.5299,1,1,1,+0,普通公办:1个/+51.2%
物理学科类,本科批,电信工程及管理,样本不足,缺一个年段的配对数据,,,,,,1,-0.0897,0.1277,否,1.00,,,-0.0720,1,1,1,+0,211:1个/-9.0%
物理学科类,本科批,集成电路工程技术,样本不足,缺一个年段的配对数据,,,,,,1,-0.0734,0.1277,否,1.00,,,-0.0557,0,1,2,+2,普通公办:1个/-7.3%
物理学科类,本科批,康复工程,样本不足,缺一个年段的配对数据,,,,,,2,-0.0608,0.1277,否,0.50,,,-0.0431,1,2,2,+1,普通公办:2个/-6.1%
物理学科类,本科批,智能分子工程,样本不足,缺一个年段的配对数据,,,,,,1,-0.0094,0.1277,否,1.00,,,+0.0083,0,1,1,+1,985:1个/-0.9%
物理学科类,本科批,电子信息材料,样本不足,缺一个年段的配对数据,,,,,,2,-0.0805,0.1277,否,1.00,,,-0.0628,0,2,4,+4,211:1个/-14.4% 普通公办:1个/-1.7%
物理学科类,本科批,辐射防护与核安全,样本不足,缺一个年段的配对数据,,,,,,1,-0.0246,0.1277,否,1.00,,,-0.0069,3,1,4,+1,211:1个/-2.5%
物理学科类,本科批,现代测控工程技术,样本不足,缺一个年段的配对数据,,,,,,1,-0.0614,0.1277,否,1.00,,,-0.0437,0,1,1,+1,普通公办:1个/-6.1%
物理学科类,本科批,智慧健康养老管理,样本不足,缺一个年段的配对数据,,,,,,1,-0.0682,0.1277,否,1.00,,,-0.0505,0,1,1,+1,普通公办:1个/-6.8%
物理学科类,本科批,内部审计,样本不足,缺一个年段的配对数据,,,,,,1,+0.0310,0.1277,否,1.00,,,+0.0487,0,1,2,+2,民办:1个/+3.1%
物理学科类,本科批,土木、水利与交通工程,样本不足,缺一个年段的配对数据,,,,,,1,-0.0133,0.1277,否,1.00,,,+0.0044,0,1,1,+1,普通公办:1个/-1.3%
物理学科类,本科批,大数据与会计,样本不足,缺一个年段的配对数据,,,,,,1,-0.0412,0.1277,否,1.00,,,-0.0235,0,2,4,+4,普通公办:1个/-4.1%
物理学科类,本科批,土地科学与技术,样本不足,缺一个年段的配对数据,,,,,,1,-0.0000,0.1277,否,1.00,,,+0.0177,2,1,3,+1,985:1个/-0.0%
物理学科类,本科批,生态修复学,样本不足,缺一个年段的配对数据,,,,,,1,-0.0647,0.1277,否,1.00,,,-0.0470,0,1,1,+1,985:1个/-6.5%
物理学科类,本科批,天文学,样本不足,缺一个年段的配对数据,,,,,,1,+0.1878,0.1277,是,1.00,,,+0.2055,3,2,1,-2,985:1个/+18.8%
物理学科类,本科批,能源服务工程,样本不足,缺一个年段的配对数据,,,,,,1,-0.0396,0.1277,否,1.00,,,-0.0219,0,1,1,+1,普通公办:1个/-4.0%
物理学科类,本科批,民航运输服务与管理,样本不足,缺一个年段的配对数据,,,,,,1,-0.1327,0.1277,是,1.00,,,-0.1149,0,1,2,+2,民办:1个/-13.3%
物理学科类,本科批,国际法,样本不足,缺一个年段的配对数据,,,,,,1,-0.0769,0.1277,否,1.00,,,-0.0592,0,1,1,+1,普通公办:1个/-7.7%
物理学科类,本科批,智能影像艺术,样本不足,缺一个年段的配对数据,,,,,,1,-0.0395,0.1277,否,1.00,,,-0.0217,0,1,3,+3,211:1个/-3.9%
物理学科类,本科批,智能视听工程,样本不足,缺一个年段的配对数据,,,,,,1,+0.0303,0.1277,否,1.00,,,+0.0480,0,1,2,+2,211:1个/+3.0%
物理学科类,本科批,国家公园建设与管理,样本不足,缺一个年段的配对数据,,,,,,1,-0.0312,0.1277,否,1.00,,,-0.0134,0,1,1,+1,普通公办:1个/-3.1%
